date,acquisition_timestamp,latitude,longitude,temperature_2m_c,precipitation_mm_day,unit_temperature,unit_precipitation,source_name,source_url,provenance_type
2021-01-01,2021-01-01T00:00:00Z,13.0827,80.2707,23.66,0.81,C,mm/day,NASA POWER (MERRA-2),"https://power.larc.nasa.gov/api/temporal/daily/point?parameters=T2M,PRECTOTCORR&community=RE&longitude=80.2707&latitude=13.0827&start=20210101&end=20241231&format=JSON",OBSERVED
2021-01-02,2021-01-02T00:00:00Z,13.0827,80.2707,24.05,8.12,C,mm/day,NASA POWER (MERRA-2),"https://power.larc.nasa.gov/api/temporal/daily/point?parameters=T2M,PRECTOTCORR&community=RE&longitude=80.2707&latitude=13.0827&start=20210101&end=20241231&format=JSON",OBSERVED
2021-01-03,2021-01-03T00:00:00Z,13.0827,80.2707,24.61,2.08,C,mm/day,NASA POWER (MERRA-2),"https://power.larc.nasa.gov/api/temporal/daily/point?parameters=T2M,PRECTOTCORR&community=RE&longitude=80.2707&latitude=13.0827&start=20210101&end=20241231&format=JSON",OBSERVED
2021-01-04,2021-01-04T00:00:00Z,13.0827,80.2707,24.93,8.29,C,mm/day,NASA POWER (MERRA-2),"https://power.larc.nasa.gov/api/temporal/daily/point?parameters=T2M,PRECTOTCORR&community=RE&longitude=80.2707&latitude=13.0827&start=20210101&end=20241231&format=JSON",OBSERVED
2021-01-05,2021-01-05T00:00:00Z,13.0827,80.2707,24.85,49.85,C,mm/day,NASA POWER (MERRA-2),"https://power.larc.nasa.gov/api/temporal/daily/point?parameters=T2M,PRECTOTCORR&community=RE&longitude=80.2707&latitude=13.0827&start=20210101&end=20241231&format=JSON",OBSERVED
2021-01-06,2021-01-06T00:00:00Z,13.0827,80.2707,25.04,40.12,C,mm/day,NASA POWER (MERRA-2),"https://power.larc.nasa.gov/api/temporal/daily/point?parameters=T2M,PRECTOTCORR&community=RE&longitude=80.2707&latitude=13.0827&start=20210101&end=20241231&format=JSON",OBSERVED
2021-01-07,2021-01-07T00:00:00Z,13.0827,80.2707,25.12,5.7,C,mm/day,NASA POWER (MERRA-2),"https://power.larc.nasa.gov/api/temporal/daily/point?parameters=T2M,PRECTOTCORR&community=RE&longitude=80.2707&latitude=13.0827&start=20210101&end=20241231&format=JSON",OBSERVED
2021-01-08,2021-01-08T00:00:00Z,13.0827,80.2707,25.43,2.18,C,mm/day,NASA POWER (MERRA-2),"https://power.larc.nasa.gov/api/temporal/daily/point?parameters=T2M,PRECTOTCORR&community=RE&longitude=80.2707&latitude=13.0827&start=20210101&end=20241231&format=JSON",OBSERVED
2021-01-09,2021-01-09T00:00:00Z,13.0827,80.2707,25.18,0.3,C,mm/day,NASA POWER (MERRA-2),"https://power.larc.nasa.gov/api/temporal/daily/point?parameters=T2M,PRECTOTCORR&community=RE&longitude=80.2707&latitude=13.0827&start=20210101&end=20241231&format=JSON",OBSERVED
2021-01-10,2021-01-10T00:00:00Z,13.0827,80.2707,25.21,0.79,C,mm/day,NASA POWER (MERRA-2),"https://power.larc.nasa.gov/api/temporal/daily/point?parameters=T2M,PRECTOTCORR&community=RE&longitude=80.2707&latitude=13.0827&start=20210101&end=20241231&format=JSON",OBSERVED
2021-01-11,2021-01-11T00:00:00Z,13.0827,80.2707,25.26,1.1,C,mm/day,NASA POWER (MERRA-2),"https://power.larc.nasa.gov/api/temporal/daily/point?parameters=T2M,PRECTOTCORR&community=RE&longitude=80.2707&latitude=13.0827&start=20210101&end=20241231&format=JSON",OBSERVED
2021-01-12,2021-01-12T00:00:00Z,13.0827,80.2707,25.31,0.72,C,mm/day,NASA POWER (MERRA-2),"https://power.larc.nasa.gov/api/temporal/daily/point?parameters=T2M,PRECTOTCORR&community=RE&longitude=80.2707&latitude=13.0827&start=20210101&end=20241231&format=JSON",OBSERVED
2021-01-13,2021-01-13T00:00:00Z,13.0827,80.2707,25.21,0.23,C,mm/day,NASA POWER (MERRA-2),"https://power.larc.nasa.gov/api/temporal/daily/point?parameters=T2M,PRECTOTCORR&community=RE&longitude=80.2707&latitude=13.0827&start=20210101&end=20241231&format=JSON",OBSERVED
2021-01-14,2021-01-14T00:00:00Z,13.0827,80.2707,24.91,1.36,C,mm/day,NASA POWER (MERRA-2),"https://power.larc.nasa.gov/api/temporal/daily/point?parameters=T2M,PRECTOTCORR&community=RE&longitude=80.2707&latitude=13.0827&start=20210101&end=20241231&format=JSON",OBSERVED
2021-01-15,2021-01-15T00:00:00Z,13.0827,80.2707,24.54,0.16,C,mm/day,NASA POWER (MERRA-2),"https://power.larc.nasa.gov/api/temporal/daily/point?parameters=T2M,PRECTOTCORR&community=RE&longitude=80.2707&latitude=13.0827&start=20210101&end=20241231&format=JSON",OBSERVED
2021-01-16,2021-01-16T00:00:00Z,13.0827,80.2707,23.98,0.0,C,mm/day,NASA POWER (MERRA-2),"https://power.larc.nasa.gov/api/temporal/daily/point?parameters=T2M,PRECTOTCORR&community=RE&longitude=80.2707&latitude=13.0827&start=20210101&end=20241231&format=JSON",OBSERVED
2021-01-17,2021-01-17T00:00:00Z,13.0827,80.2707,23.77,0.0,C,mm/day,NASA POWER (MERRA-2),"https://power.larc.nasa.gov/api/temporal/daily/point?parameters=T2M,PRECTOTCORR&community=RE&longitude=80.2707&latitude=13.0827&start=20210101&end=20241231&format=JSON",OBSERVED
2021-01-18,2021-01-18T00:00:00Z,13.0827,80.2707,24.03,0.0,C,mm/day,NASA POWER (MERRA-2),"https://power.larc.nasa.gov/api/temporal/daily/point?parameters=T2M,PRECTOTCORR&community=RE&longitude=80.2707&latitude=13.0827&start=20210101&end=20241231&format=JSON",OBSERVED
2021-01-19,2021-01-19T00:00:00Z,13.0827,80.2707,23.99,0.0,C,mm/day,NASA POWER (MERRA-2),"https://power.larc.nasa.gov/api/temporal/daily/point?parameters=T2M,PRECTOTCORR&community=RE&longitude=80.2707&latitude=13.0827&start=20210101&end=20241231&format=JSON",OBSERVED
2021-01-20,2021-01-20T00:00:00Z,13.0827,80.2707,24.47,0.01,C,mm/day,NASA POWER (MERRA-2),"https://power.larc.nasa.gov/api/temporal/daily/point?parameters=T2M,PRECTOTCORR&community=RE&longitude=80.2707&latitude=13.0827&start=20210101&end=20241231&format=JSON",OBSERVED
2021-01-21,2021-01-21T00:00:00Z,13.0827,80.2707,25.46,0.0,C,mm/day,NASA POWER (MERRA-2),"https://power.larc.nasa.gov/api/temporal/daily/point?parameters=T2M,PRECTOTCORR&community=RE&longitude=80.2707&latitude=13.0827&start=20210101&end=20241231&format=JSON",OBSERVED
2021-01-22,2021-01-22T00:00:00Z,13.0827,80.2707,25.33,0.0,C,mm/day,NASA POWER (MERRA-2),"https://power.larc.nasa.gov/api/temporal/daily/point?parameters=T2M,PRECTOTCORR&community=RE&longitude=80.2707&latitude=13.0827&start=20210101&end=20241231&format=JSON",OBSERVED
2021-01-23,2021-01-23T00:00:00Z,13.0827,80.2707,24.61,0.0,C,mm/day,NASA POWER (MERRA-2),"https://power.larc.nasa.gov/api/temporal/daily/point?parameters=T2M,PRECTOTCORR&community=RE&longitude=80.2707&latitude=13.0827&start=20210101&end=20241231&format=JSON",OBSERVED
2021-01-24,2021-01-24T00:00:00Z,13.0827,80.2707,24.41,0.0,C,mm/day,NASA POWER (MERRA-2),"https://power.larc.nasa.gov/api/temporal/daily/point?parameters=T2M,PRECTOTCORR&community=RE&longitude=80.2707&latitude=13.0827&start=20210101&end=20241231&format=JSON",OBSERVED
2021-01-25,2021-01-25T00:00:00Z,13.0827,80.2707,24.55,0.0,C,mm/day,NASA POWER (MERRA-2),"https://power.larc.nasa.gov/api/temporal/daily/point?parameters=T2M,PRECTOTCORR&community=RE&longitude=80.2707&latitude=13.0827&start=20210101&end=20241231&format=JSON",OBSERVED
2021-01-26,2021-01-26T00:00:00Z,13.0827,80.2707,24.14,0.0,C,mm/day,NASA POWER (MERRA-2),"https://power.larc.nasa.gov/api/temporal/daily/point?parameters=T2M,PRECTOTCORR&community=RE&longitude=80.2707&latitude=13.0827&start=20210101&end=20241231&format=JSON",OBSERVED
2021-01-27,2021-01-27T00:00:00Z,13.0827,80.2707,24.1,0.02,C,mm/day,NASA POWER (MERRA-2),"https://power.larc.nasa.gov/api/temporal/daily/point?parameters=T2M,PRECTOTCORR&community=RE&longitude=80.2707&latitude=13.0827&start=20210101&end=20241231&format=JSON",OBSERVED
2021-01-28,2021-01-28T00:00:00Z,13.0827,80.2707,24.31,0.03,C,mm/day,NASA POWER (MERRA-2),"https://power.larc.nasa.gov/api/temporal/daily/point?parameters=T2M,PRECTOTCORR&community=RE&longitude=80.2707&latitude=13.0827&start=20210101&end=20241231&format=JSON",OBSERVED
2021-01-29,2021-01-29T00:00:00Z,13.0827,80.2707,24.56,0.09,C,mm/day,NASA POWER (MERRA-2),"https://power.larc.nasa.gov/api/temporal/daily/point?parameters=T2M,PRECTOTCORR&community=RE&longitude=80.2707&latitude=13.0827&start=20210101&end=20241231&format=JSON",OBSERVED
2021-01-30,2021-01-30T00:00:00Z,13.0827,80.2707,24.49,0.0,C,mm/day,NASA POWER (MERRA-2),"https://power.larc.nasa.gov/api/temporal/daily/point?parameters=T2M,PRECTOTCORR&community=RE&longitude=80.2707&latitude=13.0827&start=20210101&end=20241231&format=JSON",OBSERVED
2021-01-31,2021-01-31T00:00:00Z,13.0827,80.2707,24.29,0.0,C,mm/day,NASA POWER (MERRA-2),"https://power.larc.nasa.gov/api/temporal/daily/point?parameters=T2M,PRECTOTCORR&community=RE&longitude=80.2707&latitude=13.0827&start=20210101&end=20241231&format=JSON",OBSERVED
2021-02-01,2021-02-01T00:00:00Z,13.0827,80.2707,24.37,0.0,C,mm/day,NASA POWER (MERRA-2),"https://power.larc.nasa.gov/api/temporal/daily/point?parameters=T2M,PRECTOTCORR&community=RE&longitude=80.2707&latitude=13.0827&start=20210101&end=20241231&format=JSON",OBSERVED
2021-02-02,2021-02-02T00:00:00Z,13.0827,80.2707,24.53,0.34,C,mm/day,NASA POWER (MERRA-2),"https://power.larc.nasa.gov/api/temporal/daily/point?parameters=T2M,PRECTOTCORR&community=RE&longitude=80.2707&latitude=13.0827&start=20210101&end=20241231&format=JSON",OBSERVED
2021-02-03,2021-02-03T00:00:00Z,13.0827,80.2707,24.29,0.2,C,mm/day,NASA POWER (MERRA-2),"https://power.larc.nasa.gov/api/temporal/daily/point?parameters=T2M,PRECTOTCORR&community=RE&longitude=80.2707&latitude=13.0827&start=20210101&end=20241231&format=JSON",OBSERVED
2021-02-04,2021-02-04T00:00:00Z,13.0827,80.2707,23.75,0.0,C,mm/day,NASA POWER (MERRA-2),"https://power.larc.nasa.gov/api/temporal/daily/point?parameters=T2M,PRECTOTCORR&community=RE&longitude=80.2707&latitude=13.0827&start=20210101&end=20241231&format=JSON",OBSERVED
2021-02-05,2021-02-05T00:00:00Z,13.0827,80.2707,23.31,0.0,C,mm/day,NASA POWER (MERRA-2),"https://power.larc.nasa.gov/api/temporal/daily/point?parameters=T2M,PRECTOTCORR&community=RE&longitude=80.2707&latitude=13.0827&start=20210101&end=20241231&format=JSON",OBSERVED
2021-02-06,2021-02-06T00:00:00Z,13.0827,80.2707,23.33,0.0,C,mm/day,NASA POWER (MERRA-2),"https://power.larc.nasa.gov/api/temporal/daily/point?parameters=T2M,PRECTOTCORR&community=RE&longitude=80.2707&latitude=13.0827&start=20210101&end=20241231&format=JSON",OBSERVED
2021-02-07,2021-02-07T00:00:00Z,13.0827,80.2707,23.23,0.0,C,mm/day,NASA POWER (MERRA-2),"https://power.larc.nasa.gov/api/temporal/daily/point?parameters=T2M,PRECTOTCORR&community=RE&longitude=80.2707&latitude=13.0827&start=20210101&end=20241231&format=JSON",OBSERVED
2021-02-08,2021-02-08T00:00:00Z,13.0827,80.2707,23.78,0.0,C,mm/day,NASA POWER (MERRA-2),"https://power.larc.nasa.gov/api/temporal/daily/point?parameters=T2M,PRECTOTCORR&community=RE&longitude=80.2707&latitude=13.0827&start=20210101&end=20241231&format=JSON",OBSERVED
2021-02-09,2021-02-09T00:00:00Z,13.0827,80.2707,23.41,0.0,C,mm/day,NASA POWER (MERRA-2),"https://power.larc.nasa.gov/api/temporal/daily/point?parameters=T2M,PRECTOTCORR&community=RE&longitude=80.2707&latitude=13.0827&start=20210101&end=20241231&format=JSON",OBSERVED
2021-02-10,2021-02-10T00:00:00Z,13.0827,80.2707,22.96,0.0,C,mm/day,NASA POWER (MERRA-2),"https://power.larc.nasa.gov/api/temporal/daily/point?parameters=T2M,PRECTOTCORR&community=RE&longitude=80.2707&latitude=13.0827&start=20210101&end=20241231&format=JSON",OBSERVED
2021-02-11,2021-02-11T00:00:00Z,13.0827,80.2707,23.05,0.0,C,mm/day,NASA POWER (MERRA-2),"https://power.larc.nasa.gov/api/temporal/daily/point?parameters=T2M,PRECTOTCORR&community=RE&longitude=80.2707&latitude=13.0827&start=20210101&end=20241231&format=JSON",OBSERVED
2021-02-12,2021-02-12T00:00:00Z,13.0827,80.2707,23.28,0.0,C,mm/day,NASA POWER (MERRA-2),"https://power.larc.nasa.gov/api/temporal/daily/point?parameters=T2M,PRECTOTCORR&community=RE&longitude=80.2707&latitude=13.0827&start=20210101&end=20241231&format=JSON",OBSERVED
2021-02-13,2021-02-13T00:00:00Z,13.0827,80.2707,23.5,0.0,C,mm/day,NASA POWER (MERRA-2),"https://power.larc.nasa.gov/api/temporal/daily/point?parameters=T2M,PRECTOTCORR&community=RE&longitude=80.2707&latitude=13.0827&start=20210101&end=20241231&format=JSON",OBSERVED
2021-02-14,2021-02-14T00:00:00Z,13.0827,80.2707,23.24,0.0,C,mm/day,NASA POWER (MERRA-2),"https://power.larc.nasa.gov/api/temporal/daily/point?parameters=T2M,PRECTOTCORR&community=RE&longitude=80.2707&latitude=13.0827&start=20210101&end=20241231&format=JSON",OBSERVED
2021-02-15,2021-02-15T00:00:00Z,13.0827,80.2707,23.68,0.0,C,mm/day,NASA POWER (MERRA-2),"https://power.larc.nasa.gov/api/temporal/daily/point?parameters=T2M,PRECTOTCORR&community=RE&longitude=80.2707&latitude=13.0827&start=20210101&end=20241231&format=JSON",OBSERVED
2021-02-16,2021-02-16T00:00:00Z,13.0827,80.2707,23.88,0.0,C,mm/day,NASA POWER (MERRA-2),"https://power.larc.nasa.gov/api/temporal/daily/point?parameters=T2M,PRECTOTCORR&community=RE&longitude=80.2707&latitude=13.0827&start=20210101&end=20241231&format=JSON",OBSERVED
2021-02-17,2021-02-17T00:00:00Z,13.0827,80.2707,24.38,0.0,C,mm/day,NASA POWER (MERRA-2),"https://power.larc.nasa.gov/api/temporal/daily/point?parameters=T2M,PRECTOTCORR&community=RE&longitude=80.2707&latitude=13.0827&start=20210101&end=20241231&format=JSON",OBSERVED
2021-02-18,2021-02-18T00:00:00Z,13.0827,80.2707,24.42,0.0,C,mm/day,NASA POWER (MERRA-2),"https://power.larc.nasa.gov/api/temporal/daily/point?parameters=T2M,PRECTOTCORR&community=RE&longitude=80.2707&latitude=13.0827&start=20210101&end=20241231&format=JSON",OBSERVED
2021-02-19,2021-02-19T00:00:00Z,13.0827,80.2707,25.13,2.22,C,mm/day,NASA POWER (MERRA-2),"https://power.larc.nasa.gov/api/temporal/daily/point?parameters=T2M,PRECTOTCORR&community=RE&longitude=80.2707&latitude=13.0827&start=20210101&end=20241231&format=JSON",OBSERVED
2021-02-20,2021-02-20T00:00:00Z,13.0827,80.2707,25.38,4.31,C,mm/day,NASA POWER (MERRA-2),"https://power.larc.nasa.gov/api/temporal/daily/point?parameters=T2M,PRECTOTCORR&community=RE&longitude=80.2707&latitude=13.0827&start=20210101&end=20241231&format=JSON",OBSERVED
2021-02-21,2021-02-21T00:00:00Z,13.0827,80.2707,25.14,16.57,C,mm/day,NASA POWER (MERRA-2),"https://power.larc.nasa.gov/api/temporal/daily/point?parameters=T2M,PRECTOTCORR&community=RE&longitude=80.2707&latitude=13.0827&start=20210101&end=20241231&format=JSON",OBSERVED
2021-02-22,2021-02-22T00:00:00Z,13.0827,80.2707,25.44,0.17,C,mm/day,NASA POWER (MERRA-2),"https://power.larc.nasa.gov/api/temporal/daily/point?parameters=T2M,PRECTOTCORR&community=RE&longitude=80.2707&latitude=13.0827&start=20210101&end=20241231&format=JSON",OBSERVED
2021-02-23,2021-02-23T00:00:00Z,13.0827,80.2707,25.11,0.0,C,mm/day,NASA POWER (MERRA-2),"https://power.larc.nasa.gov/api/temporal/daily/point?parameters=T2M,PRECTOTCORR&community=RE&longitude=80.2707&latitude=13.0827&start=20210101&end=20241231&format=JSON",OBSERVED
2021-02-24,2021-02-24T00:00:00Z,13.0827,80.2707,25.0,0.0,C,mm/day,NASA POWER (MERRA-2),"https://power.larc.nasa.gov/api/temporal/daily/point?parameters=T2M,PRECTOTCORR&community=RE&longitude=80.2707&latitude=13.0827&start=20210101&end=20241231&format=JSON",OBSERVED
2021-02-25,2021-02-25T00:00:00Z,13.0827,80.2707,25.21,0.0,C,mm/day,NASA POWER (MERRA-2),"https://power.larc.nasa.gov/api/temporal/daily/point?parameters=T2M,PRECTOTCORR&community=RE&longitude=80.2707&latitude=13.0827&start=20210101&end=20241231&format=JSON",OBSERVED
2021-02-26,2021-02-26T00:00:00Z,13.0827,80.2707,25.26,0.0,C,mm/day,NASA POWER (MERRA-2),"https://power.larc.nasa.gov/api/temporal/daily/point?parameters=T2M,PRECTOTCORR&community=RE&longitude=80.2707&latitude=13.0827&start=20210101&end=20241231&format=JSON",OBSERVED
2021-02-27,2021-02-27T00:00:00Z,13.0827,80.2707,25.35,0.0,C,mm/day,NASA POWER (MERRA-2),"https://power.larc.nasa.gov/api/temporal/daily/point?parameters=T2M,PRECTOTCORR&community=RE&longitude=80.2707&latitude=13.0827&start=20210101&end=20241231&format=JSON",OBSERVED
2021-02-28,2021-02-28T00:00:00Z,13.0827,80.2707,25.31,0.0,C,mm/day,NASA POWER (MERRA-2),"https://power.larc.nasa.gov/api/temporal/daily/point?parameters=T2M,PRECTOTCORR&community=RE&longitude=80.2707&latitude=13.0827&start=20210101&end=20241231&format=JSON",OBSERVED
2021-03-01,2021-03-01T00:00:00Z,13.0827,80.2707,26.05,0.0,C,mm/day,NASA POWER (MERRA-2),"https://power.larc.nasa.gov/api/temporal/daily/point?parameters=T2M,PRECTOTCORR&community=RE&longitude=80.2707&latitude=13.0827&start=20210101&end=20241231&format=JSON",OBSERVED
2021-03-02,2021-03-02T00:00:00Z,13.0827,80.2707,25.73,0.0,C,mm/day,NASA POWER (MERRA-2),"https://power.larc.nasa.gov/api/temporal/daily/point?parameters=T2M,PRECTOTCORR&community=RE&longitude=80.2707&latitude=13.0827&start=20210101&end=20241231&format=JSON",OBSERVED
2021-03-03,2021-03-03T00:00:00Z,13.0827,80.2707,25.52,0.0,C,mm/day,NASA POWER (MERRA-2),"https://power.larc.nasa.gov/api/temporal/daily/point?parameters=T2M,PRECTOTCORR&community=RE&longitude=80.2707&latitude=13.0827&start=20210101&end=20241231&format=JSON",OBSERVED
2021-03-04,2021-03-04T00:00:00Z,13.0827,80.2707,25.64,0.0,C,mm/day,NASA POWER (MERRA-2),"https://power.larc.nasa.gov/api/temporal/daily/point?parameters=T2M,PRECTOTCORR&community=RE&longitude=80.2707&latitude=13.0827&start=20210101&end=20241231&format=JSON",OBSERVED
2021-03-05,2021-03-05T00:00:00Z,13.0827,80.2707,25.56,0.0,C,mm/day,NASA POWER (MERRA-2),"https://power.larc.nasa.gov/api/temporal/daily/point?parameters=T2M,PRECTOTCORR&community=RE&longitude=80.2707&latitude=13.0827&start=20210101&end=20241231&format=JSON",OBSERVED
2021-03-06,2021-03-06T00:00:00Z,13.0827,80.2707,26.38,0.0,C,mm/day,NASA POWER (MERRA-2),"https://power.larc.nasa.gov/api/temporal/daily/point?parameters=T2M,PRECTOTCORR&community=RE&longitude=80.2707&latitude=13.0827&start=20210101&end=20241231&format=JSON",OBSERVED
2021-03-07,2021-03-07T00:00:00Z,13.0827,80.2707,26.48,0.0,C,mm/day,NASA POWER (MERRA-2),"https://power.larc.nasa.gov/api/temporal/daily/point?parameters=T2M,PRECTOTCORR&community=RE&longitude=80.2707&latitude=13.0827&start=20210101&end=20241231&format=JSON",OBSERVED
2021-03-08,2021-03-08T00:00:00Z,13.0827,80.2707,26.69,0.0,C,mm/day,NASA POWER (MERRA-2),"https://power.larc.nasa.gov/api/temporal/daily/point?parameters=T2M,PRECTOTCORR&community=RE&longitude=80.2707&latitude=13.0827&start=20210101&end=20241231&format=JSON",OBSERVED
2021-03-09,2021-03-09T00:00:00Z,13.0827,80.2707,26.8,0.01,C,mm/day,NASA POWER (MERRA-2),"https://power.larc.nasa.gov/api/temporal/daily/point?parameters=T2M,PRECTOTCORR&community=RE&longitude=80.2707&latitude=13.0827&start=20210101&end=20241231&format=JSON",OBSERVED
2021-03-10,2021-03-10T00:00:00Z,13.0827,80.2707,27.19,0.0,C,mm/day,NASA POWER (MERRA-2),"https://power.larc.nasa.gov/api/temporal/daily/point?parameters=T2M,PRECTOTCORR&community=RE&longitude=80.2707&latitude=13.0827&start=20210101&end=20241231&format=JSON",OBSERVED
2021-03-11,2021-03-11T00:00:00Z,13.0827,80.2707,27.25,0.0,C,mm/day,NASA POWER (MERRA-2),"https://power.larc.nasa.gov/api/temporal/daily/point?parameters=T2M,PRECTOTCORR&community=RE&longitude=80.2707&latitude=13.0827&start=20210101&end=20241231&format=JSON",OBSERVED
2021-03-12,2021-03-12T00:00:00Z,13.0827,80.2707,26.05,0.0,C,mm/day,NASA POWER (MERRA-2),"https://power.larc.nasa.gov/api/temporal/daily/point?parameters=T2M,PRECTOTCORR&community=RE&longitude=80.2707&latitude=13.0827&start=20210101&end=20241231&format=JSON",OBSERVED
2021-03-13,2021-03-13T00:00:00Z,13.0827,80.2707,26.75,0.0,C,mm/day,NASA POWER (MERRA-2),"https://power.larc.nasa.gov/api/temporal/daily/point?parameters=T2M,PRECTOTCORR&community=RE&longitude=80.2707&latitude=13.0827&start=20210101&end=20241231&format=JSON",OBSERVED
2021-03-14,2021-03-14T00:00:00Z,13.0827,80.2707,27.07,0.0,C,mm/day,NASA POWER (MERRA-2),"https://power.larc.nasa.gov/api/temporal/daily/point?parameters=T2M,PRECTOTCORR&community=RE&longitude=80.2707&latitude=13.0827&start=20210101&end=20241231&format=JSON",OBSERVED
2021-03-15,2021-03-15T00:00:00Z,13.0827,80.2707,27.6,0.0,C,mm/day,NASA POWER (MERRA-2),"https://power.larc.nasa.gov/api/temporal/daily/point?parameters=T2M,PRECTOTCORR&community=RE&longitude=80.2707&latitude=13.0827&start=20210101&end=20241231&format=JSON",OBSERVED
2021-03-16,2021-03-16T00:00:00Z,13.0827,80.2707,27.36,0.0,C,mm/day,NASA POWER (MERRA-2),"https://power.larc.nasa.gov/api/temporal/daily/point?parameters=T2M,PRECTOTCORR&community=RE&longitude=80.2707&latitude=13.0827&start=20210101&end=20241231&format=JSON",OBSERVED
2021-03-17,2021-03-17T00:00:00Z,13.0827,80.2707,27.66,0.0,C,mm/day,NASA POWER (MERRA-2),"https://power.larc.nasa.gov/api/temporal/daily/point?parameters=T2M,PRECTOTCORR&community=RE&longitude=80.2707&latitude=13.0827&start=20210101&end=20241231&format=JSON",OBSERVED
2021-03-18,2021-03-18T00:00:00Z,13.0827,80.2707,27.14,0.0,C,mm/day,NASA POWER (MERRA-2),"https://power.larc.nasa.gov/api/temporal/daily/point?parameters=T2M,PRECTOTCORR&community=RE&longitude=80.2707&latitude=13.0827&start=20210101&end=20241231&format=JSON",OBSERVED
2021-03-19,2021-03-19T00:00:00Z,13.0827,80.2707,27.39,0.0,C,mm/day,NASA POWER (MERRA-2),"https://power.larc.nasa.gov/api/temporal/daily/point?parameters=T2M,PRECTOTCORR&community=RE&longitude=80.2707&latitude=13.0827&start=20210101&end=20241231&format=JSON",OBSERVED
2021-03-20,2021-03-20T00:00:00Z,13.0827,80.2707,27.23,0.0,C,mm/day,NASA POWER (MERRA-2),"https://power.larc.nasa.gov/api/temporal/daily/point?parameters=T2M,PRECTOTCORR&community=RE&longitude=80.2707&latitude=13.0827&start=20210101&end=20241231&format=JSON",OBSERVED
2021-03-21,2021-03-21T00:00:00Z,13.0827,80.2707,27.81,0.0,C,mm/day,NASA POWER (MERRA-2),"https://power.larc.nasa.gov/api/temporal/daily/point?parameters=T2M,PRECTOTCORR&community=RE&longitude=80.2707&latitude=13.0827&start=20210101&end=20241231&format=JSON",OBSERVED
2021-03-22,2021-03-22T00:00:00Z,13.0827,80.2707,28.18,0.0,C,mm/day,NASA POWER (MERRA-2),"https://power.larc.nasa.gov/api/temporal/daily/point?parameters=T2M,PRECTOTCORR&community=RE&longitude=80.2707&latitude=13.0827&start=20210101&end=20241231&format=JSON",OBSERVED
2021-03-23,2021-03-23T00:00:00Z,13.0827,80.2707,28.05,0.0,C,mm/day,NASA POWER (MERRA-2),"https://power.larc.nasa.gov/api/temporal/daily/point?parameters=T2M,PRECTOTCORR&community=RE&longitude=80.2707&latitude=13.0827&start=20210101&end=20241231&format=JSON",OBSERVED
2021-03-24,2021-03-24T00:00:00Z,13.0827,80.2707,28.32,0.0,C,mm/day,NASA POWER (MERRA-2),"https://power.larc.nasa.gov/api/temporal/daily/point?parameters=T2M,PRECTOTCORR&community=RE&longitude=80.2707&latitude=13.0827&start=20210101&end=20241231&format=JSON",OBSERVED
2021-03-25,2021-03-25T00:00:00Z,13.0827,80.2707,28.49,0.0,C,mm/day,NASA POWER (MERRA-2),"https://power.larc.nasa.gov/api/temporal/daily/point?parameters=T2M,PRECTOTCORR&community=RE&longitude=80.2707&latitude=13.0827&start=20210101&end=20241231&format=JSON",OBSERVED
2021-03-26,2021-03-26T00:00:00Z,13.0827,80.2707,28.34,0.0,C,mm/day,NASA POWER (MERRA-2),"https://power.larc.nasa.gov/api/temporal/daily/point?parameters=T2M,PRECTOTCORR&community=RE&longitude=80.2707&latitude=13.0827&start=20210101&end=20241231&format=JSON",OBSERVED
2021-03-27,2021-03-27T00:00:00Z,13.0827,80.2707,29.16,0.0,C,mm/day,NASA POWER (MERRA-2),"https://power.larc.nasa.gov/api/temporal/daily/point?parameters=T2M,PRECTOTCORR&community=RE&longitude=80.2707&latitude=13.0827&start=20210101&end=20241231&format=JSON",OBSERVED
2021-03-28,2021-03-28T00:00:00Z,13.0827,80.2707,29.4,0.01,C,mm/day,NASA POWER (MERRA-2),"https://power.larc.nasa.gov/api/temporal/daily/point?parameters=T2M,PRECTOTCORR&community=RE&longitude=80.2707&latitude=13.0827&start=20210101&end=20241231&format=JSON",OBSERVED
2021-03-29,2021-03-29T00:00:00Z,13.0827,80.2707,29.75,0.0,C,mm/day,NASA POWER (MERRA-2),"https://power.larc.nasa.gov/api/temporal/daily/point?parameters=T2M,PRECTOTCORR&community=RE&longitude=80.2707&latitude=13.0827&start=20210101&end=20241231&format=JSON",OBSERVED
2021-03-30,2021-03-30T00:00:00Z,13.0827,80.2707,30.43,0.0,C,mm/day,NASA POWER (MERRA-2),"https://power.larc.nasa.gov/api/temporal/daily/point?parameters=T2M,PRECTOTCORR&community=RE&longitude=80.2707&latitude=13.0827&start=20210101&end=20241231&format=JSON",OBSERVED
2021-03-31,2021-03-31T00:00:00Z,13.0827,80.2707,31.29,0.0,C,mm/day,NASA POWER (MERRA-2),"https://power.larc.nasa.gov/api/temporal/daily/point?parameters=T2M,PRECTOTCORR&community=RE&longitude=80.2707&latitude=13.0827&start=20210101&end=20241231&format=JSON",OBSERVED
2021-04-01,2021-04-01T00:00:00Z,13.0827,80.2707,31.69,0.0,C,mm/day,NASA POWER (MERRA-2),"https://power.larc.nasa.gov/api/temporal/daily/point?parameters=T2M,PRECTOTCORR&community=RE&longitude=80.2707&latitude=13.0827&start=20210101&end=20241231&format=JSON",OBSERVED
2021-04-02,2021-04-02T00:00:00Z,13.0827,80.2707,32.34,0.0,C,mm/day,NASA POWER (MERRA-2),"https://power.larc.nasa.gov/api/temporal/daily/point?parameters=T2M,PRECTOTCORR&community=RE&longitude=80.2707&latitude=13.0827&start=20210101&end=20241231&format=JSON",OBSERVED
2021-04-03,2021-04-03T00:00:00Z,13.0827,80.2707,31.69,0.0,C,mm/day,NASA POWER (MERRA-2),"https://power.larc.nasa.gov/api/temporal/daily/point?parameters=T2M,PRECTOTCORR&community=RE&longitude=80.2707&latitude=13.0827&start=20210101&end=20241231&format=JSON",OBSERVED
2021-04-04,2021-04-04T00:00:00Z,13.0827,80.2707,31.45,0.0,C,mm/day,NASA POWER (MERRA-2),"https://power.larc.nasa.gov/api/temporal/daily/point?parameters=T2M,PRECTOTCORR&community=RE&longitude=80.2707&latitude=13.0827&start=20210101&end=20241231&format=JSON",OBSERVED
2021-04-05,2021-04-05T00:00:00Z,13.0827,80.2707,30.34,0.0,C,mm/day,NASA POWER (MERRA-2),"https://power.larc.nasa.gov/api/temporal/daily/point?parameters=T2M,PRECTOTCORR&community=RE&longitude=80.2707&latitude=13.0827&start=20210101&end=20241231&format=JSON",OBSERVED
2021-04-06,2021-04-06T00:00:00Z,13.0827,80.2707,29.56,0.01,C,mm/day,NASA POWER (MERRA-2),"https://power.larc.nasa.gov/api/temporal/daily/point?parameters=T2M,PRECTOTCORR&community=RE&longitude=80.2707&latitude=13.0827&start=20210101&end=20241231&format=JSON",OBSERVED
2021-04-07,2021-04-07T00:00:00Z,13.0827,80.2707,29.35,0.0,C,mm/day,NASA POWER (MERRA-2),"https://power.larc.nasa.gov/api/temporal/daily/point?parameters=T2M,PRECTOTCORR&community=RE&longitude=80.2707&latitude=13.0827&start=20210101&end=20241231&format=JSON",OBSERVED
2021-04-08,2021-04-08T00:00:00Z,13.0827,80.2707,29.06,0.0,C,mm/day,NASA POWER (MERRA-2),"https://power.larc.nasa.gov/api/temporal/daily/point?parameters=T2M,PRECTOTCORR&community=RE&longitude=80.2707&latitude=13.0827&start=20210101&end=20241231&format=JSON",OBSERVED
2021-04-09,2021-04-09T00:00:00Z,13.0827,80.2707,28.9,0.0,C,mm/day,NASA POWER (MERRA-2),"https://power.larc.nasa.gov/api/temporal/daily/point?parameters=T2M,PRECTOTCORR&community=RE&longitude=80.2707&latitude=13.0827&start=20210101&end=20241231&format=JSON",OBSERVED
2021-04-10,2021-04-10T00:00:00Z,13.0827,80.2707,29.41,0.01,C,mm/day,NASA POWER (MERRA-2),"https://power.larc.nasa.gov/api/temporal/daily/point?parameters=T2M,PRECTOTCORR&community=RE&longitude=80.2707&latitude=13.0827&start=20210101&end=20241231&format=JSON",OBSERVED
2021-04-11,2021-04-11T00:00:00Z,13.0827,80.2707,29.83,0.69,C,mm/day,NASA POWER (MERRA-2),"https://power.larc.nasa.gov/api/temporal/daily/point?parameters=T2M,PRECTOTCORR&community=RE&longitude=80.2707&latitude=13.0827&start=20210101&end=20241231&format=JSON",OBSERVED
2021-04-12,2021-04-12T00:00:00Z,13.0827,80.2707,29.77,0.58,C,mm/day,NASA POWER (MERRA-2),"https://power.larc.nasa.gov/api/temporal/daily/point?parameters=T2M,PRECTOTCORR&community=RE&longitude=80.2707&latitude=13.0827&start=20210101&end=20241231&format=JSON",OBSERVED
2021-04-13,2021-04-13T00:00:00Z,13.0827,80.2707,30.03,0.57,C,mm/day,NASA POWER (MERRA-2),"https://power.larc.nasa.gov/api/temporal/daily/point?parameters=T2M,PRECTOTCORR&community=RE&longitude=80.2707&latitude=13.0827&start=20210101&end=20241231&format=JSON",OBSERVED
2021-04-14,2021-04-14T00:00:00Z,13.0827,80.2707,29.45,11.08,C,mm/day,NASA POWER (MERRA-2),"https://power.larc.nasa.gov/api/temporal/daily/point?parameters=T2M,PRECTOTCORR&community=RE&longitude=80.2707&latitude=13.0827&start=20210101&end=20241231&format=JSON",OBSERVED
2021-04-15,2021-04-15T00:00:00Z,13.0827,80.2707,28.66,9.8,C,mm/day,NASA POWER (MERRA-2),"https://power.larc.nasa.gov/api/temporal/daily/point?parameters=T2M,PRECTOTCORR&community=RE&longitude=80.2707&latitude=13.0827&start=20210101&end=20241231&format=JSON",OBSERVED
2021-04-16,2021-04-16T00:00:00Z,13.0827,80.2707,29.59,0.46,C,mm/day,NASA POWER (MERRA-2),"https://power.larc.nasa.gov/api/temporal/daily/point?parameters=T2M,PRECTOTCORR&community=RE&longitude=80.2707&latitude=13.0827&start=20210101&end=20241231&format=JSON",OBSERVED
2021-04-17,2021-04-17T00:00:00Z,13.0827,80.2707,30.0,0.0,C,mm/day,NASA POWER (MERRA-2),"https://power.larc.nasa.gov/api/temporal/daily/point?parameters=T2M,PRECTOTCORR&community=RE&longitude=80.2707&latitude=13.0827&start=20210101&end=20241231&format=JSON",OBSERVED
2021-04-18,2021-04-18T00:00:00Z,13.0827,80.2707,30.25,0.0,C,mm/day,NASA POWER (MERRA-2),"https://power.larc.nasa.gov/api/temporal/daily/point?parameters=T2M,PRECTOTCORR&community=RE&longitude=80.2707&latitude=13.0827&start=20210101&end=20241231&format=JSON",OBSERVED
2021-04-19,2021-04-19T00:00:00Z,13.0827,80.2707,30.66,0.02,C,mm/day,NASA POWER (MERRA-2),"https://power.larc.nasa.gov/api/temporal/daily/point?parameters=T2M,PRECTOTCORR&community=RE&longitude=80.2707&latitude=13.0827&start=20210101&end=20241231&format=JSON",OBSERVED
2021-04-20,2021-04-20T00:00:00Z,13.0827,80.2707,30.57,0.03,C,mm/day,NASA POWER (MERRA-2),"https://power.larc.nasa.gov/api/temporal/daily/point?parameters=T2M,PRECTOTCORR&community=RE&longitude=80.2707&latitude=13.0827&start=20210101&end=20241231&format=JSON",OBSERVED
2021-04-21,2021-04-21T00:00:00Z,13.0827,80.2707,30.6,0.03,C,mm/day,NASA POWER (MERRA-2),"https://power.larc.nasa.gov/api/temporal/daily/point?parameters=T2M,PRECTOTCORR&community=RE&longitude=80.2707&latitude=13.0827&start=20210101&end=20241231&format=JSON",OBSERVED
2021-04-22,2021-04-22T00:00:00Z,13.0827,80.2707,30.39,0.0,C,mm/day,NASA POWER (MERRA-2),"https://power.larc.nasa.gov/api/temporal/daily/point?parameters=T2M,PRECTOTCORR&community=RE&longitude=80.2707&latitude=13.0827&start=20210101&end=20241231&format=JSON",OBSERVED
2021-04-23,2021-04-23T00:00:00Z,13.0827,80.2707,30.9,0.26,C,mm/day,NASA POWER (MERRA-2),"https://power.larc.nasa.gov/api/temporal/daily/point?parameters=T2M,PRECTOTCORR&community=RE&longitude=80.2707&latitude=13.0827&start=20210101&end=20241231&format=JSON",OBSERVED
2021-04-24,2021-04-24T00:00:00Z,13.0827,80.2707,29.6,0.91,C,mm/day,NASA POWER (MERRA-2),"https://power.larc.nasa.gov/api/temporal/daily/point?parameters=T2M,PRECTOTCORR&community=RE&longitude=80.2707&latitude=13.0827&start=20210101&end=20241231&format=JSON",OBSERVED
2021-04-25,2021-04-25T00:00:00Z,13.0827,80.2707,30.59,0.04,C,mm/day,NASA POWER (MERRA-2),"https://power.larc.nasa.gov/api/temporal/daily/point?parameters=T2M,PRECTOTCORR&community=RE&longitude=80.2707&latitude=13.0827&start=20210101&end=20241231&format=JSON",OBSERVED
2021-04-26,2021-04-26T00:00:00Z,13.0827,80.2707,30.49,0.0,C,mm/day,NASA POWER (MERRA-2),"https://power.larc.nasa.gov/api/temporal/daily/point?parameters=T2M,PRECTOTCORR&community=RE&longitude=80.2707&latitude=13.0827&start=20210101&end=20241231&format=JSON",OBSERVED
2021-04-27,2021-04-27T00:00:00Z,13.0827,80.2707,30.48,0.0,C,mm/day,NASA POWER (MERRA-2),"https://power.larc.nasa.gov/api/temporal/daily/point?parameters=T2M,PRECTOTCORR&community=RE&longitude=80.2707&latitude=13.0827&start=20210101&end=20241231&format=JSON",OBSERVED
2021-04-28,2021-04-28T00:00:00Z,13.0827,80.2707,30.79,0.01,C,mm/day,NASA POWER (MERRA-2),"https://power.larc.nasa.gov/api/temporal/daily/point?parameters=T2M,PRECTOTCORR&community=RE&longitude=80.2707&latitude=13.0827&start=20210101&end=20241231&format=JSON",OBSERVED
2021-04-29,2021-04-29T00:00:00Z,13.0827,80.2707,30.85,0.02,C,mm/day,NASA POWER (MERRA-2),"https://power.larc.nasa.gov/api/temporal/daily/point?parameters=T2M,PRECTOTCORR&community=RE&longitude=80.2707&latitude=13.0827&start=20210101&end=20241231&format=JSON",OBSERVED
2021-04-30,2021-04-30T00:00:00Z,13.0827,80.2707,31.04,0.09,C,mm/day,NASA POWER (MERRA-2),"https://power.larc.nasa.gov/api/temporal/daily/point?parameters=T2M,PRECTOTCORR&community=RE&longitude=80.2707&latitude=13.0827&start=20210101&end=20241231&format=JSON",OBSERVED
2021-05-01,2021-05-01T00:00:00Z,13.0827,80.2707,31.03,0.18,C,mm/day,NASA POWER (MERRA-2),"https://power.larc.nasa.gov/api/temporal/daily/point?parameters=T2M,PRECTOTCORR&community=RE&longitude=80.2707&latitude=13.0827&start=20210101&end=20241231&format=JSON",OBSERVED
2021-05-02,2021-05-02T00:00:00Z,13.0827,80.2707,30.57,0.77,C,mm/day,NASA POWER (MERRA-2),"https://power.larc.nasa.gov/api/temporal/daily/point?parameters=T2M,PRECTOTCORR&community=RE&longitude=80.2707&latitude=13.0827&start=20210101&end=20241231&format=JSON",OBSERVED
2021-05-03,2021-05-03T00:00:00Z,13.0827,80.2707,30.8,1.06,C,mm/day,NASA POWER (MERRA-2),"https://power.larc.nasa.gov/api/temporal/daily/point?parameters=T2M,PRECTOTCORR&community=RE&longitude=80.2707&latitude=13.0827&start=20210101&end=20241231&format=JSON",OBSERVED
2021-05-04,2021-05-04T00:00:00Z,13.0827,80.2707,31.11,1.27,C,mm/day,NASA POWER (MERRA-2),"https://power.larc.nasa.gov/api/temporal/daily/point?parameters=T2M,PRECTOTCORR&community=RE&longitude=80.2707&latitude=13.0827&start=20210101&end=20241231&format=JSON",OBSERVED
2021-05-05,2021-05-05T00:00:00Z,13.0827,80.2707,31.47,0.06,C,mm/day,NASA POWER (MERRA-2),"https://power.larc.nasa.gov/api/temporal/daily/point?parameters=T2M,PRECTOTCORR&community=RE&longitude=80.2707&latitude=13.0827&start=20210101&end=20241231&format=JSON",OBSERVED
2021-05-06,2021-05-06T00:00:00Z,13.0827,80.2707,31.32,0.07,C,mm/day,NASA POWER (MERRA-2),"https://power.larc.nasa.gov/api/temporal/daily/point?parameters=T2M,PRECTOTCORR&community=RE&longitude=80.2707&latitude=13.0827&start=20210101&end=20241231&format=JSON",OBSERVED
2021-05-07,2021-05-07T00:00:00Z,13.0827,80.2707,30.89,1.33,C,mm/day,NASA POWER (MERRA-2),"https://power.larc.nasa.gov/api/temporal/daily/point?parameters=T2M,PRECTOTCORR&community=RE&longitude=80.2707&latitude=13.0827&start=20210101&end=20241231&format=JSON",OBSERVED
2021-05-08,2021-05-08T00:00:00Z,13.0827,80.2707,30.34,0.93,C,mm/day,NASA POWER (MERRA-2),"https://power.larc.nasa.gov/api/temporal/daily/point?parameters=T2M,PRECTOTCORR&community=RE&longitude=80.2707&latitude=13.0827&start=20210101&end=20241231&format=JSON",OBSERVED
2021-05-09,2021-05-09T00:00:00Z,13.0827,80.2707,31.05,0.03,C,mm/day,NASA POWER (MERRA-2),"https://power.larc.nasa.gov/api/temporal/daily/point?parameters=T2M,PRECTOTCORR&community=RE&longitude=80.2707&latitude=13.0827&start=20210101&end=20241231&format=JSON",OBSERVED
2021-05-10,2021-05-10T00:00:00Z,13.0827,80.2707,31.66,0.04,C,mm/day,NASA POWER (MERRA-2),"https://power.larc.nasa.gov/api/temporal/daily/point?parameters=T2M,PRECTOTCORR&community=RE&longitude=80.2707&latitude=13.0827&start=20210101&end=20241231&format=JSON",OBSERVED
2021-05-11,2021-05-11T00:00:00Z,13.0827,80.2707,32.33,0.26,C,mm/day,NASA POWER (MERRA-2),"https://power.larc.nasa.gov/api/temporal/daily/point?parameters=T2M,PRECTOTCORR&community=RE&longitude=80.2707&latitude=13.0827&start=20210101&end=20241231&format=JSON",OBSERVED
2021-05-12,2021-05-12T00:00:00Z,13.0827,80.2707,32.48,0.8,C,mm/day,NASA POWER (MERRA-2),"https://power.larc.nasa.gov/api/temporal/daily/point?parameters=T2M,PRECTOTCORR&community=RE&longitude=80.2707&latitude=13.0827&start=20210101&end=20241231&format=JSON",OBSERVED
2021-05-13,2021-05-13T00:00:00Z,13.0827,80.2707,31.67,0.75,C,mm/day,NASA POWER (MERRA-2),"https://power.larc.nasa.gov/api/temporal/daily/point?parameters=T2M,PRECTOTCORR&community=RE&longitude=80.2707&latitude=13.0827&start=20210101&end=20241231&format=JSON",OBSERVED
2021-05-14,2021-05-14T00:00:00Z,13.0827,80.2707,31.8,2.04,C,mm/day,NASA POWER (MERRA-2),"https://power.larc.nasa.gov/api/temporal/daily/point?parameters=T2M,PRECTOTCORR&community=RE&longitude=80.2707&latitude=13.0827&start=20210101&end=20241231&format=JSON",OBSERVED
2021-05-15,2021-05-15T00:00:00Z,13.0827,80.2707,31.14,1.3,C,mm/day,NASA POWER (MERRA-2),"https://power.larc.nasa.gov/api/temporal/daily/point?parameters=T2M,PRECTOTCORR&community=RE&longitude=80.2707&latitude=13.0827&start=20210101&end=20241231&format=JSON",OBSERVED
2021-05-16,2021-05-16T00:00:00Z,13.0827,80.2707,30.24,3.05,C,mm/day,NASA POWER (MERRA-2),"https://power.larc.nasa.gov/api/temporal/daily/point?parameters=T2M,PRECTOTCORR&community=RE&longitude=80.2707&latitude=13.0827&start=20210101&end=20241231&format=JSON",OBSERVED
2021-05-17,2021-05-17T00:00:00Z,13.0827,80.2707,30.97,0.71,C,mm/day,NASA POWER (MERRA-2),"https://power.larc.nasa.gov/api/temporal/daily/point?parameters=T2M,PRECTOTCORR&community=RE&longitude=80.2707&latitude=13.0827&start=20210101&end=20241231&format=JSON",OBSERVED
2021-05-18,2021-05-18T00:00:00Z,13.0827,80.2707,30.82,0.31,C,mm/day,NASA POWER (MERRA-2),"https://power.larc.nasa.gov/api/temporal/daily/point?parameters=T2M,PRECTOTCORR&community=RE&longitude=80.2707&latitude=13.0827&start=20210101&end=20241231&format=JSON",OBSERVED
2021-05-19,2021-05-19T00:00:00Z,13.0827,80.2707,30.36,1.81,C,mm/day,NASA POWER (MERRA-2),"https://power.larc.nasa.gov/api/temporal/daily/point?parameters=T2M,PRECTOTCORR&community=RE&longitude=80.2707&latitude=13.0827&start=20210101&end=20241231&format=JSON",OBSERVED
2021-05-20,2021-05-20T00:00:00Z,13.0827,80.2707,30.14,4.82,C,mm/day,NASA POWER (MERRA-2),"https://power.larc.nasa.gov/api/temporal/daily/point?parameters=T2M,PRECTOTCORR&community=RE&longitude=80.2707&latitude=13.0827&start=20210101&end=20241231&format=JSON",OBSERVED
2021-05-21,2021-05-21T00:00:00Z,13.0827,80.2707,28.62,10.51,C,mm/day,NASA POWER (MERRA-2),"https://power.larc.nasa.gov/api/temporal/daily/point?parameters=T2M,PRECTOTCORR&community=RE&longitude=80.2707&latitude=13.0827&start=20210101&end=20241231&format=JSON",OBSERVED
2021-05-22,2021-05-22T00:00:00Z,13.0827,80.2707,29.41,4.07,C,mm/day,NASA POWER (MERRA-2),"https://power.larc.nasa.gov/api/temporal/daily/point?parameters=T2M,PRECTOTCORR&community=RE&longitude=80.2707&latitude=13.0827&start=20210101&end=20241231&format=JSON",OBSERVED
2021-05-23,2021-05-23T00:00:00Z,13.0827,80.2707,30.07,0.38,C,mm/day,NASA POWER (MERRA-2),"https://power.larc.nasa.gov/api/temporal/daily/point?parameters=T2M,PRECTOTCORR&community=RE&longitude=80.2707&latitude=13.0827&start=20210101&end=20241231&format=JSON",OBSERVED
2021-05-24,2021-05-24T00:00:00Z,13.0827,80.2707,29.32,3.67,C,mm/day,NASA POWER (MERRA-2),"https://power.larc.nasa.gov/api/temporal/daily/point?parameters=T2M,PRECTOTCORR&community=RE&longitude=80.2707&latitude=13.0827&start=20210101&end=20241231&format=JSON",OBSERVED
2021-05-25,2021-05-25T00:00:00Z,13.0827,80.2707,28.57,5.19,C,mm/day,NASA POWER (MERRA-2),"https://power.larc.nasa.gov/api/temporal/daily/point?parameters=T2M,PRECTOTCORR&community=RE&longitude=80.2707&latitude=13.0827&start=20210101&end=20241231&format=JSON",OBSERVED
2021-05-26,2021-05-26T00:00:00Z,13.0827,80.2707,31.53,0.06,C,mm/day,NASA POWER (MERRA-2),"https://power.larc.nasa.gov/api/temporal/daily/point?parameters=T2M,PRECTOTCORR&community=RE&longitude=80.2707&latitude=13.0827&start=20210101&end=20241231&format=JSON",OBSERVED
2021-05-27,2021-05-27T00:00:00Z,13.0827,80.2707,30.92,0.46,C,mm/day,NASA POWER (MERRA-2),"https://power.larc.nasa.gov/api/temporal/daily/point?parameters=T2M,PRECTOTCORR&community=RE&longitude=80.2707&latitude=13.0827&start=20210101&end=20241231&format=JSON",OBSERVED
2021-05-28,2021-05-28T00:00:00Z,13.0827,80.2707,31.24,0.07,C,mm/day,NASA POWER (MERRA-2),"https://power.larc.nasa.gov/api/temporal/daily/point?parameters=T2M,PRECTOTCORR&community=RE&longitude=80.2707&latitude=13.0827&start=20210101&end=20241231&format=JSON",OBSERVED
2021-05-29,2021-05-29T00:00:00Z,13.0827,80.2707,31.68,0.12,C,mm/day,NASA POWER (MERRA-2),"https://power.larc.nasa.gov/api/temporal/daily/point?parameters=T2M,PRECTOTCORR&community=RE&longitude=80.2707&latitude=13.0827&start=20210101&end=20241231&format=JSON",OBSERVED
2021-05-30,2021-05-30T00:00:00Z,13.0827,80.2707,31.89,4.67,C,mm/day,NASA POWER (MERRA-2),"https://power.larc.nasa.gov/api/temporal/daily/point?parameters=T2M,PRECTOTCORR&community=RE&longitude=80.2707&latitude=13.0827&start=20210101&end=20241231&format=JSON",OBSERVED
2021-05-31,2021-05-31T00:00:00Z,13.0827,80.2707,31.56,1.86,C,mm/day,NASA POWER (MERRA-2),"https://power.larc.nasa.gov/api/temporal/daily/point?parameters=T2M,PRECTOTCORR&community=RE&longitude=80.2707&latitude=13.0827&start=20210101&end=20241231&format=JSON",OBSERVED
2021-06-01,2021-06-01T00:00:00Z,13.0827,80.2707,31.7,0.11,C,mm/day,NASA POWER (MERRA-2),"https://power.larc.nasa.gov/api/temporal/daily/point?parameters=T2M,PRECTOTCORR&community=RE&longitude=80.2707&latitude=13.0827&start=20210101&end=20241231&format=JSON",OBSERVED
2021-06-02,2021-06-02T00:00:00Z,13.0827,80.2707,31.1,0.01,C,mm/day,NASA POWER (MERRA-2),"https://power.larc.nasa.gov/api/temporal/daily/point?parameters=T2M,PRECTOTCORR&community=RE&longitude=80.2707&latitude=13.0827&start=20210101&end=20241231&format=JSON",OBSERVED
2021-06-03,2021-06-03T00:00:00Z,13.0827,80.2707,30.49,0.04,C,mm/day,NASA POWER (MERRA-2),"https://power.larc.nasa.gov/api/temporal/daily/point?parameters=T2M,PRECTOTCORR&community=RE&longitude=80.2707&latitude=13.0827&start=20210101&end=20241231&format=JSON",OBSERVED
2021-06-04,2021-06-04T00:00:00Z,13.0827,80.2707,29.31,0.51,C,mm/day,NASA POWER (MERRA-2),"https://power.larc.nasa.gov/api/temporal/daily/point?parameters=T2M,PRECTOTCORR&community=RE&longitude=80.2707&latitude=13.0827&start=20210101&end=20241231&format=JSON",OBSERVED
2021-06-05,2021-06-05T00:00:00Z,13.0827,80.2707,29.57,12.49,C,mm/day,NASA POWER (MERRA-2),"https://power.larc.nasa.gov/api/temporal/daily/point?parameters=T2M,PRECTOTCORR&community=RE&longitude=80.2707&latitude=13.0827&start=20210101&end=20241231&format=JSON",OBSERVED
2021-06-06,2021-06-06T00:00:00Z,13.0827,80.2707,29.77,0.27,C,mm/day,NASA POWER (MERRA-2),"https://power.larc.nasa.gov/api/temporal/daily/point?parameters=T2M,PRECTOTCORR&community=RE&longitude=80.2707&latitude=13.0827&start=20210101&end=20241231&format=JSON",OBSERVED
2021-06-07,2021-06-07T00:00:00Z,13.0827,80.2707,30.41,8.54,C,mm/day,NASA POWER (MERRA-2),"https://power.larc.nasa.gov/api/temporal/daily/point?parameters=T2M,PRECTOTCORR&community=RE&longitude=80.2707&latitude=13.0827&start=20210101&end=20241231&format=JSON",OBSERVED
2021-06-08,2021-06-08T00:00:00Z,13.0827,80.2707,30.19,3.75,C,mm/day,NASA POWER (MERRA-2),"https://power.larc.nasa.gov/api/temporal/daily/point?parameters=T2M,PRECTOTCORR&community=RE&longitude=80.2707&latitude=13.0827&start=20210101&end=20241231&format=JSON",OBSERVED
2021-06-09,2021-06-09T00:00:00Z,13.0827,80.2707,30.32,4.9,C,mm/day,NASA POWER (MERRA-2),"https://power.larc.nasa.gov/api/temporal/daily/point?parameters=T2M,PRECTOTCORR&community=RE&longitude=80.2707&latitude=13.0827&start=20210101&end=20241231&format=JSON",OBSERVED
2021-06-10,2021-06-10T00:00:00Z,13.0827,80.2707,30.73,1.39,C,mm/day,NASA POWER (MERRA-2),"https://power.larc.nasa.gov/api/temporal/daily/point?parameters=T2M,PRECTOTCORR&community=RE&longitude=80.2707&latitude=13.0827&start=20210101&end=20241231&format=JSON",OBSERVED
2021-06-11,2021-06-11T00:00:00Z,13.0827,80.2707,30.16,0.07,C,mm/day,NASA POWER (MERRA-2),"https://power.larc.nasa.gov/api/temporal/daily/point?parameters=T2M,PRECTOTCORR&community=RE&longitude=80.2707&latitude=13.0827&start=20210101&end=20241231&format=JSON",OBSERVED
2021-06-12,2021-06-12T00:00:00Z,13.0827,80.2707,30.51,1.78,C,mm/day,NASA POWER (MERRA-2),"https://power.larc.nasa.gov/api/temporal/daily/point?parameters=T2M,PRECTOTCORR&community=RE&longitude=80.2707&latitude=13.0827&start=20210101&end=20241231&format=JSON",OBSERVED
2021-06-13,2021-06-13T00:00:00Z,13.0827,80.2707,29.6,0.26,C,mm/day,NASA POWER (MERRA-2),"https://power.larc.nasa.gov/api/temporal/daily/point?parameters=T2M,PRECTOTCORR&community=RE&longitude=80.2707&latitude=13.0827&start=20210101&end=20241231&format=JSON",OBSERVED
2021-06-14,2021-06-14T00:00:00Z,13.0827,80.2707,29.95,0.4,C,mm/day,NASA POWER (MERRA-2),"https://power.larc.nasa.gov/api/temporal/daily/point?parameters=T2M,PRECTOTCORR&community=RE&longitude=80.2707&latitude=13.0827&start=20210101&end=20241231&format=JSON",OBSERVED
2021-06-15,2021-06-15T00:00:00Z,13.0827,80.2707,30.54,0.26,C,mm/day,NASA POWER (MERRA-2),"https://power.larc.nasa.gov/api/temporal/daily/point?parameters=T2M,PRECTOTCORR&community=RE&longitude=80.2707&latitude=13.0827&start=20210101&end=20241231&format=JSON",OBSERVED
2021-06-16,2021-06-16T00:00:00Z,13.0827,80.2707,30.86,0.52,C,mm/day,NASA POWER (MERRA-2),"https://power.larc.nasa.gov/api/temporal/daily/point?parameters=T2M,PRECTOTCORR&community=RE&longitude=80.2707&latitude=13.0827&start=20210101&end=20241231&format=JSON",OBSERVED
2021-06-17,2021-06-17T00:00:00Z,13.0827,80.2707,31.15,0.46,C,mm/day,NASA POWER (MERRA-2),"https://power.larc.nasa.gov/api/temporal/daily/point?parameters=T2M,PRECTOTCORR&community=RE&longitude=80.2707&latitude=13.0827&start=20210101&end=20241231&format=JSON",OBSERVED
2021-06-18,2021-06-18T00:00:00Z,13.0827,80.2707,30.98,0.26,C,mm/day,NASA POWER (MERRA-2),"https://power.larc.nasa.gov/api/temporal/daily/point?parameters=T2M,PRECTOTCORR&community=RE&longitude=80.2707&latitude=13.0827&start=20210101&end=20241231&format=JSON",OBSERVED
2021-06-19,2021-06-19T00:00:00Z,13.0827,80.2707,30.36,1.83,C,mm/day,NASA POWER (MERRA-2),"https://power.larc.nasa.gov/api/temporal/daily/point?parameters=T2M,PRECTOTCORR&community=RE&longitude=80.2707&latitude=13.0827&start=20210101&end=20241231&format=JSON",OBSERVED
2021-06-20,2021-06-20T00:00:00Z,13.0827,80.2707,30.51,0.81,C,mm/day,NASA POWER (MERRA-2),"https://power.larc.nasa.gov/api/temporal/daily/point?parameters=T2M,PRECTOTCORR&community=RE&longitude=80.2707&latitude=13.0827&start=20210101&end=20241231&format=JSON",OBSERVED
2021-06-21,2021-06-21T00:00:00Z,13.0827,80.2707,30.36,0.54,C,mm/day,NASA POWER (MERRA-2),"https://power.larc.nasa.gov/api/temporal/daily/point?parameters=T2M,PRECTOTCORR&community=RE&longitude=80.2707&latitude=13.0827&start=20210101&end=20241231&format=JSON",OBSERVED
2021-06-22,2021-06-22T00:00:00Z,13.0827,80.2707,29.53,3.93,C,mm/day,NASA POWER (MERRA-2),"https://power.larc.nasa.gov/api/temporal/daily/point?parameters=T2M,PRECTOTCORR&community=RE&longitude=80.2707&latitude=13.0827&start=20210101&end=20241231&format=JSON",OBSERVED
2021-06-23,2021-06-23T00:00:00Z,13.0827,80.2707,29.63,2.72,C,mm/day,NASA POWER (MERRA-2),"https://power.larc.nasa.gov/api/temporal/daily/point?parameters=T2M,PRECTOTCORR&community=RE&longitude=80.2707&latitude=13.0827&start=20210101&end=20241231&format=JSON",OBSERVED
2021-06-24,2021-06-24T00:00:00Z,13.0827,80.2707,29.91,9.96,C,mm/day,NASA POWER (MERRA-2),"https://power.larc.nasa.gov/api/temporal/daily/point?parameters=T2M,PRECTOTCORR&community=RE&longitude=80.2707&latitude=13.0827&start=20210101&end=20241231&format=JSON",OBSERVED
2021-06-25,2021-06-25T00:00:00Z,13.0827,80.2707,30.79,0.6,C,mm/day,NASA POWER (MERRA-2),"https://power.larc.nasa.gov/api/temporal/daily/point?parameters=T2M,PRECTOTCORR&community=RE&longitude=80.2707&latitude=13.0827&start=20210101&end=20241231&format=JSON",OBSERVED
2021-06-26,2021-06-26T00:00:00Z,13.0827,80.2707,31.01,1.89,C,mm/day,NASA POWER (MERRA-2),"https://power.larc.nasa.gov/api/temporal/daily/point?parameters=T2M,PRECTOTCORR&community=RE&longitude=80.2707&latitude=13.0827&start=20210101&end=20241231&format=JSON",OBSERVED
2021-06-27,2021-06-27T00:00:00Z,13.0827,80.2707,29.12,8.9,C,mm/day,NASA POWER (MERRA-2),"https://power.larc.nasa.gov/api/temporal/daily/point?parameters=T2M,PRECTOTCORR&community=RE&longitude=80.2707&latitude=13.0827&start=20210101&end=20241231&format=JSON",OBSERVED
2021-06-28,2021-06-28T00:00:00Z,13.0827,80.2707,29.34,2.16,C,mm/day,NASA POWER (MERRA-2),"https://power.larc.nasa.gov/api/temporal/daily/point?parameters=T2M,PRECTOTCORR&community=RE&longitude=80.2707&latitude=13.0827&start=20210101&end=20241231&format=JSON",OBSERVED
2021-06-29,2021-06-29T00:00:00Z,13.0827,80.2707,29.81,0.54,C,mm/day,NASA POWER (MERRA-2),"https://power.larc.nasa.gov/api/temporal/daily/point?parameters=T2M,PRECTOTCORR&community=RE&longitude=80.2707&latitude=13.0827&start=20210101&end=20241231&format=JSON",OBSERVED
2021-06-30,2021-06-30T00:00:00Z,13.0827,80.2707,30.22,3.03,C,mm/day,NASA POWER (MERRA-2),"https://power.larc.nasa.gov/api/temporal/daily/point?parameters=T2M,PRECTOTCORR&community=RE&longitude=80.2707&latitude=13.0827&start=20210101&end=20241231&format=JSON",OBSERVED
2021-07-01,2021-07-01T00:00:00Z,13.0827,80.2707,29.44,4.58,C,mm/day,NASA POWER (MERRA-2),"https://power.larc.nasa.gov/api/temporal/daily/point?parameters=T2M,PRECTOTCORR&community=RE&longitude=80.2707&latitude=13.0827&start=20210101&end=20241231&format=JSON",OBSERVED
2021-07-02,2021-07-02T00:00:00Z,13.0827,80.2707,29.19,16.13,C,mm/day,NASA POWER (MERRA-2),"https://power.larc.nasa.gov/api/temporal/daily/point?parameters=T2M,PRECTOTCORR&community=RE&longitude=80.2707&latitude=13.0827&start=20210101&end=20241231&format=JSON",OBSERVED
2021-07-03,2021-07-03T00:00:00Z,13.0827,80.2707,28.93,9.11,C,mm/day,NASA POWER (MERRA-2),"https://power.larc.nasa.gov/api/temporal/daily/point?parameters=T2M,PRECTOTCORR&community=RE&longitude=80.2707&latitude=13.0827&start=20210101&end=20241231&format=JSON",OBSERVED
2021-07-04,2021-07-04T00:00:00Z,13.0827,80.2707,28.55,4.88,C,mm/day,NASA POWER (MERRA-2),"https://power.larc.nasa.gov/api/temporal/daily/point?parameters=T2M,PRECTOTCORR&community=RE&longitude=80.2707&latitude=13.0827&start=20210101&end=20241231&format=JSON",OBSERVED
2021-07-05,2021-07-05T00:00:00Z,13.0827,80.2707,29.33,1.7,C,mm/day,NASA POWER (MERRA-2),"https://power.larc.nasa.gov/api/temporal/daily/point?parameters=T2M,PRECTOTCORR&community=RE&longitude=80.2707&latitude=13.0827&start=20210101&end=20241231&format=JSON",OBSERVED
2021-07-06,2021-07-06T00:00:00Z,13.0827,80.2707,29.41,1.71,C,mm/day,NASA POWER (MERRA-2),"https://power.larc.nasa.gov/api/temporal/daily/point?parameters=T2M,PRECTOTCORR&community=RE&longitude=80.2707&latitude=13.0827&start=20210101&end=20241231&format=JSON",OBSERVED
2021-07-07,2021-07-07T00:00:00Z,13.0827,80.2707,29.18,1.06,C,mm/day,NASA POWER (MERRA-2),"https://power.larc.nasa.gov/api/temporal/daily/point?parameters=T2M,PRECTOTCORR&community=RE&longitude=80.2707&latitude=13.0827&start=20210101&end=20241231&format=JSON",OBSERVED
2021-07-08,2021-07-08T00:00:00Z,13.0827,80.2707,28.67,15.69,C,mm/day,NASA POWER (MERRA-2),"https://power.larc.nasa.gov/api/temporal/daily/point?parameters=T2M,PRECTOTCORR&community=RE&longitude=80.2707&latitude=13.0827&start=20210101&end=20241231&format=JSON",OBSERVED
2021-07-09,2021-07-09T00:00:00Z,13.0827,80.2707,28.63,18.56,C,mm/day,NASA POWER (MERRA-2),"https://power.larc.nasa.gov/api/temporal/daily/point?parameters=T2M,PRECTOTCORR&community=RE&longitude=80.2707&latitude=13.0827&start=20210101&end=20241231&format=JSON",OBSERVED
2021-07-10,2021-07-10T00:00:00Z,13.0827,80.2707,27.85,11.85,C,mm/day,NASA POWER (MERRA-2),"https://power.larc.nasa.gov/api/temporal/daily/point?parameters=T2M,PRECTOTCORR&community=RE&longitude=80.2707&latitude=13.0827&start=20210101&end=20241231&format=JSON",OBSERVED
2021-07-11,2021-07-11T00:00:00Z,13.0827,80.2707,27.55,3.17,C,mm/day,NASA POWER (MERRA-2),"https://power.larc.nasa.gov/api/temporal/daily/point?parameters=T2M,PRECTOTCORR&community=RE&longitude=80.2707&latitude=13.0827&start=20210101&end=20241231&format=JSON",OBSERVED
2021-07-12,2021-07-12T00:00:00Z,13.0827,80.2707,27.49,2.4,C,mm/day,NASA POWER (MERRA-2),"https://power.larc.nasa.gov/api/temporal/daily/point?parameters=T2M,PRECTOTCORR&community=RE&longitude=80.2707&latitude=13.0827&start=20210101&end=20241231&format=JSON",OBSERVED
2021-07-13,2021-07-13T00:00:00Z,13.0827,80.2707,28.35,1.38,C,mm/day,NASA POWER (MERRA-2),"https://power.larc.nasa.gov/api/temporal/daily/point?parameters=T2M,PRECTOTCORR&community=RE&longitude=80.2707&latitude=13.0827&start=20210101&end=20241231&format=JSON",OBSERVED
2021-07-14,2021-07-14T00:00:00Z,13.0827,80.2707,28.09,11.24,C,mm/day,NASA POWER (MERRA-2),"https://power.larc.nasa.gov/api/temporal/daily/point?parameters=T2M,PRECTOTCORR&community=RE&longitude=80.2707&latitude=13.0827&start=20210101&end=20241231&format=JSON",OBSERVED
2021-07-15,2021-07-15T00:00:00Z,13.0827,80.2707,28.56,7.01,C,mm/day,NASA POWER (MERRA-2),"https://power.larc.nasa.gov/api/temporal/daily/point?parameters=T2M,PRECTOTCORR&community=RE&longitude=80.2707&latitude=13.0827&start=20210101&end=20241231&format=JSON",OBSERVED
2021-07-16,2021-07-16T00:00:00Z,13.0827,80.2707,28.84,8.77,C,mm/day,NASA POWER (MERRA-2),"https://power.larc.nasa.gov/api/temporal/daily/point?parameters=T2M,PRECTOTCORR&community=RE&longitude=80.2707&latitude=13.0827&start=20210101&end=20241231&format=JSON",OBSERVED
2021-07-17,2021-07-17T00:00:00Z,13.0827,80.2707,27.61,33.34,C,mm/day,NASA POWER (MERRA-2),"https://power.larc.nasa.gov/api/temporal/daily/point?parameters=T2M,PRECTOTCORR&community=RE&longitude=80.2707&latitude=13.0827&start=20210101&end=20241231&format=JSON",OBSERVED
2021-07-18,2021-07-18T00:00:00Z,13.0827,80.2707,27.36,24.12,C,mm/day,NASA POWER (MERRA-2),"https://power.larc.nasa.gov/api/temporal/daily/point?parameters=T2M,PRECTOTCORR&community=RE&longitude=80.2707&latitude=13.0827&start=20210101&end=20241231&format=JSON",OBSERVED
2021-07-19,2021-07-19T00:00:00Z,13.0827,80.2707,28.86,10.49,C,mm/day,NASA POWER (MERRA-2),"https://power.larc.nasa.gov/api/temporal/daily/point?parameters=T2M,PRECTOTCORR&community=RE&longitude=80.2707&latitude=13.0827&start=20210101&end=20241231&format=JSON",OBSERVED
2021-07-20,2021-07-20T00:00:00Z,13.0827,80.2707,28.71,2.56,C,mm/day,NASA POWER (MERRA-2),"https://power.larc.nasa.gov/api/temporal/daily/point?parameters=T2M,PRECTOTCORR&community=RE&longitude=80.2707&latitude=13.0827&start=20210101&end=20241231&format=JSON",OBSERVED
2021-07-21,2021-07-21T00:00:00Z,13.0827,80.2707,28.68,1.63,C,mm/day,NASA POWER (MERRA-2),"https://power.larc.nasa.gov/api/temporal/daily/point?parameters=T2M,PRECTOTCORR&community=RE&longitude=80.2707&latitude=13.0827&start=20210101&end=20241231&format=JSON",OBSERVED
2021-07-22,2021-07-22T00:00:00Z,13.0827,80.2707,27.57,2.77,C,mm/day,NASA POWER (MERRA-2),"https://power.larc.nasa.gov/api/temporal/daily/point?parameters=T2M,PRECTOTCORR&community=RE&longitude=80.2707&latitude=13.0827&start=20210101&end=20241231&format=JSON",OBSERVED
2021-07-23,2021-07-23T00:00:00Z,13.0827,80.2707,28.29,0.79,C,mm/day,NASA POWER (MERRA-2),"https://power.larc.nasa.gov/api/temporal/daily/point?parameters=T2M,PRECTOTCORR&community=RE&longitude=80.2707&latitude=13.0827&start=20210101&end=20241231&format=JSON",OBSERVED
2021-07-24,2021-07-24T00:00:00Z,13.0827,80.2707,29.23,0.91,C,mm/day,NASA POWER (MERRA-2),"https://power.larc.nasa.gov/api/temporal/daily/point?parameters=T2M,PRECTOTCORR&community=RE&longitude=80.2707&latitude=13.0827&start=20210101&end=20241231&format=JSON",OBSERVED
2021-07-25,2021-07-25T00:00:00Z,13.0827,80.2707,28.76,3.91,C,mm/day,NASA POWER (MERRA-2),"https://power.larc.nasa.gov/api/temporal/daily/point?parameters=T2M,PRECTOTCORR&community=RE&longitude=80.2707&latitude=13.0827&start=20210101&end=20241231&format=JSON",OBSERVED
2021-07-26,2021-07-26T00:00:00Z,13.0827,80.2707,28.21,3.03,C,mm/day,NASA POWER (MERRA-2),"https://power.larc.nasa.gov/api/temporal/daily/point?parameters=T2M,PRECTOTCORR&community=RE&longitude=80.2707&latitude=13.0827&start=20210101&end=20241231&format=JSON",OBSERVED
2021-07-27,2021-07-27T00:00:00Z,13.0827,80.2707,28.33,1.7,C,mm/day,NASA POWER (MERRA-2),"https://power.larc.nasa.gov/api/temporal/daily/point?parameters=T2M,PRECTOTCORR&community=RE&longitude=80.2707&latitude=13.0827&start=20210101&end=20241231&format=JSON",OBSERVED
2021-07-28,2021-07-28T00:00:00Z,13.0827,80.2707,29.61,0.11,C,mm/day,NASA POWER (MERRA-2),"https://power.larc.nasa.gov/api/temporal/daily/point?parameters=T2M,PRECTOTCORR&community=RE&longitude=80.2707&latitude=13.0827&start=20210101&end=20241231&format=JSON",OBSERVED
2021-07-29,2021-07-29T00:00:00Z,13.0827,80.2707,29.4,0.25,C,mm/day,NASA POWER (MERRA-2),"https://power.larc.nasa.gov/api/temporal/daily/point?parameters=T2M,PRECTOTCORR&community=RE&longitude=80.2707&latitude=13.0827&start=20210101&end=20241231&format=JSON",OBSERVED
2021-07-30,2021-07-30T00:00:00Z,13.0827,80.2707,29.46,0.4,C,mm/day,NASA POWER (MERRA-2),"https://power.larc.nasa.gov/api/temporal/daily/point?parameters=T2M,PRECTOTCORR&community=RE&longitude=80.2707&latitude=13.0827&start=20210101&end=20241231&format=JSON",OBSERVED
2021-07-31,2021-07-31T00:00:00Z,13.0827,80.2707,29.73,4.41,C,mm/day,NASA POWER (MERRA-2),"https://power.larc.nasa.gov/api/temporal/daily/point?parameters=T2M,PRECTOTCORR&community=RE&longitude=80.2707&latitude=13.0827&start=20210101&end=20241231&format=JSON",OBSERVED
2021-08-01,2021-08-01T00:00:00Z,13.0827,80.2707,28.93,1.9,C,mm/day,NASA POWER (MERRA-2),"https://power.larc.nasa.gov/api/temporal/daily/point?parameters=T2M,PRECTOTCORR&community=RE&longitude=80.2707&latitude=13.0827&start=20210101&end=20241231&format=JSON",OBSERVED
2021-08-02,2021-08-02T00:00:00Z,13.0827,80.2707,29.41,0.66,C,mm/day,NASA POWER (MERRA-2),"https://power.larc.nasa.gov/api/temporal/daily/point?parameters=T2M,PRECTOTCORR&community=RE&longitude=80.2707&latitude=13.0827&start=20210101&end=20241231&format=JSON",OBSERVED
2021-08-03,2021-08-03T00:00:00Z,13.0827,80.2707,29.44,0.6,C,mm/day,NASA POWER (MERRA-2),"https://power.larc.nasa.gov/api/temporal/daily/point?parameters=T2M,PRECTOTCORR&community=RE&longitude=80.2707&latitude=13.0827&start=20210101&end=20241231&format=JSON",OBSERVED
2021-08-04,2021-08-04T00:00:00Z,13.0827,80.2707,29.77,0.5,C,mm/day,NASA POWER (MERRA-2),"https://power.larc.nasa.gov/api/temporal/daily/point?parameters=T2M,PRECTOTCORR&community=RE&longitude=80.2707&latitude=13.0827&start=20210101&end=20241231&format=JSON",OBSERVED
2021-08-05,2021-08-05T00:00:00Z,13.0827,80.2707,30.08,2.46,C,mm/day,NASA POWER (MERRA-2),"https://power.larc.nasa.gov/api/temporal/daily/point?parameters=T2M,PRECTOTCORR&community=RE&longitude=80.2707&latitude=13.0827&start=20210101&end=20241231&format=JSON",OBSERVED
2021-08-06,2021-08-06T00:00:00Z,13.0827,80.2707,29.7,2.42,C,mm/day,NASA POWER (MERRA-2),"https://power.larc.nasa.gov/api/temporal/daily/point?parameters=T2M,PRECTOTCORR&community=RE&longitude=80.2707&latitude=13.0827&start=20210101&end=20241231&format=JSON",OBSERVED
2021-08-07,2021-08-07T00:00:00Z,13.0827,80.2707,29.57,4.07,C,mm/day,NASA POWER (MERRA-2),"https://power.larc.nasa.gov/api/temporal/daily/point?parameters=T2M,PRECTOTCORR&community=RE&longitude=80.2707&latitude=13.0827&start=20210101&end=20241231&format=JSON",OBSERVED
2021-08-08,2021-08-08T00:00:00Z,13.0827,80.2707,29.64,3.13,C,mm/day,NASA POWER (MERRA-2),"https://power.larc.nasa.gov/api/temporal/daily/point?parameters=T2M,PRECTOTCORR&community=RE&longitude=80.2707&latitude=13.0827&start=20210101&end=20241231&format=JSON",OBSERVED
2021-08-09,2021-08-09T00:00:00Z,13.0827,80.2707,29.76,8.96,C,mm/day,NASA POWER (MERRA-2),"https://power.larc.nasa.gov/api/temporal/daily/point?parameters=T2M,PRECTOTCORR&community=RE&longitude=80.2707&latitude=13.0827&start=20210101&end=20241231&format=JSON",OBSERVED
2021-08-10,2021-08-10T00:00:00Z,13.0827,80.2707,28.37,5.9,C,mm/day,NASA POWER (MERRA-2),"https://power.larc.nasa.gov/api/temporal/daily/point?parameters=T2M,PRECTOTCORR&community=RE&longitude=80.2707&latitude=13.0827&start=20210101&end=20241231&format=JSON",OBSERVED
2021-08-11,2021-08-11T00:00:00Z,13.0827,80.2707,27.04,2.64,C,mm/day,NASA POWER (MERRA-2),"https://power.larc.nasa.gov/api/temporal/daily/point?parameters=T2M,PRECTOTCORR&community=RE&longitude=80.2707&latitude=13.0827&start=20210101&end=20241231&format=JSON",OBSERVED
2021-08-12,2021-08-12T00:00:00Z,13.0827,80.2707,27.5,3.18,C,mm/day,NASA POWER (MERRA-2),"https://power.larc.nasa.gov/api/temporal/daily/point?parameters=T2M,PRECTOTCORR&community=RE&longitude=80.2707&latitude=13.0827&start=20210101&end=20241231&format=JSON",OBSERVED
2021-08-13,2021-08-13T00:00:00Z,13.0827,80.2707,28.27,2.72,C,mm/day,NASA POWER (MERRA-2),"https://power.larc.nasa.gov/api/temporal/daily/point?parameters=T2M,PRECTOTCORR&community=RE&longitude=80.2707&latitude=13.0827&start=20210101&end=20241231&format=JSON",OBSERVED
2021-08-14,2021-08-14T00:00:00Z,13.0827,80.2707,28.63,1.83,C,mm/day,NASA POWER (MERRA-2),"https://power.larc.nasa.gov/api/temporal/daily/point?parameters=T2M,PRECTOTCORR&community=RE&longitude=80.2707&latitude=13.0827&start=20210101&end=20241231&format=JSON",OBSERVED
2021-08-15,2021-08-15T00:00:00Z,13.0827,80.2707,28.18,2.47,C,mm/day,NASA POWER (MERRA-2),"https://power.larc.nasa.gov/api/temporal/daily/point?parameters=T2M,PRECTOTCORR&community=RE&longitude=80.2707&latitude=13.0827&start=20210101&end=20241231&format=JSON",OBSERVED
2021-08-16,2021-08-16T00:00:00Z,13.0827,80.2707,28.91,3.57,C,mm/day,NASA POWER (MERRA-2),"https://power.larc.nasa.gov/api/temporal/daily/point?parameters=T2M,PRECTOTCORR&community=RE&longitude=80.2707&latitude=13.0827&start=20210101&end=20241231&format=JSON",OBSERVED
2021-08-17,2021-08-17T00:00:00Z,13.0827,80.2707,28.96,2.72,C,mm/day,NASA POWER (MERRA-2),"https://power.larc.nasa.gov/api/temporal/daily/point?parameters=T2M,PRECTOTCORR&community=RE&longitude=80.2707&latitude=13.0827&start=20210101&end=20241231&format=JSON",OBSERVED
2021-08-18,2021-08-18T00:00:00Z,13.0827,80.2707,28.86,0.18,C,mm/day,NASA POWER (MERRA-2),"https://power.larc.nasa.gov/api/temporal/daily/point?parameters=T2M,PRECTOTCORR&community=RE&longitude=80.2707&latitude=13.0827&start=20210101&end=20241231&format=JSON",OBSERVED
2021-08-19,2021-08-19T00:00:00Z,13.0827,80.2707,29.18,2.56,C,mm/day,NASA POWER (MERRA-2),"https://power.larc.nasa.gov/api/temporal/daily/point?parameters=T2M,PRECTOTCORR&community=RE&longitude=80.2707&latitude=13.0827&start=20210101&end=20241231&format=JSON",OBSERVED
2021-08-20,2021-08-20T00:00:00Z,13.0827,80.2707,28.16,3.84,C,mm/day,NASA POWER (MERRA-2),"https://power.larc.nasa.gov/api/temporal/daily/point?parameters=T2M,PRECTOTCORR&community=RE&longitude=80.2707&latitude=13.0827&start=20210101&end=20241231&format=JSON",OBSERVED
2021-08-21,2021-08-21T00:00:00Z,13.0827,80.2707,26.1,13.32,C,mm/day,NASA POWER (MERRA-2),"https://power.larc.nasa.gov/api/temporal/daily/point?parameters=T2M,PRECTOTCORR&community=RE&longitude=80.2707&latitude=13.0827&start=20210101&end=20241231&format=JSON",OBSERVED
2021-08-22,2021-08-22T00:00:00Z,13.0827,80.2707,26.74,5.64,C,mm/day,NASA POWER (MERRA-2),"https://power.larc.nasa.gov/api/temporal/daily/point?parameters=T2M,PRECTOTCORR&community=RE&longitude=80.2707&latitude=13.0827&start=20210101&end=20241231&format=JSON",OBSERVED
2021-08-23,2021-08-23T00:00:00Z,13.0827,80.2707,27.37,1.42,C,mm/day,NASA POWER (MERRA-2),"https://power.larc.nasa.gov/api/temporal/daily/point?parameters=T2M,PRECTOTCORR&community=RE&longitude=80.2707&latitude=13.0827&start=20210101&end=20241231&format=JSON",OBSERVED
2021-08-24,2021-08-24T00:00:00Z,13.0827,80.2707,28.6,4.75,C,mm/day,NASA POWER (MERRA-2),"https://power.larc.nasa.gov/api/temporal/daily/point?parameters=T2M,PRECTOTCORR&community=RE&longitude=80.2707&latitude=13.0827&start=20210101&end=20241231&format=JSON",OBSERVED
2021-08-25,2021-08-25T00:00:00Z,13.0827,80.2707,28.65,2.59,C,mm/day,NASA POWER (MERRA-2),"https://power.larc.nasa.gov/api/temporal/daily/point?parameters=T2M,PRECTOTCORR&community=RE&longitude=80.2707&latitude=13.0827&start=20210101&end=20241231&format=JSON",OBSERVED
2021-08-26,2021-08-26T00:00:00Z,13.0827,80.2707,28.7,3.66,C,mm/day,NASA POWER (MERRA-2),"https://power.larc.nasa.gov/api/temporal/daily/point?parameters=T2M,PRECTOTCORR&community=RE&longitude=80.2707&latitude=13.0827&start=20210101&end=20241231&format=JSON",OBSERVED
2021-08-27,2021-08-27T00:00:00Z,13.0827,80.2707,26.93,21.55,C,mm/day,NASA POWER (MERRA-2),"https://power.larc.nasa.gov/api/temporal/daily/point?parameters=T2M,PRECTOTCORR&community=RE&longitude=80.2707&latitude=13.0827&start=20210101&end=20241231&format=JSON",OBSERVED
2021-08-28,2021-08-28T00:00:00Z,13.0827,80.2707,27.5,16.04,C,mm/day,NASA POWER (MERRA-2),"https://power.larc.nasa.gov/api/temporal/daily/point?parameters=T2M,PRECTOTCORR&community=RE&longitude=80.2707&latitude=13.0827&start=20210101&end=20241231&format=JSON",OBSERVED
2021-08-29,2021-08-29T00:00:00Z,13.0827,80.2707,27.1,8.29,C,mm/day,NASA POWER (MERRA-2),"https://power.larc.nasa.gov/api/temporal/daily/point?parameters=T2M,PRECTOTCORR&community=RE&longitude=80.2707&latitude=13.0827&start=20210101&end=20241231&format=JSON",OBSERVED
2021-08-30,2021-08-30T00:00:00Z,13.0827,80.2707,27.7,0.44,C,mm/day,NASA POWER (MERRA-2),"https://power.larc.nasa.gov/api/temporal/daily/point?parameters=T2M,PRECTOTCORR&community=RE&longitude=80.2707&latitude=13.0827&start=20210101&end=20241231&format=JSON",OBSERVED
2021-08-31,2021-08-31T00:00:00Z,13.0827,80.2707,27.87,0.99,C,mm/day,NASA POWER (MERRA-2),"https://power.larc.nasa.gov/api/temporal/daily/point?parameters=T2M,PRECTOTCORR&community=RE&longitude=80.2707&latitude=13.0827&start=20210101&end=20241231&format=JSON",OBSERVED
2021-09-01,2021-09-01T00:00:00Z,13.0827,80.2707,27.53,1.4,C,mm/day,NASA POWER (MERRA-2),"https://power.larc.nasa.gov/api/temporal/daily/point?parameters=T2M,PRECTOTCORR&community=RE&longitude=80.2707&latitude=13.0827&start=20210101&end=20241231&format=JSON",OBSERVED
2021-09-02,2021-09-02T00:00:00Z,13.0827,80.2707,27.25,7.02,C,mm/day,NASA POWER (MERRA-2),"https://power.larc.nasa.gov/api/temporal/daily/point?parameters=T2M,PRECTOTCORR&community=RE&longitude=80.2707&latitude=13.0827&start=20210101&end=20241231&format=JSON",OBSERVED
2021-09-03,2021-09-03T00:00:00Z,13.0827,80.2707,27.14,8.8,C,mm/day,NASA POWER (MERRA-2),"https://power.larc.nasa.gov/api/temporal/daily/point?parameters=T2M,PRECTOTCORR&community=RE&longitude=80.2707&latitude=13.0827&start=20210101&end=20241231&format=JSON",OBSERVED
2021-09-04,2021-09-04T00:00:00Z,13.0827,80.2707,26.38,12.16,C,mm/day,NASA POWER (MERRA-2),"https://power.larc.nasa.gov/api/temporal/daily/point?parameters=T2M,PRECTOTCORR&community=RE&longitude=80.2707&latitude=13.0827&start=20210101&end=20241231&format=JSON",OBSERVED
2021-09-05,2021-09-05T00:00:00Z,13.0827,80.2707,28.22,7.22,C,mm/day,NASA POWER (MERRA-2),"https://power.larc.nasa.gov/api/temporal/daily/point?parameters=T2M,PRECTOTCORR&community=RE&longitude=80.2707&latitude=13.0827&start=20210101&end=20241231&format=JSON",OBSERVED
2021-09-06,2021-09-06T00:00:00Z,13.0827,80.2707,27.37,6.91,C,mm/day,NASA POWER (MERRA-2),"https://power.larc.nasa.gov/api/temporal/daily/point?parameters=T2M,PRECTOTCORR&community=RE&longitude=80.2707&latitude=13.0827&start=20210101&end=20241231&format=JSON",OBSERVED
2021-09-07,2021-09-07T00:00:00Z,13.0827,80.2707,26.66,0.43,C,mm/day,NASA POWER (MERRA-2),"https://power.larc.nasa.gov/api/temporal/daily/point?parameters=T2M,PRECTOTCORR&community=RE&longitude=80.2707&latitude=13.0827&start=20210101&end=20241231&format=JSON",OBSERVED
2021-09-08,2021-09-08T00:00:00Z,13.0827,80.2707,27.55,0.06,C,mm/day,NASA POWER (MERRA-2),"https://power.larc.nasa.gov/api/temporal/daily/point?parameters=T2M,PRECTOTCORR&community=RE&longitude=80.2707&latitude=13.0827&start=20210101&end=20241231&format=JSON",OBSERVED
2021-09-09,2021-09-09T00:00:00Z,13.0827,80.2707,28.13,0.15,C,mm/day,NASA POWER (MERRA-2),"https://power.larc.nasa.gov/api/temporal/daily/point?parameters=T2M,PRECTOTCORR&community=RE&longitude=80.2707&latitude=13.0827&start=20210101&end=20241231&format=JSON",OBSERVED
2021-09-10,2021-09-10T00:00:00Z,13.0827,80.2707,28.07,0.53,C,mm/day,NASA POWER (MERRA-2),"https://power.larc.nasa.gov/api/temporal/daily/point?parameters=T2M,PRECTOTCORR&community=RE&longitude=80.2707&latitude=13.0827&start=20210101&end=20241231&format=JSON",OBSERVED
2021-09-11,2021-09-11T00:00:00Z,13.0827,80.2707,28.14,0.06,C,mm/day,NASA POWER (MERRA-2),"https://power.larc.nasa.gov/api/temporal/daily/point?parameters=T2M,PRECTOTCORR&community=RE&longitude=80.2707&latitude=13.0827&start=20210101&end=20241231&format=JSON",OBSERVED
2021-09-12,2021-09-12T00:00:00Z,13.0827,80.2707,28.09,0.17,C,mm/day,NASA POWER (MERRA-2),"https://power.larc.nasa.gov/api/temporal/daily/point?parameters=T2M,PRECTOTCORR&community=RE&longitude=80.2707&latitude=13.0827&start=20210101&end=20241231&format=JSON",OBSERVED
2021-09-13,2021-09-13T00:00:00Z,13.0827,80.2707,28.44,0.05,C,mm/day,NASA POWER (MERRA-2),"https://power.larc.nasa.gov/api/temporal/daily/point?parameters=T2M,PRECTOTCORR&community=RE&longitude=80.2707&latitude=13.0827&start=20210101&end=20241231&format=JSON",OBSERVED
2021-09-14,2021-09-14T00:00:00Z,13.0827,80.2707,28.42,0.04,C,mm/day,NASA POWER (MERRA-2),"https://power.larc.nasa.gov/api/temporal/daily/point?parameters=T2M,PRECTOTCORR&community=RE&longitude=80.2707&latitude=13.0827&start=20210101&end=20241231&format=JSON",OBSERVED
2021-09-15,2021-09-15T00:00:00Z,13.0827,80.2707,28.82,1.77,C,mm/day,NASA POWER (MERRA-2),"https://power.larc.nasa.gov/api/temporal/daily/point?parameters=T2M,PRECTOTCORR&community=RE&longitude=80.2707&latitude=13.0827&start=20210101&end=20241231&format=JSON",OBSERVED
2021-09-16,2021-09-16T00:00:00Z,13.0827,80.2707,27.99,2.6,C,mm/day,NASA POWER (MERRA-2),"https://power.larc.nasa.gov/api/temporal/daily/point?parameters=T2M,PRECTOTCORR&community=RE&longitude=80.2707&latitude=13.0827&start=20210101&end=20241231&format=JSON",OBSERVED
2021-09-17,2021-09-17T00:00:00Z,13.0827,80.2707,27.61,1.42,C,mm/day,NASA POWER (MERRA-2),"https://power.larc.nasa.gov/api/temporal/daily/point?parameters=T2M,PRECTOTCORR&community=RE&longitude=80.2707&latitude=13.0827&start=20210101&end=20241231&format=JSON",OBSERVED
2021-09-18,2021-09-18T00:00:00Z,13.0827,80.2707,28.29,5.01,C,mm/day,NASA POWER (MERRA-2),"https://power.larc.nasa.gov/api/temporal/daily/point?parameters=T2M,PRECTOTCORR&community=RE&longitude=80.2707&latitude=13.0827&start=20210101&end=20241231&format=JSON",OBSERVED
2021-09-19,2021-09-19T00:00:00Z,13.0827,80.2707,28.44,6.04,C,mm/day,NASA POWER (MERRA-2),"https://power.larc.nasa.gov/api/temporal/daily/point?parameters=T2M,PRECTOTCORR&community=RE&longitude=80.2707&latitude=13.0827&start=20210101&end=20241231&format=JSON",OBSERVED
2021-09-20,2021-09-20T00:00:00Z,13.0827,80.2707,28.69,3.03,C,mm/day,NASA POWER (MERRA-2),"https://power.larc.nasa.gov/api/temporal/daily/point?parameters=T2M,PRECTOTCORR&community=RE&longitude=80.2707&latitude=13.0827&start=20210101&end=20241231&format=JSON",OBSERVED
2021-09-21,2021-09-21T00:00:00Z,13.0827,80.2707,28.26,4.59,C,mm/day,NASA POWER (MERRA-2),"https://power.larc.nasa.gov/api/temporal/daily/point?parameters=T2M,PRECTOTCORR&community=RE&longitude=80.2707&latitude=13.0827&start=20210101&end=20241231&format=JSON",OBSERVED
2021-09-22,2021-09-22T00:00:00Z,13.0827,80.2707,28.19,21.25,C,mm/day,NASA POWER (MERRA-2),"https://power.larc.nasa.gov/api/temporal/daily/point?parameters=T2M,PRECTOTCORR&community=RE&longitude=80.2707&latitude=13.0827&start=20210101&end=20241231&format=JSON",OBSERVED
2021-09-23,2021-09-23T00:00:00Z,13.0827,80.2707,28.25,1.37,C,mm/day,NASA POWER (MERRA-2),"https://power.larc.nasa.gov/api/temporal/daily/point?parameters=T2M,PRECTOTCORR&community=RE&longitude=80.2707&latitude=13.0827&start=20210101&end=20241231&format=JSON",OBSERVED
2021-09-24,2021-09-24T00:00:00Z,13.0827,80.2707,28.12,1.87,C,mm/day,NASA POWER (MERRA-2),"https://power.larc.nasa.gov/api/temporal/daily/point?parameters=T2M,PRECTOTCORR&community=RE&longitude=80.2707&latitude=13.0827&start=20210101&end=20241231&format=JSON",OBSERVED
2021-09-25,2021-09-25T00:00:00Z,13.0827,80.2707,28.31,7.28,C,mm/day,NASA POWER (MERRA-2),"https://power.larc.nasa.gov/api/temporal/daily/point?parameters=T2M,PRECTOTCORR&community=RE&longitude=80.2707&latitude=13.0827&start=20210101&end=20241231&format=JSON",OBSERVED
2021-09-26,2021-09-26T00:00:00Z,13.0827,80.2707,27.3,7.13,C,mm/day,NASA POWER (MERRA-2),"https://power.larc.nasa.gov/api/temporal/daily/point?parameters=T2M,PRECTOTCORR&community=RE&longitude=80.2707&latitude=13.0827&start=20210101&end=20241231&format=JSON",OBSERVED
2021-09-27,2021-09-27T00:00:00Z,13.0827,80.2707,28.63,0.08,C,mm/day,NASA POWER (MERRA-2),"https://power.larc.nasa.gov/api/temporal/daily/point?parameters=T2M,PRECTOTCORR&community=RE&longitude=80.2707&latitude=13.0827&start=20210101&end=20241231&format=JSON",OBSERVED
2021-09-28,2021-09-28T00:00:00Z,13.0827,80.2707,27.5,2.25,C,mm/day,NASA POWER (MERRA-2),"https://power.larc.nasa.gov/api/temporal/daily/point?parameters=T2M,PRECTOTCORR&community=RE&longitude=80.2707&latitude=13.0827&start=20210101&end=20241231&format=JSON",OBSERVED
2021-09-29,2021-09-29T00:00:00Z,13.0827,80.2707,28.04,1.48,C,mm/day,NASA POWER (MERRA-2),"https://power.larc.nasa.gov/api/temporal/daily/point?parameters=T2M,PRECTOTCORR&community=RE&longitude=80.2707&latitude=13.0827&start=20210101&end=20241231&format=JSON",OBSERVED
2021-09-30,2021-09-30T00:00:00Z,13.0827,80.2707,28.16,3.93,C,mm/day,NASA POWER (MERRA-2),"https://power.larc.nasa.gov/api/temporal/daily/point?parameters=T2M,PRECTOTCORR&community=RE&longitude=80.2707&latitude=13.0827&start=20210101&end=20241231&format=JSON",OBSERVED
2021-10-01,2021-10-01T00:00:00Z,13.0827,80.2707,28.04,2.28,C,mm/day,NASA POWER (MERRA-2),"https://power.larc.nasa.gov/api/temporal/daily/point?parameters=T2M,PRECTOTCORR&community=RE&longitude=80.2707&latitude=13.0827&start=20210101&end=20241231&format=JSON",OBSERVED
2021-10-02,2021-10-02T00:00:00Z,13.0827,80.2707,27.43,5.59,C,mm/day,NASA POWER (MERRA-2),"https://power.larc.nasa.gov/api/temporal/daily/point?parameters=T2M,PRECTOTCORR&community=RE&longitude=80.2707&latitude=13.0827&start=20210101&end=20241231&format=JSON",OBSERVED
2021-10-03,2021-10-03T00:00:00Z,13.0827,80.2707,27.94,4.45,C,mm/day,NASA POWER (MERRA-2),"https://power.larc.nasa.gov/api/temporal/daily/point?parameters=T2M,PRECTOTCORR&community=RE&longitude=80.2707&latitude=13.0827&start=20210101&end=20241231&format=JSON",OBSERVED
2021-10-04,2021-10-04T00:00:00Z,13.0827,80.2707,27.92,4.71,C,mm/day,NASA POWER (MERRA-2),"https://power.larc.nasa.gov/api/temporal/daily/point?parameters=T2M,PRECTOTCORR&community=RE&longitude=80.2707&latitude=13.0827&start=20210101&end=20241231&format=JSON",OBSERVED
2021-10-05,2021-10-05T00:00:00Z,13.0827,80.2707,27.14,37.11,C,mm/day,NASA POWER (MERRA-2),"https://power.larc.nasa.gov/api/temporal/daily/point?parameters=T2M,PRECTOTCORR&community=RE&longitude=80.2707&latitude=13.0827&start=20210101&end=20241231&format=JSON",OBSERVED
2021-10-06,2021-10-06T00:00:00Z,13.0827,80.2707,27.99,8.39,C,mm/day,NASA POWER (MERRA-2),"https://power.larc.nasa.gov/api/temporal/daily/point?parameters=T2M,PRECTOTCORR&community=RE&longitude=80.2707&latitude=13.0827&start=20210101&end=20241231&format=JSON",OBSERVED
2021-10-07,2021-10-07T00:00:00Z,13.0827,80.2707,27.58,3.17,C,mm/day,NASA POWER (MERRA-2),"https://power.larc.nasa.gov/api/temporal/daily/point?parameters=T2M,PRECTOTCORR&community=RE&longitude=80.2707&latitude=13.0827&start=20210101&end=20241231&format=JSON",OBSERVED
2021-10-08,2021-10-08T00:00:00Z,13.0827,80.2707,28.44,3.81,C,mm/day,NASA POWER (MERRA-2),"https://power.larc.nasa.gov/api/temporal/daily/point?parameters=T2M,PRECTOTCORR&community=RE&longitude=80.2707&latitude=13.0827&start=20210101&end=20241231&format=JSON",OBSERVED
2021-10-09,2021-10-09T00:00:00Z,13.0827,80.2707,27.3,5.3,C,mm/day,NASA POWER (MERRA-2),"https://power.larc.nasa.gov/api/temporal/daily/point?parameters=T2M,PRECTOTCORR&community=RE&longitude=80.2707&latitude=13.0827&start=20210101&end=20241231&format=JSON",OBSERVED
2021-10-10,2021-10-10T00:00:00Z,13.0827,80.2707,27.76,9.41,C,mm/day,NASA POWER (MERRA-2),"https://power.larc.nasa.gov/api/temporal/daily/point?parameters=T2M,PRECTOTCORR&community=RE&longitude=80.2707&latitude=13.0827&start=20210101&end=20241231&format=JSON",OBSERVED
2021-10-11,2021-10-11T00:00:00Z,13.0827,80.2707,27.07,4.31,C,mm/day,NASA POWER (MERRA-2),"https://power.larc.nasa.gov/api/temporal/daily/point?parameters=T2M,PRECTOTCORR&community=RE&longitude=80.2707&latitude=13.0827&start=20210101&end=20241231&format=JSON",OBSERVED
2021-10-12,2021-10-12T00:00:00Z,13.0827,80.2707,27.19,4.16,C,mm/day,NASA POWER (MERRA-2),"https://power.larc.nasa.gov/api/temporal/daily/point?parameters=T2M,PRECTOTCORR&community=RE&longitude=80.2707&latitude=13.0827&start=20210101&end=20241231&format=JSON",OBSERVED
2021-10-13,2021-10-13T00:00:00Z,13.0827,80.2707,28.25,6.49,C,mm/day,NASA POWER (MERRA-2),"https://power.larc.nasa.gov/api/temporal/daily/point?parameters=T2M,PRECTOTCORR&community=RE&longitude=80.2707&latitude=13.0827&start=20210101&end=20241231&format=JSON",OBSERVED
2021-10-14,2021-10-14T00:00:00Z,13.0827,80.2707,27.8,0.24,C,mm/day,NASA POWER (MERRA-2),"https://power.larc.nasa.gov/api/temporal/daily/point?parameters=T2M,PRECTOTCORR&community=RE&longitude=80.2707&latitude=13.0827&start=20210101&end=20241231&format=JSON",OBSERVED
2021-10-15,2021-10-15T00:00:00Z,13.0827,80.2707,28.15,2.84,C,mm/day,NASA POWER (MERRA-2),"https://power.larc.nasa.gov/api/temporal/daily/point?parameters=T2M,PRECTOTCORR&community=RE&longitude=80.2707&latitude=13.0827&start=20210101&end=20241231&format=JSON",OBSERVED
2021-10-16,2021-10-16T00:00:00Z,13.0827,80.2707,27.82,1.62,C,mm/day,NASA POWER (MERRA-2),"https://power.larc.nasa.gov/api/temporal/daily/point?parameters=T2M,PRECTOTCORR&community=RE&longitude=80.2707&latitude=13.0827&start=20210101&end=20241231&format=JSON",OBSERVED
2021-10-17,2021-10-17T00:00:00Z,13.0827,80.2707,28.06,3.02,C,mm/day,NASA POWER (MERRA-2),"https://power.larc.nasa.gov/api/temporal/daily/point?parameters=T2M,PRECTOTCORR&community=RE&longitude=80.2707&latitude=13.0827&start=20210101&end=20241231&format=JSON",OBSERVED
2021-10-18,2021-10-18T00:00:00Z,13.0827,80.2707,28.07,0.37,C,mm/day,NASA POWER (MERRA-2),"https://power.larc.nasa.gov/api/temporal/daily/point?parameters=T2M,PRECTOTCORR&community=RE&longitude=80.2707&latitude=13.0827&start=20210101&end=20241231&format=JSON",OBSERVED
2021-10-19,2021-10-19T00:00:00Z,13.0827,80.2707,27.66,3.3,C,mm/day,NASA POWER (MERRA-2),"https://power.larc.nasa.gov/api/temporal/daily/point?parameters=T2M,PRECTOTCORR&community=RE&longitude=80.2707&latitude=13.0827&start=20210101&end=20241231&format=JSON",OBSERVED
2021-10-20,2021-10-20T00:00:00Z,13.0827,80.2707,27.49,1.74,C,mm/day,NASA POWER (MERRA-2),"https://power.larc.nasa.gov/api/temporal/daily/point?parameters=T2M,PRECTOTCORR&community=RE&longitude=80.2707&latitude=13.0827&start=20210101&end=20241231&format=JSON",OBSERVED
2021-10-21,2021-10-21T00:00:00Z,13.0827,80.2707,27.36,1.85,C,mm/day,NASA POWER (MERRA-2),"https://power.larc.nasa.gov/api/temporal/daily/point?parameters=T2M,PRECTOTCORR&community=RE&longitude=80.2707&latitude=13.0827&start=20210101&end=20241231&format=JSON",OBSERVED
2021-10-22,2021-10-22T00:00:00Z,13.0827,80.2707,27.32,0.51,C,mm/day,NASA POWER (MERRA-2),"https://power.larc.nasa.gov/api/temporal/daily/point?parameters=T2M,PRECTOTCORR&community=RE&longitude=80.2707&latitude=13.0827&start=20210101&end=20241231&format=JSON",OBSERVED
2021-10-23,2021-10-23T00:00:00Z,13.0827,80.2707,27.19,0.54,C,mm/day,NASA POWER (MERRA-2),"https://power.larc.nasa.gov/api/temporal/daily/point?parameters=T2M,PRECTOTCORR&community=RE&longitude=80.2707&latitude=13.0827&start=20210101&end=20241231&format=JSON",OBSERVED
2021-10-24,2021-10-24T00:00:00Z,13.0827,80.2707,27.63,5.98,C,mm/day,NASA POWER (MERRA-2),"https://power.larc.nasa.gov/api/temporal/daily/point?parameters=T2M,PRECTOTCORR&community=RE&longitude=80.2707&latitude=13.0827&start=20210101&end=20241231&format=JSON",OBSERVED
2021-10-25,2021-10-25T00:00:00Z,13.0827,80.2707,26.63,0.93,C,mm/day,NASA POWER (MERRA-2),"https://power.larc.nasa.gov/api/temporal/daily/point?parameters=T2M,PRECTOTCORR&community=RE&longitude=80.2707&latitude=13.0827&start=20210101&end=20241231&format=JSON",OBSERVED
2021-10-26,2021-10-26T00:00:00Z,13.0827,80.2707,27.14,0.98,C,mm/day,NASA POWER (MERRA-2),"https://power.larc.nasa.gov/api/temporal/daily/point?parameters=T2M,PRECTOTCORR&community=RE&longitude=80.2707&latitude=13.0827&start=20210101&end=20241231&format=JSON",OBSERVED
2021-10-27,2021-10-27T00:00:00Z,13.0827,80.2707,26.86,0.75,C,mm/day,NASA POWER (MERRA-2),"https://power.larc.nasa.gov/api/temporal/daily/point?parameters=T2M,PRECTOTCORR&community=RE&longitude=80.2707&latitude=13.0827&start=20210101&end=20241231&format=JSON",OBSERVED
2021-10-28,2021-10-28T00:00:00Z,13.0827,80.2707,26.41,6.67,C,mm/day,NASA POWER (MERRA-2),"https://power.larc.nasa.gov/api/temporal/daily/point?parameters=T2M,PRECTOTCORR&community=RE&longitude=80.2707&latitude=13.0827&start=20210101&end=20241231&format=JSON",OBSERVED
2021-10-29,2021-10-29T00:00:00Z,13.0827,80.2707,26.71,25.07,C,mm/day,NASA POWER (MERRA-2),"https://power.larc.nasa.gov/api/temporal/daily/point?parameters=T2M,PRECTOTCORR&community=RE&longitude=80.2707&latitude=13.0827&start=20210101&end=20241231&format=JSON",OBSERVED
2021-10-30,2021-10-30T00:00:00Z,13.0827,80.2707,26.48,17.88,C,mm/day,NASA POWER (MERRA-2),"https://power.larc.nasa.gov/api/temporal/daily/point?parameters=T2M,PRECTOTCORR&community=RE&longitude=80.2707&latitude=13.0827&start=20210101&end=20241231&format=JSON",OBSERVED
2021-10-31,2021-10-31T00:00:00Z,13.0827,80.2707,26.97,16.09,C,mm/day,NASA POWER (MERRA-2),"https://power.larc.nasa.gov/api/temporal/daily/point?parameters=T2M,PRECTOTCORR&community=RE&longitude=80.2707&latitude=13.0827&start=20210101&end=20241231&format=JSON",OBSERVED
2021-11-01,2021-11-01T00:00:00Z,13.0827,80.2707,26.41,21.37,C,mm/day,NASA POWER (MERRA-2),"https://power.larc.nasa.gov/api/temporal/daily/point?parameters=T2M,PRECTOTCORR&community=RE&longitude=80.2707&latitude=13.0827&start=20210101&end=20241231&format=JSON",OBSERVED
2021-11-02,2021-11-02T00:00:00Z,13.0827,80.2707,26.42,23.68,C,mm/day,NASA POWER (MERRA-2),"https://power.larc.nasa.gov/api/temporal/daily/point?parameters=T2M,PRECTOTCORR&community=RE&longitude=80.2707&latitude=13.0827&start=20210101&end=20241231&format=JSON",OBSERVED
2021-11-03,2021-11-03T00:00:00Z,13.0827,80.2707,25.71,30.77,C,mm/day,NASA POWER (MERRA-2),"https://power.larc.nasa.gov/api/temporal/daily/point?parameters=T2M,PRECTOTCORR&community=RE&longitude=80.2707&latitude=13.0827&start=20210101&end=20241231&format=JSON",OBSERVED
2021-11-04,2021-11-04T00:00:00Z,13.0827,80.2707,25.87,18.47,C,mm/day,NASA POWER (MERRA-2),"https://power.larc.nasa.gov/api/temporal/daily/point?parameters=T2M,PRECTOTCORR&community=RE&longitude=80.2707&latitude=13.0827&start=20210101&end=20241231&format=JSON",OBSERVED
2021-11-05,2021-11-05T00:00:00Z,13.0827,80.2707,25.94,16.95,C,mm/day,NASA POWER (MERRA-2),"https://power.larc.nasa.gov/api/temporal/daily/point?parameters=T2M,PRECTOTCORR&community=RE&longitude=80.2707&latitude=13.0827&start=20210101&end=20241231&format=JSON",OBSERVED
2021-11-06,2021-11-06T00:00:00Z,13.0827,80.2707,26.12,49.77,C,mm/day,NASA POWER (MERRA-2),"https://power.larc.nasa.gov/api/temporal/daily/point?parameters=T2M,PRECTOTCORR&community=RE&longitude=80.2707&latitude=13.0827&start=20210101&end=20241231&format=JSON",OBSERVED
2021-11-07,2021-11-07T00:00:00Z,13.0827,80.2707,26.64,40.64,C,mm/day,NASA POWER (MERRA-2),"https://power.larc.nasa.gov/api/temporal/daily/point?parameters=T2M,PRECTOTCORR&community=RE&longitude=80.2707&latitude=13.0827&start=20210101&end=20241231&format=JSON",OBSERVED
2021-11-08,2021-11-08T00:00:00Z,13.0827,80.2707,26.05,36.4,C,mm/day,NASA POWER (MERRA-2),"https://power.larc.nasa.gov/api/temporal/daily/point?parameters=T2M,PRECTOTCORR&community=RE&longitude=80.2707&latitude=13.0827&start=20210101&end=20241231&format=JSON",OBSERVED
2021-11-09,2021-11-09T00:00:00Z,13.0827,80.2707,25.26,16.97,C,mm/day,NASA POWER (MERRA-2),"https://power.larc.nasa.gov/api/temporal/daily/point?parameters=T2M,PRECTOTCORR&community=RE&longitude=80.2707&latitude=13.0827&start=20210101&end=20241231&format=JSON",OBSERVED
2021-11-10,2021-11-10T00:00:00Z,13.0827,80.2707,24.09,84.05,C,mm/day,NASA POWER (MERRA-2),"https://power.larc.nasa.gov/api/temporal/daily/point?parameters=T2M,PRECTOTCORR&community=RE&longitude=80.2707&latitude=13.0827&start=20210101&end=20241231&format=JSON",OBSERVED
2021-11-11,2021-11-11T00:00:00Z,13.0827,80.2707,24.83,75.19,C,mm/day,NASA POWER (MERRA-2),"https://power.larc.nasa.gov/api/temporal/daily/point?parameters=T2M,PRECTOTCORR&community=RE&longitude=80.2707&latitude=13.0827&start=20210101&end=20241231&format=JSON",OBSERVED
2021-11-12,2021-11-12T00:00:00Z,13.0827,80.2707,26.11,3.63,C,mm/day,NASA POWER (MERRA-2),"https://power.larc.nasa.gov/api/temporal/daily/point?parameters=T2M,PRECTOTCORR&community=RE&longitude=80.2707&latitude=13.0827&start=20210101&end=20241231&format=JSON",OBSERVED
2021-11-13,2021-11-13T00:00:00Z,13.0827,80.2707,26.85,3.72,C,mm/day,NASA POWER (MERRA-2),"https://power.larc.nasa.gov/api/temporal/daily/point?parameters=T2M,PRECTOTCORR&community=RE&longitude=80.2707&latitude=13.0827&start=20210101&end=20241231&format=JSON",OBSERVED
2021-11-14,2021-11-14T00:00:00Z,13.0827,80.2707,26.53,4.74,C,mm/day,NASA POWER (MERRA-2),"https://power.larc.nasa.gov/api/temporal/daily/point?parameters=T2M,PRECTOTCORR&community=RE&longitude=80.2707&latitude=13.0827&start=20210101&end=20241231&format=JSON",OBSERVED
2021-11-15,2021-11-15T00:00:00Z,13.0827,80.2707,26.59,4.57,C,mm/day,NASA POWER (MERRA-2),"https://power.larc.nasa.gov/api/temporal/daily/point?parameters=T2M,PRECTOTCORR&community=RE&longitude=80.2707&latitude=13.0827&start=20210101&end=20241231&format=JSON",OBSERVED
2021-11-16,2021-11-16T00:00:00Z,13.0827,80.2707,26.83,2.4,C,mm/day,NASA POWER (MERRA-2),"https://power.larc.nasa.gov/api/temporal/daily/point?parameters=T2M,PRECTOTCORR&community=RE&longitude=80.2707&latitude=13.0827&start=20210101&end=20241231&format=JSON",OBSERVED
2021-11-17,2021-11-17T00:00:00Z,13.0827,80.2707,26.46,11.0,C,mm/day,NASA POWER (MERRA-2),"https://power.larc.nasa.gov/api/temporal/daily/point?parameters=T2M,PRECTOTCORR&community=RE&longitude=80.2707&latitude=13.0827&start=20210101&end=20241231&format=JSON",OBSERVED
2021-11-18,2021-11-18T00:00:00Z,13.0827,80.2707,26.52,74.21,C,mm/day,NASA POWER (MERRA-2),"https://power.larc.nasa.gov/api/temporal/daily/point?parameters=T2M,PRECTOTCORR&community=RE&longitude=80.2707&latitude=13.0827&start=20210101&end=20241231&format=JSON",OBSERVED
2021-11-19,2021-11-19T00:00:00Z,13.0827,80.2707,26.72,20.62,C,mm/day,NASA POWER (MERRA-2),"https://power.larc.nasa.gov/api/temporal/daily/point?parameters=T2M,PRECTOTCORR&community=RE&longitude=80.2707&latitude=13.0827&start=20210101&end=20241231&format=JSON",OBSERVED
2021-11-20,2021-11-20T00:00:00Z,13.0827,80.2707,26.91,16.63,C,mm/day,NASA POWER (MERRA-2),"https://power.larc.nasa.gov/api/temporal/daily/point?parameters=T2M,PRECTOTCORR&community=RE&longitude=80.2707&latitude=13.0827&start=20210101&end=20241231&format=JSON",OBSERVED
2021-11-21,2021-11-21T00:00:00Z,13.0827,80.2707,26.66,7.5,C,mm/day,NASA POWER (MERRA-2),"https://power.larc.nasa.gov/api/temporal/daily/point?parameters=T2M,PRECTOTCORR&community=RE&longitude=80.2707&latitude=13.0827&start=20210101&end=20241231&format=JSON",OBSERVED
2021-11-22,2021-11-22T00:00:00Z,13.0827,80.2707,26.3,5.0,C,mm/day,NASA POWER (MERRA-2),"https://power.larc.nasa.gov/api/temporal/daily/point?parameters=T2M,PRECTOTCORR&community=RE&longitude=80.2707&latitude=13.0827&start=20210101&end=20241231&format=JSON",OBSERVED
2021-11-23,2021-11-23T00:00:00Z,13.0827,80.2707,26.64,2.29,C,mm/day,NASA POWER (MERRA-2),"https://power.larc.nasa.gov/api/temporal/daily/point?parameters=T2M,PRECTOTCORR&community=RE&longitude=80.2707&latitude=13.0827&start=20210101&end=20241231&format=JSON",OBSERVED
2021-11-24,2021-11-24T00:00:00Z,13.0827,80.2707,26.34,2.87,C,mm/day,NASA POWER (MERRA-2),"https://power.larc.nasa.gov/api/temporal/daily/point?parameters=T2M,PRECTOTCORR&community=RE&longitude=80.2707&latitude=13.0827&start=20210101&end=20241231&format=JSON",OBSERVED
2021-11-25,2021-11-25T00:00:00Z,13.0827,80.2707,26.46,18.25,C,mm/day,NASA POWER (MERRA-2),"https://power.larc.nasa.gov/api/temporal/daily/point?parameters=T2M,PRECTOTCORR&community=RE&longitude=80.2707&latitude=13.0827&start=20210101&end=20241231&format=JSON",OBSERVED
2021-11-26,2021-11-26T00:00:00Z,13.0827,80.2707,26.09,58.61,C,mm/day,NASA POWER (MERRA-2),"https://power.larc.nasa.gov/api/temporal/daily/point?parameters=T2M,PRECTOTCORR&community=RE&longitude=80.2707&latitude=13.0827&start=20210101&end=20241231&format=JSON",OBSERVED
2021-11-27,2021-11-27T00:00:00Z,13.0827,80.2707,25.83,29.98,C,mm/day,NASA POWER (MERRA-2),"https://power.larc.nasa.gov/api/temporal/daily/point?parameters=T2M,PRECTOTCORR&community=RE&longitude=80.2707&latitude=13.0827&start=20210101&end=20241231&format=JSON",OBSERVED
2021-11-28,2021-11-28T00:00:00Z,13.0827,80.2707,25.53,61.12,C,mm/day,NASA POWER (MERRA-2),"https://power.larc.nasa.gov/api/temporal/daily/point?parameters=T2M,PRECTOTCORR&community=RE&longitude=80.2707&latitude=13.0827&start=20210101&end=20241231&format=JSON",OBSERVED
2021-11-29,2021-11-29T00:00:00Z,13.0827,80.2707,25.44,12.76,C,mm/day,NASA POWER (MERRA-2),"https://power.larc.nasa.gov/api/temporal/daily/point?parameters=T2M,PRECTOTCORR&community=RE&longitude=80.2707&latitude=13.0827&start=20210101&end=20241231&format=JSON",OBSERVED
2021-11-30,2021-11-30T00:00:00Z,13.0827,80.2707,26.06,9.8,C,mm/day,NASA POWER (MERRA-2),"https://power.larc.nasa.gov/api/temporal/daily/point?parameters=T2M,PRECTOTCORR&community=RE&longitude=80.2707&latitude=13.0827&start=20210101&end=20241231&format=JSON",OBSERVED
2021-12-01,2021-12-01T00:00:00Z,13.0827,80.2707,26.09,1.22,C,mm/day,NASA POWER (MERRA-2),"https://power.larc.nasa.gov/api/temporal/daily/point?parameters=T2M,PRECTOTCORR&community=RE&longitude=80.2707&latitude=13.0827&start=20210101&end=20241231&format=JSON",OBSERVED
2021-12-02,2021-12-02T00:00:00Z,13.0827,80.2707,24.96,0.03,C,mm/day,NASA POWER (MERRA-2),"https://power.larc.nasa.gov/api/temporal/daily/point?parameters=T2M,PRECTOTCORR&community=RE&longitude=80.2707&latitude=13.0827&start=20210101&end=20241231&format=JSON",OBSERVED
2021-12-03,2021-12-03T00:00:00Z,13.0827,80.2707,24.43,0.14,C,mm/day,NASA POWER (MERRA-2),"https://power.larc.nasa.gov/api/temporal/daily/point?parameters=T2M,PRECTOTCORR&community=RE&longitude=80.2707&latitude=13.0827&start=20210101&end=20241231&format=JSON",OBSERVED
2021-12-04,2021-12-04T00:00:00Z,13.0827,80.2707,26.0,0.01,C,mm/day,NASA POWER (MERRA-2),"https://power.larc.nasa.gov/api/temporal/daily/point?parameters=T2M,PRECTOTCORR&community=RE&longitude=80.2707&latitude=13.0827&start=20210101&end=20241231&format=JSON",OBSERVED
2021-12-05,2021-12-05T00:00:00Z,13.0827,80.2707,26.58,0.15,C,mm/day,NASA POWER (MERRA-2),"https://power.larc.nasa.gov/api/temporal/daily/point?parameters=T2M,PRECTOTCORR&community=RE&longitude=80.2707&latitude=13.0827&start=20210101&end=20241231&format=JSON",OBSERVED
2021-12-06,2021-12-06T00:00:00Z,13.0827,80.2707,26.55,1.22,C,mm/day,NASA POWER (MERRA-2),"https://power.larc.nasa.gov/api/temporal/daily/point?parameters=T2M,PRECTOTCORR&community=RE&longitude=80.2707&latitude=13.0827&start=20210101&end=20241231&format=JSON",OBSERVED
2021-12-07,2021-12-07T00:00:00Z,13.0827,80.2707,25.87,0.09,C,mm/day,NASA POWER (MERRA-2),"https://power.larc.nasa.gov/api/temporal/daily/point?parameters=T2M,PRECTOTCORR&community=RE&longitude=80.2707&latitude=13.0827&start=20210101&end=20241231&format=JSON",OBSERVED
2021-12-08,2021-12-08T00:00:00Z,13.0827,80.2707,25.65,0.38,C,mm/day,NASA POWER (MERRA-2),"https://power.larc.nasa.gov/api/temporal/daily/point?parameters=T2M,PRECTOTCORR&community=RE&longitude=80.2707&latitude=13.0827&start=20210101&end=20241231&format=JSON",OBSERVED
2021-12-09,2021-12-09T00:00:00Z,13.0827,80.2707,25.84,3.98,C,mm/day,NASA POWER (MERRA-2),"https://power.larc.nasa.gov/api/temporal/daily/point?parameters=T2M,PRECTOTCORR&community=RE&longitude=80.2707&latitude=13.0827&start=20210101&end=20241231&format=JSON",OBSERVED
2021-12-10,2021-12-10T00:00:00Z,13.0827,80.2707,25.77,2.35,C,mm/day,NASA POWER (MERRA-2),"https://power.larc.nasa.gov/api/temporal/daily/point?parameters=T2M,PRECTOTCORR&community=RE&longitude=80.2707&latitude=13.0827&start=20210101&end=20241231&format=JSON",OBSERVED
2021-12-11,2021-12-11T00:00:00Z,13.0827,80.2707,25.88,3.71,C,mm/day,NASA POWER (MERRA-2),"https://power.larc.nasa.gov/api/temporal/daily/point?parameters=T2M,PRECTOTCORR&community=RE&longitude=80.2707&latitude=13.0827&start=20210101&end=20241231&format=JSON",OBSERVED
2021-12-12,2021-12-12T00:00:00Z,13.0827,80.2707,25.7,6.0,C,mm/day,NASA POWER (MERRA-2),"https://power.larc.nasa.gov/api/temporal/daily/point?parameters=T2M,PRECTOTCORR&community=RE&longitude=80.2707&latitude=13.0827&start=20210101&end=20241231&format=JSON",OBSERVED
2021-12-13,2021-12-13T00:00:00Z,13.0827,80.2707,25.99,6.87,C,mm/day,NASA POWER (MERRA-2),"https://power.larc.nasa.gov/api/temporal/daily/point?parameters=T2M,PRECTOTCORR&community=RE&longitude=80.2707&latitude=13.0827&start=20210101&end=20241231&format=JSON",OBSERVED
2021-12-14,2021-12-14T00:00:00Z,13.0827,80.2707,25.32,2.34,C,mm/day,NASA POWER (MERRA-2),"https://power.larc.nasa.gov/api/temporal/daily/point?parameters=T2M,PRECTOTCORR&community=RE&longitude=80.2707&latitude=13.0827&start=20210101&end=20241231&format=JSON",OBSERVED
2021-12-15,2021-12-15T00:00:00Z,13.0827,80.2707,24.96,1.6,C,mm/day,NASA POWER (MERRA-2),"https://power.larc.nasa.gov/api/temporal/daily/point?parameters=T2M,PRECTOTCORR&community=RE&longitude=80.2707&latitude=13.0827&start=20210101&end=20241231&format=JSON",OBSERVED
2021-12-16,2021-12-16T00:00:00Z,13.0827,80.2707,24.66,0.48,C,mm/day,NASA POWER (MERRA-2),"https://power.larc.nasa.gov/api/temporal/daily/point?parameters=T2M,PRECTOTCORR&community=RE&longitude=80.2707&latitude=13.0827&start=20210101&end=20241231&format=JSON",OBSERVED
2021-12-17,2021-12-17T00:00:00Z,13.0827,80.2707,24.2,0.15,C,mm/day,NASA POWER (MERRA-2),"https://power.larc.nasa.gov/api/temporal/daily/point?parameters=T2M,PRECTOTCORR&community=RE&longitude=80.2707&latitude=13.0827&start=20210101&end=20241231&format=JSON",OBSERVED
2021-12-18,2021-12-18T00:00:00Z,13.0827,80.2707,23.89,0.0,C,mm/day,NASA POWER (MERRA-2),"https://power.larc.nasa.gov/api/temporal/daily/point?parameters=T2M,PRECTOTCORR&community=RE&longitude=80.2707&latitude=13.0827&start=20210101&end=20241231&format=JSON",OBSERVED
2021-12-19,2021-12-19T00:00:00Z,13.0827,80.2707,23.5,0.0,C,mm/day,NASA POWER (MERRA-2),"https://power.larc.nasa.gov/api/temporal/daily/point?parameters=T2M,PRECTOTCORR&community=RE&longitude=80.2707&latitude=13.0827&start=20210101&end=20241231&format=JSON",OBSERVED
2021-12-20,2021-12-20T00:00:00Z,13.0827,80.2707,23.58,0.0,C,mm/day,NASA POWER (MERRA-2),"https://power.larc.nasa.gov/api/temporal/daily/point?parameters=T2M,PRECTOTCORR&community=RE&longitude=80.2707&latitude=13.0827&start=20210101&end=20241231&format=JSON",OBSERVED
2021-12-21,2021-12-21T00:00:00Z,13.0827,80.2707,23.25,0.0,C,mm/day,NASA POWER (MERRA-2),"https://power.larc.nasa.gov/api/temporal/daily/point?parameters=T2M,PRECTOTCORR&community=RE&longitude=80.2707&latitude=13.0827&start=20210101&end=20241231&format=JSON",OBSERVED
2021-12-22,2021-12-22T00:00:00Z,13.0827,80.2707,22.74,0.0,C,mm/day,NASA POWER (MERRA-2),"https://power.larc.nasa.gov/api/temporal/daily/point?parameters=T2M,PRECTOTCORR&community=RE&longitude=80.2707&latitude=13.0827&start=20210101&end=20241231&format=JSON",OBSERVED
2021-12-23,2021-12-23T00:00:00Z,13.0827,80.2707,22.4,0.0,C,mm/day,NASA POWER (MERRA-2),"https://power.larc.nasa.gov/api/temporal/daily/point?parameters=T2M,PRECTOTCORR&community=RE&longitude=80.2707&latitude=13.0827&start=20210101&end=20241231&format=JSON",OBSERVED
2021-12-24,2021-12-24T00:00:00Z,13.0827,80.2707,23.46,0.0,C,mm/day,NASA POWER (MERRA-2),"https://power.larc.nasa.gov/api/temporal/daily/point?parameters=T2M,PRECTOTCORR&community=RE&longitude=80.2707&latitude=13.0827&start=20210101&end=20241231&format=JSON",OBSERVED
2021-12-25,2021-12-25T00:00:00Z,13.0827,80.2707,23.62,0.0,C,mm/day,NASA POWER (MERRA-2),"https://power.larc.nasa.gov/api/temporal/daily/point?parameters=T2M,PRECTOTCORR&community=RE&longitude=80.2707&latitude=13.0827&start=20210101&end=20241231&format=JSON",OBSERVED
2021-12-26,2021-12-26T00:00:00Z,13.0827,80.2707,23.94,0.0,C,mm/day,NASA POWER (MERRA-2),"https://power.larc.nasa.gov/api/temporal/daily/point?parameters=T2M,PRECTOTCORR&community=RE&longitude=80.2707&latitude=13.0827&start=20210101&end=20241231&format=JSON",OBSERVED
2021-12-27,2021-12-27T00:00:00Z,13.0827,80.2707,24.25,0.41,C,mm/day,NASA POWER (MERRA-2),"https://power.larc.nasa.gov/api/temporal/daily/point?parameters=T2M,PRECTOTCORR&community=RE&longitude=80.2707&latitude=13.0827&start=20210101&end=20241231&format=JSON",OBSERVED
2021-12-28,2021-12-28T00:00:00Z,13.0827,80.2707,24.0,0.87,C,mm/day,NASA POWER (MERRA-2),"https://power.larc.nasa.gov/api/temporal/daily/point?parameters=T2M,PRECTOTCORR&community=RE&longitude=80.2707&latitude=13.0827&start=20210101&end=20241231&format=JSON",OBSERVED
2021-12-29,2021-12-29T00:00:00Z,13.0827,80.2707,24.37,0.92,C,mm/day,NASA POWER (MERRA-2),"https://power.larc.nasa.gov/api/temporal/daily/point?parameters=T2M,PRECTOTCORR&community=RE&longitude=80.2707&latitude=13.0827&start=20210101&end=20241231&format=JSON",OBSERVED
2021-12-30,2021-12-30T00:00:00Z,13.0827,80.2707,24.55,55.65,C,mm/day,NASA POWER (MERRA-2),"https://power.larc.nasa.gov/api/temporal/daily/point?parameters=T2M,PRECTOTCORR&community=RE&longitude=80.2707&latitude=13.0827&start=20210101&end=20241231&format=JSON",OBSERVED
2021-12-31,2021-12-31T00:00:00Z,13.0827,80.2707,25.22,42.52,C,mm/day,NASA POWER (MERRA-2),"https://power.larc.nasa.gov/api/temporal/daily/point?parameters=T2M,PRECTOTCORR&community=RE&longitude=80.2707&latitude=13.0827&start=20210101&end=20241231&format=JSON",OBSERVED
2022-01-01,2022-01-01T00:00:00Z,13.0827,80.2707,25.03,8.69,C,mm/day,NASA POWER (MERRA-2),"https://power.larc.nasa.gov/api/temporal/daily/point?parameters=T2M,PRECTOTCORR&community=RE&longitude=80.2707&latitude=13.0827&start=20210101&end=20241231&format=JSON",OBSERVED
2022-01-02,2022-01-02T00:00:00Z,13.0827,80.2707,24.61,0.5,C,mm/day,NASA POWER (MERRA-2),"https://power.larc.nasa.gov/api/temporal/daily/point?parameters=T2M,PRECTOTCORR&community=RE&longitude=80.2707&latitude=13.0827&start=20210101&end=20241231&format=JSON",OBSERVED
2022-01-03,2022-01-03T00:00:00Z,13.0827,80.2707,24.37,0.02,C,mm/day,NASA POWER (MERRA-2),"https://power.larc.nasa.gov/api/temporal/daily/point?parameters=T2M,PRECTOTCORR&community=RE&longitude=80.2707&latitude=13.0827&start=20210101&end=20241231&format=JSON",OBSERVED
2022-01-04,2022-01-04T00:00:00Z,13.0827,80.2707,23.36,0.01,C,mm/day,NASA POWER (MERRA-2),"https://power.larc.nasa.gov/api/temporal/daily/point?parameters=T2M,PRECTOTCORR&community=RE&longitude=80.2707&latitude=13.0827&start=20210101&end=20241231&format=JSON",OBSERVED
2022-01-05,2022-01-05T00:00:00Z,13.0827,80.2707,23.6,0.02,C,mm/day,NASA POWER (MERRA-2),"https://power.larc.nasa.gov/api/temporal/daily/point?parameters=T2M,PRECTOTCORR&community=RE&longitude=80.2707&latitude=13.0827&start=20210101&end=20241231&format=JSON",OBSERVED
2022-01-06,2022-01-06T00:00:00Z,13.0827,80.2707,23.94,0.04,C,mm/day,NASA POWER (MERRA-2),"https://power.larc.nasa.gov/api/temporal/daily/point?parameters=T2M,PRECTOTCORR&community=RE&longitude=80.2707&latitude=13.0827&start=20210101&end=20241231&format=JSON",OBSERVED
2022-01-07,2022-01-07T00:00:00Z,13.0827,80.2707,24.16,0.03,C,mm/day,NASA POWER (MERRA-2),"https://power.larc.nasa.gov/api/temporal/daily/point?parameters=T2M,PRECTOTCORR&community=RE&longitude=80.2707&latitude=13.0827&start=20210101&end=20241231&format=JSON",OBSERVED
2022-01-08,2022-01-08T00:00:00Z,13.0827,80.2707,24.29,0.0,C,mm/day,NASA POWER (MERRA-2),"https://power.larc.nasa.gov/api/temporal/daily/point?parameters=T2M,PRECTOTCORR&community=RE&longitude=80.2707&latitude=13.0827&start=20210101&end=20241231&format=JSON",OBSERVED
2022-01-09,2022-01-09T00:00:00Z,13.0827,80.2707,24.23,0.0,C,mm/day,NASA POWER (MERRA-2),"https://power.larc.nasa.gov/api/temporal/daily/point?parameters=T2M,PRECTOTCORR&community=RE&longitude=80.2707&latitude=13.0827&start=20210101&end=20241231&format=JSON",OBSERVED
2022-01-10,2022-01-10T00:00:00Z,13.0827,80.2707,24.65,0.0,C,mm/day,NASA POWER (MERRA-2),"https://power.larc.nasa.gov/api/temporal/daily/point?parameters=T2M,PRECTOTCORR&community=RE&longitude=80.2707&latitude=13.0827&start=20210101&end=20241231&format=JSON",OBSERVED
2022-01-11,2022-01-11T00:00:00Z,13.0827,80.2707,25.14,0.02,C,mm/day,NASA POWER (MERRA-2),"https://power.larc.nasa.gov/api/temporal/daily/point?parameters=T2M,PRECTOTCORR&community=RE&longitude=80.2707&latitude=13.0827&start=20210101&end=20241231&format=JSON",OBSERVED
2022-01-12,2022-01-12T00:00:00Z,13.0827,80.2707,25.29,0.14,C,mm/day,NASA POWER (MERRA-2),"https://power.larc.nasa.gov/api/temporal/daily/point?parameters=T2M,PRECTOTCORR&community=RE&longitude=80.2707&latitude=13.0827&start=20210101&end=20241231&format=JSON",OBSERVED
2022-01-13,2022-01-13T00:00:00Z,13.0827,80.2707,25.63,0.95,C,mm/day,NASA POWER (MERRA-2),"https://power.larc.nasa.gov/api/temporal/daily/point?parameters=T2M,PRECTOTCORR&community=RE&longitude=80.2707&latitude=13.0827&start=20210101&end=20241231&format=JSON",OBSERVED
2022-01-14,2022-01-14T00:00:00Z,13.0827,80.2707,25.84,0.68,C,mm/day,NASA POWER (MERRA-2),"https://power.larc.nasa.gov/api/temporal/daily/point?parameters=T2M,PRECTOTCORR&community=RE&longitude=80.2707&latitude=13.0827&start=20210101&end=20241231&format=JSON",OBSERVED
2022-01-15,2022-01-15T00:00:00Z,13.0827,80.2707,25.44,0.64,C,mm/day,NASA POWER (MERRA-2),"https://power.larc.nasa.gov/api/temporal/daily/point?parameters=T2M,PRECTOTCORR&community=RE&longitude=80.2707&latitude=13.0827&start=20210101&end=20241231&format=JSON",OBSERVED
2022-01-16,2022-01-16T00:00:00Z,13.0827,80.2707,25.15,5.86,C,mm/day,NASA POWER (MERRA-2),"https://power.larc.nasa.gov/api/temporal/daily/point?parameters=T2M,PRECTOTCORR&community=RE&longitude=80.2707&latitude=13.0827&start=20210101&end=20241231&format=JSON",OBSERVED
2022-01-17,2022-01-17T00:00:00Z,13.0827,80.2707,25.03,6.17,C,mm/day,NASA POWER (MERRA-2),"https://power.larc.nasa.gov/api/temporal/daily/point?parameters=T2M,PRECTOTCORR&community=RE&longitude=80.2707&latitude=13.0827&start=20210101&end=20241231&format=JSON",OBSERVED
2022-01-18,2022-01-18T00:00:00Z,13.0827,80.2707,24.18,1.52,C,mm/day,NASA POWER (MERRA-2),"https://power.larc.nasa.gov/api/temporal/daily/point?parameters=T2M,PRECTOTCORR&community=RE&longitude=80.2707&latitude=13.0827&start=20210101&end=20241231&format=JSON",OBSERVED
2022-01-19,2022-01-19T00:00:00Z,13.0827,80.2707,23.85,0.47,C,mm/day,NASA POWER (MERRA-2),"https://power.larc.nasa.gov/api/temporal/daily/point?parameters=T2M,PRECTOTCORR&community=RE&longitude=80.2707&latitude=13.0827&start=20210101&end=20241231&format=JSON",OBSERVED
2022-01-20,2022-01-20T00:00:00Z,13.0827,80.2707,23.8,0.0,C,mm/day,NASA POWER (MERRA-2),"https://power.larc.nasa.gov/api/temporal/daily/point?parameters=T2M,PRECTOTCORR&community=RE&longitude=80.2707&latitude=13.0827&start=20210101&end=20241231&format=JSON",OBSERVED
2022-01-21,2022-01-21T00:00:00Z,13.0827,80.2707,24.17,0.0,C,mm/day,NASA POWER (MERRA-2),"https://power.larc.nasa.gov/api/temporal/daily/point?parameters=T2M,PRECTOTCORR&community=RE&longitude=80.2707&latitude=13.0827&start=20210101&end=20241231&format=JSON",OBSERVED
2022-01-22,2022-01-22T00:00:00Z,13.0827,80.2707,25.02,0.0,C,mm/day,NASA POWER (MERRA-2),"https://power.larc.nasa.gov/api/temporal/daily/point?parameters=T2M,PRECTOTCORR&community=RE&longitude=80.2707&latitude=13.0827&start=20210101&end=20241231&format=JSON",OBSERVED
2022-01-23,2022-01-23T00:00:00Z,13.0827,80.2707,25.48,0.59,C,mm/day,NASA POWER (MERRA-2),"https://power.larc.nasa.gov/api/temporal/daily/point?parameters=T2M,PRECTOTCORR&community=RE&longitude=80.2707&latitude=13.0827&start=20210101&end=20241231&format=JSON",OBSERVED
2022-01-24,2022-01-24T00:00:00Z,13.0827,80.2707,25.37,3.1,C,mm/day,NASA POWER (MERRA-2),"https://power.larc.nasa.gov/api/temporal/daily/point?parameters=T2M,PRECTOTCORR&community=RE&longitude=80.2707&latitude=13.0827&start=20210101&end=20241231&format=JSON",OBSERVED
2022-01-25,2022-01-25T00:00:00Z,13.0827,80.2707,25.15,1.19,C,mm/day,NASA POWER (MERRA-2),"https://power.larc.nasa.gov/api/temporal/daily/point?parameters=T2M,PRECTOTCORR&community=RE&longitude=80.2707&latitude=13.0827&start=20210101&end=20241231&format=JSON",OBSERVED
2022-01-26,2022-01-26T00:00:00Z,13.0827,80.2707,24.8,0.7,C,mm/day,NASA POWER (MERRA-2),"https://power.larc.nasa.gov/api/temporal/daily/point?parameters=T2M,PRECTOTCORR&community=RE&longitude=80.2707&latitude=13.0827&start=20210101&end=20241231&format=JSON",OBSERVED
2022-01-27,2022-01-27T00:00:00Z,13.0827,80.2707,24.84,0.19,C,mm/day,NASA POWER (MERRA-2),"https://power.larc.nasa.gov/api/temporal/daily/point?parameters=T2M,PRECTOTCORR&community=RE&longitude=80.2707&latitude=13.0827&start=20210101&end=20241231&format=JSON",OBSERVED
2022-01-28,2022-01-28T00:00:00Z,13.0827,80.2707,24.43,0.26,C,mm/day,NASA POWER (MERRA-2),"https://power.larc.nasa.gov/api/temporal/daily/point?parameters=T2M,PRECTOTCORR&community=RE&longitude=80.2707&latitude=13.0827&start=20210101&end=20241231&format=JSON",OBSERVED
2022-01-29,2022-01-29T00:00:00Z,13.0827,80.2707,24.64,0.08,C,mm/day,NASA POWER (MERRA-2),"https://power.larc.nasa.gov/api/temporal/daily/point?parameters=T2M,PRECTOTCORR&community=RE&longitude=80.2707&latitude=13.0827&start=20210101&end=20241231&format=JSON",OBSERVED
2022-01-30,2022-01-30T00:00:00Z,13.0827,80.2707,24.52,0.0,C,mm/day,NASA POWER (MERRA-2),"https://power.larc.nasa.gov/api/temporal/daily/point?parameters=T2M,PRECTOTCORR&community=RE&longitude=80.2707&latitude=13.0827&start=20210101&end=20241231&format=JSON",OBSERVED
2022-01-31,2022-01-31T00:00:00Z,13.0827,80.2707,24.98,0.0,C,mm/day,NASA POWER (MERRA-2),"https://power.larc.nasa.gov/api/temporal/daily/point?parameters=T2M,PRECTOTCORR&community=RE&longitude=80.2707&latitude=13.0827&start=20210101&end=20241231&format=JSON",OBSERVED
2022-02-01,2022-02-01T00:00:00Z,13.0827,80.2707,24.13,0.0,C,mm/day,NASA POWER (MERRA-2),"https://power.larc.nasa.gov/api/temporal/daily/point?parameters=T2M,PRECTOTCORR&community=RE&longitude=80.2707&latitude=13.0827&start=20210101&end=20241231&format=JSON",OBSERVED
2022-02-02,2022-02-02T00:00:00Z,13.0827,80.2707,23.63,0.0,C,mm/day,NASA POWER (MERRA-2),"https://power.larc.nasa.gov/api/temporal/daily/point?parameters=T2M,PRECTOTCORR&community=RE&longitude=80.2707&latitude=13.0827&start=20210101&end=20241231&format=JSON",OBSERVED
2022-02-03,2022-02-03T00:00:00Z,13.0827,80.2707,23.78,0.0,C,mm/day,NASA POWER (MERRA-2),"https://power.larc.nasa.gov/api/temporal/daily/point?parameters=T2M,PRECTOTCORR&community=RE&longitude=80.2707&latitude=13.0827&start=20210101&end=20241231&format=JSON",OBSERVED
2022-02-04,2022-02-04T00:00:00Z,13.0827,80.2707,25.03,0.0,C,mm/day,NASA POWER (MERRA-2),"https://power.larc.nasa.gov/api/temporal/daily/point?parameters=T2M,PRECTOTCORR&community=RE&longitude=80.2707&latitude=13.0827&start=20210101&end=20241231&format=JSON",OBSERVED
2022-02-05,2022-02-05T00:00:00Z,13.0827,80.2707,25.45,0.04,C,mm/day,NASA POWER (MERRA-2),"https://power.larc.nasa.gov/api/temporal/daily/point?parameters=T2M,PRECTOTCORR&community=RE&longitude=80.2707&latitude=13.0827&start=20210101&end=20241231&format=JSON",OBSERVED
2022-02-06,2022-02-06T00:00:00Z,13.0827,80.2707,25.08,0.0,C,mm/day,NASA POWER (MERRA-2),"https://power.larc.nasa.gov/api/temporal/daily/point?parameters=T2M,PRECTOTCORR&community=RE&longitude=80.2707&latitude=13.0827&start=20210101&end=20241231&format=JSON",OBSERVED
2022-02-07,2022-02-07T00:00:00Z,13.0827,80.2707,24.4,0.0,C,mm/day,NASA POWER (MERRA-2),"https://power.larc.nasa.gov/api/temporal/daily/point?parameters=T2M,PRECTOTCORR&community=RE&longitude=80.2707&latitude=13.0827&start=20210101&end=20241231&format=JSON",OBSERVED
2022-02-08,2022-02-08T00:00:00Z,13.0827,80.2707,23.98,0.0,C,mm/day,NASA POWER (MERRA-2),"https://power.larc.nasa.gov/api/temporal/daily/point?parameters=T2M,PRECTOTCORR&community=RE&longitude=80.2707&latitude=13.0827&start=20210101&end=20241231&format=JSON",OBSERVED
2022-02-09,2022-02-09T00:00:00Z,13.0827,80.2707,23.72,0.0,C,mm/day,NASA POWER (MERRA-2),"https://power.larc.nasa.gov/api/temporal/daily/point?parameters=T2M,PRECTOTCORR&community=RE&longitude=80.2707&latitude=13.0827&start=20210101&end=20241231&format=JSON",OBSERVED
2022-02-10,2022-02-10T00:00:00Z,13.0827,80.2707,24.2,0.13,C,mm/day,NASA POWER (MERRA-2),"https://power.larc.nasa.gov/api/temporal/daily/point?parameters=T2M,PRECTOTCORR&community=RE&longitude=80.2707&latitude=13.0827&start=20210101&end=20241231&format=JSON",OBSERVED
2022-02-11,2022-02-11T00:00:00Z,13.0827,80.2707,24.9,0.25,C,mm/day,NASA POWER (MERRA-2),"https://power.larc.nasa.gov/api/temporal/daily/point?parameters=T2M,PRECTOTCORR&community=RE&longitude=80.2707&latitude=13.0827&start=20210101&end=20241231&format=JSON",OBSERVED
2022-02-12,2022-02-12T00:00:00Z,13.0827,80.2707,25.15,0.07,C,mm/day,NASA POWER (MERRA-2),"https://power.larc.nasa.gov/api/temporal/daily/point?parameters=T2M,PRECTOTCORR&community=RE&longitude=80.2707&latitude=13.0827&start=20210101&end=20241231&format=JSON",OBSERVED
2022-02-13,2022-02-13T00:00:00Z,13.0827,80.2707,24.62,0.0,C,mm/day,NASA POWER (MERRA-2),"https://power.larc.nasa.gov/api/temporal/daily/point?parameters=T2M,PRECTOTCORR&community=RE&longitude=80.2707&latitude=13.0827&start=20210101&end=20241231&format=JSON",OBSERVED
2022-02-14,2022-02-14T00:00:00Z,13.0827,80.2707,24.73,0.03,C,mm/day,NASA POWER (MERRA-2),"https://power.larc.nasa.gov/api/temporal/daily/point?parameters=T2M,PRECTOTCORR&community=RE&longitude=80.2707&latitude=13.0827&start=20210101&end=20241231&format=JSON",OBSERVED
2022-02-15,2022-02-15T00:00:00Z,13.0827,80.2707,24.13,0.01,C,mm/day,NASA POWER (MERRA-2),"https://power.larc.nasa.gov/api/temporal/daily/point?parameters=T2M,PRECTOTCORR&community=RE&longitude=80.2707&latitude=13.0827&start=20210101&end=20241231&format=JSON",OBSERVED
2022-02-16,2022-02-16T00:00:00Z,13.0827,80.2707,24.34,0.0,C,mm/day,NASA POWER (MERRA-2),"https://power.larc.nasa.gov/api/temporal/daily/point?parameters=T2M,PRECTOTCORR&community=RE&longitude=80.2707&latitude=13.0827&start=20210101&end=20241231&format=JSON",OBSERVED
2022-02-17,2022-02-17T00:00:00Z,13.0827,80.2707,24.73,0.0,C,mm/day,NASA POWER (MERRA-2),"https://power.larc.nasa.gov/api/temporal/daily/point?parameters=T2M,PRECTOTCORR&community=RE&longitude=80.2707&latitude=13.0827&start=20210101&end=20241231&format=JSON",OBSERVED
2022-02-18,2022-02-18T00:00:00Z,13.0827,80.2707,25.13,0.0,C,mm/day,NASA POWER (MERRA-2),"https://power.larc.nasa.gov/api/temporal/daily/point?parameters=T2M,PRECTOTCORR&community=RE&longitude=80.2707&latitude=13.0827&start=20210101&end=20241231&format=JSON",OBSERVED
2022-02-19,2022-02-19T00:00:00Z,13.0827,80.2707,25.37,0.0,C,mm/day,NASA POWER (MERRA-2),"https://power.larc.nasa.gov/api/temporal/daily/point?parameters=T2M,PRECTOTCORR&community=RE&longitude=80.2707&latitude=13.0827&start=20210101&end=20241231&format=JSON",OBSERVED
2022-02-20,2022-02-20T00:00:00Z,13.0827,80.2707,25.9,0.0,C,mm/day,NASA POWER (MERRA-2),"https://power.larc.nasa.gov/api/temporal/daily/point?parameters=T2M,PRECTOTCORR&community=RE&longitude=80.2707&latitude=13.0827&start=20210101&end=20241231&format=JSON",OBSERVED
2022-02-21,2022-02-21T00:00:00Z,13.0827,80.2707,26.3,0.0,C,mm/day,NASA POWER (MERRA-2),"https://power.larc.nasa.gov/api/temporal/daily/point?parameters=T2M,PRECTOTCORR&community=RE&longitude=80.2707&latitude=13.0827&start=20210101&end=20241231&format=JSON",OBSERVED
2022-02-22,2022-02-22T00:00:00Z,13.0827,80.2707,26.59,0.03,C,mm/day,NASA POWER (MERRA-2),"https://power.larc.nasa.gov/api/temporal/daily/point?parameters=T2M,PRECTOTCORR&community=RE&longitude=80.2707&latitude=13.0827&start=20210101&end=20241231&format=JSON",OBSERVED
2022-02-23,2022-02-23T00:00:00Z,13.0827,80.2707,25.98,0.0,C,mm/day,NASA POWER (MERRA-2),"https://power.larc.nasa.gov/api/temporal/daily/point?parameters=T2M,PRECTOTCORR&community=RE&longitude=80.2707&latitude=13.0827&start=20210101&end=20241231&format=JSON",OBSERVED
2022-02-24,2022-02-24T00:00:00Z,13.0827,80.2707,25.46,0.0,C,mm/day,NASA POWER (MERRA-2),"https://power.larc.nasa.gov/api/temporal/daily/point?parameters=T2M,PRECTOTCORR&community=RE&longitude=80.2707&latitude=13.0827&start=20210101&end=20241231&format=JSON",OBSERVED
2022-02-25,2022-02-25T00:00:00Z,13.0827,80.2707,24.43,0.0,C,mm/day,NASA POWER (MERRA-2),"https://power.larc.nasa.gov/api/temporal/daily/point?parameters=T2M,PRECTOTCORR&community=RE&longitude=80.2707&latitude=13.0827&start=20210101&end=20241231&format=JSON",OBSERVED
2022-02-26,2022-02-26T00:00:00Z,13.0827,80.2707,25.33,0.01,C,mm/day,NASA POWER (MERRA-2),"https://power.larc.nasa.gov/api/temporal/daily/point?parameters=T2M,PRECTOTCORR&community=RE&longitude=80.2707&latitude=13.0827&start=20210101&end=20241231&format=JSON",OBSERVED
2022-02-27,2022-02-27T00:00:00Z,13.0827,80.2707,25.72,0.0,C,mm/day,NASA POWER (MERRA-2),"https://power.larc.nasa.gov/api/temporal/daily/point?parameters=T2M,PRECTOTCORR&community=RE&longitude=80.2707&latitude=13.0827&start=20210101&end=20241231&format=JSON",OBSERVED
2022-02-28,2022-02-28T00:00:00Z,13.0827,80.2707,26.06,0.0,C,mm/day,NASA POWER (MERRA-2),"https://power.larc.nasa.gov/api/temporal/daily/point?parameters=T2M,PRECTOTCORR&community=RE&longitude=80.2707&latitude=13.0827&start=20210101&end=20241231&format=JSON",OBSERVED
2022-03-01,2022-03-01T00:00:00Z,13.0827,80.2707,26.31,0.0,C,mm/day,NASA POWER (MERRA-2),"https://power.larc.nasa.gov/api/temporal/daily/point?parameters=T2M,PRECTOTCORR&community=RE&longitude=80.2707&latitude=13.0827&start=20210101&end=20241231&format=JSON",OBSERVED
2022-03-02,2022-03-02T00:00:00Z,13.0827,80.2707,25.89,0.0,C,mm/day,NASA POWER (MERRA-2),"https://power.larc.nasa.gov/api/temporal/daily/point?parameters=T2M,PRECTOTCORR&community=RE&longitude=80.2707&latitude=13.0827&start=20210101&end=20241231&format=JSON",OBSERVED
2022-03-03,2022-03-03T00:00:00Z,13.0827,80.2707,26.0,0.0,C,mm/day,NASA POWER (MERRA-2),"https://power.larc.nasa.gov/api/temporal/daily/point?parameters=T2M,PRECTOTCORR&community=RE&longitude=80.2707&latitude=13.0827&start=20210101&end=20241231&format=JSON",OBSERVED
2022-03-04,2022-03-04T00:00:00Z,13.0827,80.2707,26.86,0.06,C,mm/day,NASA POWER (MERRA-2),"https://power.larc.nasa.gov/api/temporal/daily/point?parameters=T2M,PRECTOTCORR&community=RE&longitude=80.2707&latitude=13.0827&start=20210101&end=20241231&format=JSON",OBSERVED
2022-03-05,2022-03-05T00:00:00Z,13.0827,80.2707,26.68,0.01,C,mm/day,NASA POWER (MERRA-2),"https://power.larc.nasa.gov/api/temporal/daily/point?parameters=T2M,PRECTOTCORR&community=RE&longitude=80.2707&latitude=13.0827&start=20210101&end=20241231&format=JSON",OBSERVED
2022-03-06,2022-03-06T00:00:00Z,13.0827,80.2707,26.69,0.89,C,mm/day,NASA POWER (MERRA-2),"https://power.larc.nasa.gov/api/temporal/daily/point?parameters=T2M,PRECTOTCORR&community=RE&longitude=80.2707&latitude=13.0827&start=20210101&end=20241231&format=JSON",OBSERVED
2022-03-07,2022-03-07T00:00:00Z,13.0827,80.2707,27.01,0.21,C,mm/day,NASA POWER (MERRA-2),"https://power.larc.nasa.gov/api/temporal/daily/point?parameters=T2M,PRECTOTCORR&community=RE&longitude=80.2707&latitude=13.0827&start=20210101&end=20241231&format=JSON",OBSERVED
2022-03-08,2022-03-08T00:00:00Z,13.0827,80.2707,27.16,0.0,C,mm/day,NASA POWER (MERRA-2),"https://power.larc.nasa.gov/api/temporal/daily/point?parameters=T2M,PRECTOTCORR&community=RE&longitude=80.2707&latitude=13.0827&start=20210101&end=20241231&format=JSON",OBSERVED
2022-03-09,2022-03-09T00:00:00Z,13.0827,80.2707,27.19,0.0,C,mm/day,NASA POWER (MERRA-2),"https://power.larc.nasa.gov/api/temporal/daily/point?parameters=T2M,PRECTOTCORR&community=RE&longitude=80.2707&latitude=13.0827&start=20210101&end=20241231&format=JSON",OBSERVED
2022-03-10,2022-03-10T00:00:00Z,13.0827,80.2707,26.85,0.0,C,mm/day,NASA POWER (MERRA-2),"https://power.larc.nasa.gov/api/temporal/daily/point?parameters=T2M,PRECTOTCORR&community=RE&longitude=80.2707&latitude=13.0827&start=20210101&end=20241231&format=JSON",OBSERVED
2022-03-11,2022-03-11T00:00:00Z,13.0827,80.2707,26.67,0.0,C,mm/day,NASA POWER (MERRA-2),"https://power.larc.nasa.gov/api/temporal/daily/point?parameters=T2M,PRECTOTCORR&community=RE&longitude=80.2707&latitude=13.0827&start=20210101&end=20241231&format=JSON",OBSERVED
2022-03-12,2022-03-12T00:00:00Z,13.0827,80.2707,26.85,0.0,C,mm/day,NASA POWER (MERRA-2),"https://power.larc.nasa.gov/api/temporal/daily/point?parameters=T2M,PRECTOTCORR&community=RE&longitude=80.2707&latitude=13.0827&start=20210101&end=20241231&format=JSON",OBSERVED
2022-03-13,2022-03-13T00:00:00Z,13.0827,80.2707,27.08,0.01,C,mm/day,NASA POWER (MERRA-2),"https://power.larc.nasa.gov/api/temporal/daily/point?parameters=T2M,PRECTOTCORR&community=RE&longitude=80.2707&latitude=13.0827&start=20210101&end=20241231&format=JSON",OBSERVED
2022-03-14,2022-03-14T00:00:00Z,13.0827,80.2707,27.78,0.0,C,mm/day,NASA POWER (MERRA-2),"https://power.larc.nasa.gov/api/temporal/daily/point?parameters=T2M,PRECTOTCORR&community=RE&longitude=80.2707&latitude=13.0827&start=20210101&end=20241231&format=JSON",OBSERVED
2022-03-15,2022-03-15T00:00:00Z,13.0827,80.2707,27.68,0.0,C,mm/day,NASA POWER (MERRA-2),"https://power.larc.nasa.gov/api/temporal/daily/point?parameters=T2M,PRECTOTCORR&community=RE&longitude=80.2707&latitude=13.0827&start=20210101&end=20241231&format=JSON",OBSERVED
2022-03-16,2022-03-16T00:00:00Z,13.0827,80.2707,28.08,0.0,C,mm/day,NASA POWER (MERRA-2),"https://power.larc.nasa.gov/api/temporal/daily/point?parameters=T2M,PRECTOTCORR&community=RE&longitude=80.2707&latitude=13.0827&start=20210101&end=20241231&format=JSON",OBSERVED
2022-03-17,2022-03-17T00:00:00Z,13.0827,80.2707,28.36,0.0,C,mm/day,NASA POWER (MERRA-2),"https://power.larc.nasa.gov/api/temporal/daily/point?parameters=T2M,PRECTOTCORR&community=RE&longitude=80.2707&latitude=13.0827&start=20210101&end=20241231&format=JSON",OBSERVED
2022-03-18,2022-03-18T00:00:00Z,13.0827,80.2707,28.51,0.0,C,mm/day,NASA POWER (MERRA-2),"https://power.larc.nasa.gov/api/temporal/daily/point?parameters=T2M,PRECTOTCORR&community=RE&longitude=80.2707&latitude=13.0827&start=20210101&end=20241231&format=JSON",OBSERVED
2022-03-19,2022-03-19T00:00:00Z,13.0827,80.2707,29.0,0.01,C,mm/day,NASA POWER (MERRA-2),"https://power.larc.nasa.gov/api/temporal/daily/point?parameters=T2M,PRECTOTCORR&community=RE&longitude=80.2707&latitude=13.0827&start=20210101&end=20241231&format=JSON",OBSERVED
2022-03-20,2022-03-20T00:00:00Z,13.0827,80.2707,30.19,0.08,C,mm/day,NASA POWER (MERRA-2),"https://power.larc.nasa.gov/api/temporal/daily/point?parameters=T2M,PRECTOTCORR&community=RE&longitude=80.2707&latitude=13.0827&start=20210101&end=20241231&format=JSON",OBSERVED
2022-03-21,2022-03-21T00:00:00Z,13.0827,80.2707,30.81,0.49,C,mm/day,NASA POWER (MERRA-2),"https://power.larc.nasa.gov/api/temporal/daily/point?parameters=T2M,PRECTOTCORR&community=RE&longitude=80.2707&latitude=13.0827&start=20210101&end=20241231&format=JSON",OBSERVED
2022-03-22,2022-03-22T00:00:00Z,13.0827,80.2707,30.41,0.87,C,mm/day,NASA POWER (MERRA-2),"https://power.larc.nasa.gov/api/temporal/daily/point?parameters=T2M,PRECTOTCORR&community=RE&longitude=80.2707&latitude=13.0827&start=20210101&end=20241231&format=JSON",OBSERVED
2022-03-23,2022-03-23T00:00:00Z,13.0827,80.2707,30.09,0.01,C,mm/day,NASA POWER (MERRA-2),"https://power.larc.nasa.gov/api/temporal/daily/point?parameters=T2M,PRECTOTCORR&community=RE&longitude=80.2707&latitude=13.0827&start=20210101&end=20241231&format=JSON",OBSERVED
2022-03-24,2022-03-24T00:00:00Z,13.0827,80.2707,29.75,0.01,C,mm/day,NASA POWER (MERRA-2),"https://power.larc.nasa.gov/api/temporal/daily/point?parameters=T2M,PRECTOTCORR&community=RE&longitude=80.2707&latitude=13.0827&start=20210101&end=20241231&format=JSON",OBSERVED
2022-03-25,2022-03-25T00:00:00Z,13.0827,80.2707,29.46,0.0,C,mm/day,NASA POWER (MERRA-2),"https://power.larc.nasa.gov/api/temporal/daily/point?parameters=T2M,PRECTOTCORR&community=RE&longitude=80.2707&latitude=13.0827&start=20210101&end=20241231&format=JSON",OBSERVED
2022-03-26,2022-03-26T00:00:00Z,13.0827,80.2707,29.66,0.0,C,mm/day,NASA POWER (MERRA-2),"https://power.larc.nasa.gov/api/temporal/daily/point?parameters=T2M,PRECTOTCORR&community=RE&longitude=80.2707&latitude=13.0827&start=20210101&end=20241231&format=JSON",OBSERVED
2022-03-27,2022-03-27T00:00:00Z,13.0827,80.2707,29.98,0.0,C,mm/day,NASA POWER (MERRA-2),"https://power.larc.nasa.gov/api/temporal/daily/point?parameters=T2M,PRECTOTCORR&community=RE&longitude=80.2707&latitude=13.0827&start=20210101&end=20241231&format=JSON",OBSERVED
2022-03-28,2022-03-28T00:00:00Z,13.0827,80.2707,30.17,0.0,C,mm/day,NASA POWER (MERRA-2),"https://power.larc.nasa.gov/api/temporal/daily/point?parameters=T2M,PRECTOTCORR&community=RE&longitude=80.2707&latitude=13.0827&start=20210101&end=20241231&format=JSON",OBSERVED
2022-03-29,2022-03-29T00:00:00Z,13.0827,80.2707,30.24,0.0,C,mm/day,NASA POWER (MERRA-2),"https://power.larc.nasa.gov/api/temporal/daily/point?parameters=T2M,PRECTOTCORR&community=RE&longitude=80.2707&latitude=13.0827&start=20210101&end=20241231&format=JSON",OBSERVED
2022-03-30,2022-03-30T00:00:00Z,13.0827,80.2707,30.39,0.0,C,mm/day,NASA POWER (MERRA-2),"https://power.larc.nasa.gov/api/temporal/daily/point?parameters=T2M,PRECTOTCORR&community=RE&longitude=80.2707&latitude=13.0827&start=20210101&end=20241231&format=JSON",OBSERVED
2022-03-31,2022-03-31T00:00:00Z,13.0827,80.2707,30.23,0.01,C,mm/day,NASA POWER (MERRA-2),"https://power.larc.nasa.gov/api/temporal/daily/point?parameters=T2M,PRECTOTCORR&community=RE&longitude=80.2707&latitude=13.0827&start=20210101&end=20241231&format=JSON",OBSERVED
2022-04-01,2022-04-01T00:00:00Z,13.0827,80.2707,29.6,0.0,C,mm/day,NASA POWER (MERRA-2),"https://power.larc.nasa.gov/api/temporal/daily/point?parameters=T2M,PRECTOTCORR&community=RE&longitude=80.2707&latitude=13.0827&start=20210101&end=20241231&format=JSON",OBSERVED
2022-04-02,2022-04-02T00:00:00Z,13.0827,80.2707,29.99,0.01,C,mm/day,NASA POWER (MERRA-2),"https://power.larc.nasa.gov/api/temporal/daily/point?parameters=T2M,PRECTOTCORR&community=RE&longitude=80.2707&latitude=13.0827&start=20210101&end=20241231&format=JSON",OBSERVED
2022-04-03,2022-04-03T00:00:00Z,13.0827,80.2707,29.8,0.0,C,mm/day,NASA POWER (MERRA-2),"https://power.larc.nasa.gov/api/temporal/daily/point?parameters=T2M,PRECTOTCORR&community=RE&longitude=80.2707&latitude=13.0827&start=20210101&end=20241231&format=JSON",OBSERVED
2022-04-04,2022-04-04T00:00:00Z,13.0827,80.2707,29.69,0.01,C,mm/day,NASA POWER (MERRA-2),"https://power.larc.nasa.gov/api/temporal/daily/point?parameters=T2M,PRECTOTCORR&community=RE&longitude=80.2707&latitude=13.0827&start=20210101&end=20241231&format=JSON",OBSERVED
2022-04-05,2022-04-05T00:00:00Z,13.0827,80.2707,29.78,0.0,C,mm/day,NASA POWER (MERRA-2),"https://power.larc.nasa.gov/api/temporal/daily/point?parameters=T2M,PRECTOTCORR&community=RE&longitude=80.2707&latitude=13.0827&start=20210101&end=20241231&format=JSON",OBSERVED
2022-04-06,2022-04-06T00:00:00Z,13.0827,80.2707,29.49,0.05,C,mm/day,NASA POWER (MERRA-2),"https://power.larc.nasa.gov/api/temporal/daily/point?parameters=T2M,PRECTOTCORR&community=RE&longitude=80.2707&latitude=13.0827&start=20210101&end=20241231&format=JSON",OBSERVED
2022-04-07,2022-04-07T00:00:00Z,13.0827,80.2707,29.97,0.1,C,mm/day,NASA POWER (MERRA-2),"https://power.larc.nasa.gov/api/temporal/daily/point?parameters=T2M,PRECTOTCORR&community=RE&longitude=80.2707&latitude=13.0827&start=20210101&end=20241231&format=JSON",OBSERVED
2022-04-08,2022-04-08T00:00:00Z,13.0827,80.2707,29.98,0.14,C,mm/day,NASA POWER (MERRA-2),"https://power.larc.nasa.gov/api/temporal/daily/point?parameters=T2M,PRECTOTCORR&community=RE&longitude=80.2707&latitude=13.0827&start=20210101&end=20241231&format=JSON",OBSERVED
2022-04-09,2022-04-09T00:00:00Z,13.0827,80.2707,29.9,0.14,C,mm/day,NASA POWER (MERRA-2),"https://power.larc.nasa.gov/api/temporal/daily/point?parameters=T2M,PRECTOTCORR&community=RE&longitude=80.2707&latitude=13.0827&start=20210101&end=20241231&format=JSON",OBSERVED
2022-04-10,2022-04-10T00:00:00Z,13.0827,80.2707,29.9,0.66,C,mm/day,NASA POWER (MERRA-2),"https://power.larc.nasa.gov/api/temporal/daily/point?parameters=T2M,PRECTOTCORR&community=RE&longitude=80.2707&latitude=13.0827&start=20210101&end=20241231&format=JSON",OBSERVED
2022-04-11,2022-04-11T00:00:00Z,13.0827,80.2707,29.78,0.26,C,mm/day,NASA POWER (MERRA-2),"https://power.larc.nasa.gov/api/temporal/daily/point?parameters=T2M,PRECTOTCORR&community=RE&longitude=80.2707&latitude=13.0827&start=20210101&end=20241231&format=JSON",OBSERVED
2022-04-12,2022-04-12T00:00:00Z,13.0827,80.2707,29.12,0.07,C,mm/day,NASA POWER (MERRA-2),"https://power.larc.nasa.gov/api/temporal/daily/point?parameters=T2M,PRECTOTCORR&community=RE&longitude=80.2707&latitude=13.0827&start=20210101&end=20241231&format=JSON",OBSERVED
2022-04-13,2022-04-13T00:00:00Z,13.0827,80.2707,29.6,0.11,C,mm/day,NASA POWER (MERRA-2),"https://power.larc.nasa.gov/api/temporal/daily/point?parameters=T2M,PRECTOTCORR&community=RE&longitude=80.2707&latitude=13.0827&start=20210101&end=20241231&format=JSON",OBSERVED
2022-04-14,2022-04-14T00:00:00Z,13.0827,80.2707,30.35,0.02,C,mm/day,NASA POWER (MERRA-2),"https://power.larc.nasa.gov/api/temporal/daily/point?parameters=T2M,PRECTOTCORR&community=RE&longitude=80.2707&latitude=13.0827&start=20210101&end=20241231&format=JSON",OBSERVED
2022-04-15,2022-04-15T00:00:00Z,13.0827,80.2707,31.24,0.02,C,mm/day,NASA POWER (MERRA-2),"https://power.larc.nasa.gov/api/temporal/daily/point?parameters=T2M,PRECTOTCORR&community=RE&longitude=80.2707&latitude=13.0827&start=20210101&end=20241231&format=JSON",OBSERVED
2022-04-16,2022-04-16T00:00:00Z,13.0827,80.2707,31.33,0.03,C,mm/day,NASA POWER (MERRA-2),"https://power.larc.nasa.gov/api/temporal/daily/point?parameters=T2M,PRECTOTCORR&community=RE&longitude=80.2707&latitude=13.0827&start=20210101&end=20241231&format=JSON",OBSERVED
2022-04-17,2022-04-17T00:00:00Z,13.0827,80.2707,31.29,0.42,C,mm/day,NASA POWER (MERRA-2),"https://power.larc.nasa.gov/api/temporal/daily/point?parameters=T2M,PRECTOTCORR&community=RE&longitude=80.2707&latitude=13.0827&start=20210101&end=20241231&format=JSON",OBSERVED
2022-04-18,2022-04-18T00:00:00Z,13.0827,80.2707,30.48,0.33,C,mm/day,NASA POWER (MERRA-2),"https://power.larc.nasa.gov/api/temporal/daily/point?parameters=T2M,PRECTOTCORR&community=RE&longitude=80.2707&latitude=13.0827&start=20210101&end=20241231&format=JSON",OBSERVED
2022-04-19,2022-04-19T00:00:00Z,13.0827,80.2707,30.64,0.03,C,mm/day,NASA POWER (MERRA-2),"https://power.larc.nasa.gov/api/temporal/daily/point?parameters=T2M,PRECTOTCORR&community=RE&longitude=80.2707&latitude=13.0827&start=20210101&end=20241231&format=JSON",OBSERVED
2022-04-20,2022-04-20T00:00:00Z,13.0827,80.2707,30.61,0.02,C,mm/day,NASA POWER (MERRA-2),"https://power.larc.nasa.gov/api/temporal/daily/point?parameters=T2M,PRECTOTCORR&community=RE&longitude=80.2707&latitude=13.0827&start=20210101&end=20241231&format=JSON",OBSERVED
2022-04-21,2022-04-21T00:00:00Z,13.0827,80.2707,30.29,0.01,C,mm/day,NASA POWER (MERRA-2),"https://power.larc.nasa.gov/api/temporal/daily/point?parameters=T2M,PRECTOTCORR&community=RE&longitude=80.2707&latitude=13.0827&start=20210101&end=20241231&format=JSON",OBSERVED
2022-04-22,2022-04-22T00:00:00Z,13.0827,80.2707,30.9,0.02,C,mm/day,NASA POWER (MERRA-2),"https://power.larc.nasa.gov/api/temporal/daily/point?parameters=T2M,PRECTOTCORR&community=RE&longitude=80.2707&latitude=13.0827&start=20210101&end=20241231&format=JSON",OBSERVED
2022-04-23,2022-04-23T00:00:00Z,13.0827,80.2707,30.28,0.04,C,mm/day,NASA POWER (MERRA-2),"https://power.larc.nasa.gov/api/temporal/daily/point?parameters=T2M,PRECTOTCORR&community=RE&longitude=80.2707&latitude=13.0827&start=20210101&end=20241231&format=JSON",OBSERVED
2022-04-24,2022-04-24T00:00:00Z,13.0827,80.2707,31.79,0.0,C,mm/day,NASA POWER (MERRA-2),"https://power.larc.nasa.gov/api/temporal/daily/point?parameters=T2M,PRECTOTCORR&community=RE&longitude=80.2707&latitude=13.0827&start=20210101&end=20241231&format=JSON",OBSERVED
2022-04-25,2022-04-25T00:00:00Z,13.0827,80.2707,31.23,0.0,C,mm/day,NASA POWER (MERRA-2),"https://power.larc.nasa.gov/api/temporal/daily/point?parameters=T2M,PRECTOTCORR&community=RE&longitude=80.2707&latitude=13.0827&start=20210101&end=20241231&format=JSON",OBSERVED
2022-04-26,2022-04-26T00:00:00Z,13.0827,80.2707,31.01,0.0,C,mm/day,NASA POWER (MERRA-2),"https://power.larc.nasa.gov/api/temporal/daily/point?parameters=T2M,PRECTOTCORR&community=RE&longitude=80.2707&latitude=13.0827&start=20210101&end=20241231&format=JSON",OBSERVED
2022-04-27,2022-04-27T00:00:00Z,13.0827,80.2707,31.26,0.0,C,mm/day,NASA POWER (MERRA-2),"https://power.larc.nasa.gov/api/temporal/daily/point?parameters=T2M,PRECTOTCORR&community=RE&longitude=80.2707&latitude=13.0827&start=20210101&end=20241231&format=JSON",OBSERVED
2022-04-28,2022-04-28T00:00:00Z,13.0827,80.2707,31.23,0.0,C,mm/day,NASA POWER (MERRA-2),"https://power.larc.nasa.gov/api/temporal/daily/point?parameters=T2M,PRECTOTCORR&community=RE&longitude=80.2707&latitude=13.0827&start=20210101&end=20241231&format=JSON",OBSERVED
2022-04-29,2022-04-29T00:00:00Z,13.0827,80.2707,31.46,0.02,C,mm/day,NASA POWER (MERRA-2),"https://power.larc.nasa.gov/api/temporal/daily/point?parameters=T2M,PRECTOTCORR&community=RE&longitude=80.2707&latitude=13.0827&start=20210101&end=20241231&format=JSON",OBSERVED
2022-04-30,2022-04-30T00:00:00Z,13.0827,80.2707,32.25,0.01,C,mm/day,NASA POWER (MERRA-2),"https://power.larc.nasa.gov/api/temporal/daily/point?parameters=T2M,PRECTOTCORR&community=RE&longitude=80.2707&latitude=13.0827&start=20210101&end=20241231&format=JSON",OBSERVED
2022-05-01,2022-05-01T00:00:00Z,13.0827,80.2707,31.53,0.38,C,mm/day,NASA POWER (MERRA-2),"https://power.larc.nasa.gov/api/temporal/daily/point?parameters=T2M,PRECTOTCORR&community=RE&longitude=80.2707&latitude=13.0827&start=20210101&end=20241231&format=JSON",OBSERVED
2022-05-02,2022-05-02T00:00:00Z,13.0827,80.2707,31.16,0.99,C,mm/day,NASA POWER (MERRA-2),"https://power.larc.nasa.gov/api/temporal/daily/point?parameters=T2M,PRECTOTCORR&community=RE&longitude=80.2707&latitude=13.0827&start=20210101&end=20241231&format=JSON",OBSERVED
2022-05-03,2022-05-03T00:00:00Z,13.0827,80.2707,30.69,0.48,C,mm/day,NASA POWER (MERRA-2),"https://power.larc.nasa.gov/api/temporal/daily/point?parameters=T2M,PRECTOTCORR&community=RE&longitude=80.2707&latitude=13.0827&start=20210101&end=20241231&format=JSON",OBSERVED
2022-05-04,2022-05-04T00:00:00Z,13.0827,80.2707,30.28,1.98,C,mm/day,NASA POWER (MERRA-2),"https://power.larc.nasa.gov/api/temporal/daily/point?parameters=T2M,PRECTOTCORR&community=RE&longitude=80.2707&latitude=13.0827&start=20210101&end=20241231&format=JSON",OBSERVED
2022-05-05,2022-05-05T00:00:00Z,13.0827,80.2707,30.56,1.93,C,mm/day,NASA POWER (MERRA-2),"https://power.larc.nasa.gov/api/temporal/daily/point?parameters=T2M,PRECTOTCORR&community=RE&longitude=80.2707&latitude=13.0827&start=20210101&end=20241231&format=JSON",OBSERVED
2022-05-06,2022-05-06T00:00:00Z,13.0827,80.2707,31.06,4.02,C,mm/day,NASA POWER (MERRA-2),"https://power.larc.nasa.gov/api/temporal/daily/point?parameters=T2M,PRECTOTCORR&community=RE&longitude=80.2707&latitude=13.0827&start=20210101&end=20241231&format=JSON",OBSERVED
2022-05-07,2022-05-07T00:00:00Z,13.0827,80.2707,30.73,8.16,C,mm/day,NASA POWER (MERRA-2),"https://power.larc.nasa.gov/api/temporal/daily/point?parameters=T2M,PRECTOTCORR&community=RE&longitude=80.2707&latitude=13.0827&start=20210101&end=20241231&format=JSON",OBSERVED
2022-05-08,2022-05-08T00:00:00Z,13.0827,80.2707,31.12,0.52,C,mm/day,NASA POWER (MERRA-2),"https://power.larc.nasa.gov/api/temporal/daily/point?parameters=T2M,PRECTOTCORR&community=RE&longitude=80.2707&latitude=13.0827&start=20210101&end=20241231&format=JSON",OBSERVED
2022-05-09,2022-05-09T00:00:00Z,13.0827,80.2707,30.63,1.28,C,mm/day,NASA POWER (MERRA-2),"https://power.larc.nasa.gov/api/temporal/daily/point?parameters=T2M,PRECTOTCORR&community=RE&longitude=80.2707&latitude=13.0827&start=20210101&end=20241231&format=JSON",OBSERVED
2022-05-10,2022-05-10T00:00:00Z,13.0827,80.2707,29.78,10.74,C,mm/day,NASA POWER (MERRA-2),"https://power.larc.nasa.gov/api/temporal/daily/point?parameters=T2M,PRECTOTCORR&community=RE&longitude=80.2707&latitude=13.0827&start=20210101&end=20241231&format=JSON",OBSERVED
2022-05-11,2022-05-11T00:00:00Z,13.0827,80.2707,30.39,6.44,C,mm/day,NASA POWER (MERRA-2),"https://power.larc.nasa.gov/api/temporal/daily/point?parameters=T2M,PRECTOTCORR&community=RE&longitude=80.2707&latitude=13.0827&start=20210101&end=20241231&format=JSON",OBSERVED
2022-05-12,2022-05-12T00:00:00Z,13.0827,80.2707,29.95,8.99,C,mm/day,NASA POWER (MERRA-2),"https://power.larc.nasa.gov/api/temporal/daily/point?parameters=T2M,PRECTOTCORR&community=RE&longitude=80.2707&latitude=13.0827&start=20210101&end=20241231&format=JSON",OBSERVED
2022-05-13,2022-05-13T00:00:00Z,13.0827,80.2707,28.94,1.16,C,mm/day,NASA POWER (MERRA-2),"https://power.larc.nasa.gov/api/temporal/daily/point?parameters=T2M,PRECTOTCORR&community=RE&longitude=80.2707&latitude=13.0827&start=20210101&end=20241231&format=JSON",OBSERVED
2022-05-14,2022-05-14T00:00:00Z,13.0827,80.2707,30.42,1.15,C,mm/day,NASA POWER (MERRA-2),"https://power.larc.nasa.gov/api/temporal/daily/point?parameters=T2M,PRECTOTCORR&community=RE&longitude=80.2707&latitude=13.0827&start=20210101&end=20241231&format=JSON",OBSERVED
2022-05-15,2022-05-15T00:00:00Z,13.0827,80.2707,28.6,7.5,C,mm/day,NASA POWER (MERRA-2),"https://power.larc.nasa.gov/api/temporal/daily/point?parameters=T2M,PRECTOTCORR&community=RE&longitude=80.2707&latitude=13.0827&start=20210101&end=20241231&format=JSON",OBSERVED
2022-05-16,2022-05-16T00:00:00Z,13.0827,80.2707,29.29,6.12,C,mm/day,NASA POWER (MERRA-2),"https://power.larc.nasa.gov/api/temporal/daily/point?parameters=T2M,PRECTOTCORR&community=RE&longitude=80.2707&latitude=13.0827&start=20210101&end=20241231&format=JSON",OBSERVED
2022-05-17,2022-05-17T00:00:00Z,13.0827,80.2707,29.08,2.55,C,mm/day,NASA POWER (MERRA-2),"https://power.larc.nasa.gov/api/temporal/daily/point?parameters=T2M,PRECTOTCORR&community=RE&longitude=80.2707&latitude=13.0827&start=20210101&end=20241231&format=JSON",OBSERVED
2022-05-18,2022-05-18T00:00:00Z,13.0827,80.2707,29.3,1.4,C,mm/day,NASA POWER (MERRA-2),"https://power.larc.nasa.gov/api/temporal/daily/point?parameters=T2M,PRECTOTCORR&community=RE&longitude=80.2707&latitude=13.0827&start=20210101&end=20241231&format=JSON",OBSERVED
2022-05-19,2022-05-19T00:00:00Z,13.0827,80.2707,29.28,0.45,C,mm/day,NASA POWER (MERRA-2),"https://power.larc.nasa.gov/api/temporal/daily/point?parameters=T2M,PRECTOTCORR&community=RE&longitude=80.2707&latitude=13.0827&start=20210101&end=20241231&format=JSON",OBSERVED
2022-05-20,2022-05-20T00:00:00Z,13.0827,80.2707,28.45,0.4,C,mm/day,NASA POWER (MERRA-2),"https://power.larc.nasa.gov/api/temporal/daily/point?parameters=T2M,PRECTOTCORR&community=RE&longitude=80.2707&latitude=13.0827&start=20210101&end=20241231&format=JSON",OBSERVED
2022-05-21,2022-05-21T00:00:00Z,13.0827,80.2707,30.58,0.02,C,mm/day,NASA POWER (MERRA-2),"https://power.larc.nasa.gov/api/temporal/daily/point?parameters=T2M,PRECTOTCORR&community=RE&longitude=80.2707&latitude=13.0827&start=20210101&end=20241231&format=JSON",OBSERVED
2022-05-22,2022-05-22T00:00:00Z,13.0827,80.2707,31.38,0.03,C,mm/day,NASA POWER (MERRA-2),"https://power.larc.nasa.gov/api/temporal/daily/point?parameters=T2M,PRECTOTCORR&community=RE&longitude=80.2707&latitude=13.0827&start=20210101&end=20241231&format=JSON",OBSERVED
2022-05-23,2022-05-23T00:00:00Z,13.0827,80.2707,31.94,0.01,C,mm/day,NASA POWER (MERRA-2),"https://power.larc.nasa.gov/api/temporal/daily/point?parameters=T2M,PRECTOTCORR&community=RE&longitude=80.2707&latitude=13.0827&start=20210101&end=20241231&format=JSON",OBSERVED
2022-05-24,2022-05-24T00:00:00Z,13.0827,80.2707,32.05,0.07,C,mm/day,NASA POWER (MERRA-2),"https://power.larc.nasa.gov/api/temporal/daily/point?parameters=T2M,PRECTOTCORR&community=RE&longitude=80.2707&latitude=13.0827&start=20210101&end=20241231&format=JSON",OBSERVED
2022-05-25,2022-05-25T00:00:00Z,13.0827,80.2707,31.23,2.43,C,mm/day,NASA POWER (MERRA-2),"https://power.larc.nasa.gov/api/temporal/daily/point?parameters=T2M,PRECTOTCORR&community=RE&longitude=80.2707&latitude=13.0827&start=20210101&end=20241231&format=JSON",OBSERVED
2022-05-26,2022-05-26T00:00:00Z,13.0827,80.2707,30.34,3.13,C,mm/day,NASA POWER (MERRA-2),"https://power.larc.nasa.gov/api/temporal/daily/point?parameters=T2M,PRECTOTCORR&community=RE&longitude=80.2707&latitude=13.0827&start=20210101&end=20241231&format=JSON",OBSERVED
2022-05-27,2022-05-27T00:00:00Z,13.0827,80.2707,30.33,1.93,C,mm/day,NASA POWER (MERRA-2),"https://power.larc.nasa.gov/api/temporal/daily/point?parameters=T2M,PRECTOTCORR&community=RE&longitude=80.2707&latitude=13.0827&start=20210101&end=20241231&format=JSON",OBSERVED
2022-05-28,2022-05-28T00:00:00Z,13.0827,80.2707,30.67,0.08,C,mm/day,NASA POWER (MERRA-2),"https://power.larc.nasa.gov/api/temporal/daily/point?parameters=T2M,PRECTOTCORR&community=RE&longitude=80.2707&latitude=13.0827&start=20210101&end=20241231&format=JSON",OBSERVED
2022-05-29,2022-05-29T00:00:00Z,13.0827,80.2707,30.83,0.13,C,mm/day,NASA POWER (MERRA-2),"https://power.larc.nasa.gov/api/temporal/daily/point?parameters=T2M,PRECTOTCORR&community=RE&longitude=80.2707&latitude=13.0827&start=20210101&end=20241231&format=JSON",OBSERVED
2022-05-30,2022-05-30T00:00:00Z,13.0827,80.2707,31.03,0.09,C,mm/day,NASA POWER (MERRA-2),"https://power.larc.nasa.gov/api/temporal/daily/point?parameters=T2M,PRECTOTCORR&community=RE&longitude=80.2707&latitude=13.0827&start=20210101&end=20241231&format=JSON",OBSERVED
2022-05-31,2022-05-31T00:00:00Z,13.0827,80.2707,31.0,0.03,C,mm/day,NASA POWER (MERRA-2),"https://power.larc.nasa.gov/api/temporal/daily/point?parameters=T2M,PRECTOTCORR&community=RE&longitude=80.2707&latitude=13.0827&start=20210101&end=20241231&format=JSON",OBSERVED
2022-06-01,2022-06-01T00:00:00Z,13.0827,80.2707,31.01,0.01,C,mm/day,NASA POWER (MERRA-2),"https://power.larc.nasa.gov/api/temporal/daily/point?parameters=T2M,PRECTOTCORR&community=RE&longitude=80.2707&latitude=13.0827&start=20210101&end=20241231&format=JSON",OBSERVED
2022-06-02,2022-06-02T00:00:00Z,13.0827,80.2707,31.0,0.0,C,mm/day,NASA POWER (MERRA-2),"https://power.larc.nasa.gov/api/temporal/daily/point?parameters=T2M,PRECTOTCORR&community=RE&longitude=80.2707&latitude=13.0827&start=20210101&end=20241231&format=JSON",OBSERVED
2022-06-03,2022-06-03T00:00:00Z,13.0827,80.2707,31.22,0.01,C,mm/day,NASA POWER (MERRA-2),"https://power.larc.nasa.gov/api/temporal/daily/point?parameters=T2M,PRECTOTCORR&community=RE&longitude=80.2707&latitude=13.0827&start=20210101&end=20241231&format=JSON",OBSERVED
2022-06-04,2022-06-04T00:00:00Z,13.0827,80.2707,29.71,0.01,C,mm/day,NASA POWER (MERRA-2),"https://power.larc.nasa.gov/api/temporal/daily/point?parameters=T2M,PRECTOTCORR&community=RE&longitude=80.2707&latitude=13.0827&start=20210101&end=20241231&format=JSON",OBSERVED
2022-06-05,2022-06-05T00:00:00Z,13.0827,80.2707,30.59,1.81,C,mm/day,NASA POWER (MERRA-2),"https://power.larc.nasa.gov/api/temporal/daily/point?parameters=T2M,PRECTOTCORR&community=RE&longitude=80.2707&latitude=13.0827&start=20210101&end=20241231&format=JSON",OBSERVED
2022-06-06,2022-06-06T00:00:00Z,13.0827,80.2707,29.17,3.7,C,mm/day,NASA POWER (MERRA-2),"https://power.larc.nasa.gov/api/temporal/daily/point?parameters=T2M,PRECTOTCORR&community=RE&longitude=80.2707&latitude=13.0827&start=20210101&end=20241231&format=JSON",OBSERVED
2022-06-07,2022-06-07T00:00:00Z,13.0827,80.2707,29.96,2.57,C,mm/day,NASA POWER (MERRA-2),"https://power.larc.nasa.gov/api/temporal/daily/point?parameters=T2M,PRECTOTCORR&community=RE&longitude=80.2707&latitude=13.0827&start=20210101&end=20241231&format=JSON",OBSERVED
2022-06-08,2022-06-08T00:00:00Z,13.0827,80.2707,30.65,0.38,C,mm/day,NASA POWER (MERRA-2),"https://power.larc.nasa.gov/api/temporal/daily/point?parameters=T2M,PRECTOTCORR&community=RE&longitude=80.2707&latitude=13.0827&start=20210101&end=20241231&format=JSON",OBSERVED
2022-06-09,2022-06-09T00:00:00Z,13.0827,80.2707,30.33,0.26,C,mm/day,NASA POWER (MERRA-2),"https://power.larc.nasa.gov/api/temporal/daily/point?parameters=T2M,PRECTOTCORR&community=RE&longitude=80.2707&latitude=13.0827&start=20210101&end=20241231&format=JSON",OBSERVED
2022-06-10,2022-06-10T00:00:00Z,13.0827,80.2707,30.45,0.21,C,mm/day,NASA POWER (MERRA-2),"https://power.larc.nasa.gov/api/temporal/daily/point?parameters=T2M,PRECTOTCORR&community=RE&longitude=80.2707&latitude=13.0827&start=20210101&end=20241231&format=JSON",OBSERVED
2022-06-11,2022-06-11T00:00:00Z,13.0827,80.2707,30.27,1.31,C,mm/day,NASA POWER (MERRA-2),"https://power.larc.nasa.gov/api/temporal/daily/point?parameters=T2M,PRECTOTCORR&community=RE&longitude=80.2707&latitude=13.0827&start=20210101&end=20241231&format=JSON",OBSERVED
2022-06-12,2022-06-12T00:00:00Z,13.0827,80.2707,30.7,1.97,C,mm/day,NASA POWER (MERRA-2),"https://power.larc.nasa.gov/api/temporal/daily/point?parameters=T2M,PRECTOTCORR&community=RE&longitude=80.2707&latitude=13.0827&start=20210101&end=20241231&format=JSON",OBSERVED
2022-06-13,2022-06-13T00:00:00Z,13.0827,80.2707,30.57,1.48,C,mm/day,NASA POWER (MERRA-2),"https://power.larc.nasa.gov/api/temporal/daily/point?parameters=T2M,PRECTOTCORR&community=RE&longitude=80.2707&latitude=13.0827&start=20210101&end=20241231&format=JSON",OBSERVED
2022-06-14,2022-06-14T00:00:00Z,13.0827,80.2707,30.66,1.54,C,mm/day,NASA POWER (MERRA-2),"https://power.larc.nasa.gov/api/temporal/daily/point?parameters=T2M,PRECTOTCORR&community=RE&longitude=80.2707&latitude=13.0827&start=20210101&end=20241231&format=JSON",OBSERVED
2022-06-15,2022-06-15T00:00:00Z,13.0827,80.2707,29.77,8.16,C,mm/day,NASA POWER (MERRA-2),"https://power.larc.nasa.gov/api/temporal/daily/point?parameters=T2M,PRECTOTCORR&community=RE&longitude=80.2707&latitude=13.0827&start=20210101&end=20241231&format=JSON",OBSERVED
2022-06-16,2022-06-16T00:00:00Z,13.0827,80.2707,28.98,8.64,C,mm/day,NASA POWER (MERRA-2),"https://power.larc.nasa.gov/api/temporal/daily/point?parameters=T2M,PRECTOTCORR&community=RE&longitude=80.2707&latitude=13.0827&start=20210101&end=20241231&format=JSON",OBSERVED
2022-06-17,2022-06-17T00:00:00Z,13.0827,80.2707,29.22,7.47,C,mm/day,NASA POWER (MERRA-2),"https://power.larc.nasa.gov/api/temporal/daily/point?parameters=T2M,PRECTOTCORR&community=RE&longitude=80.2707&latitude=13.0827&start=20210101&end=20241231&format=JSON",OBSERVED
2022-06-18,2022-06-18T00:00:00Z,13.0827,80.2707,29.32,4.74,C,mm/day,NASA POWER (MERRA-2),"https://power.larc.nasa.gov/api/temporal/daily/point?parameters=T2M,PRECTOTCORR&community=RE&longitude=80.2707&latitude=13.0827&start=20210101&end=20241231&format=JSON",OBSERVED
2022-06-19,2022-06-19T00:00:00Z,13.0827,80.2707,28.87,28.85,C,mm/day,NASA POWER (MERRA-2),"https://power.larc.nasa.gov/api/temporal/daily/point?parameters=T2M,PRECTOTCORR&community=RE&longitude=80.2707&latitude=13.0827&start=20210101&end=20241231&format=JSON",OBSERVED
2022-06-20,2022-06-20T00:00:00Z,13.0827,80.2707,28.7,18.31,C,mm/day,NASA POWER (MERRA-2),"https://power.larc.nasa.gov/api/temporal/daily/point?parameters=T2M,PRECTOTCORR&community=RE&longitude=80.2707&latitude=13.0827&start=20210101&end=20241231&format=JSON",OBSERVED
2022-06-21,2022-06-21T00:00:00Z,13.0827,80.2707,28.77,23.54,C,mm/day,NASA POWER (MERRA-2),"https://power.larc.nasa.gov/api/temporal/daily/point?parameters=T2M,PRECTOTCORR&community=RE&longitude=80.2707&latitude=13.0827&start=20210101&end=20241231&format=JSON",OBSERVED
2022-06-22,2022-06-22T00:00:00Z,13.0827,80.2707,28.39,9.51,C,mm/day,NASA POWER (MERRA-2),"https://power.larc.nasa.gov/api/temporal/daily/point?parameters=T2M,PRECTOTCORR&community=RE&longitude=80.2707&latitude=13.0827&start=20210101&end=20241231&format=JSON",OBSERVED
2022-06-23,2022-06-23T00:00:00Z,13.0827,80.2707,28.65,3.63,C,mm/day,NASA POWER (MERRA-2),"https://power.larc.nasa.gov/api/temporal/daily/point?parameters=T2M,PRECTOTCORR&community=RE&longitude=80.2707&latitude=13.0827&start=20210101&end=20241231&format=JSON",OBSERVED
2022-06-24,2022-06-24T00:00:00Z,13.0827,80.2707,28.98,2.55,C,mm/day,NASA POWER (MERRA-2),"https://power.larc.nasa.gov/api/temporal/daily/point?parameters=T2M,PRECTOTCORR&community=RE&longitude=80.2707&latitude=13.0827&start=20210101&end=20241231&format=JSON",OBSERVED
2022-06-25,2022-06-25T00:00:00Z,13.0827,80.2707,28.63,1.99,C,mm/day,NASA POWER (MERRA-2),"https://power.larc.nasa.gov/api/temporal/daily/point?parameters=T2M,PRECTOTCORR&community=RE&longitude=80.2707&latitude=13.0827&start=20210101&end=20241231&format=JSON",OBSERVED
2022-06-26,2022-06-26T00:00:00Z,13.0827,80.2707,28.93,0.65,C,mm/day,NASA POWER (MERRA-2),"https://power.larc.nasa.gov/api/temporal/daily/point?parameters=T2M,PRECTOTCORR&community=RE&longitude=80.2707&latitude=13.0827&start=20210101&end=20241231&format=JSON",OBSERVED
2022-06-27,2022-06-27T00:00:00Z,13.0827,80.2707,29.62,2.44,C,mm/day,NASA POWER (MERRA-2),"https://power.larc.nasa.gov/api/temporal/daily/point?parameters=T2M,PRECTOTCORR&community=RE&longitude=80.2707&latitude=13.0827&start=20210101&end=20241231&format=JSON",OBSERVED
2022-06-28,2022-06-28T00:00:00Z,13.0827,80.2707,30.28,2.59,C,mm/day,NASA POWER (MERRA-2),"https://power.larc.nasa.gov/api/temporal/daily/point?parameters=T2M,PRECTOTCORR&community=RE&longitude=80.2707&latitude=13.0827&start=20210101&end=20241231&format=JSON",OBSERVED
2022-06-29,2022-06-29T00:00:00Z,13.0827,80.2707,30.59,5.16,C,mm/day,NASA POWER (MERRA-2),"https://power.larc.nasa.gov/api/temporal/daily/point?parameters=T2M,PRECTOTCORR&community=RE&longitude=80.2707&latitude=13.0827&start=20210101&end=20241231&format=JSON",OBSERVED
2022-06-30,2022-06-30T00:00:00Z,13.0827,80.2707,30.0,5.14,C,mm/day,NASA POWER (MERRA-2),"https://power.larc.nasa.gov/api/temporal/daily/point?parameters=T2M,PRECTOTCORR&community=RE&longitude=80.2707&latitude=13.0827&start=20210101&end=20241231&format=JSON",OBSERVED
2022-07-01,2022-07-01T00:00:00Z,13.0827,80.2707,29.98,4.5,C,mm/day,NASA POWER (MERRA-2),"https://power.larc.nasa.gov/api/temporal/daily/point?parameters=T2M,PRECTOTCORR&community=RE&longitude=80.2707&latitude=13.0827&start=20210101&end=20241231&format=JSON",OBSERVED
2022-07-02,2022-07-02T00:00:00Z,13.0827,80.2707,29.85,3.0,C,mm/day,NASA POWER (MERRA-2),"https://power.larc.nasa.gov/api/temporal/daily/point?parameters=T2M,PRECTOTCORR&community=RE&longitude=80.2707&latitude=13.0827&start=20210101&end=20241231&format=JSON",OBSERVED
2022-07-03,2022-07-03T00:00:00Z,13.0827,80.2707,29.55,3.04,C,mm/day,NASA POWER (MERRA-2),"https://power.larc.nasa.gov/api/temporal/daily/point?parameters=T2M,PRECTOTCORR&community=RE&longitude=80.2707&latitude=13.0827&start=20210101&end=20241231&format=JSON",OBSERVED
2022-07-04,2022-07-04T00:00:00Z,13.0827,80.2707,29.68,3.24,C,mm/day,NASA POWER (MERRA-2),"https://power.larc.nasa.gov/api/temporal/daily/point?parameters=T2M,PRECTOTCORR&community=RE&longitude=80.2707&latitude=13.0827&start=20210101&end=20241231&format=JSON",OBSERVED
2022-07-05,2022-07-05T00:00:00Z,13.0827,80.2707,28.93,6.45,C,mm/day,NASA POWER (MERRA-2),"https://power.larc.nasa.gov/api/temporal/daily/point?parameters=T2M,PRECTOTCORR&community=RE&longitude=80.2707&latitude=13.0827&start=20210101&end=20241231&format=JSON",OBSERVED
2022-07-06,2022-07-06T00:00:00Z,13.0827,80.2707,28.77,4.59,C,mm/day,NASA POWER (MERRA-2),"https://power.larc.nasa.gov/api/temporal/daily/point?parameters=T2M,PRECTOTCORR&community=RE&longitude=80.2707&latitude=13.0827&start=20210101&end=20241231&format=JSON",OBSERVED
2022-07-07,2022-07-07T00:00:00Z,13.0827,80.2707,28.59,1.75,C,mm/day,NASA POWER (MERRA-2),"https://power.larc.nasa.gov/api/temporal/daily/point?parameters=T2M,PRECTOTCORR&community=RE&longitude=80.2707&latitude=13.0827&start=20210101&end=20241231&format=JSON",OBSERVED
2022-07-08,2022-07-08T00:00:00Z,13.0827,80.2707,28.96,3.76,C,mm/day,NASA POWER (MERRA-2),"https://power.larc.nasa.gov/api/temporal/daily/point?parameters=T2M,PRECTOTCORR&community=RE&longitude=80.2707&latitude=13.0827&start=20210101&end=20241231&format=JSON",OBSERVED
2022-07-09,2022-07-09T00:00:00Z,13.0827,80.2707,29.07,2.01,C,mm/day,NASA POWER (MERRA-2),"https://power.larc.nasa.gov/api/temporal/daily/point?parameters=T2M,PRECTOTCORR&community=RE&longitude=80.2707&latitude=13.0827&start=20210101&end=20241231&format=JSON",OBSERVED
2022-07-10,2022-07-10T00:00:00Z,13.0827,80.2707,29.1,2.79,C,mm/day,NASA POWER (MERRA-2),"https://power.larc.nasa.gov/api/temporal/daily/point?parameters=T2M,PRECTOTCORR&community=RE&longitude=80.2707&latitude=13.0827&start=20210101&end=20241231&format=JSON",OBSERVED
2022-07-11,2022-07-11T00:00:00Z,13.0827,80.2707,29.27,1.15,C,mm/day,NASA POWER (MERRA-2),"https://power.larc.nasa.gov/api/temporal/daily/point?parameters=T2M,PRECTOTCORR&community=RE&longitude=80.2707&latitude=13.0827&start=20210101&end=20241231&format=JSON",OBSERVED
2022-07-12,2022-07-12T00:00:00Z,13.0827,80.2707,29.38,1.38,C,mm/day,NASA POWER (MERRA-2),"https://power.larc.nasa.gov/api/temporal/daily/point?parameters=T2M,PRECTOTCORR&community=RE&longitude=80.2707&latitude=13.0827&start=20210101&end=20241231&format=JSON",OBSERVED
2022-07-13,2022-07-13T00:00:00Z,13.0827,80.2707,29.21,2.29,C,mm/day,NASA POWER (MERRA-2),"https://power.larc.nasa.gov/api/temporal/daily/point?parameters=T2M,PRECTOTCORR&community=RE&longitude=80.2707&latitude=13.0827&start=20210101&end=20241231&format=JSON",OBSERVED
2022-07-14,2022-07-14T00:00:00Z,13.0827,80.2707,29.52,0.31,C,mm/day,NASA POWER (MERRA-2),"https://power.larc.nasa.gov/api/temporal/daily/point?parameters=T2M,PRECTOTCORR&community=RE&longitude=80.2707&latitude=13.0827&start=20210101&end=20241231&format=JSON",OBSERVED
2022-07-15,2022-07-15T00:00:00Z,13.0827,80.2707,29.92,0.09,C,mm/day,NASA POWER (MERRA-2),"https://power.larc.nasa.gov/api/temporal/daily/point?parameters=T2M,PRECTOTCORR&community=RE&longitude=80.2707&latitude=13.0827&start=20210101&end=20241231&format=JSON",OBSERVED
2022-07-16,2022-07-16T00:00:00Z,13.0827,80.2707,29.97,5.09,C,mm/day,NASA POWER (MERRA-2),"https://power.larc.nasa.gov/api/temporal/daily/point?parameters=T2M,PRECTOTCORR&community=RE&longitude=80.2707&latitude=13.0827&start=20210101&end=20241231&format=JSON",OBSERVED
2022-07-17,2022-07-17T00:00:00Z,13.0827,80.2707,29.51,9.42,C,mm/day,NASA POWER (MERRA-2),"https://power.larc.nasa.gov/api/temporal/daily/point?parameters=T2M,PRECTOTCORR&community=RE&longitude=80.2707&latitude=13.0827&start=20210101&end=20241231&format=JSON",OBSERVED
2022-07-18,2022-07-18T00:00:00Z,13.0827,80.2707,28.48,2.0,C,mm/day,NASA POWER (MERRA-2),"https://power.larc.nasa.gov/api/temporal/daily/point?parameters=T2M,PRECTOTCORR&community=RE&longitude=80.2707&latitude=13.0827&start=20210101&end=20241231&format=JSON",OBSERVED
2022-07-19,2022-07-19T00:00:00Z,13.0827,80.2707,29.5,0.94,C,mm/day,NASA POWER (MERRA-2),"https://power.larc.nasa.gov/api/temporal/daily/point?parameters=T2M,PRECTOTCORR&community=RE&longitude=80.2707&latitude=13.0827&start=20210101&end=20241231&format=JSON",OBSERVED
2022-07-20,2022-07-20T00:00:00Z,13.0827,80.2707,28.94,10.14,C,mm/day,NASA POWER (MERRA-2),"https://power.larc.nasa.gov/api/temporal/daily/point?parameters=T2M,PRECTOTCORR&community=RE&longitude=80.2707&latitude=13.0827&start=20210101&end=20241231&format=JSON",OBSERVED
2022-07-21,2022-07-21T00:00:00Z,13.0827,80.2707,28.65,5.89,C,mm/day,NASA POWER (MERRA-2),"https://power.larc.nasa.gov/api/temporal/daily/point?parameters=T2M,PRECTOTCORR&community=RE&longitude=80.2707&latitude=13.0827&start=20210101&end=20241231&format=JSON",OBSERVED
2022-07-22,2022-07-22T00:00:00Z,13.0827,80.2707,27.1,15.58,C,mm/day,NASA POWER (MERRA-2),"https://power.larc.nasa.gov/api/temporal/daily/point?parameters=T2M,PRECTOTCORR&community=RE&longitude=80.2707&latitude=13.0827&start=20210101&end=20241231&format=JSON",OBSERVED
2022-07-23,2022-07-23T00:00:00Z,13.0827,80.2707,28.68,1.46,C,mm/day,NASA POWER (MERRA-2),"https://power.larc.nasa.gov/api/temporal/daily/point?parameters=T2M,PRECTOTCORR&community=RE&longitude=80.2707&latitude=13.0827&start=20210101&end=20241231&format=JSON",OBSERVED
2022-07-24,2022-07-24T00:00:00Z,13.0827,80.2707,28.71,3.4,C,mm/day,NASA POWER (MERRA-2),"https://power.larc.nasa.gov/api/temporal/daily/point?parameters=T2M,PRECTOTCORR&community=RE&longitude=80.2707&latitude=13.0827&start=20210101&end=20241231&format=JSON",OBSERVED
2022-07-25,2022-07-25T00:00:00Z,13.0827,80.2707,28.45,3.46,C,mm/day,NASA POWER (MERRA-2),"https://power.larc.nasa.gov/api/temporal/daily/point?parameters=T2M,PRECTOTCORR&community=RE&longitude=80.2707&latitude=13.0827&start=20210101&end=20241231&format=JSON",OBSERVED
2022-07-26,2022-07-26T00:00:00Z,13.0827,80.2707,27.11,7.74,C,mm/day,NASA POWER (MERRA-2),"https://power.larc.nasa.gov/api/temporal/daily/point?parameters=T2M,PRECTOTCORR&community=RE&longitude=80.2707&latitude=13.0827&start=20210101&end=20241231&format=JSON",OBSERVED
2022-07-27,2022-07-27T00:00:00Z,13.0827,80.2707,27.76,0.2,C,mm/day,NASA POWER (MERRA-2),"https://power.larc.nasa.gov/api/temporal/daily/point?parameters=T2M,PRECTOTCORR&community=RE&longitude=80.2707&latitude=13.0827&start=20210101&end=20241231&format=JSON",OBSERVED
2022-07-28,2022-07-28T00:00:00Z,13.0827,80.2707,28.1,0.75,C,mm/day,NASA POWER (MERRA-2),"https://power.larc.nasa.gov/api/temporal/daily/point?parameters=T2M,PRECTOTCORR&community=RE&longitude=80.2707&latitude=13.0827&start=20210101&end=20241231&format=JSON",OBSERVED
2022-07-29,2022-07-29T00:00:00Z,13.0827,80.2707,28.49,0.73,C,mm/day,NASA POWER (MERRA-2),"https://power.larc.nasa.gov/api/temporal/daily/point?parameters=T2M,PRECTOTCORR&community=RE&longitude=80.2707&latitude=13.0827&start=20210101&end=20241231&format=JSON",OBSERVED
2022-07-30,2022-07-30T00:00:00Z,13.0827,80.2707,29.21,1.37,C,mm/day,NASA POWER (MERRA-2),"https://power.larc.nasa.gov/api/temporal/daily/point?parameters=T2M,PRECTOTCORR&community=RE&longitude=80.2707&latitude=13.0827&start=20210101&end=20241231&format=JSON",OBSERVED
2022-07-31,2022-07-31T00:00:00Z,13.0827,80.2707,28.87,4.17,C,mm/day,NASA POWER (MERRA-2),"https://power.larc.nasa.gov/api/temporal/daily/point?parameters=T2M,PRECTOTCORR&community=RE&longitude=80.2707&latitude=13.0827&start=20210101&end=20241231&format=JSON",OBSERVED
2022-08-01,2022-08-01T00:00:00Z,13.0827,80.2707,29.2,8.36,C,mm/day,NASA POWER (MERRA-2),"https://power.larc.nasa.gov/api/temporal/daily/point?parameters=T2M,PRECTOTCORR&community=RE&longitude=80.2707&latitude=13.0827&start=20210101&end=20241231&format=JSON",OBSERVED
2022-08-02,2022-08-02T00:00:00Z,13.0827,80.2707,29.35,6.98,C,mm/day,NASA POWER (MERRA-2),"https://power.larc.nasa.gov/api/temporal/daily/point?parameters=T2M,PRECTOTCORR&community=RE&longitude=80.2707&latitude=13.0827&start=20210101&end=20241231&format=JSON",OBSERVED
2022-08-03,2022-08-03T00:00:00Z,13.0827,80.2707,27.64,14.47,C,mm/day,NASA POWER (MERRA-2),"https://power.larc.nasa.gov/api/temporal/daily/point?parameters=T2M,PRECTOTCORR&community=RE&longitude=80.2707&latitude=13.0827&start=20210101&end=20241231&format=JSON",OBSERVED
2022-08-04,2022-08-04T00:00:00Z,13.0827,80.2707,27.68,6.52,C,mm/day,NASA POWER (MERRA-2),"https://power.larc.nasa.gov/api/temporal/daily/point?parameters=T2M,PRECTOTCORR&community=RE&longitude=80.2707&latitude=13.0827&start=20210101&end=20241231&format=JSON",OBSERVED
2022-08-05,2022-08-05T00:00:00Z,13.0827,80.2707,28.33,3.08,C,mm/day,NASA POWER (MERRA-2),"https://power.larc.nasa.gov/api/temporal/daily/point?parameters=T2M,PRECTOTCORR&community=RE&longitude=80.2707&latitude=13.0827&start=20210101&end=20241231&format=JSON",OBSERVED
2022-08-06,2022-08-06T00:00:00Z,13.0827,80.2707,27.99,1.04,C,mm/day,NASA POWER (MERRA-2),"https://power.larc.nasa.gov/api/temporal/daily/point?parameters=T2M,PRECTOTCORR&community=RE&longitude=80.2707&latitude=13.0827&start=20210101&end=20241231&format=JSON",OBSERVED
2022-08-07,2022-08-07T00:00:00Z,13.0827,80.2707,28.1,0.62,C,mm/day,NASA POWER (MERRA-2),"https://power.larc.nasa.gov/api/temporal/daily/point?parameters=T2M,PRECTOTCORR&community=RE&longitude=80.2707&latitude=13.0827&start=20210101&end=20241231&format=JSON",OBSERVED
2022-08-08,2022-08-08T00:00:00Z,13.0827,80.2707,28.31,0.33,C,mm/day,NASA POWER (MERRA-2),"https://power.larc.nasa.gov/api/temporal/daily/point?parameters=T2M,PRECTOTCORR&community=RE&longitude=80.2707&latitude=13.0827&start=20210101&end=20241231&format=JSON",OBSERVED
2022-08-09,2022-08-09T00:00:00Z,13.0827,80.2707,28.67,0.02,C,mm/day,NASA POWER (MERRA-2),"https://power.larc.nasa.gov/api/temporal/daily/point?parameters=T2M,PRECTOTCORR&community=RE&longitude=80.2707&latitude=13.0827&start=20210101&end=20241231&format=JSON",OBSERVED
2022-08-10,2022-08-10T00:00:00Z,13.0827,80.2707,28.89,0.0,C,mm/day,NASA POWER (MERRA-2),"https://power.larc.nasa.gov/api/temporal/daily/point?parameters=T2M,PRECTOTCORR&community=RE&longitude=80.2707&latitude=13.0827&start=20210101&end=20241231&format=JSON",OBSERVED
2022-08-11,2022-08-11T00:00:00Z,13.0827,80.2707,29.22,0.02,C,mm/day,NASA POWER (MERRA-2),"https://power.larc.nasa.gov/api/temporal/daily/point?parameters=T2M,PRECTOTCORR&community=RE&longitude=80.2707&latitude=13.0827&start=20210101&end=20241231&format=JSON",OBSERVED
2022-08-12,2022-08-12T00:00:00Z,13.0827,80.2707,29.83,0.02,C,mm/day,NASA POWER (MERRA-2),"https://power.larc.nasa.gov/api/temporal/daily/point?parameters=T2M,PRECTOTCORR&community=RE&longitude=80.2707&latitude=13.0827&start=20210101&end=20241231&format=JSON",OBSERVED
2022-08-13,2022-08-13T00:00:00Z,13.0827,80.2707,29.28,0.04,C,mm/day,NASA POWER (MERRA-2),"https://power.larc.nasa.gov/api/temporal/daily/point?parameters=T2M,PRECTOTCORR&community=RE&longitude=80.2707&latitude=13.0827&start=20210101&end=20241231&format=JSON",OBSERVED
2022-08-14,2022-08-14T00:00:00Z,13.0827,80.2707,29.8,0.02,C,mm/day,NASA POWER (MERRA-2),"https://power.larc.nasa.gov/api/temporal/daily/point?parameters=T2M,PRECTOTCORR&community=RE&longitude=80.2707&latitude=13.0827&start=20210101&end=20241231&format=JSON",OBSERVED
2022-08-15,2022-08-15T00:00:00Z,13.0827,80.2707,29.36,2.09,C,mm/day,NASA POWER (MERRA-2),"https://power.larc.nasa.gov/api/temporal/daily/point?parameters=T2M,PRECTOTCORR&community=RE&longitude=80.2707&latitude=13.0827&start=20210101&end=20241231&format=JSON",OBSERVED
2022-08-16,2022-08-16T00:00:00Z,13.0827,80.2707,28.55,8.22,C,mm/day,NASA POWER (MERRA-2),"https://power.larc.nasa.gov/api/temporal/daily/point?parameters=T2M,PRECTOTCORR&community=RE&longitude=80.2707&latitude=13.0827&start=20210101&end=20241231&format=JSON",OBSERVED
2022-08-17,2022-08-17T00:00:00Z,13.0827,80.2707,27.3,8.62,C,mm/day,NASA POWER (MERRA-2),"https://power.larc.nasa.gov/api/temporal/daily/point?parameters=T2M,PRECTOTCORR&community=RE&longitude=80.2707&latitude=13.0827&start=20210101&end=20241231&format=JSON",OBSERVED
2022-08-18,2022-08-18T00:00:00Z,13.0827,80.2707,28.0,4.21,C,mm/day,NASA POWER (MERRA-2),"https://power.larc.nasa.gov/api/temporal/daily/point?parameters=T2M,PRECTOTCORR&community=RE&longitude=80.2707&latitude=13.0827&start=20210101&end=20241231&format=JSON",OBSERVED
2022-08-19,2022-08-19T00:00:00Z,13.0827,80.2707,27.74,4.58,C,mm/day,NASA POWER (MERRA-2),"https://power.larc.nasa.gov/api/temporal/daily/point?parameters=T2M,PRECTOTCORR&community=RE&longitude=80.2707&latitude=13.0827&start=20210101&end=20241231&format=JSON",OBSERVED
2022-08-20,2022-08-20T00:00:00Z,13.0827,80.2707,29.32,1.33,C,mm/day,NASA POWER (MERRA-2),"https://power.larc.nasa.gov/api/temporal/daily/point?parameters=T2M,PRECTOTCORR&community=RE&longitude=80.2707&latitude=13.0827&start=20210101&end=20241231&format=JSON",OBSERVED
2022-08-21,2022-08-21T00:00:00Z,13.0827,80.2707,29.3,9.65,C,mm/day,NASA POWER (MERRA-2),"https://power.larc.nasa.gov/api/temporal/daily/point?parameters=T2M,PRECTOTCORR&community=RE&longitude=80.2707&latitude=13.0827&start=20210101&end=20241231&format=JSON",OBSERVED
2022-08-22,2022-08-22T00:00:00Z,13.0827,80.2707,29.01,10.86,C,mm/day,NASA POWER (MERRA-2),"https://power.larc.nasa.gov/api/temporal/daily/point?parameters=T2M,PRECTOTCORR&community=RE&longitude=80.2707&latitude=13.0827&start=20210101&end=20241231&format=JSON",OBSERVED
2022-08-23,2022-08-23T00:00:00Z,13.0827,80.2707,29.32,21.98,C,mm/day,NASA POWER (MERRA-2),"https://power.larc.nasa.gov/api/temporal/daily/point?parameters=T2M,PRECTOTCORR&community=RE&longitude=80.2707&latitude=13.0827&start=20210101&end=20241231&format=JSON",OBSERVED
2022-08-24,2022-08-24T00:00:00Z,13.0827,80.2707,27.76,9.93,C,mm/day,NASA POWER (MERRA-2),"https://power.larc.nasa.gov/api/temporal/daily/point?parameters=T2M,PRECTOTCORR&community=RE&longitude=80.2707&latitude=13.0827&start=20210101&end=20241231&format=JSON",OBSERVED
2022-08-25,2022-08-25T00:00:00Z,13.0827,80.2707,28.38,9.94,C,mm/day,NASA POWER (MERRA-2),"https://power.larc.nasa.gov/api/temporal/daily/point?parameters=T2M,PRECTOTCORR&community=RE&longitude=80.2707&latitude=13.0827&start=20210101&end=20241231&format=JSON",OBSERVED
2022-08-26,2022-08-26T00:00:00Z,13.0827,80.2707,27.11,12.99,C,mm/day,NASA POWER (MERRA-2),"https://power.larc.nasa.gov/api/temporal/daily/point?parameters=T2M,PRECTOTCORR&community=RE&longitude=80.2707&latitude=13.0827&start=20210101&end=20241231&format=JSON",OBSERVED
2022-08-27,2022-08-27T00:00:00Z,13.0827,80.2707,27.81,12.65,C,mm/day,NASA POWER (MERRA-2),"https://power.larc.nasa.gov/api/temporal/daily/point?parameters=T2M,PRECTOTCORR&community=RE&longitude=80.2707&latitude=13.0827&start=20210101&end=20241231&format=JSON",OBSERVED
2022-08-28,2022-08-28T00:00:00Z,13.0827,80.2707,28.01,8.91,C,mm/day,NASA POWER (MERRA-2),"https://power.larc.nasa.gov/api/temporal/daily/point?parameters=T2M,PRECTOTCORR&community=RE&longitude=80.2707&latitude=13.0827&start=20210101&end=20241231&format=JSON",OBSERVED
2022-08-29,2022-08-29T00:00:00Z,13.0827,80.2707,27.93,9.02,C,mm/day,NASA POWER (MERRA-2),"https://power.larc.nasa.gov/api/temporal/daily/point?parameters=T2M,PRECTOTCORR&community=RE&longitude=80.2707&latitude=13.0827&start=20210101&end=20241231&format=JSON",OBSERVED
2022-08-30,2022-08-30T00:00:00Z,13.0827,80.2707,28.09,1.29,C,mm/day,NASA POWER (MERRA-2),"https://power.larc.nasa.gov/api/temporal/daily/point?parameters=T2M,PRECTOTCORR&community=RE&longitude=80.2707&latitude=13.0827&start=20210101&end=20241231&format=JSON",OBSERVED
2022-08-31,2022-08-31T00:00:00Z,13.0827,80.2707,27.45,10.69,C,mm/day,NASA POWER (MERRA-2),"https://power.larc.nasa.gov/api/temporal/daily/point?parameters=T2M,PRECTOTCORR&community=RE&longitude=80.2707&latitude=13.0827&start=20210101&end=20241231&format=JSON",OBSERVED
2022-09-01,2022-09-01T00:00:00Z,13.0827,80.2707,27.5,12.54,C,mm/day,NASA POWER (MERRA-2),"https://power.larc.nasa.gov/api/temporal/daily/point?parameters=T2M,PRECTOTCORR&community=RE&longitude=80.2707&latitude=13.0827&start=20210101&end=20241231&format=JSON",OBSERVED
2022-09-02,2022-09-02T00:00:00Z,13.0827,80.2707,27.39,2.58,C,mm/day,NASA POWER (MERRA-2),"https://power.larc.nasa.gov/api/temporal/daily/point?parameters=T2M,PRECTOTCORR&community=RE&longitude=80.2707&latitude=13.0827&start=20210101&end=20241231&format=JSON",OBSERVED
2022-09-03,2022-09-03T00:00:00Z,13.0827,80.2707,28.13,0.26,C,mm/day,NASA POWER (MERRA-2),"https://power.larc.nasa.gov/api/temporal/daily/point?parameters=T2M,PRECTOTCORR&community=RE&longitude=80.2707&latitude=13.0827&start=20210101&end=20241231&format=JSON",OBSERVED
2022-09-04,2022-09-04T00:00:00Z,13.0827,80.2707,28.06,1.19,C,mm/day,NASA POWER (MERRA-2),"https://power.larc.nasa.gov/api/temporal/daily/point?parameters=T2M,PRECTOTCORR&community=RE&longitude=80.2707&latitude=13.0827&start=20210101&end=20241231&format=JSON",OBSERVED
2022-09-05,2022-09-05T00:00:00Z,13.0827,80.2707,28.31,0.73,C,mm/day,NASA POWER (MERRA-2),"https://power.larc.nasa.gov/api/temporal/daily/point?parameters=T2M,PRECTOTCORR&community=RE&longitude=80.2707&latitude=13.0827&start=20210101&end=20241231&format=JSON",OBSERVED
2022-09-06,2022-09-06T00:00:00Z,13.0827,80.2707,28.18,11.67,C,mm/day,NASA POWER (MERRA-2),"https://power.larc.nasa.gov/api/temporal/daily/point?parameters=T2M,PRECTOTCORR&community=RE&longitude=80.2707&latitude=13.0827&start=20210101&end=20241231&format=JSON",OBSERVED
2022-09-07,2022-09-07T00:00:00Z,13.0827,80.2707,27.52,2.75,C,mm/day,NASA POWER (MERRA-2),"https://power.larc.nasa.gov/api/temporal/daily/point?parameters=T2M,PRECTOTCORR&community=RE&longitude=80.2707&latitude=13.0827&start=20210101&end=20241231&format=JSON",OBSERVED
2022-09-08,2022-09-08T00:00:00Z,13.0827,80.2707,26.86,6.67,C,mm/day,NASA POWER (MERRA-2),"https://power.larc.nasa.gov/api/temporal/daily/point?parameters=T2M,PRECTOTCORR&community=RE&longitude=80.2707&latitude=13.0827&start=20210101&end=20241231&format=JSON",OBSERVED
2022-09-09,2022-09-09T00:00:00Z,13.0827,80.2707,28.32,1.36,C,mm/day,NASA POWER (MERRA-2),"https://power.larc.nasa.gov/api/temporal/daily/point?parameters=T2M,PRECTOTCORR&community=RE&longitude=80.2707&latitude=13.0827&start=20210101&end=20241231&format=JSON",OBSERVED
2022-09-10,2022-09-10T00:00:00Z,13.0827,80.2707,28.27,1.35,C,mm/day,NASA POWER (MERRA-2),"https://power.larc.nasa.gov/api/temporal/daily/point?parameters=T2M,PRECTOTCORR&community=RE&longitude=80.2707&latitude=13.0827&start=20210101&end=20241231&format=JSON",OBSERVED
2022-09-11,2022-09-11T00:00:00Z,13.0827,80.2707,28.06,0.42,C,mm/day,NASA POWER (MERRA-2),"https://power.larc.nasa.gov/api/temporal/daily/point?parameters=T2M,PRECTOTCORR&community=RE&longitude=80.2707&latitude=13.0827&start=20210101&end=20241231&format=JSON",OBSERVED
2022-09-12,2022-09-12T00:00:00Z,13.0827,80.2707,27.93,0.11,C,mm/day,NASA POWER (MERRA-2),"https://power.larc.nasa.gov/api/temporal/daily/point?parameters=T2M,PRECTOTCORR&community=RE&longitude=80.2707&latitude=13.0827&start=20210101&end=20241231&format=JSON",OBSERVED
2022-09-13,2022-09-13T00:00:00Z,13.0827,80.2707,28.29,0.17,C,mm/day,NASA POWER (MERRA-2),"https://power.larc.nasa.gov/api/temporal/daily/point?parameters=T2M,PRECTOTCORR&community=RE&longitude=80.2707&latitude=13.0827&start=20210101&end=20241231&format=JSON",OBSERVED
2022-09-14,2022-09-14T00:00:00Z,13.0827,80.2707,28.57,1.25,C,mm/day,NASA POWER (MERRA-2),"https://power.larc.nasa.gov/api/temporal/daily/point?parameters=T2M,PRECTOTCORR&community=RE&longitude=80.2707&latitude=13.0827&start=20210101&end=20241231&format=JSON",OBSERVED
2022-09-15,2022-09-15T00:00:00Z,13.0827,80.2707,27.11,2.04,C,mm/day,NASA POWER (MERRA-2),"https://power.larc.nasa.gov/api/temporal/daily/point?parameters=T2M,PRECTOTCORR&community=RE&longitude=80.2707&latitude=13.0827&start=20210101&end=20241231&format=JSON",OBSERVED
2022-09-16,2022-09-16T00:00:00Z,13.0827,80.2707,28.16,1.29,C,mm/day,NASA POWER (MERRA-2),"https://power.larc.nasa.gov/api/temporal/daily/point?parameters=T2M,PRECTOTCORR&community=RE&longitude=80.2707&latitude=13.0827&start=20210101&end=20241231&format=JSON",OBSERVED
2022-09-17,2022-09-17T00:00:00Z,13.0827,80.2707,28.64,2.85,C,mm/day,NASA POWER (MERRA-2),"https://power.larc.nasa.gov/api/temporal/daily/point?parameters=T2M,PRECTOTCORR&community=RE&longitude=80.2707&latitude=13.0827&start=20210101&end=20241231&format=JSON",OBSERVED
2022-09-18,2022-09-18T00:00:00Z,13.0827,80.2707,28.64,1.23,C,mm/day,NASA POWER (MERRA-2),"https://power.larc.nasa.gov/api/temporal/daily/point?parameters=T2M,PRECTOTCORR&community=RE&longitude=80.2707&latitude=13.0827&start=20210101&end=20241231&format=JSON",OBSERVED
2022-09-19,2022-09-19T00:00:00Z,13.0827,80.2707,27.82,2.23,C,mm/day,NASA POWER (MERRA-2),"https://power.larc.nasa.gov/api/temporal/daily/point?parameters=T2M,PRECTOTCORR&community=RE&longitude=80.2707&latitude=13.0827&start=20210101&end=20241231&format=JSON",OBSERVED
2022-09-20,2022-09-20T00:00:00Z,13.0827,80.2707,28.01,0.78,C,mm/day,NASA POWER (MERRA-2),"https://power.larc.nasa.gov/api/temporal/daily/point?parameters=T2M,PRECTOTCORR&community=RE&longitude=80.2707&latitude=13.0827&start=20210101&end=20241231&format=JSON",OBSERVED
2022-09-21,2022-09-21T00:00:00Z,13.0827,80.2707,27.97,0.04,C,mm/day,NASA POWER (MERRA-2),"https://power.larc.nasa.gov/api/temporal/daily/point?parameters=T2M,PRECTOTCORR&community=RE&longitude=80.2707&latitude=13.0827&start=20210101&end=20241231&format=JSON",OBSERVED
2022-09-22,2022-09-22T00:00:00Z,13.0827,80.2707,28.75,0.13,C,mm/day,NASA POWER (MERRA-2),"https://power.larc.nasa.gov/api/temporal/daily/point?parameters=T2M,PRECTOTCORR&community=RE&longitude=80.2707&latitude=13.0827&start=20210101&end=20241231&format=JSON",OBSERVED
2022-09-23,2022-09-23T00:00:00Z,13.0827,80.2707,28.48,0.14,C,mm/day,NASA POWER (MERRA-2),"https://power.larc.nasa.gov/api/temporal/daily/point?parameters=T2M,PRECTOTCORR&community=RE&longitude=80.2707&latitude=13.0827&start=20210101&end=20241231&format=JSON",OBSERVED
2022-09-24,2022-09-24T00:00:00Z,13.0827,80.2707,28.92,0.83,C,mm/day,NASA POWER (MERRA-2),"https://power.larc.nasa.gov/api/temporal/daily/point?parameters=T2M,PRECTOTCORR&community=RE&longitude=80.2707&latitude=13.0827&start=20210101&end=20241231&format=JSON",OBSERVED
2022-09-25,2022-09-25T00:00:00Z,13.0827,80.2707,28.65,0.82,C,mm/day,NASA POWER (MERRA-2),"https://power.larc.nasa.gov/api/temporal/daily/point?parameters=T2M,PRECTOTCORR&community=RE&longitude=80.2707&latitude=13.0827&start=20210101&end=20241231&format=JSON",OBSERVED
2022-09-26,2022-09-26T00:00:00Z,13.0827,80.2707,29.05,4.23,C,mm/day,NASA POWER (MERRA-2),"https://power.larc.nasa.gov/api/temporal/daily/point?parameters=T2M,PRECTOTCORR&community=RE&longitude=80.2707&latitude=13.0827&start=20210101&end=20241231&format=JSON",OBSERVED
2022-09-27,2022-09-27T00:00:00Z,13.0827,80.2707,28.27,9.48,C,mm/day,NASA POWER (MERRA-2),"https://power.larc.nasa.gov/api/temporal/daily/point?parameters=T2M,PRECTOTCORR&community=RE&longitude=80.2707&latitude=13.0827&start=20210101&end=20241231&format=JSON",OBSERVED
2022-09-28,2022-09-28T00:00:00Z,13.0827,80.2707,26.83,5.7,C,mm/day,NASA POWER (MERRA-2),"https://power.larc.nasa.gov/api/temporal/daily/point?parameters=T2M,PRECTOTCORR&community=RE&longitude=80.2707&latitude=13.0827&start=20210101&end=20241231&format=JSON",OBSERVED
2022-09-29,2022-09-29T00:00:00Z,13.0827,80.2707,27.5,4.56,C,mm/day,NASA POWER (MERRA-2),"https://power.larc.nasa.gov/api/temporal/daily/point?parameters=T2M,PRECTOTCORR&community=RE&longitude=80.2707&latitude=13.0827&start=20210101&end=20241231&format=JSON",OBSERVED
2022-09-30,2022-09-30T00:00:00Z,13.0827,80.2707,26.9,5.21,C,mm/day,NASA POWER (MERRA-2),"https://power.larc.nasa.gov/api/temporal/daily/point?parameters=T2M,PRECTOTCORR&community=RE&longitude=80.2707&latitude=13.0827&start=20210101&end=20241231&format=JSON",OBSERVED
2022-10-01,2022-10-01T00:00:00Z,13.0827,80.2707,26.05,5.77,C,mm/day,NASA POWER (MERRA-2),"https://power.larc.nasa.gov/api/temporal/daily/point?parameters=T2M,PRECTOTCORR&community=RE&longitude=80.2707&latitude=13.0827&start=20210101&end=20241231&format=JSON",OBSERVED
2022-10-02,2022-10-02T00:00:00Z,13.0827,80.2707,27.05,0.6,C,mm/day,NASA POWER (MERRA-2),"https://power.larc.nasa.gov/api/temporal/daily/point?parameters=T2M,PRECTOTCORR&community=RE&longitude=80.2707&latitude=13.0827&start=20210101&end=20241231&format=JSON",OBSERVED
2022-10-03,2022-10-03T00:00:00Z,13.0827,80.2707,27.96,0.21,C,mm/day,NASA POWER (MERRA-2),"https://power.larc.nasa.gov/api/temporal/daily/point?parameters=T2M,PRECTOTCORR&community=RE&longitude=80.2707&latitude=13.0827&start=20210101&end=20241231&format=JSON",OBSERVED
2022-10-04,2022-10-04T00:00:00Z,13.0827,80.2707,27.06,0.44,C,mm/day,NASA POWER (MERRA-2),"https://power.larc.nasa.gov/api/temporal/daily/point?parameters=T2M,PRECTOTCORR&community=RE&longitude=80.2707&latitude=13.0827&start=20210101&end=20241231&format=JSON",OBSERVED
2022-10-05,2022-10-05T00:00:00Z,13.0827,80.2707,26.19,10.79,C,mm/day,NASA POWER (MERRA-2),"https://power.larc.nasa.gov/api/temporal/daily/point?parameters=T2M,PRECTOTCORR&community=RE&longitude=80.2707&latitude=13.0827&start=20210101&end=20241231&format=JSON",OBSERVED
2022-10-06,2022-10-06T00:00:00Z,13.0827,80.2707,26.75,22.41,C,mm/day,NASA POWER (MERRA-2),"https://power.larc.nasa.gov/api/temporal/daily/point?parameters=T2M,PRECTOTCORR&community=RE&longitude=80.2707&latitude=13.0827&start=20210101&end=20241231&format=JSON",OBSERVED
2022-10-07,2022-10-07T00:00:00Z,13.0827,80.2707,27.3,3.22,C,mm/day,NASA POWER (MERRA-2),"https://power.larc.nasa.gov/api/temporal/daily/point?parameters=T2M,PRECTOTCORR&community=RE&longitude=80.2707&latitude=13.0827&start=20210101&end=20241231&format=JSON",OBSERVED
2022-10-08,2022-10-08T00:00:00Z,13.0827,80.2707,27.5,10.59,C,mm/day,NASA POWER (MERRA-2),"https://power.larc.nasa.gov/api/temporal/daily/point?parameters=T2M,PRECTOTCORR&community=RE&longitude=80.2707&latitude=13.0827&start=20210101&end=20241231&format=JSON",OBSERVED
2022-10-09,2022-10-09T00:00:00Z,13.0827,80.2707,27.17,17.43,C,mm/day,NASA POWER (MERRA-2),"https://power.larc.nasa.gov/api/temporal/daily/point?parameters=T2M,PRECTOTCORR&community=RE&longitude=80.2707&latitude=13.0827&start=20210101&end=20241231&format=JSON",OBSERVED
2022-10-10,2022-10-10T00:00:00Z,13.0827,80.2707,27.3,5.37,C,mm/day,NASA POWER (MERRA-2),"https://power.larc.nasa.gov/api/temporal/daily/point?parameters=T2M,PRECTOTCORR&community=RE&longitude=80.2707&latitude=13.0827&start=20210101&end=20241231&format=JSON",OBSERVED
2022-10-11,2022-10-11T00:00:00Z,13.0827,80.2707,27.46,9.35,C,mm/day,NASA POWER (MERRA-2),"https://power.larc.nasa.gov/api/temporal/daily/point?parameters=T2M,PRECTOTCORR&community=RE&longitude=80.2707&latitude=13.0827&start=20210101&end=20241231&format=JSON",OBSERVED
2022-10-12,2022-10-12T00:00:00Z,13.0827,80.2707,27.45,2.27,C,mm/day,NASA POWER (MERRA-2),"https://power.larc.nasa.gov/api/temporal/daily/point?parameters=T2M,PRECTOTCORR&community=RE&longitude=80.2707&latitude=13.0827&start=20210101&end=20241231&format=JSON",OBSERVED
2022-10-13,2022-10-13T00:00:00Z,13.0827,80.2707,27.48,2.18,C,mm/day,NASA POWER (MERRA-2),"https://power.larc.nasa.gov/api/temporal/daily/point?parameters=T2M,PRECTOTCORR&community=RE&longitude=80.2707&latitude=13.0827&start=20210101&end=20241231&format=JSON",OBSERVED
2022-10-14,2022-10-14T00:00:00Z,13.0827,80.2707,27.59,2.34,C,mm/day,NASA POWER (MERRA-2),"https://power.larc.nasa.gov/api/temporal/daily/point?parameters=T2M,PRECTOTCORR&community=RE&longitude=80.2707&latitude=13.0827&start=20210101&end=20241231&format=JSON",OBSERVED
2022-10-15,2022-10-15T00:00:00Z,13.0827,80.2707,27.18,4.78,C,mm/day,NASA POWER (MERRA-2),"https://power.larc.nasa.gov/api/temporal/daily/point?parameters=T2M,PRECTOTCORR&community=RE&longitude=80.2707&latitude=13.0827&start=20210101&end=20241231&format=JSON",OBSERVED
2022-10-16,2022-10-16T00:00:00Z,13.0827,80.2707,27.4,5.46,C,mm/day,NASA POWER (MERRA-2),"https://power.larc.nasa.gov/api/temporal/daily/point?parameters=T2M,PRECTOTCORR&community=RE&longitude=80.2707&latitude=13.0827&start=20210101&end=20241231&format=JSON",OBSERVED
2022-10-17,2022-10-17T00:00:00Z,13.0827,80.2707,27.86,2.69,C,mm/day,NASA POWER (MERRA-2),"https://power.larc.nasa.gov/api/temporal/daily/point?parameters=T2M,PRECTOTCORR&community=RE&longitude=80.2707&latitude=13.0827&start=20210101&end=20241231&format=JSON",OBSERVED
2022-10-18,2022-10-18T00:00:00Z,13.0827,80.2707,27.66,6.35,C,mm/day,NASA POWER (MERRA-2),"https://power.larc.nasa.gov/api/temporal/daily/point?parameters=T2M,PRECTOTCORR&community=RE&longitude=80.2707&latitude=13.0827&start=20210101&end=20241231&format=JSON",OBSERVED
2022-10-19,2022-10-19T00:00:00Z,13.0827,80.2707,27.67,5.85,C,mm/day,NASA POWER (MERRA-2),"https://power.larc.nasa.gov/api/temporal/daily/point?parameters=T2M,PRECTOTCORR&community=RE&longitude=80.2707&latitude=13.0827&start=20210101&end=20241231&format=JSON",OBSERVED
2022-10-20,2022-10-20T00:00:00Z,13.0827,80.2707,27.17,16.88,C,mm/day,NASA POWER (MERRA-2),"https://power.larc.nasa.gov/api/temporal/daily/point?parameters=T2M,PRECTOTCORR&community=RE&longitude=80.2707&latitude=13.0827&start=20210101&end=20241231&format=JSON",OBSERVED
2022-10-21,2022-10-21T00:00:00Z,13.0827,80.2707,27.25,6.6,C,mm/day,NASA POWER (MERRA-2),"https://power.larc.nasa.gov/api/temporal/daily/point?parameters=T2M,PRECTOTCORR&community=RE&longitude=80.2707&latitude=13.0827&start=20210101&end=20241231&format=JSON",OBSERVED
2022-10-22,2022-10-22T00:00:00Z,13.0827,80.2707,27.3,2.64,C,mm/day,NASA POWER (MERRA-2),"https://power.larc.nasa.gov/api/temporal/daily/point?parameters=T2M,PRECTOTCORR&community=RE&longitude=80.2707&latitude=13.0827&start=20210101&end=20241231&format=JSON",OBSERVED
2022-10-23,2022-10-23T00:00:00Z,13.0827,80.2707,27.44,1.41,C,mm/day,NASA POWER (MERRA-2),"https://power.larc.nasa.gov/api/temporal/daily/point?parameters=T2M,PRECTOTCORR&community=RE&longitude=80.2707&latitude=13.0827&start=20210101&end=20241231&format=JSON",OBSERVED
2022-10-24,2022-10-24T00:00:00Z,13.0827,80.2707,26.14,0.0,C,mm/day,NASA POWER (MERRA-2),"https://power.larc.nasa.gov/api/temporal/daily/point?parameters=T2M,PRECTOTCORR&community=RE&longitude=80.2707&latitude=13.0827&start=20210101&end=20241231&format=JSON",OBSERVED
2022-10-25,2022-10-25T00:00:00Z,13.0827,80.2707,26.1,0.0,C,mm/day,NASA POWER (MERRA-2),"https://power.larc.nasa.gov/api/temporal/daily/point?parameters=T2M,PRECTOTCORR&community=RE&longitude=80.2707&latitude=13.0827&start=20210101&end=20241231&format=JSON",OBSERVED
2022-10-26,2022-10-26T00:00:00Z,13.0827,80.2707,26.31,0.02,C,mm/day,NASA POWER (MERRA-2),"https://power.larc.nasa.gov/api/temporal/daily/point?parameters=T2M,PRECTOTCORR&community=RE&longitude=80.2707&latitude=13.0827&start=20210101&end=20241231&format=JSON",OBSERVED
2022-10-27,2022-10-27T00:00:00Z,13.0827,80.2707,26.44,2.07,C,mm/day,NASA POWER (MERRA-2),"https://power.larc.nasa.gov/api/temporal/daily/point?parameters=T2M,PRECTOTCORR&community=RE&longitude=80.2707&latitude=13.0827&start=20210101&end=20241231&format=JSON",OBSERVED
2022-10-28,2022-10-28T00:00:00Z,13.0827,80.2707,26.62,10.41,C,mm/day,NASA POWER (MERRA-2),"https://power.larc.nasa.gov/api/temporal/daily/point?parameters=T2M,PRECTOTCORR&community=RE&longitude=80.2707&latitude=13.0827&start=20210101&end=20241231&format=JSON",OBSERVED
2022-10-29,2022-10-29T00:00:00Z,13.0827,80.2707,27.01,3.87,C,mm/day,NASA POWER (MERRA-2),"https://power.larc.nasa.gov/api/temporal/daily/point?parameters=T2M,PRECTOTCORR&community=RE&longitude=80.2707&latitude=13.0827&start=20210101&end=20241231&format=JSON",OBSERVED
2022-10-30,2022-10-30T00:00:00Z,13.0827,80.2707,26.81,7.56,C,mm/day,NASA POWER (MERRA-2),"https://power.larc.nasa.gov/api/temporal/daily/point?parameters=T2M,PRECTOTCORR&community=RE&longitude=80.2707&latitude=13.0827&start=20210101&end=20241231&format=JSON",OBSERVED
2022-10-31,2022-10-31T00:00:00Z,13.0827,80.2707,25.71,25.66,C,mm/day,NASA POWER (MERRA-2),"https://power.larc.nasa.gov/api/temporal/daily/point?parameters=T2M,PRECTOTCORR&community=RE&longitude=80.2707&latitude=13.0827&start=20210101&end=20241231&format=JSON",OBSERVED
2022-11-01,2022-11-01T00:00:00Z,13.0827,80.2707,25.65,54.46,C,mm/day,NASA POWER (MERRA-2),"https://power.larc.nasa.gov/api/temporal/daily/point?parameters=T2M,PRECTOTCORR&community=RE&longitude=80.2707&latitude=13.0827&start=20210101&end=20241231&format=JSON",OBSERVED
2022-11-02,2022-11-02T00:00:00Z,13.0827,80.2707,25.63,28.46,C,mm/day,NASA POWER (MERRA-2),"https://power.larc.nasa.gov/api/temporal/daily/point?parameters=T2M,PRECTOTCORR&community=RE&longitude=80.2707&latitude=13.0827&start=20210101&end=20241231&format=JSON",OBSERVED
2022-11-03,2022-11-03T00:00:00Z,13.0827,80.2707,25.67,24.99,C,mm/day,NASA POWER (MERRA-2),"https://power.larc.nasa.gov/api/temporal/daily/point?parameters=T2M,PRECTOTCORR&community=RE&longitude=80.2707&latitude=13.0827&start=20210101&end=20241231&format=JSON",OBSERVED
2022-11-04,2022-11-04T00:00:00Z,13.0827,80.2707,25.79,4.36,C,mm/day,NASA POWER (MERRA-2),"https://power.larc.nasa.gov/api/temporal/daily/point?parameters=T2M,PRECTOTCORR&community=RE&longitude=80.2707&latitude=13.0827&start=20210101&end=20241231&format=JSON",OBSERVED
2022-11-05,2022-11-05T00:00:00Z,13.0827,80.2707,26.43,3.45,C,mm/day,NASA POWER (MERRA-2),"https://power.larc.nasa.gov/api/temporal/daily/point?parameters=T2M,PRECTOTCORR&community=RE&longitude=80.2707&latitude=13.0827&start=20210101&end=20241231&format=JSON",OBSERVED
2022-11-06,2022-11-06T00:00:00Z,13.0827,80.2707,26.37,2.51,C,mm/day,NASA POWER (MERRA-2),"https://power.larc.nasa.gov/api/temporal/daily/point?parameters=T2M,PRECTOTCORR&community=RE&longitude=80.2707&latitude=13.0827&start=20210101&end=20241231&format=JSON",OBSERVED
2022-11-07,2022-11-07T00:00:00Z,13.0827,80.2707,26.06,8.51,C,mm/day,NASA POWER (MERRA-2),"https://power.larc.nasa.gov/api/temporal/daily/point?parameters=T2M,PRECTOTCORR&community=RE&longitude=80.2707&latitude=13.0827&start=20210101&end=20241231&format=JSON",OBSERVED
2022-11-08,2022-11-08T00:00:00Z,13.0827,80.2707,26.05,4.0,C,mm/day,NASA POWER (MERRA-2),"https://power.larc.nasa.gov/api/temporal/daily/point?parameters=T2M,PRECTOTCORR&community=RE&longitude=80.2707&latitude=13.0827&start=20210101&end=20241231&format=JSON",OBSERVED
2022-11-09,2022-11-09T00:00:00Z,13.0827,80.2707,26.32,1.51,C,mm/day,NASA POWER (MERRA-2),"https://power.larc.nasa.gov/api/temporal/daily/point?parameters=T2M,PRECTOTCORR&community=RE&longitude=80.2707&latitude=13.0827&start=20210101&end=20241231&format=JSON",OBSERVED
2022-11-10,2022-11-10T00:00:00Z,13.0827,80.2707,26.27,3.84,C,mm/day,NASA POWER (MERRA-2),"https://power.larc.nasa.gov/api/temporal/daily/point?parameters=T2M,PRECTOTCORR&community=RE&longitude=80.2707&latitude=13.0827&start=20210101&end=20241231&format=JSON",OBSERVED
2022-11-11,2022-11-11T00:00:00Z,13.0827,80.2707,26.09,67.26,C,mm/day,NASA POWER (MERRA-2),"https://power.larc.nasa.gov/api/temporal/daily/point?parameters=T2M,PRECTOTCORR&community=RE&longitude=80.2707&latitude=13.0827&start=20210101&end=20241231&format=JSON",OBSERVED
2022-11-12,2022-11-12T00:00:00Z,13.0827,80.2707,26.44,35.62,C,mm/day,NASA POWER (MERRA-2),"https://power.larc.nasa.gov/api/temporal/daily/point?parameters=T2M,PRECTOTCORR&community=RE&longitude=80.2707&latitude=13.0827&start=20210101&end=20241231&format=JSON",OBSERVED
2022-11-13,2022-11-13T00:00:00Z,13.0827,80.2707,25.77,35.91,C,mm/day,NASA POWER (MERRA-2),"https://power.larc.nasa.gov/api/temporal/daily/point?parameters=T2M,PRECTOTCORR&community=RE&longitude=80.2707&latitude=13.0827&start=20210101&end=20241231&format=JSON",OBSERVED
2022-11-14,2022-11-14T00:00:00Z,13.0827,80.2707,26.26,7.69,C,mm/day,NASA POWER (MERRA-2),"https://power.larc.nasa.gov/api/temporal/daily/point?parameters=T2M,PRECTOTCORR&community=RE&longitude=80.2707&latitude=13.0827&start=20210101&end=20241231&format=JSON",OBSERVED
2022-11-15,2022-11-15T00:00:00Z,13.0827,80.2707,25.97,7.45,C,mm/day,NASA POWER (MERRA-2),"https://power.larc.nasa.gov/api/temporal/daily/point?parameters=T2M,PRECTOTCORR&community=RE&longitude=80.2707&latitude=13.0827&start=20210101&end=20241231&format=JSON",OBSERVED
2022-11-16,2022-11-16T00:00:00Z,13.0827,80.2707,24.62,0.01,C,mm/day,NASA POWER (MERRA-2),"https://power.larc.nasa.gov/api/temporal/daily/point?parameters=T2M,PRECTOTCORR&community=RE&longitude=80.2707&latitude=13.0827&start=20210101&end=20241231&format=JSON",OBSERVED
2022-11-17,2022-11-17T00:00:00Z,13.0827,80.2707,24.14,0.0,C,mm/day,NASA POWER (MERRA-2),"https://power.larc.nasa.gov/api/temporal/daily/point?parameters=T2M,PRECTOTCORR&community=RE&longitude=80.2707&latitude=13.0827&start=20210101&end=20241231&format=JSON",OBSERVED
2022-11-18,2022-11-18T00:00:00Z,13.0827,80.2707,24.47,0.0,C,mm/day,NASA POWER (MERRA-2),"https://power.larc.nasa.gov/api/temporal/daily/point?parameters=T2M,PRECTOTCORR&community=RE&longitude=80.2707&latitude=13.0827&start=20210101&end=20241231&format=JSON",OBSERVED
2022-11-19,2022-11-19T00:00:00Z,13.0827,80.2707,24.13,0.0,C,mm/day,NASA POWER (MERRA-2),"https://power.larc.nasa.gov/api/temporal/daily/point?parameters=T2M,PRECTOTCORR&community=RE&longitude=80.2707&latitude=13.0827&start=20210101&end=20241231&format=JSON",OBSERVED
2022-11-20,2022-11-20T00:00:00Z,13.0827,80.2707,23.07,0.35,C,mm/day,NASA POWER (MERRA-2),"https://power.larc.nasa.gov/api/temporal/daily/point?parameters=T2M,PRECTOTCORR&community=RE&longitude=80.2707&latitude=13.0827&start=20210101&end=20241231&format=JSON",OBSERVED
2022-11-21,2022-11-21T00:00:00Z,13.0827,80.2707,23.62,2.31,C,mm/day,NASA POWER (MERRA-2),"https://power.larc.nasa.gov/api/temporal/daily/point?parameters=T2M,PRECTOTCORR&community=RE&longitude=80.2707&latitude=13.0827&start=20210101&end=20241231&format=JSON",OBSERVED
2022-11-22,2022-11-22T00:00:00Z,13.0827,80.2707,25.39,5.68,C,mm/day,NASA POWER (MERRA-2),"https://power.larc.nasa.gov/api/temporal/daily/point?parameters=T2M,PRECTOTCORR&community=RE&longitude=80.2707&latitude=13.0827&start=20210101&end=20241231&format=JSON",OBSERVED
2022-11-23,2022-11-23T00:00:00Z,13.0827,80.2707,26.18,9.63,C,mm/day,NASA POWER (MERRA-2),"https://power.larc.nasa.gov/api/temporal/daily/point?parameters=T2M,PRECTOTCORR&community=RE&longitude=80.2707&latitude=13.0827&start=20210101&end=20241231&format=JSON",OBSERVED
2022-11-24,2022-11-24T00:00:00Z,13.0827,80.2707,25.91,3.0,C,mm/day,NASA POWER (MERRA-2),"https://power.larc.nasa.gov/api/temporal/daily/point?parameters=T2M,PRECTOTCORR&community=RE&longitude=80.2707&latitude=13.0827&start=20210101&end=20241231&format=JSON",OBSERVED
2022-11-25,2022-11-25T00:00:00Z,13.0827,80.2707,25.54,0.3,C,mm/day,NASA POWER (MERRA-2),"https://power.larc.nasa.gov/api/temporal/daily/point?parameters=T2M,PRECTOTCORR&community=RE&longitude=80.2707&latitude=13.0827&start=20210101&end=20241231&format=JSON",OBSERVED
2022-11-26,2022-11-26T00:00:00Z,13.0827,80.2707,25.84,0.14,C,mm/day,NASA POWER (MERRA-2),"https://power.larc.nasa.gov/api/temporal/daily/point?parameters=T2M,PRECTOTCORR&community=RE&longitude=80.2707&latitude=13.0827&start=20210101&end=20241231&format=JSON",OBSERVED
2022-11-27,2022-11-27T00:00:00Z,13.0827,80.2707,25.96,1.01,C,mm/day,NASA POWER (MERRA-2),"https://power.larc.nasa.gov/api/temporal/daily/point?parameters=T2M,PRECTOTCORR&community=RE&longitude=80.2707&latitude=13.0827&start=20210101&end=20241231&format=JSON",OBSERVED
2022-11-28,2022-11-28T00:00:00Z,13.0827,80.2707,25.71,0.05,C,mm/day,NASA POWER (MERRA-2),"https://power.larc.nasa.gov/api/temporal/daily/point?parameters=T2M,PRECTOTCORR&community=RE&longitude=80.2707&latitude=13.0827&start=20210101&end=20241231&format=JSON",OBSERVED
2022-11-29,2022-11-29T00:00:00Z,13.0827,80.2707,24.69,0.0,C,mm/day,NASA POWER (MERRA-2),"https://power.larc.nasa.gov/api/temporal/daily/point?parameters=T2M,PRECTOTCORR&community=RE&longitude=80.2707&latitude=13.0827&start=20210101&end=20241231&format=JSON",OBSERVED
2022-11-30,2022-11-30T00:00:00Z,13.0827,80.2707,24.64,1.28,C,mm/day,NASA POWER (MERRA-2),"https://power.larc.nasa.gov/api/temporal/daily/point?parameters=T2M,PRECTOTCORR&community=RE&longitude=80.2707&latitude=13.0827&start=20210101&end=20241231&format=JSON",OBSERVED
2022-12-01,2022-12-01T00:00:00Z,13.0827,80.2707,25.96,2.14,C,mm/day,NASA POWER (MERRA-2),"https://power.larc.nasa.gov/api/temporal/daily/point?parameters=T2M,PRECTOTCORR&community=RE&longitude=80.2707&latitude=13.0827&start=20210101&end=20241231&format=JSON",OBSERVED
2022-12-02,2022-12-02T00:00:00Z,13.0827,80.2707,26.07,0.14,C,mm/day,NASA POWER (MERRA-2),"https://power.larc.nasa.gov/api/temporal/daily/point?parameters=T2M,PRECTOTCORR&community=RE&longitude=80.2707&latitude=13.0827&start=20210101&end=20241231&format=JSON",OBSERVED
2022-12-03,2022-12-03T00:00:00Z,13.0827,80.2707,26.05,2.59,C,mm/day,NASA POWER (MERRA-2),"https://power.larc.nasa.gov/api/temporal/daily/point?parameters=T2M,PRECTOTCORR&community=RE&longitude=80.2707&latitude=13.0827&start=20210101&end=20241231&format=JSON",OBSERVED
2022-12-04,2022-12-04T00:00:00Z,13.0827,80.2707,25.82,1.1,C,mm/day,NASA POWER (MERRA-2),"https://power.larc.nasa.gov/api/temporal/daily/point?parameters=T2M,PRECTOTCORR&community=RE&longitude=80.2707&latitude=13.0827&start=20210101&end=20241231&format=JSON",OBSERVED
2022-12-05,2022-12-05T00:00:00Z,13.0827,80.2707,25.87,0.7,C,mm/day,NASA POWER (MERRA-2),"https://power.larc.nasa.gov/api/temporal/daily/point?parameters=T2M,PRECTOTCORR&community=RE&longitude=80.2707&latitude=13.0827&start=20210101&end=20241231&format=JSON",OBSERVED
2022-12-06,2022-12-06T00:00:00Z,13.0827,80.2707,25.36,0.02,C,mm/day,NASA POWER (MERRA-2),"https://power.larc.nasa.gov/api/temporal/daily/point?parameters=T2M,PRECTOTCORR&community=RE&longitude=80.2707&latitude=13.0827&start=20210101&end=20241231&format=JSON",OBSERVED
2022-12-07,2022-12-07T00:00:00Z,13.0827,80.2707,23.77,0.01,C,mm/day,NASA POWER (MERRA-2),"https://power.larc.nasa.gov/api/temporal/daily/point?parameters=T2M,PRECTOTCORR&community=RE&longitude=80.2707&latitude=13.0827&start=20210101&end=20241231&format=JSON",OBSERVED
2022-12-08,2022-12-08T00:00:00Z,13.0827,80.2707,22.52,14.41,C,mm/day,NASA POWER (MERRA-2),"https://power.larc.nasa.gov/api/temporal/daily/point?parameters=T2M,PRECTOTCORR&community=RE&longitude=80.2707&latitude=13.0827&start=20210101&end=20241231&format=JSON",OBSERVED
2022-12-09,2022-12-09T00:00:00Z,13.0827,80.2707,23.96,58.41,C,mm/day,NASA POWER (MERRA-2),"https://power.larc.nasa.gov/api/temporal/daily/point?parameters=T2M,PRECTOTCORR&community=RE&longitude=80.2707&latitude=13.0827&start=20210101&end=20241231&format=JSON",OBSERVED
2022-12-10,2022-12-10T00:00:00Z,13.0827,80.2707,25.03,59.93,C,mm/day,NASA POWER (MERRA-2),"https://power.larc.nasa.gov/api/temporal/daily/point?parameters=T2M,PRECTOTCORR&community=RE&longitude=80.2707&latitude=13.0827&start=20210101&end=20241231&format=JSON",OBSERVED
2022-12-11,2022-12-11T00:00:00Z,13.0827,80.2707,25.37,14.22,C,mm/day,NASA POWER (MERRA-2),"https://power.larc.nasa.gov/api/temporal/daily/point?parameters=T2M,PRECTOTCORR&community=RE&longitude=80.2707&latitude=13.0827&start=20210101&end=20241231&format=JSON",OBSERVED
2022-12-12,2022-12-12T00:00:00Z,13.0827,80.2707,25.26,23.63,C,mm/day,NASA POWER (MERRA-2),"https://power.larc.nasa.gov/api/temporal/daily/point?parameters=T2M,PRECTOTCORR&community=RE&longitude=80.2707&latitude=13.0827&start=20210101&end=20241231&format=JSON",OBSERVED
2022-12-13,2022-12-13T00:00:00Z,13.0827,80.2707,25.5,5.64,C,mm/day,NASA POWER (MERRA-2),"https://power.larc.nasa.gov/api/temporal/daily/point?parameters=T2M,PRECTOTCORR&community=RE&longitude=80.2707&latitude=13.0827&start=20210101&end=20241231&format=JSON",OBSERVED
2022-12-14,2022-12-14T00:00:00Z,13.0827,80.2707,25.36,0.8,C,mm/day,NASA POWER (MERRA-2),"https://power.larc.nasa.gov/api/temporal/daily/point?parameters=T2M,PRECTOTCORR&community=RE&longitude=80.2707&latitude=13.0827&start=20210101&end=20241231&format=JSON",OBSERVED
2022-12-15,2022-12-15T00:00:00Z,13.0827,80.2707,24.34,0.01,C,mm/day,NASA POWER (MERRA-2),"https://power.larc.nasa.gov/api/temporal/daily/point?parameters=T2M,PRECTOTCORR&community=RE&longitude=80.2707&latitude=13.0827&start=20210101&end=20241231&format=JSON",OBSERVED
2022-12-16,2022-12-16T00:00:00Z,13.0827,80.2707,24.39,0.03,C,mm/day,NASA POWER (MERRA-2),"https://power.larc.nasa.gov/api/temporal/daily/point?parameters=T2M,PRECTOTCORR&community=RE&longitude=80.2707&latitude=13.0827&start=20210101&end=20241231&format=JSON",OBSERVED
2022-12-17,2022-12-17T00:00:00Z,13.0827,80.2707,25.2,0.03,C,mm/day,NASA POWER (MERRA-2),"https://power.larc.nasa.gov/api/temporal/daily/point?parameters=T2M,PRECTOTCORR&community=RE&longitude=80.2707&latitude=13.0827&start=20210101&end=20241231&format=JSON",OBSERVED
2022-12-18,2022-12-18T00:00:00Z,13.0827,80.2707,24.86,0.03,C,mm/day,NASA POWER (MERRA-2),"https://power.larc.nasa.gov/api/temporal/daily/point?parameters=T2M,PRECTOTCORR&community=RE&longitude=80.2707&latitude=13.0827&start=20210101&end=20241231&format=JSON",OBSERVED
2022-12-19,2022-12-19T00:00:00Z,13.0827,80.2707,23.97,0.04,C,mm/day,NASA POWER (MERRA-2),"https://power.larc.nasa.gov/api/temporal/daily/point?parameters=T2M,PRECTOTCORR&community=RE&longitude=80.2707&latitude=13.0827&start=20210101&end=20241231&format=JSON",OBSERVED
2022-12-20,2022-12-20T00:00:00Z,13.0827,80.2707,24.21,0.04,C,mm/day,NASA POWER (MERRA-2),"https://power.larc.nasa.gov/api/temporal/daily/point?parameters=T2M,PRECTOTCORR&community=RE&longitude=80.2707&latitude=13.0827&start=20210101&end=20241231&format=JSON",OBSERVED
2022-12-21,2022-12-21T00:00:00Z,13.0827,80.2707,24.31,0.07,C,mm/day,NASA POWER (MERRA-2),"https://power.larc.nasa.gov/api/temporal/daily/point?parameters=T2M,PRECTOTCORR&community=RE&longitude=80.2707&latitude=13.0827&start=20210101&end=20241231&format=JSON",OBSERVED
2022-12-22,2022-12-22T00:00:00Z,13.0827,80.2707,24.32,0.52,C,mm/day,NASA POWER (MERRA-2),"https://power.larc.nasa.gov/api/temporal/daily/point?parameters=T2M,PRECTOTCORR&community=RE&longitude=80.2707&latitude=13.0827&start=20210101&end=20241231&format=JSON",OBSERVED
2022-12-23,2022-12-23T00:00:00Z,13.0827,80.2707,24.63,0.22,C,mm/day,NASA POWER (MERRA-2),"https://power.larc.nasa.gov/api/temporal/daily/point?parameters=T2M,PRECTOTCORR&community=RE&longitude=80.2707&latitude=13.0827&start=20210101&end=20241231&format=JSON",OBSERVED
2022-12-24,2022-12-24T00:00:00Z,13.0827,80.2707,25.34,6.68,C,mm/day,NASA POWER (MERRA-2),"https://power.larc.nasa.gov/api/temporal/daily/point?parameters=T2M,PRECTOTCORR&community=RE&longitude=80.2707&latitude=13.0827&start=20210101&end=20241231&format=JSON",OBSERVED
2022-12-25,2022-12-25T00:00:00Z,13.0827,80.2707,25.88,13.2,C,mm/day,NASA POWER (MERRA-2),"https://power.larc.nasa.gov/api/temporal/daily/point?parameters=T2M,PRECTOTCORR&community=RE&longitude=80.2707&latitude=13.0827&start=20210101&end=20241231&format=JSON",OBSERVED
2022-12-26,2022-12-26T00:00:00Z,13.0827,80.2707,25.58,3.62,C,mm/day,NASA POWER (MERRA-2),"https://power.larc.nasa.gov/api/temporal/daily/point?parameters=T2M,PRECTOTCORR&community=RE&longitude=80.2707&latitude=13.0827&start=20210101&end=20241231&format=JSON",OBSERVED
2022-12-27,2022-12-27T00:00:00Z,13.0827,80.2707,25.1,0.41,C,mm/day,NASA POWER (MERRA-2),"https://power.larc.nasa.gov/api/temporal/daily/point?parameters=T2M,PRECTOTCORR&community=RE&longitude=80.2707&latitude=13.0827&start=20210101&end=20241231&format=JSON",OBSERVED
2022-12-28,2022-12-28T00:00:00Z,13.0827,80.2707,25.59,0.02,C,mm/day,NASA POWER (MERRA-2),"https://power.larc.nasa.gov/api/temporal/daily/point?parameters=T2M,PRECTOTCORR&community=RE&longitude=80.2707&latitude=13.0827&start=20210101&end=20241231&format=JSON",OBSERVED
2022-12-29,2022-12-29T00:00:00Z,13.0827,80.2707,25.27,0.0,C,mm/day,NASA POWER (MERRA-2),"https://power.larc.nasa.gov/api/temporal/daily/point?parameters=T2M,PRECTOTCORR&community=RE&longitude=80.2707&latitude=13.0827&start=20210101&end=20241231&format=JSON",OBSERVED
2022-12-30,2022-12-30T00:00:00Z,13.0827,80.2707,25.01,0.0,C,mm/day,NASA POWER (MERRA-2),"https://power.larc.nasa.gov/api/temporal/daily/point?parameters=T2M,PRECTOTCORR&community=RE&longitude=80.2707&latitude=13.0827&start=20210101&end=20241231&format=JSON",OBSERVED
2022-12-31,2022-12-31T00:00:00Z,13.0827,80.2707,24.7,0.0,C,mm/day,NASA POWER (MERRA-2),"https://power.larc.nasa.gov/api/temporal/daily/point?parameters=T2M,PRECTOTCORR&community=RE&longitude=80.2707&latitude=13.0827&start=20210101&end=20241231&format=JSON",OBSERVED
2023-01-01,2023-01-01T00:00:00Z,13.0827,80.2707,24.36,0.0,C,mm/day,NASA POWER (MERRA-2),"https://power.larc.nasa.gov/api/temporal/daily/point?parameters=T2M,PRECTOTCORR&community=RE&longitude=80.2707&latitude=13.0827&start=20210101&end=20241231&format=JSON",OBSERVED
2023-01-02,2023-01-02T00:00:00Z,13.0827,80.2707,24.74,0.0,C,mm/day,NASA POWER (MERRA-2),"https://power.larc.nasa.gov/api/temporal/daily/point?parameters=T2M,PRECTOTCORR&community=RE&longitude=80.2707&latitude=13.0827&start=20210101&end=20241231&format=JSON",OBSERVED
2023-01-03,2023-01-03T00:00:00Z,13.0827,80.2707,24.67,0.01,C,mm/day,NASA POWER (MERRA-2),"https://power.larc.nasa.gov/api/temporal/daily/point?parameters=T2M,PRECTOTCORR&community=RE&longitude=80.2707&latitude=13.0827&start=20210101&end=20241231&format=JSON",OBSERVED
2023-01-04,2023-01-04T00:00:00Z,13.0827,80.2707,24.68,0.0,C,mm/day,NASA POWER (MERRA-2),"https://power.larc.nasa.gov/api/temporal/daily/point?parameters=T2M,PRECTOTCORR&community=RE&longitude=80.2707&latitude=13.0827&start=20210101&end=20241231&format=JSON",OBSERVED
2023-01-05,2023-01-05T00:00:00Z,13.0827,80.2707,24.6,0.01,C,mm/day,NASA POWER (MERRA-2),"https://power.larc.nasa.gov/api/temporal/daily/point?parameters=T2M,PRECTOTCORR&community=RE&longitude=80.2707&latitude=13.0827&start=20210101&end=20241231&format=JSON",OBSERVED
2023-01-06,2023-01-06T00:00:00Z,13.0827,80.2707,24.69,0.01,C,mm/day,NASA POWER (MERRA-2),"https://power.larc.nasa.gov/api/temporal/daily/point?parameters=T2M,PRECTOTCORR&community=RE&longitude=80.2707&latitude=13.0827&start=20210101&end=20241231&format=JSON",OBSERVED
2023-01-07,2023-01-07T00:00:00Z,13.0827,80.2707,24.44,0.21,C,mm/day,NASA POWER (MERRA-2),"https://power.larc.nasa.gov/api/temporal/daily/point?parameters=T2M,PRECTOTCORR&community=RE&longitude=80.2707&latitude=13.0827&start=20210101&end=20241231&format=JSON",OBSERVED
2023-01-08,2023-01-08T00:00:00Z,13.0827,80.2707,23.99,0.21,C,mm/day,NASA POWER (MERRA-2),"https://power.larc.nasa.gov/api/temporal/daily/point?parameters=T2M,PRECTOTCORR&community=RE&longitude=80.2707&latitude=13.0827&start=20210101&end=20241231&format=JSON",OBSERVED
2023-01-09,2023-01-09T00:00:00Z,13.0827,80.2707,22.92,0.0,C,mm/day,NASA POWER (MERRA-2),"https://power.larc.nasa.gov/api/temporal/daily/point?parameters=T2M,PRECTOTCORR&community=RE&longitude=80.2707&latitude=13.0827&start=20210101&end=20241231&format=JSON",OBSERVED
2023-01-10,2023-01-10T00:00:00Z,13.0827,80.2707,23.08,0.07,C,mm/day,NASA POWER (MERRA-2),"https://power.larc.nasa.gov/api/temporal/daily/point?parameters=T2M,PRECTOTCORR&community=RE&longitude=80.2707&latitude=13.0827&start=20210101&end=20241231&format=JSON",OBSERVED
2023-01-11,2023-01-11T00:00:00Z,13.0827,80.2707,23.16,0.0,C,mm/day,NASA POWER (MERRA-2),"https://power.larc.nasa.gov/api/temporal/daily/point?parameters=T2M,PRECTOTCORR&community=RE&longitude=80.2707&latitude=13.0827&start=20210101&end=20241231&format=JSON",OBSERVED
2023-01-12,2023-01-12T00:00:00Z,13.0827,80.2707,23.24,0.0,C,mm/day,NASA POWER (MERRA-2),"https://power.larc.nasa.gov/api/temporal/daily/point?parameters=T2M,PRECTOTCORR&community=RE&longitude=80.2707&latitude=13.0827&start=20210101&end=20241231&format=JSON",OBSERVED
2023-01-13,2023-01-13T00:00:00Z,13.0827,80.2707,23.15,0.0,C,mm/day,NASA POWER (MERRA-2),"https://power.larc.nasa.gov/api/temporal/daily/point?parameters=T2M,PRECTOTCORR&community=RE&longitude=80.2707&latitude=13.0827&start=20210101&end=20241231&format=JSON",OBSERVED
2023-01-14,2023-01-14T00:00:00Z,13.0827,80.2707,22.67,0.0,C,mm/day,NASA POWER (MERRA-2),"https://power.larc.nasa.gov/api/temporal/daily/point?parameters=T2M,PRECTOTCORR&community=RE&longitude=80.2707&latitude=13.0827&start=20210101&end=20241231&format=JSON",OBSERVED
2023-01-15,2023-01-15T00:00:00Z,13.0827,80.2707,22.54,0.0,C,mm/day,NASA POWER (MERRA-2),"https://power.larc.nasa.gov/api/temporal/daily/point?parameters=T2M,PRECTOTCORR&community=RE&longitude=80.2707&latitude=13.0827&start=20210101&end=20241231&format=JSON",OBSERVED
2023-01-16,2023-01-16T00:00:00Z,13.0827,80.2707,22.55,0.0,C,mm/day,NASA POWER (MERRA-2),"https://power.larc.nasa.gov/api/temporal/daily/point?parameters=T2M,PRECTOTCORR&community=RE&longitude=80.2707&latitude=13.0827&start=20210101&end=20241231&format=JSON",OBSERVED
2023-01-17,2023-01-17T00:00:00Z,13.0827,80.2707,23.2,0.0,C,mm/day,NASA POWER (MERRA-2),"https://power.larc.nasa.gov/api/temporal/daily/point?parameters=T2M,PRECTOTCORR&community=RE&longitude=80.2707&latitude=13.0827&start=20210101&end=20241231&format=JSON",OBSERVED
2023-01-18,2023-01-18T00:00:00Z,13.0827,80.2707,23.44,0.0,C,mm/day,NASA POWER (MERRA-2),"https://power.larc.nasa.gov/api/temporal/daily/point?parameters=T2M,PRECTOTCORR&community=RE&longitude=80.2707&latitude=13.0827&start=20210101&end=20241231&format=JSON",OBSERVED
2023-01-19,2023-01-19T00:00:00Z,13.0827,80.2707,23.68,0.0,C,mm/day,NASA POWER (MERRA-2),"https://power.larc.nasa.gov/api/temporal/daily/point?parameters=T2M,PRECTOTCORR&community=RE&longitude=80.2707&latitude=13.0827&start=20210101&end=20241231&format=JSON",OBSERVED
2023-01-20,2023-01-20T00:00:00Z,13.0827,80.2707,23.98,0.08,C,mm/day,NASA POWER (MERRA-2),"https://power.larc.nasa.gov/api/temporal/daily/point?parameters=T2M,PRECTOTCORR&community=RE&longitude=80.2707&latitude=13.0827&start=20210101&end=20241231&format=JSON",OBSERVED
2023-01-21,2023-01-21T00:00:00Z,13.0827,80.2707,24.24,0.02,C,mm/day,NASA POWER (MERRA-2),"https://power.larc.nasa.gov/api/temporal/daily/point?parameters=T2M,PRECTOTCORR&community=RE&longitude=80.2707&latitude=13.0827&start=20210101&end=20241231&format=JSON",OBSERVED
2023-01-22,2023-01-22T00:00:00Z,13.0827,80.2707,23.75,0.0,C,mm/day,NASA POWER (MERRA-2),"https://power.larc.nasa.gov/api/temporal/daily/point?parameters=T2M,PRECTOTCORR&community=RE&longitude=80.2707&latitude=13.0827&start=20210101&end=20241231&format=JSON",OBSERVED
2023-01-23,2023-01-23T00:00:00Z,13.0827,80.2707,24.59,0.02,C,mm/day,NASA POWER (MERRA-2),"https://power.larc.nasa.gov/api/temporal/daily/point?parameters=T2M,PRECTOTCORR&community=RE&longitude=80.2707&latitude=13.0827&start=20210101&end=20241231&format=JSON",OBSERVED
2023-01-24,2023-01-24T00:00:00Z,13.0827,80.2707,24.54,0.01,C,mm/day,NASA POWER (MERRA-2),"https://power.larc.nasa.gov/api/temporal/daily/point?parameters=T2M,PRECTOTCORR&community=RE&longitude=80.2707&latitude=13.0827&start=20210101&end=20241231&format=JSON",OBSERVED
2023-01-25,2023-01-25T00:00:00Z,13.0827,80.2707,23.71,0.0,C,mm/day,NASA POWER (MERRA-2),"https://power.larc.nasa.gov/api/temporal/daily/point?parameters=T2M,PRECTOTCORR&community=RE&longitude=80.2707&latitude=13.0827&start=20210101&end=20241231&format=JSON",OBSERVED
2023-01-26,2023-01-26T00:00:00Z,13.0827,80.2707,24.11,0.02,C,mm/day,NASA POWER (MERRA-2),"https://power.larc.nasa.gov/api/temporal/daily/point?parameters=T2M,PRECTOTCORR&community=RE&longitude=80.2707&latitude=13.0827&start=20210101&end=20241231&format=JSON",OBSERVED
2023-01-27,2023-01-27T00:00:00Z,13.0827,80.2707,23.7,0.0,C,mm/day,NASA POWER (MERRA-2),"https://power.larc.nasa.gov/api/temporal/daily/point?parameters=T2M,PRECTOTCORR&community=RE&longitude=80.2707&latitude=13.0827&start=20210101&end=20241231&format=JSON",OBSERVED
2023-01-28,2023-01-28T00:00:00Z,13.0827,80.2707,23.93,0.03,C,mm/day,NASA POWER (MERRA-2),"https://power.larc.nasa.gov/api/temporal/daily/point?parameters=T2M,PRECTOTCORR&community=RE&longitude=80.2707&latitude=13.0827&start=20210101&end=20241231&format=JSON",OBSERVED
2023-01-29,2023-01-29T00:00:00Z,13.0827,80.2707,24.8,0.5,C,mm/day,NASA POWER (MERRA-2),"https://power.larc.nasa.gov/api/temporal/daily/point?parameters=T2M,PRECTOTCORR&community=RE&longitude=80.2707&latitude=13.0827&start=20210101&end=20241231&format=JSON",OBSERVED
2023-01-30,2023-01-30T00:00:00Z,13.0827,80.2707,25.5,1.86,C,mm/day,NASA POWER (MERRA-2),"https://power.larc.nasa.gov/api/temporal/daily/point?parameters=T2M,PRECTOTCORR&community=RE&longitude=80.2707&latitude=13.0827&start=20210101&end=20241231&format=JSON",OBSERVED
2023-01-31,2023-01-31T00:00:00Z,13.0827,80.2707,24.98,0.52,C,mm/day,NASA POWER (MERRA-2),"https://power.larc.nasa.gov/api/temporal/daily/point?parameters=T2M,PRECTOTCORR&community=RE&longitude=80.2707&latitude=13.0827&start=20210101&end=20241231&format=JSON",OBSERVED
2023-02-01,2023-02-01T00:00:00Z,13.0827,80.2707,25.47,0.5,C,mm/day,NASA POWER (MERRA-2),"https://power.larc.nasa.gov/api/temporal/daily/point?parameters=T2M,PRECTOTCORR&community=RE&longitude=80.2707&latitude=13.0827&start=20210101&end=20241231&format=JSON",OBSERVED
2023-02-02,2023-02-02T00:00:00Z,13.0827,80.2707,25.57,0.18,C,mm/day,NASA POWER (MERRA-2),"https://power.larc.nasa.gov/api/temporal/daily/point?parameters=T2M,PRECTOTCORR&community=RE&longitude=80.2707&latitude=13.0827&start=20210101&end=20241231&format=JSON",OBSERVED
2023-02-03,2023-02-03T00:00:00Z,13.0827,80.2707,25.8,0.34,C,mm/day,NASA POWER (MERRA-2),"https://power.larc.nasa.gov/api/temporal/daily/point?parameters=T2M,PRECTOTCORR&community=RE&longitude=80.2707&latitude=13.0827&start=20210101&end=20241231&format=JSON",OBSERVED
2023-02-04,2023-02-04T00:00:00Z,13.0827,80.2707,25.43,0.14,C,mm/day,NASA POWER (MERRA-2),"https://power.larc.nasa.gov/api/temporal/daily/point?parameters=T2M,PRECTOTCORR&community=RE&longitude=80.2707&latitude=13.0827&start=20210101&end=20241231&format=JSON",OBSERVED
2023-02-05,2023-02-05T00:00:00Z,13.0827,80.2707,25.0,0.0,C,mm/day,NASA POWER (MERRA-2),"https://power.larc.nasa.gov/api/temporal/daily/point?parameters=T2M,PRECTOTCORR&community=RE&longitude=80.2707&latitude=13.0827&start=20210101&end=20241231&format=JSON",OBSERVED
2023-02-06,2023-02-06T00:00:00Z,13.0827,80.2707,24.88,0.0,C,mm/day,NASA POWER (MERRA-2),"https://power.larc.nasa.gov/api/temporal/daily/point?parameters=T2M,PRECTOTCORR&community=RE&longitude=80.2707&latitude=13.0827&start=20210101&end=20241231&format=JSON",OBSERVED
2023-02-07,2023-02-07T00:00:00Z,13.0827,80.2707,24.75,0.0,C,mm/day,NASA POWER (MERRA-2),"https://power.larc.nasa.gov/api/temporal/daily/point?parameters=T2M,PRECTOTCORR&community=RE&longitude=80.2707&latitude=13.0827&start=20210101&end=20241231&format=JSON",OBSERVED
2023-02-08,2023-02-08T00:00:00Z,13.0827,80.2707,24.95,0.0,C,mm/day,NASA POWER (MERRA-2),"https://power.larc.nasa.gov/api/temporal/daily/point?parameters=T2M,PRECTOTCORR&community=RE&longitude=80.2707&latitude=13.0827&start=20210101&end=20241231&format=JSON",OBSERVED
2023-02-09,2023-02-09T00:00:00Z,13.0827,80.2707,25.08,0.0,C,mm/day,NASA POWER (MERRA-2),"https://power.larc.nasa.gov/api/temporal/daily/point?parameters=T2M,PRECTOTCORR&community=RE&longitude=80.2707&latitude=13.0827&start=20210101&end=20241231&format=JSON",OBSERVED
2023-02-10,2023-02-10T00:00:00Z,13.0827,80.2707,25.19,0.0,C,mm/day,NASA POWER (MERRA-2),"https://power.larc.nasa.gov/api/temporal/daily/point?parameters=T2M,PRECTOTCORR&community=RE&longitude=80.2707&latitude=13.0827&start=20210101&end=20241231&format=JSON",OBSERVED
2023-02-11,2023-02-11T00:00:00Z,13.0827,80.2707,25.14,0.0,C,mm/day,NASA POWER (MERRA-2),"https://power.larc.nasa.gov/api/temporal/daily/point?parameters=T2M,PRECTOTCORR&community=RE&longitude=80.2707&latitude=13.0827&start=20210101&end=20241231&format=JSON",OBSERVED
2023-02-12,2023-02-12T00:00:00Z,13.0827,80.2707,25.19,0.0,C,mm/day,NASA POWER (MERRA-2),"https://power.larc.nasa.gov/api/temporal/daily/point?parameters=T2M,PRECTOTCORR&community=RE&longitude=80.2707&latitude=13.0827&start=20210101&end=20241231&format=JSON",OBSERVED
2023-02-13,2023-02-13T00:00:00Z,13.0827,80.2707,25.12,0.0,C,mm/day,NASA POWER (MERRA-2),"https://power.larc.nasa.gov/api/temporal/daily/point?parameters=T2M,PRECTOTCORR&community=RE&longitude=80.2707&latitude=13.0827&start=20210101&end=20241231&format=JSON",OBSERVED
2023-02-14,2023-02-14T00:00:00Z,13.0827,80.2707,25.01,0.0,C,mm/day,NASA POWER (MERRA-2),"https://power.larc.nasa.gov/api/temporal/daily/point?parameters=T2M,PRECTOTCORR&community=RE&longitude=80.2707&latitude=13.0827&start=20210101&end=20241231&format=JSON",OBSERVED
2023-02-15,2023-02-15T00:00:00Z,13.0827,80.2707,24.71,0.0,C,mm/day,NASA POWER (MERRA-2),"https://power.larc.nasa.gov/api/temporal/daily/point?parameters=T2M,PRECTOTCORR&community=RE&longitude=80.2707&latitude=13.0827&start=20210101&end=20241231&format=JSON",OBSERVED
2023-02-16,2023-02-16T00:00:00Z,13.0827,80.2707,24.7,0.0,C,mm/day,NASA POWER (MERRA-2),"https://power.larc.nasa.gov/api/temporal/daily/point?parameters=T2M,PRECTOTCORR&community=RE&longitude=80.2707&latitude=13.0827&start=20210101&end=20241231&format=JSON",OBSERVED
2023-02-17,2023-02-17T00:00:00Z,13.0827,80.2707,24.7,0.0,C,mm/day,NASA POWER (MERRA-2),"https://power.larc.nasa.gov/api/temporal/daily/point?parameters=T2M,PRECTOTCORR&community=RE&longitude=80.2707&latitude=13.0827&start=20210101&end=20241231&format=JSON",OBSERVED
2023-02-18,2023-02-18T00:00:00Z,13.0827,80.2707,25.17,0.0,C,mm/day,NASA POWER (MERRA-2),"https://power.larc.nasa.gov/api/temporal/daily/point?parameters=T2M,PRECTOTCORR&community=RE&longitude=80.2707&latitude=13.0827&start=20210101&end=20241231&format=JSON",OBSERVED
2023-02-19,2023-02-19T00:00:00Z,13.0827,80.2707,25.52,0.0,C,mm/day,NASA POWER (MERRA-2),"https://power.larc.nasa.gov/api/temporal/daily/point?parameters=T2M,PRECTOTCORR&community=RE&longitude=80.2707&latitude=13.0827&start=20210101&end=20241231&format=JSON",OBSERVED
2023-02-20,2023-02-20T00:00:00Z,13.0827,80.2707,25.76,0.0,C,mm/day,NASA POWER (MERRA-2),"https://power.larc.nasa.gov/api/temporal/daily/point?parameters=T2M,PRECTOTCORR&community=RE&longitude=80.2707&latitude=13.0827&start=20210101&end=20241231&format=JSON",OBSERVED
2023-02-21,2023-02-21T00:00:00Z,13.0827,80.2707,25.78,0.0,C,mm/day,NASA POWER (MERRA-2),"https://power.larc.nasa.gov/api/temporal/daily/point?parameters=T2M,PRECTOTCORR&community=RE&longitude=80.2707&latitude=13.0827&start=20210101&end=20241231&format=JSON",OBSERVED
2023-02-22,2023-02-22T00:00:00Z,13.0827,80.2707,25.77,0.0,C,mm/day,NASA POWER (MERRA-2),"https://power.larc.nasa.gov/api/temporal/daily/point?parameters=T2M,PRECTOTCORR&community=RE&longitude=80.2707&latitude=13.0827&start=20210101&end=20241231&format=JSON",OBSERVED
2023-02-23,2023-02-23T00:00:00Z,13.0827,80.2707,25.06,0.0,C,mm/day,NASA POWER (MERRA-2),"https://power.larc.nasa.gov/api/temporal/daily/point?parameters=T2M,PRECTOTCORR&community=RE&longitude=80.2707&latitude=13.0827&start=20210101&end=20241231&format=JSON",OBSERVED
2023-02-24,2023-02-24T00:00:00Z,13.0827,80.2707,25.32,0.0,C,mm/day,NASA POWER (MERRA-2),"https://power.larc.nasa.gov/api/temporal/daily/point?parameters=T2M,PRECTOTCORR&community=RE&longitude=80.2707&latitude=13.0827&start=20210101&end=20241231&format=JSON",OBSERVED
2023-02-25,2023-02-25T00:00:00Z,13.0827,80.2707,25.52,0.0,C,mm/day,NASA POWER (MERRA-2),"https://power.larc.nasa.gov/api/temporal/daily/point?parameters=T2M,PRECTOTCORR&community=RE&longitude=80.2707&latitude=13.0827&start=20210101&end=20241231&format=JSON",OBSERVED
2023-02-26,2023-02-26T00:00:00Z,13.0827,80.2707,25.42,0.0,C,mm/day,NASA POWER (MERRA-2),"https://power.larc.nasa.gov/api/temporal/daily/point?parameters=T2M,PRECTOTCORR&community=RE&longitude=80.2707&latitude=13.0827&start=20210101&end=20241231&format=JSON",OBSERVED
2023-02-27,2023-02-27T00:00:00Z,13.0827,80.2707,25.82,0.0,C,mm/day,NASA POWER (MERRA-2),"https://power.larc.nasa.gov/api/temporal/daily/point?parameters=T2M,PRECTOTCORR&community=RE&longitude=80.2707&latitude=13.0827&start=20210101&end=20241231&format=JSON",OBSERVED
2023-02-28,2023-02-28T00:00:00Z,13.0827,80.2707,26.06,0.0,C,mm/day,NASA POWER (MERRA-2),"https://power.larc.nasa.gov/api/temporal/daily/point?parameters=T2M,PRECTOTCORR&community=RE&longitude=80.2707&latitude=13.0827&start=20210101&end=20241231&format=JSON",OBSERVED
2023-03-01,2023-03-01T00:00:00Z,13.0827,80.2707,26.55,0.01,C,mm/day,NASA POWER (MERRA-2),"https://power.larc.nasa.gov/api/temporal/daily/point?parameters=T2M,PRECTOTCORR&community=RE&longitude=80.2707&latitude=13.0827&start=20210101&end=20241231&format=JSON",OBSERVED
2023-03-02,2023-03-02T00:00:00Z,13.0827,80.2707,25.92,0.0,C,mm/day,NASA POWER (MERRA-2),"https://power.larc.nasa.gov/api/temporal/daily/point?parameters=T2M,PRECTOTCORR&community=RE&longitude=80.2707&latitude=13.0827&start=20210101&end=20241231&format=JSON",OBSERVED
2023-03-03,2023-03-03T00:00:00Z,13.0827,80.2707,25.88,0.0,C,mm/day,NASA POWER (MERRA-2),"https://power.larc.nasa.gov/api/temporal/daily/point?parameters=T2M,PRECTOTCORR&community=RE&longitude=80.2707&latitude=13.0827&start=20210101&end=20241231&format=JSON",OBSERVED
2023-03-04,2023-03-04T00:00:00Z,13.0827,80.2707,26.41,0.0,C,mm/day,NASA POWER (MERRA-2),"https://power.larc.nasa.gov/api/temporal/daily/point?parameters=T2M,PRECTOTCORR&community=RE&longitude=80.2707&latitude=13.0827&start=20210101&end=20241231&format=JSON",OBSERVED
2023-03-05,2023-03-05T00:00:00Z,13.0827,80.2707,26.45,0.0,C,mm/day,NASA POWER (MERRA-2),"https://power.larc.nasa.gov/api/temporal/daily/point?parameters=T2M,PRECTOTCORR&community=RE&longitude=80.2707&latitude=13.0827&start=20210101&end=20241231&format=JSON",OBSERVED
2023-03-06,2023-03-06T00:00:00Z,13.0827,80.2707,26.47,0.0,C,mm/day,NASA POWER (MERRA-2),"https://power.larc.nasa.gov/api/temporal/daily/point?parameters=T2M,PRECTOTCORR&community=RE&longitude=80.2707&latitude=13.0827&start=20210101&end=20241231&format=JSON",OBSERVED
2023-03-07,2023-03-07T00:00:00Z,13.0827,80.2707,26.36,0.0,C,mm/day,NASA POWER (MERRA-2),"https://power.larc.nasa.gov/api/temporal/daily/point?parameters=T2M,PRECTOTCORR&community=RE&longitude=80.2707&latitude=13.0827&start=20210101&end=20241231&format=JSON",OBSERVED
2023-03-08,2023-03-08T00:00:00Z,13.0827,80.2707,26.7,0.0,C,mm/day,NASA POWER (MERRA-2),"https://power.larc.nasa.gov/api/temporal/daily/point?parameters=T2M,PRECTOTCORR&community=RE&longitude=80.2707&latitude=13.0827&start=20210101&end=20241231&format=JSON",OBSERVED
2023-03-09,2023-03-09T00:00:00Z,13.0827,80.2707,27.22,0.0,C,mm/day,NASA POWER (MERRA-2),"https://power.larc.nasa.gov/api/temporal/daily/point?parameters=T2M,PRECTOTCORR&community=RE&longitude=80.2707&latitude=13.0827&start=20210101&end=20241231&format=JSON",OBSERVED
2023-03-10,2023-03-10T00:00:00Z,13.0827,80.2707,26.98,0.0,C,mm/day,NASA POWER (MERRA-2),"https://power.larc.nasa.gov/api/temporal/daily/point?parameters=T2M,PRECTOTCORR&community=RE&longitude=80.2707&latitude=13.0827&start=20210101&end=20241231&format=JSON",OBSERVED
2023-03-11,2023-03-11T00:00:00Z,13.0827,80.2707,26.76,0.0,C,mm/day,NASA POWER (MERRA-2),"https://power.larc.nasa.gov/api/temporal/daily/point?parameters=T2M,PRECTOTCORR&community=RE&longitude=80.2707&latitude=13.0827&start=20210101&end=20241231&format=JSON",OBSERVED
2023-03-12,2023-03-12T00:00:00Z,13.0827,80.2707,27.49,0.01,C,mm/day,NASA POWER (MERRA-2),"https://power.larc.nasa.gov/api/temporal/daily/point?parameters=T2M,PRECTOTCORR&community=RE&longitude=80.2707&latitude=13.0827&start=20210101&end=20241231&format=JSON",OBSERVED
2023-03-13,2023-03-13T00:00:00Z,13.0827,80.2707,27.91,0.01,C,mm/day,NASA POWER (MERRA-2),"https://power.larc.nasa.gov/api/temporal/daily/point?parameters=T2M,PRECTOTCORR&community=RE&longitude=80.2707&latitude=13.0827&start=20210101&end=20241231&format=JSON",OBSERVED
2023-03-14,2023-03-14T00:00:00Z,13.0827,80.2707,27.75,0.02,C,mm/day,NASA POWER (MERRA-2),"https://power.larc.nasa.gov/api/temporal/daily/point?parameters=T2M,PRECTOTCORR&community=RE&longitude=80.2707&latitude=13.0827&start=20210101&end=20241231&format=JSON",OBSERVED
2023-03-15,2023-03-15T00:00:00Z,13.0827,80.2707,27.95,0.04,C,mm/day,NASA POWER (MERRA-2),"https://power.larc.nasa.gov/api/temporal/daily/point?parameters=T2M,PRECTOTCORR&community=RE&longitude=80.2707&latitude=13.0827&start=20210101&end=20241231&format=JSON",OBSERVED
2023-03-16,2023-03-16T00:00:00Z,13.0827,80.2707,28.21,0.13,C,mm/day,NASA POWER (MERRA-2),"https://power.larc.nasa.gov/api/temporal/daily/point?parameters=T2M,PRECTOTCORR&community=RE&longitude=80.2707&latitude=13.0827&start=20210101&end=20241231&format=JSON",OBSERVED
2023-03-17,2023-03-17T00:00:00Z,13.0827,80.2707,27.93,10.01,C,mm/day,NASA POWER (MERRA-2),"https://power.larc.nasa.gov/api/temporal/daily/point?parameters=T2M,PRECTOTCORR&community=RE&longitude=80.2707&latitude=13.0827&start=20210101&end=20241231&format=JSON",OBSERVED
2023-03-18,2023-03-18T00:00:00Z,13.0827,80.2707,27.82,10.1,C,mm/day,NASA POWER (MERRA-2),"https://power.larc.nasa.gov/api/temporal/daily/point?parameters=T2M,PRECTOTCORR&community=RE&longitude=80.2707&latitude=13.0827&start=20210101&end=20241231&format=JSON",OBSERVED
2023-03-19,2023-03-19T00:00:00Z,13.0827,80.2707,27.49,19.92,C,mm/day,NASA POWER (MERRA-2),"https://power.larc.nasa.gov/api/temporal/daily/point?parameters=T2M,PRECTOTCORR&community=RE&longitude=80.2707&latitude=13.0827&start=20210101&end=20241231&format=JSON",OBSERVED
2023-03-20,2023-03-20T00:00:00Z,13.0827,80.2707,27.52,11.9,C,mm/day,NASA POWER (MERRA-2),"https://power.larc.nasa.gov/api/temporal/daily/point?parameters=T2M,PRECTOTCORR&community=RE&longitude=80.2707&latitude=13.0827&start=20210101&end=20241231&format=JSON",OBSERVED
2023-03-21,2023-03-21T00:00:00Z,13.0827,80.2707,28.24,1.79,C,mm/day,NASA POWER (MERRA-2),"https://power.larc.nasa.gov/api/temporal/daily/point?parameters=T2M,PRECTOTCORR&community=RE&longitude=80.2707&latitude=13.0827&start=20210101&end=20241231&format=JSON",OBSERVED
2023-03-22,2023-03-22T00:00:00Z,13.0827,80.2707,29.03,0.39,C,mm/day,NASA POWER (MERRA-2),"https://power.larc.nasa.gov/api/temporal/daily/point?parameters=T2M,PRECTOTCORR&community=RE&longitude=80.2707&latitude=13.0827&start=20210101&end=20241231&format=JSON",OBSERVED
2023-03-23,2023-03-23T00:00:00Z,13.0827,80.2707,28.81,2.02,C,mm/day,NASA POWER (MERRA-2),"https://power.larc.nasa.gov/api/temporal/daily/point?parameters=T2M,PRECTOTCORR&community=RE&longitude=80.2707&latitude=13.0827&start=20210101&end=20241231&format=JSON",OBSERVED
2023-03-24,2023-03-24T00:00:00Z,13.0827,80.2707,28.76,2.69,C,mm/day,NASA POWER (MERRA-2),"https://power.larc.nasa.gov/api/temporal/daily/point?parameters=T2M,PRECTOTCORR&community=RE&longitude=80.2707&latitude=13.0827&start=20210101&end=20241231&format=JSON",OBSERVED
2023-03-25,2023-03-25T00:00:00Z,13.0827,80.2707,29.04,0.03,C,mm/day,NASA POWER (MERRA-2),"https://power.larc.nasa.gov/api/temporal/daily/point?parameters=T2M,PRECTOTCORR&community=RE&longitude=80.2707&latitude=13.0827&start=20210101&end=20241231&format=JSON",OBSERVED
2023-03-26,2023-03-26T00:00:00Z,13.0827,80.2707,28.96,0.13,C,mm/day,NASA POWER (MERRA-2),"https://power.larc.nasa.gov/api/temporal/daily/point?parameters=T2M,PRECTOTCORR&community=RE&longitude=80.2707&latitude=13.0827&start=20210101&end=20241231&format=JSON",OBSERVED
2023-03-27,2023-03-27T00:00:00Z,13.0827,80.2707,29.63,0.16,C,mm/day,NASA POWER (MERRA-2),"https://power.larc.nasa.gov/api/temporal/daily/point?parameters=T2M,PRECTOTCORR&community=RE&longitude=80.2707&latitude=13.0827&start=20210101&end=20241231&format=JSON",OBSERVED
2023-03-28,2023-03-28T00:00:00Z,13.0827,80.2707,29.31,0.03,C,mm/day,NASA POWER (MERRA-2),"https://power.larc.nasa.gov/api/temporal/daily/point?parameters=T2M,PRECTOTCORR&community=RE&longitude=80.2707&latitude=13.0827&start=20210101&end=20241231&format=JSON",OBSERVED
2023-03-29,2023-03-29T00:00:00Z,13.0827,80.2707,28.95,0.01,C,mm/day,NASA POWER (MERRA-2),"https://power.larc.nasa.gov/api/temporal/daily/point?parameters=T2M,PRECTOTCORR&community=RE&longitude=80.2707&latitude=13.0827&start=20210101&end=20241231&format=JSON",OBSERVED
2023-03-30,2023-03-30T00:00:00Z,13.0827,80.2707,28.58,0.01,C,mm/day,NASA POWER (MERRA-2),"https://power.larc.nasa.gov/api/temporal/daily/point?parameters=T2M,PRECTOTCORR&community=RE&longitude=80.2707&latitude=13.0827&start=20210101&end=20241231&format=JSON",OBSERVED
2023-03-31,2023-03-31T00:00:00Z,13.0827,80.2707,28.98,0.01,C,mm/day,NASA POWER (MERRA-2),"https://power.larc.nasa.gov/api/temporal/daily/point?parameters=T2M,PRECTOTCORR&community=RE&longitude=80.2707&latitude=13.0827&start=20210101&end=20241231&format=JSON",OBSERVED
2023-04-01,2023-04-01T00:00:00Z,13.0827,80.2707,29.27,0.02,C,mm/day,NASA POWER (MERRA-2),"https://power.larc.nasa.gov/api/temporal/daily/point?parameters=T2M,PRECTOTCORR&community=RE&longitude=80.2707&latitude=13.0827&start=20210101&end=20241231&format=JSON",OBSERVED
2023-04-02,2023-04-02T00:00:00Z,13.0827,80.2707,29.27,0.97,C,mm/day,NASA POWER (MERRA-2),"https://power.larc.nasa.gov/api/temporal/daily/point?parameters=T2M,PRECTOTCORR&community=RE&longitude=80.2707&latitude=13.0827&start=20210101&end=20241231&format=JSON",OBSERVED
2023-04-03,2023-04-03T00:00:00Z,13.0827,80.2707,29.34,0.26,C,mm/day,NASA POWER (MERRA-2),"https://power.larc.nasa.gov/api/temporal/daily/point?parameters=T2M,PRECTOTCORR&community=RE&longitude=80.2707&latitude=13.0827&start=20210101&end=20241231&format=JSON",OBSERVED
2023-04-04,2023-04-04T00:00:00Z,13.0827,80.2707,29.51,0.03,C,mm/day,NASA POWER (MERRA-2),"https://power.larc.nasa.gov/api/temporal/daily/point?parameters=T2M,PRECTOTCORR&community=RE&longitude=80.2707&latitude=13.0827&start=20210101&end=20241231&format=JSON",OBSERVED
2023-04-05,2023-04-05T00:00:00Z,13.0827,80.2707,28.95,0.03,C,mm/day,NASA POWER (MERRA-2),"https://power.larc.nasa.gov/api/temporal/daily/point?parameters=T2M,PRECTOTCORR&community=RE&longitude=80.2707&latitude=13.0827&start=20210101&end=20241231&format=JSON",OBSERVED
2023-04-06,2023-04-06T00:00:00Z,13.0827,80.2707,29.48,0.01,C,mm/day,NASA POWER (MERRA-2),"https://power.larc.nasa.gov/api/temporal/daily/point?parameters=T2M,PRECTOTCORR&community=RE&longitude=80.2707&latitude=13.0827&start=20210101&end=20241231&format=JSON",OBSERVED
2023-04-07,2023-04-07T00:00:00Z,13.0827,80.2707,29.29,0.0,C,mm/day,NASA POWER (MERRA-2),"https://power.larc.nasa.gov/api/temporal/daily/point?parameters=T2M,PRECTOTCORR&community=RE&longitude=80.2707&latitude=13.0827&start=20210101&end=20241231&format=JSON",OBSERVED
2023-04-08,2023-04-08T00:00:00Z,13.0827,80.2707,29.16,0.0,C,mm/day,NASA POWER (MERRA-2),"https://power.larc.nasa.gov/api/temporal/daily/point?parameters=T2M,PRECTOTCORR&community=RE&longitude=80.2707&latitude=13.0827&start=20210101&end=20241231&format=JSON",OBSERVED
2023-04-09,2023-04-09T00:00:00Z,13.0827,80.2707,28.94,0.01,C,mm/day,NASA POWER (MERRA-2),"https://power.larc.nasa.gov/api/temporal/daily/point?parameters=T2M,PRECTOTCORR&community=RE&longitude=80.2707&latitude=13.0827&start=20210101&end=20241231&format=JSON",OBSERVED
2023-04-10,2023-04-10T00:00:00Z,13.0827,80.2707,29.01,0.0,C,mm/day,NASA POWER (MERRA-2),"https://power.larc.nasa.gov/api/temporal/daily/point?parameters=T2M,PRECTOTCORR&community=RE&longitude=80.2707&latitude=13.0827&start=20210101&end=20241231&format=JSON",OBSERVED
2023-04-11,2023-04-11T00:00:00Z,13.0827,80.2707,29.23,0.0,C,mm/day,NASA POWER (MERRA-2),"https://power.larc.nasa.gov/api/temporal/daily/point?parameters=T2M,PRECTOTCORR&community=RE&longitude=80.2707&latitude=13.0827&start=20210101&end=20241231&format=JSON",OBSERVED
2023-04-12,2023-04-12T00:00:00Z,13.0827,80.2707,29.74,0.0,C,mm/day,NASA POWER (MERRA-2),"https://power.larc.nasa.gov/api/temporal/daily/point?parameters=T2M,PRECTOTCORR&community=RE&longitude=80.2707&latitude=13.0827&start=20210101&end=20241231&format=JSON",OBSERVED
2023-04-13,2023-04-13T00:00:00Z,13.0827,80.2707,30.69,0.0,C,mm/day,NASA POWER (MERRA-2),"https://power.larc.nasa.gov/api/temporal/daily/point?parameters=T2M,PRECTOTCORR&community=RE&longitude=80.2707&latitude=13.0827&start=20210101&end=20241231&format=JSON",OBSERVED
2023-04-14,2023-04-14T00:00:00Z,13.0827,80.2707,30.61,0.0,C,mm/day,NASA POWER (MERRA-2),"https://power.larc.nasa.gov/api/temporal/daily/point?parameters=T2M,PRECTOTCORR&community=RE&longitude=80.2707&latitude=13.0827&start=20210101&end=20241231&format=JSON",OBSERVED
2023-04-15,2023-04-15T00:00:00Z,13.0827,80.2707,31.07,0.0,C,mm/day,NASA POWER (MERRA-2),"https://power.larc.nasa.gov/api/temporal/daily/point?parameters=T2M,PRECTOTCORR&community=RE&longitude=80.2707&latitude=13.0827&start=20210101&end=20241231&format=JSON",OBSERVED
2023-04-16,2023-04-16T00:00:00Z,13.0827,80.2707,30.31,0.0,C,mm/day,NASA POWER (MERRA-2),"https://power.larc.nasa.gov/api/temporal/daily/point?parameters=T2M,PRECTOTCORR&community=RE&longitude=80.2707&latitude=13.0827&start=20210101&end=20241231&format=JSON",OBSERVED
2023-04-17,2023-04-17T00:00:00Z,13.0827,80.2707,31.03,0.0,C,mm/day,NASA POWER (MERRA-2),"https://power.larc.nasa.gov/api/temporal/daily/point?parameters=T2M,PRECTOTCORR&community=RE&longitude=80.2707&latitude=13.0827&start=20210101&end=20241231&format=JSON",OBSERVED
2023-04-18,2023-04-18T00:00:00Z,13.0827,80.2707,30.78,0.0,C,mm/day,NASA POWER (MERRA-2),"https://power.larc.nasa.gov/api/temporal/daily/point?parameters=T2M,PRECTOTCORR&community=RE&longitude=80.2707&latitude=13.0827&start=20210101&end=20241231&format=JSON",OBSERVED
2023-04-19,2023-04-19T00:00:00Z,13.0827,80.2707,30.8,0.0,C,mm/day,NASA POWER (MERRA-2),"https://power.larc.nasa.gov/api/temporal/daily/point?parameters=T2M,PRECTOTCORR&community=RE&longitude=80.2707&latitude=13.0827&start=20210101&end=20241231&format=JSON",OBSERVED
2023-04-20,2023-04-20T00:00:00Z,13.0827,80.2707,31.59,0.0,C,mm/day,NASA POWER (MERRA-2),"https://power.larc.nasa.gov/api/temporal/daily/point?parameters=T2M,PRECTOTCORR&community=RE&longitude=80.2707&latitude=13.0827&start=20210101&end=20241231&format=JSON",OBSERVED
2023-04-21,2023-04-21T00:00:00Z,13.0827,80.2707,31.85,0.12,C,mm/day,NASA POWER (MERRA-2),"https://power.larc.nasa.gov/api/temporal/daily/point?parameters=T2M,PRECTOTCORR&community=RE&longitude=80.2707&latitude=13.0827&start=20210101&end=20241231&format=JSON",OBSERVED
2023-04-22,2023-04-22T00:00:00Z,13.0827,80.2707,31.62,0.67,C,mm/day,NASA POWER (MERRA-2),"https://power.larc.nasa.gov/api/temporal/daily/point?parameters=T2M,PRECTOTCORR&community=RE&longitude=80.2707&latitude=13.0827&start=20210101&end=20241231&format=JSON",OBSERVED
2023-04-23,2023-04-23T00:00:00Z,13.0827,80.2707,31.64,3.5,C,mm/day,NASA POWER (MERRA-2),"https://power.larc.nasa.gov/api/temporal/daily/point?parameters=T2M,PRECTOTCORR&community=RE&longitude=80.2707&latitude=13.0827&start=20210101&end=20241231&format=JSON",OBSERVED
2023-04-24,2023-04-24T00:00:00Z,13.0827,80.2707,30.84,2.17,C,mm/day,NASA POWER (MERRA-2),"https://power.larc.nasa.gov/api/temporal/daily/point?parameters=T2M,PRECTOTCORR&community=RE&longitude=80.2707&latitude=13.0827&start=20210101&end=20241231&format=JSON",OBSERVED
2023-04-25,2023-04-25T00:00:00Z,13.0827,80.2707,30.07,2.14,C,mm/day,NASA POWER (MERRA-2),"https://power.larc.nasa.gov/api/temporal/daily/point?parameters=T2M,PRECTOTCORR&community=RE&longitude=80.2707&latitude=13.0827&start=20210101&end=20241231&format=JSON",OBSERVED
2023-04-26,2023-04-26T00:00:00Z,13.0827,80.2707,30.48,0.07,C,mm/day,NASA POWER (MERRA-2),"https://power.larc.nasa.gov/api/temporal/daily/point?parameters=T2M,PRECTOTCORR&community=RE&longitude=80.2707&latitude=13.0827&start=20210101&end=20241231&format=JSON",OBSERVED
2023-04-27,2023-04-27T00:00:00Z,13.0827,80.2707,30.59,0.09,C,mm/day,NASA POWER (MERRA-2),"https://power.larc.nasa.gov/api/temporal/daily/point?parameters=T2M,PRECTOTCORR&community=RE&longitude=80.2707&latitude=13.0827&start=20210101&end=20241231&format=JSON",OBSERVED
2023-04-28,2023-04-28T00:00:00Z,13.0827,80.2707,30.92,0.32,C,mm/day,NASA POWER (MERRA-2),"https://power.larc.nasa.gov/api/temporal/daily/point?parameters=T2M,PRECTOTCORR&community=RE&longitude=80.2707&latitude=13.0827&start=20210101&end=20241231&format=JSON",OBSERVED
2023-04-29,2023-04-29T00:00:00Z,13.0827,80.2707,30.77,1.27,C,mm/day,NASA POWER (MERRA-2),"https://power.larc.nasa.gov/api/temporal/daily/point?parameters=T2M,PRECTOTCORR&community=RE&longitude=80.2707&latitude=13.0827&start=20210101&end=20241231&format=JSON",OBSERVED
2023-04-30,2023-04-30T00:00:00Z,13.0827,80.2707,30.83,0.55,C,mm/day,NASA POWER (MERRA-2),"https://power.larc.nasa.gov/api/temporal/daily/point?parameters=T2M,PRECTOTCORR&community=RE&longitude=80.2707&latitude=13.0827&start=20210101&end=20241231&format=JSON",OBSERVED
2023-05-01,2023-05-01T00:00:00Z,13.0827,80.2707,29.21,14.52,C,mm/day,NASA POWER (MERRA-2),"https://power.larc.nasa.gov/api/temporal/daily/point?parameters=T2M,PRECTOTCORR&community=RE&longitude=80.2707&latitude=13.0827&start=20210101&end=20241231&format=JSON",OBSERVED
2023-05-02,2023-05-02T00:00:00Z,13.0827,80.2707,28.1,12.13,C,mm/day,NASA POWER (MERRA-2),"https://power.larc.nasa.gov/api/temporal/daily/point?parameters=T2M,PRECTOTCORR&community=RE&longitude=80.2707&latitude=13.0827&start=20210101&end=20241231&format=JSON",OBSERVED
2023-05-03,2023-05-03T00:00:00Z,13.0827,80.2707,27.83,1.28,C,mm/day,NASA POWER (MERRA-2),"https://power.larc.nasa.gov/api/temporal/daily/point?parameters=T2M,PRECTOTCORR&community=RE&longitude=80.2707&latitude=13.0827&start=20210101&end=20241231&format=JSON",OBSERVED
2023-05-04,2023-05-04T00:00:00Z,13.0827,80.2707,29.45,0.98,C,mm/day,NASA POWER (MERRA-2),"https://power.larc.nasa.gov/api/temporal/daily/point?parameters=T2M,PRECTOTCORR&community=RE&longitude=80.2707&latitude=13.0827&start=20210101&end=20241231&format=JSON",OBSERVED
2023-05-05,2023-05-05T00:00:00Z,13.0827,80.2707,28.25,6.0,C,mm/day,NASA POWER (MERRA-2),"https://power.larc.nasa.gov/api/temporal/daily/point?parameters=T2M,PRECTOTCORR&community=RE&longitude=80.2707&latitude=13.0827&start=20210101&end=20241231&format=JSON",OBSERVED
2023-05-06,2023-05-06T00:00:00Z,13.0827,80.2707,29.45,7.4,C,mm/day,NASA POWER (MERRA-2),"https://power.larc.nasa.gov/api/temporal/daily/point?parameters=T2M,PRECTOTCORR&community=RE&longitude=80.2707&latitude=13.0827&start=20210101&end=20241231&format=JSON",OBSERVED
2023-05-07,2023-05-07T00:00:00Z,13.0827,80.2707,29.32,3.23,C,mm/day,NASA POWER (MERRA-2),"https://power.larc.nasa.gov/api/temporal/daily/point?parameters=T2M,PRECTOTCORR&community=RE&longitude=80.2707&latitude=13.0827&start=20210101&end=20241231&format=JSON",OBSERVED
2023-05-08,2023-05-08T00:00:00Z,13.0827,80.2707,29.32,8.36,C,mm/day,NASA POWER (MERRA-2),"https://power.larc.nasa.gov/api/temporal/daily/point?parameters=T2M,PRECTOTCORR&community=RE&longitude=80.2707&latitude=13.0827&start=20210101&end=20241231&format=JSON",OBSERVED
2023-05-09,2023-05-09T00:00:00Z,13.0827,80.2707,29.95,0.14,C,mm/day,NASA POWER (MERRA-2),"https://power.larc.nasa.gov/api/temporal/daily/point?parameters=T2M,PRECTOTCORR&community=RE&longitude=80.2707&latitude=13.0827&start=20210101&end=20241231&format=JSON",OBSERVED
2023-05-10,2023-05-10T00:00:00Z,13.0827,80.2707,29.88,0.15,C,mm/day,NASA POWER (MERRA-2),"https://power.larc.nasa.gov/api/temporal/daily/point?parameters=T2M,PRECTOTCORR&community=RE&longitude=80.2707&latitude=13.0827&start=20210101&end=20241231&format=JSON",OBSERVED
2023-05-11,2023-05-11T00:00:00Z,13.0827,80.2707,30.41,0.07,C,mm/day,NASA POWER (MERRA-2),"https://power.larc.nasa.gov/api/temporal/daily/point?parameters=T2M,PRECTOTCORR&community=RE&longitude=80.2707&latitude=13.0827&start=20210101&end=20241231&format=JSON",OBSERVED
2023-05-12,2023-05-12T00:00:00Z,13.0827,80.2707,31.64,0.06,C,mm/day,NASA POWER (MERRA-2),"https://power.larc.nasa.gov/api/temporal/daily/point?parameters=T2M,PRECTOTCORR&community=RE&longitude=80.2707&latitude=13.0827&start=20210101&end=20241231&format=JSON",OBSERVED
2023-05-13,2023-05-13T00:00:00Z,13.0827,80.2707,33.29,0.02,C,mm/day,NASA POWER (MERRA-2),"https://power.larc.nasa.gov/api/temporal/daily/point?parameters=T2M,PRECTOTCORR&community=RE&longitude=80.2707&latitude=13.0827&start=20210101&end=20241231&format=JSON",OBSERVED
2023-05-14,2023-05-14T00:00:00Z,13.0827,80.2707,34.15,0.01,C,mm/day,NASA POWER (MERRA-2),"https://power.larc.nasa.gov/api/temporal/daily/point?parameters=T2M,PRECTOTCORR&community=RE&longitude=80.2707&latitude=13.0827&start=20210101&end=20241231&format=JSON",OBSERVED
2023-05-15,2023-05-15T00:00:00Z,13.0827,80.2707,33.52,1.03,C,mm/day,NASA POWER (MERRA-2),"https://power.larc.nasa.gov/api/temporal/daily/point?parameters=T2M,PRECTOTCORR&community=RE&longitude=80.2707&latitude=13.0827&start=20210101&end=20241231&format=JSON",OBSERVED
2023-05-16,2023-05-16T00:00:00Z,13.0827,80.2707,33.34,0.18,C,mm/day,NASA POWER (MERRA-2),"https://power.larc.nasa.gov/api/temporal/daily/point?parameters=T2M,PRECTOTCORR&community=RE&longitude=80.2707&latitude=13.0827&start=20210101&end=20241231&format=JSON",OBSERVED
2023-05-17,2023-05-17T00:00:00Z,13.0827,80.2707,32.65,0.19,C,mm/day,NASA POWER (MERRA-2),"https://power.larc.nasa.gov/api/temporal/daily/point?parameters=T2M,PRECTOTCORR&community=RE&longitude=80.2707&latitude=13.0827&start=20210101&end=20241231&format=JSON",OBSERVED
2023-05-18,2023-05-18T00:00:00Z,13.0827,80.2707,31.37,0.1,C,mm/day,NASA POWER (MERRA-2),"https://power.larc.nasa.gov/api/temporal/daily/point?parameters=T2M,PRECTOTCORR&community=RE&longitude=80.2707&latitude=13.0827&start=20210101&end=20241231&format=JSON",OBSERVED
2023-05-19,2023-05-19T00:00:00Z,13.0827,80.2707,30.9,0.12,C,mm/day,NASA POWER (MERRA-2),"https://power.larc.nasa.gov/api/temporal/daily/point?parameters=T2M,PRECTOTCORR&community=RE&longitude=80.2707&latitude=13.0827&start=20210101&end=20241231&format=JSON",OBSERVED
2023-05-20,2023-05-20T00:00:00Z,13.0827,80.2707,31.24,0.07,C,mm/day,NASA POWER (MERRA-2),"https://power.larc.nasa.gov/api/temporal/daily/point?parameters=T2M,PRECTOTCORR&community=RE&longitude=80.2707&latitude=13.0827&start=20210101&end=20241231&format=JSON",OBSERVED
2023-05-21,2023-05-21T00:00:00Z,13.0827,80.2707,30.29,0.17,C,mm/day,NASA POWER (MERRA-2),"https://power.larc.nasa.gov/api/temporal/daily/point?parameters=T2M,PRECTOTCORR&community=RE&longitude=80.2707&latitude=13.0827&start=20210101&end=20241231&format=JSON",OBSERVED
2023-05-22,2023-05-22T00:00:00Z,13.0827,80.2707,30.38,0.16,C,mm/day,NASA POWER (MERRA-2),"https://power.larc.nasa.gov/api/temporal/daily/point?parameters=T2M,PRECTOTCORR&community=RE&longitude=80.2707&latitude=13.0827&start=20210101&end=20241231&format=JSON",OBSERVED
2023-05-23,2023-05-23T00:00:00Z,13.0827,80.2707,30.76,0.06,C,mm/day,NASA POWER (MERRA-2),"https://power.larc.nasa.gov/api/temporal/daily/point?parameters=T2M,PRECTOTCORR&community=RE&longitude=80.2707&latitude=13.0827&start=20210101&end=20241231&format=JSON",OBSERVED
2023-05-24,2023-05-24T00:00:00Z,13.0827,80.2707,31.92,0.06,C,mm/day,NASA POWER (MERRA-2),"https://power.larc.nasa.gov/api/temporal/daily/point?parameters=T2M,PRECTOTCORR&community=RE&longitude=80.2707&latitude=13.0827&start=20210101&end=20241231&format=JSON",OBSERVED
2023-05-25,2023-05-25T00:00:00Z,13.0827,80.2707,33.23,0.5,C,mm/day,NASA POWER (MERRA-2),"https://power.larc.nasa.gov/api/temporal/daily/point?parameters=T2M,PRECTOTCORR&community=RE&longitude=80.2707&latitude=13.0827&start=20210101&end=20241231&format=JSON",OBSERVED
2023-05-26,2023-05-26T00:00:00Z,13.0827,80.2707,33.36,0.27,C,mm/day,NASA POWER (MERRA-2),"https://power.larc.nasa.gov/api/temporal/daily/point?parameters=T2M,PRECTOTCORR&community=RE&longitude=80.2707&latitude=13.0827&start=20210101&end=20241231&format=JSON",OBSERVED
2023-05-27,2023-05-27T00:00:00Z,13.0827,80.2707,33.84,2.46,C,mm/day,NASA POWER (MERRA-2),"https://power.larc.nasa.gov/api/temporal/daily/point?parameters=T2M,PRECTOTCORR&community=RE&longitude=80.2707&latitude=13.0827&start=20210101&end=20241231&format=JSON",OBSERVED
2023-05-28,2023-05-28T00:00:00Z,13.0827,80.2707,32.91,0.84,C,mm/day,NASA POWER (MERRA-2),"https://power.larc.nasa.gov/api/temporal/daily/point?parameters=T2M,PRECTOTCORR&community=RE&longitude=80.2707&latitude=13.0827&start=20210101&end=20241231&format=JSON",OBSERVED
2023-05-29,2023-05-29T00:00:00Z,13.0827,80.2707,32.38,0.35,C,mm/day,NASA POWER (MERRA-2),"https://power.larc.nasa.gov/api/temporal/daily/point?parameters=T2M,PRECTOTCORR&community=RE&longitude=80.2707&latitude=13.0827&start=20210101&end=20241231&format=JSON",OBSERVED
2023-05-30,2023-05-30T00:00:00Z,13.0827,80.2707,31.44,2.08,C,mm/day,NASA POWER (MERRA-2),"https://power.larc.nasa.gov/api/temporal/daily/point?parameters=T2M,PRECTOTCORR&community=RE&longitude=80.2707&latitude=13.0827&start=20210101&end=20241231&format=JSON",OBSERVED
2023-05-31,2023-05-31T00:00:00Z,13.0827,80.2707,31.25,0.58,C,mm/day,NASA POWER (MERRA-2),"https://power.larc.nasa.gov/api/temporal/daily/point?parameters=T2M,PRECTOTCORR&community=RE&longitude=80.2707&latitude=13.0827&start=20210101&end=20241231&format=JSON",OBSERVED
2023-06-01,2023-06-01T00:00:00Z,13.0827,80.2707,32.34,0.5,C,mm/day,NASA POWER (MERRA-2),"https://power.larc.nasa.gov/api/temporal/daily/point?parameters=T2M,PRECTOTCORR&community=RE&longitude=80.2707&latitude=13.0827&start=20210101&end=20241231&format=JSON",OBSERVED
2023-06-02,2023-06-02T00:00:00Z,13.0827,80.2707,33.1,0.17,C,mm/day,NASA POWER (MERRA-2),"https://power.larc.nasa.gov/api/temporal/daily/point?parameters=T2M,PRECTOTCORR&community=RE&longitude=80.2707&latitude=13.0827&start=20210101&end=20241231&format=JSON",OBSERVED
2023-06-03,2023-06-03T00:00:00Z,13.0827,80.2707,33.76,0.04,C,mm/day,NASA POWER (MERRA-2),"https://power.larc.nasa.gov/api/temporal/daily/point?parameters=T2M,PRECTOTCORR&community=RE&longitude=80.2707&latitude=13.0827&start=20210101&end=20241231&format=JSON",OBSERVED
2023-06-04,2023-06-04T00:00:00Z,13.0827,80.2707,33.53,0.03,C,mm/day,NASA POWER (MERRA-2),"https://power.larc.nasa.gov/api/temporal/daily/point?parameters=T2M,PRECTOTCORR&community=RE&longitude=80.2707&latitude=13.0827&start=20210101&end=20241231&format=JSON",OBSERVED
2023-06-05,2023-06-05T00:00:00Z,13.0827,80.2707,31.66,2.71,C,mm/day,NASA POWER (MERRA-2),"https://power.larc.nasa.gov/api/temporal/daily/point?parameters=T2M,PRECTOTCORR&community=RE&longitude=80.2707&latitude=13.0827&start=20210101&end=20241231&format=JSON",OBSERVED
2023-06-06,2023-06-06T00:00:00Z,13.0827,80.2707,32.2,1.2,C,mm/day,NASA POWER (MERRA-2),"https://power.larc.nasa.gov/api/temporal/daily/point?parameters=T2M,PRECTOTCORR&community=RE&longitude=80.2707&latitude=13.0827&start=20210101&end=20241231&format=JSON",OBSERVED
2023-06-07,2023-06-07T00:00:00Z,13.0827,80.2707,28.61,3.04,C,mm/day,NASA POWER (MERRA-2),"https://power.larc.nasa.gov/api/temporal/daily/point?parameters=T2M,PRECTOTCORR&community=RE&longitude=80.2707&latitude=13.0827&start=20210101&end=20241231&format=JSON",OBSERVED
2023-06-08,2023-06-08T00:00:00Z,13.0827,80.2707,31.11,0.35,C,mm/day,NASA POWER (MERRA-2),"https://power.larc.nasa.gov/api/temporal/daily/point?parameters=T2M,PRECTOTCORR&community=RE&longitude=80.2707&latitude=13.0827&start=20210101&end=20241231&format=JSON",OBSERVED
2023-06-09,2023-06-09T00:00:00Z,13.0827,80.2707,30.34,5.24,C,mm/day,NASA POWER (MERRA-2),"https://power.larc.nasa.gov/api/temporal/daily/point?parameters=T2M,PRECTOTCORR&community=RE&longitude=80.2707&latitude=13.0827&start=20210101&end=20241231&format=JSON",OBSERVED
2023-06-10,2023-06-10T00:00:00Z,13.0827,80.2707,31.31,6.7,C,mm/day,NASA POWER (MERRA-2),"https://power.larc.nasa.gov/api/temporal/daily/point?parameters=T2M,PRECTOTCORR&community=RE&longitude=80.2707&latitude=13.0827&start=20210101&end=20241231&format=JSON",OBSERVED
2023-06-11,2023-06-11T00:00:00Z,13.0827,80.2707,31.81,0.01,C,mm/day,NASA POWER (MERRA-2),"https://power.larc.nasa.gov/api/temporal/daily/point?parameters=T2M,PRECTOTCORR&community=RE&longitude=80.2707&latitude=13.0827&start=20210101&end=20241231&format=JSON",OBSERVED
2023-06-12,2023-06-12T00:00:00Z,13.0827,80.2707,31.78,4.57,C,mm/day,NASA POWER (MERRA-2),"https://power.larc.nasa.gov/api/temporal/daily/point?parameters=T2M,PRECTOTCORR&community=RE&longitude=80.2707&latitude=13.0827&start=20210101&end=20241231&format=JSON",OBSERVED
2023-06-13,2023-06-13T00:00:00Z,13.0827,80.2707,31.16,2.31,C,mm/day,NASA POWER (MERRA-2),"https://power.larc.nasa.gov/api/temporal/daily/point?parameters=T2M,PRECTOTCORR&community=RE&longitude=80.2707&latitude=13.0827&start=20210101&end=20241231&format=JSON",OBSERVED
2023-06-14,2023-06-14T00:00:00Z,13.0827,80.2707,30.27,2.5,C,mm/day,NASA POWER (MERRA-2),"https://power.larc.nasa.gov/api/temporal/daily/point?parameters=T2M,PRECTOTCORR&community=RE&longitude=80.2707&latitude=13.0827&start=20210101&end=20241231&format=JSON",OBSERVED
2023-06-15,2023-06-15T00:00:00Z,13.0827,80.2707,31.3,0.73,C,mm/day,NASA POWER (MERRA-2),"https://power.larc.nasa.gov/api/temporal/daily/point?parameters=T2M,PRECTOTCORR&community=RE&longitude=80.2707&latitude=13.0827&start=20210101&end=20241231&format=JSON",OBSERVED
2023-06-16,2023-06-16T00:00:00Z,13.0827,80.2707,32.16,1.61,C,mm/day,NASA POWER (MERRA-2),"https://power.larc.nasa.gov/api/temporal/daily/point?parameters=T2M,PRECTOTCORR&community=RE&longitude=80.2707&latitude=13.0827&start=20210101&end=20241231&format=JSON",OBSERVED
2023-06-17,2023-06-17T00:00:00Z,13.0827,80.2707,29.26,8.83,C,mm/day,NASA POWER (MERRA-2),"https://power.larc.nasa.gov/api/temporal/daily/point?parameters=T2M,PRECTOTCORR&community=RE&longitude=80.2707&latitude=13.0827&start=20210101&end=20241231&format=JSON",OBSERVED
2023-06-18,2023-06-18T00:00:00Z,13.0827,80.2707,27.98,48.9,C,mm/day,NASA POWER (MERRA-2),"https://power.larc.nasa.gov/api/temporal/daily/point?parameters=T2M,PRECTOTCORR&community=RE&longitude=80.2707&latitude=13.0827&start=20210101&end=20241231&format=JSON",OBSERVED
2023-06-19,2023-06-19T00:00:00Z,13.0827,80.2707,29.47,21.5,C,mm/day,NASA POWER (MERRA-2),"https://power.larc.nasa.gov/api/temporal/daily/point?parameters=T2M,PRECTOTCORR&community=RE&longitude=80.2707&latitude=13.0827&start=20210101&end=20241231&format=JSON",OBSERVED
2023-06-20,2023-06-20T00:00:00Z,13.0827,80.2707,29.48,12.83,C,mm/day,NASA POWER (MERRA-2),"https://power.larc.nasa.gov/api/temporal/daily/point?parameters=T2M,PRECTOTCORR&community=RE&longitude=80.2707&latitude=13.0827&start=20210101&end=20241231&format=JSON",OBSERVED
2023-06-21,2023-06-21T00:00:00Z,13.0827,80.2707,27.48,1.73,C,mm/day,NASA POWER (MERRA-2),"https://power.larc.nasa.gov/api/temporal/daily/point?parameters=T2M,PRECTOTCORR&community=RE&longitude=80.2707&latitude=13.0827&start=20210101&end=20241231&format=JSON",OBSERVED
2023-06-22,2023-06-22T00:00:00Z,13.0827,80.2707,28.79,8.34,C,mm/day,NASA POWER (MERRA-2),"https://power.larc.nasa.gov/api/temporal/daily/point?parameters=T2M,PRECTOTCORR&community=RE&longitude=80.2707&latitude=13.0827&start=20210101&end=20241231&format=JSON",OBSERVED
2023-06-23,2023-06-23T00:00:00Z,13.0827,80.2707,29.25,6.08,C,mm/day,NASA POWER (MERRA-2),"https://power.larc.nasa.gov/api/temporal/daily/point?parameters=T2M,PRECTOTCORR&community=RE&longitude=80.2707&latitude=13.0827&start=20210101&end=20241231&format=JSON",OBSERVED
2023-06-24,2023-06-24T00:00:00Z,13.0827,80.2707,29.23,3.76,C,mm/day,NASA POWER (MERRA-2),"https://power.larc.nasa.gov/api/temporal/daily/point?parameters=T2M,PRECTOTCORR&community=RE&longitude=80.2707&latitude=13.0827&start=20210101&end=20241231&format=JSON",OBSERVED
2023-06-25,2023-06-25T00:00:00Z,13.0827,80.2707,28.27,7.82,C,mm/day,NASA POWER (MERRA-2),"https://power.larc.nasa.gov/api/temporal/daily/point?parameters=T2M,PRECTOTCORR&community=RE&longitude=80.2707&latitude=13.0827&start=20210101&end=20241231&format=JSON",OBSERVED
2023-06-26,2023-06-26T00:00:00Z,13.0827,80.2707,29.75,0.15,C,mm/day,NASA POWER (MERRA-2),"https://power.larc.nasa.gov/api/temporal/daily/point?parameters=T2M,PRECTOTCORR&community=RE&longitude=80.2707&latitude=13.0827&start=20210101&end=20241231&format=JSON",OBSERVED
2023-06-27,2023-06-27T00:00:00Z,13.0827,80.2707,30.14,0.15,C,mm/day,NASA POWER (MERRA-2),"https://power.larc.nasa.gov/api/temporal/daily/point?parameters=T2M,PRECTOTCORR&community=RE&longitude=80.2707&latitude=13.0827&start=20210101&end=20241231&format=JSON",OBSERVED
2023-06-28,2023-06-28T00:00:00Z,13.0827,80.2707,29.66,0.16,C,mm/day,NASA POWER (MERRA-2),"https://power.larc.nasa.gov/api/temporal/daily/point?parameters=T2M,PRECTOTCORR&community=RE&longitude=80.2707&latitude=13.0827&start=20210101&end=20241231&format=JSON",OBSERVED
2023-06-29,2023-06-29T00:00:00Z,13.0827,80.2707,30.08,1.62,C,mm/day,NASA POWER (MERRA-2),"https://power.larc.nasa.gov/api/temporal/daily/point?parameters=T2M,PRECTOTCORR&community=RE&longitude=80.2707&latitude=13.0827&start=20210101&end=20241231&format=JSON",OBSERVED
2023-06-30,2023-06-30T00:00:00Z,13.0827,80.2707,30.74,0.56,C,mm/day,NASA POWER (MERRA-2),"https://power.larc.nasa.gov/api/temporal/daily/point?parameters=T2M,PRECTOTCORR&community=RE&longitude=80.2707&latitude=13.0827&start=20210101&end=20241231&format=JSON",OBSERVED
2023-07-01,2023-07-01T00:00:00Z,13.0827,80.2707,30.25,3.01,C,mm/day,NASA POWER (MERRA-2),"https://power.larc.nasa.gov/api/temporal/daily/point?parameters=T2M,PRECTOTCORR&community=RE&longitude=80.2707&latitude=13.0827&start=20210101&end=20241231&format=JSON",OBSERVED
2023-07-02,2023-07-02T00:00:00Z,13.0827,80.2707,27.44,3.24,C,mm/day,NASA POWER (MERRA-2),"https://power.larc.nasa.gov/api/temporal/daily/point?parameters=T2M,PRECTOTCORR&community=RE&longitude=80.2707&latitude=13.0827&start=20210101&end=20241231&format=JSON",OBSERVED
2023-07-03,2023-07-03T00:00:00Z,13.0827,80.2707,27.97,4.82,C,mm/day,NASA POWER (MERRA-2),"https://power.larc.nasa.gov/api/temporal/daily/point?parameters=T2M,PRECTOTCORR&community=RE&longitude=80.2707&latitude=13.0827&start=20210101&end=20241231&format=JSON",OBSERVED
2023-07-04,2023-07-04T00:00:00Z,13.0827,80.2707,28.23,3.92,C,mm/day,NASA POWER (MERRA-2),"https://power.larc.nasa.gov/api/temporal/daily/point?parameters=T2M,PRECTOTCORR&community=RE&longitude=80.2707&latitude=13.0827&start=20210101&end=20241231&format=JSON",OBSERVED
2023-07-05,2023-07-05T00:00:00Z,13.0827,80.2707,29.46,1.34,C,mm/day,NASA POWER (MERRA-2),"https://power.larc.nasa.gov/api/temporal/daily/point?parameters=T2M,PRECTOTCORR&community=RE&longitude=80.2707&latitude=13.0827&start=20210101&end=20241231&format=JSON",OBSERVED
2023-07-06,2023-07-06T00:00:00Z,13.0827,80.2707,29.09,0.15,C,mm/day,NASA POWER (MERRA-2),"https://power.larc.nasa.gov/api/temporal/daily/point?parameters=T2M,PRECTOTCORR&community=RE&longitude=80.2707&latitude=13.0827&start=20210101&end=20241231&format=JSON",OBSERVED
2023-07-07,2023-07-07T00:00:00Z,13.0827,80.2707,29.37,0.22,C,mm/day,NASA POWER (MERRA-2),"https://power.larc.nasa.gov/api/temporal/daily/point?parameters=T2M,PRECTOTCORR&community=RE&longitude=80.2707&latitude=13.0827&start=20210101&end=20241231&format=JSON",OBSERVED
2023-07-08,2023-07-08T00:00:00Z,13.0827,80.2707,29.72,1.94,C,mm/day,NASA POWER (MERRA-2),"https://power.larc.nasa.gov/api/temporal/daily/point?parameters=T2M,PRECTOTCORR&community=RE&longitude=80.2707&latitude=13.0827&start=20210101&end=20241231&format=JSON",OBSERVED
2023-07-09,2023-07-09T00:00:00Z,13.0827,80.2707,29.79,4.36,C,mm/day,NASA POWER (MERRA-2),"https://power.larc.nasa.gov/api/temporal/daily/point?parameters=T2M,PRECTOTCORR&community=RE&longitude=80.2707&latitude=13.0827&start=20210101&end=20241231&format=JSON",OBSERVED
2023-07-10,2023-07-10T00:00:00Z,13.0827,80.2707,28.83,8.05,C,mm/day,NASA POWER (MERRA-2),"https://power.larc.nasa.gov/api/temporal/daily/point?parameters=T2M,PRECTOTCORR&community=RE&longitude=80.2707&latitude=13.0827&start=20210101&end=20241231&format=JSON",OBSERVED
2023-07-11,2023-07-11T00:00:00Z,13.0827,80.2707,28.86,3.13,C,mm/day,NASA POWER (MERRA-2),"https://power.larc.nasa.gov/api/temporal/daily/point?parameters=T2M,PRECTOTCORR&community=RE&longitude=80.2707&latitude=13.0827&start=20210101&end=20241231&format=JSON",OBSERVED
2023-07-12,2023-07-12T00:00:00Z,13.0827,80.2707,29.08,12.22,C,mm/day,NASA POWER (MERRA-2),"https://power.larc.nasa.gov/api/temporal/daily/point?parameters=T2M,PRECTOTCORR&community=RE&longitude=80.2707&latitude=13.0827&start=20210101&end=20241231&format=JSON",OBSERVED
2023-07-13,2023-07-13T00:00:00Z,13.0827,80.2707,29.26,11.25,C,mm/day,NASA POWER (MERRA-2),"https://power.larc.nasa.gov/api/temporal/daily/point?parameters=T2M,PRECTOTCORR&community=RE&longitude=80.2707&latitude=13.0827&start=20210101&end=20241231&format=JSON",OBSERVED
2023-07-14,2023-07-14T00:00:00Z,13.0827,80.2707,29.93,0.46,C,mm/day,NASA POWER (MERRA-2),"https://power.larc.nasa.gov/api/temporal/daily/point?parameters=T2M,PRECTOTCORR&community=RE&longitude=80.2707&latitude=13.0827&start=20210101&end=20241231&format=JSON",OBSERVED
2023-07-15,2023-07-15T00:00:00Z,13.0827,80.2707,29.79,0.14,C,mm/day,NASA POWER (MERRA-2),"https://power.larc.nasa.gov/api/temporal/daily/point?parameters=T2M,PRECTOTCORR&community=RE&longitude=80.2707&latitude=13.0827&start=20210101&end=20241231&format=JSON",OBSERVED
2023-07-16,2023-07-16T00:00:00Z,13.0827,80.2707,30.05,0.06,C,mm/day,NASA POWER (MERRA-2),"https://power.larc.nasa.gov/api/temporal/daily/point?parameters=T2M,PRECTOTCORR&community=RE&longitude=80.2707&latitude=13.0827&start=20210101&end=20241231&format=JSON",OBSERVED
2023-07-17,2023-07-17T00:00:00Z,13.0827,80.2707,30.07,0.11,C,mm/day,NASA POWER (MERRA-2),"https://power.larc.nasa.gov/api/temporal/daily/point?parameters=T2M,PRECTOTCORR&community=RE&longitude=80.2707&latitude=13.0827&start=20210101&end=20241231&format=JSON",OBSERVED
2023-07-18,2023-07-18T00:00:00Z,13.0827,80.2707,30.27,0.04,C,mm/day,NASA POWER (MERRA-2),"https://power.larc.nasa.gov/api/temporal/daily/point?parameters=T2M,PRECTOTCORR&community=RE&longitude=80.2707&latitude=13.0827&start=20210101&end=20241231&format=JSON",OBSERVED
2023-07-19,2023-07-19T00:00:00Z,13.0827,80.2707,30.18,0.54,C,mm/day,NASA POWER (MERRA-2),"https://power.larc.nasa.gov/api/temporal/daily/point?parameters=T2M,PRECTOTCORR&community=RE&longitude=80.2707&latitude=13.0827&start=20210101&end=20241231&format=JSON",OBSERVED
2023-07-20,2023-07-20T00:00:00Z,13.0827,80.2707,30.02,0.03,C,mm/day,NASA POWER (MERRA-2),"https://power.larc.nasa.gov/api/temporal/daily/point?parameters=T2M,PRECTOTCORR&community=RE&longitude=80.2707&latitude=13.0827&start=20210101&end=20241231&format=JSON",OBSERVED
2023-07-21,2023-07-21T00:00:00Z,13.0827,80.2707,29.98,0.55,C,mm/day,NASA POWER (MERRA-2),"https://power.larc.nasa.gov/api/temporal/daily/point?parameters=T2M,PRECTOTCORR&community=RE&longitude=80.2707&latitude=13.0827&start=20210101&end=20241231&format=JSON",OBSERVED
2023-07-22,2023-07-22T00:00:00Z,13.0827,80.2707,29.94,6.07,C,mm/day,NASA POWER (MERRA-2),"https://power.larc.nasa.gov/api/temporal/daily/point?parameters=T2M,PRECTOTCORR&community=RE&longitude=80.2707&latitude=13.0827&start=20210101&end=20241231&format=JSON",OBSERVED
2023-07-23,2023-07-23T00:00:00Z,13.0827,80.2707,29.18,2.07,C,mm/day,NASA POWER (MERRA-2),"https://power.larc.nasa.gov/api/temporal/daily/point?parameters=T2M,PRECTOTCORR&community=RE&longitude=80.2707&latitude=13.0827&start=20210101&end=20241231&format=JSON",OBSERVED
2023-07-24,2023-07-24T00:00:00Z,13.0827,80.2707,27.96,7.47,C,mm/day,NASA POWER (MERRA-2),"https://power.larc.nasa.gov/api/temporal/daily/point?parameters=T2M,PRECTOTCORR&community=RE&longitude=80.2707&latitude=13.0827&start=20210101&end=20241231&format=JSON",OBSERVED
2023-07-25,2023-07-25T00:00:00Z,13.0827,80.2707,27.46,6.91,C,mm/day,NASA POWER (MERRA-2),"https://power.larc.nasa.gov/api/temporal/daily/point?parameters=T2M,PRECTOTCORR&community=RE&longitude=80.2707&latitude=13.0827&start=20210101&end=20241231&format=JSON",OBSERVED
2023-07-26,2023-07-26T00:00:00Z,13.0827,80.2707,28.81,6.64,C,mm/day,NASA POWER (MERRA-2),"https://power.larc.nasa.gov/api/temporal/daily/point?parameters=T2M,PRECTOTCORR&community=RE&longitude=80.2707&latitude=13.0827&start=20210101&end=20241231&format=JSON",OBSERVED
2023-07-27,2023-07-27T00:00:00Z,13.0827,80.2707,29.15,0.02,C,mm/day,NASA POWER (MERRA-2),"https://power.larc.nasa.gov/api/temporal/daily/point?parameters=T2M,PRECTOTCORR&community=RE&longitude=80.2707&latitude=13.0827&start=20210101&end=20241231&format=JSON",OBSERVED
2023-07-28,2023-07-28T00:00:00Z,13.0827,80.2707,30.39,0.03,C,mm/day,NASA POWER (MERRA-2),"https://power.larc.nasa.gov/api/temporal/daily/point?parameters=T2M,PRECTOTCORR&community=RE&longitude=80.2707&latitude=13.0827&start=20210101&end=20241231&format=JSON",OBSERVED
2023-07-29,2023-07-29T00:00:00Z,13.0827,80.2707,31.12,0.1,C,mm/day,NASA POWER (MERRA-2),"https://power.larc.nasa.gov/api/temporal/daily/point?parameters=T2M,PRECTOTCORR&community=RE&longitude=80.2707&latitude=13.0827&start=20210101&end=20241231&format=JSON",OBSERVED
2023-07-30,2023-07-30T00:00:00Z,13.0827,80.2707,31.32,0.33,C,mm/day,NASA POWER (MERRA-2),"https://power.larc.nasa.gov/api/temporal/daily/point?parameters=T2M,PRECTOTCORR&community=RE&longitude=80.2707&latitude=13.0827&start=20210101&end=20241231&format=JSON",OBSERVED
2023-07-31,2023-07-31T00:00:00Z,13.0827,80.2707,30.94,0.18,C,mm/day,NASA POWER (MERRA-2),"https://power.larc.nasa.gov/api/temporal/daily/point?parameters=T2M,PRECTOTCORR&community=RE&longitude=80.2707&latitude=13.0827&start=20210101&end=20241231&format=JSON",OBSERVED
2023-08-01,2023-08-01T00:00:00Z,13.0827,80.2707,31.57,0.07,C,mm/day,NASA POWER (MERRA-2),"https://power.larc.nasa.gov/api/temporal/daily/point?parameters=T2M,PRECTOTCORR&community=RE&longitude=80.2707&latitude=13.0827&start=20210101&end=20241231&format=JSON",OBSERVED
2023-08-02,2023-08-02T00:00:00Z,13.0827,80.2707,31.14,0.03,C,mm/day,NASA POWER (MERRA-2),"https://power.larc.nasa.gov/api/temporal/daily/point?parameters=T2M,PRECTOTCORR&community=RE&longitude=80.2707&latitude=13.0827&start=20210101&end=20241231&format=JSON",OBSERVED
2023-08-03,2023-08-03T00:00:00Z,13.0827,80.2707,31.04,0.23,C,mm/day,NASA POWER (MERRA-2),"https://power.larc.nasa.gov/api/temporal/daily/point?parameters=T2M,PRECTOTCORR&community=RE&longitude=80.2707&latitude=13.0827&start=20210101&end=20241231&format=JSON",OBSERVED
2023-08-04,2023-08-04T00:00:00Z,13.0827,80.2707,31.02,0.7,C,mm/day,NASA POWER (MERRA-2),"https://power.larc.nasa.gov/api/temporal/daily/point?parameters=T2M,PRECTOTCORR&community=RE&longitude=80.2707&latitude=13.0827&start=20210101&end=20241231&format=JSON",OBSERVED
2023-08-05,2023-08-05T00:00:00Z,13.0827,80.2707,31.2,0.21,C,mm/day,NASA POWER (MERRA-2),"https://power.larc.nasa.gov/api/temporal/daily/point?parameters=T2M,PRECTOTCORR&community=RE&longitude=80.2707&latitude=13.0827&start=20210101&end=20241231&format=JSON",OBSERVED
2023-08-06,2023-08-06T00:00:00Z,13.0827,80.2707,30.97,0.17,C,mm/day,NASA POWER (MERRA-2),"https://power.larc.nasa.gov/api/temporal/daily/point?parameters=T2M,PRECTOTCORR&community=RE&longitude=80.2707&latitude=13.0827&start=20210101&end=20241231&format=JSON",OBSERVED
2023-08-07,2023-08-07T00:00:00Z,13.0827,80.2707,30.64,0.49,C,mm/day,NASA POWER (MERRA-2),"https://power.larc.nasa.gov/api/temporal/daily/point?parameters=T2M,PRECTOTCORR&community=RE&longitude=80.2707&latitude=13.0827&start=20210101&end=20241231&format=JSON",OBSERVED
2023-08-08,2023-08-08T00:00:00Z,13.0827,80.2707,30.4,0.21,C,mm/day,NASA POWER (MERRA-2),"https://power.larc.nasa.gov/api/temporal/daily/point?parameters=T2M,PRECTOTCORR&community=RE&longitude=80.2707&latitude=13.0827&start=20210101&end=20241231&format=JSON",OBSERVED
2023-08-09,2023-08-09T00:00:00Z,13.0827,80.2707,30.0,2.38,C,mm/day,NASA POWER (MERRA-2),"https://power.larc.nasa.gov/api/temporal/daily/point?parameters=T2M,PRECTOTCORR&community=RE&longitude=80.2707&latitude=13.0827&start=20210101&end=20241231&format=JSON",OBSERVED
2023-08-10,2023-08-10T00:00:00Z,13.0827,80.2707,29.62,7.97,C,mm/day,NASA POWER (MERRA-2),"https://power.larc.nasa.gov/api/temporal/daily/point?parameters=T2M,PRECTOTCORR&community=RE&longitude=80.2707&latitude=13.0827&start=20210101&end=20241231&format=JSON",OBSERVED
2023-08-11,2023-08-11T00:00:00Z,13.0827,80.2707,29.61,7.84,C,mm/day,NASA POWER (MERRA-2),"https://power.larc.nasa.gov/api/temporal/daily/point?parameters=T2M,PRECTOTCORR&community=RE&longitude=80.2707&latitude=13.0827&start=20210101&end=20241231&format=JSON",OBSERVED
2023-08-12,2023-08-12T00:00:00Z,13.0827,80.2707,30.08,7.11,C,mm/day,NASA POWER (MERRA-2),"https://power.larc.nasa.gov/api/temporal/daily/point?parameters=T2M,PRECTOTCORR&community=RE&longitude=80.2707&latitude=13.0827&start=20210101&end=20241231&format=JSON",OBSERVED
2023-08-13,2023-08-13T00:00:00Z,13.0827,80.2707,29.8,11.98,C,mm/day,NASA POWER (MERRA-2),"https://power.larc.nasa.gov/api/temporal/daily/point?parameters=T2M,PRECTOTCORR&community=RE&longitude=80.2707&latitude=13.0827&start=20210101&end=20241231&format=JSON",OBSERVED
2023-08-14,2023-08-14T00:00:00Z,13.0827,80.2707,29.1,23.59,C,mm/day,NASA POWER (MERRA-2),"https://power.larc.nasa.gov/api/temporal/daily/point?parameters=T2M,PRECTOTCORR&community=RE&longitude=80.2707&latitude=13.0827&start=20210101&end=20241231&format=JSON",OBSERVED
2023-08-15,2023-08-15T00:00:00Z,13.0827,80.2707,28.94,10.31,C,mm/day,NASA POWER (MERRA-2),"https://power.larc.nasa.gov/api/temporal/daily/point?parameters=T2M,PRECTOTCORR&community=RE&longitude=80.2707&latitude=13.0827&start=20210101&end=20241231&format=JSON",OBSERVED
2023-08-16,2023-08-16T00:00:00Z,13.0827,80.2707,29.24,7.46,C,mm/day,NASA POWER (MERRA-2),"https://power.larc.nasa.gov/api/temporal/daily/point?parameters=T2M,PRECTOTCORR&community=RE&longitude=80.2707&latitude=13.0827&start=20210101&end=20241231&format=JSON",OBSERVED
2023-08-17,2023-08-17T00:00:00Z,13.0827,80.2707,28.76,23.85,C,mm/day,NASA POWER (MERRA-2),"https://power.larc.nasa.gov/api/temporal/daily/point?parameters=T2M,PRECTOTCORR&community=RE&longitude=80.2707&latitude=13.0827&start=20210101&end=20241231&format=JSON",OBSERVED
2023-08-18,2023-08-18T00:00:00Z,13.0827,80.2707,29.81,2.91,C,mm/day,NASA POWER (MERRA-2),"https://power.larc.nasa.gov/api/temporal/daily/point?parameters=T2M,PRECTOTCORR&community=RE&longitude=80.2707&latitude=13.0827&start=20210101&end=20241231&format=JSON",OBSERVED
2023-08-19,2023-08-19T00:00:00Z,13.0827,80.2707,29.82,5.86,C,mm/day,NASA POWER (MERRA-2),"https://power.larc.nasa.gov/api/temporal/daily/point?parameters=T2M,PRECTOTCORR&community=RE&longitude=80.2707&latitude=13.0827&start=20210101&end=20241231&format=JSON",OBSERVED
2023-08-20,2023-08-20T00:00:00Z,13.0827,80.2707,29.92,1.54,C,mm/day,NASA POWER (MERRA-2),"https://power.larc.nasa.gov/api/temporal/daily/point?parameters=T2M,PRECTOTCORR&community=RE&longitude=80.2707&latitude=13.0827&start=20210101&end=20241231&format=JSON",OBSERVED
2023-08-21,2023-08-21T00:00:00Z,13.0827,80.2707,29.73,3.55,C,mm/day,NASA POWER (MERRA-2),"https://power.larc.nasa.gov/api/temporal/daily/point?parameters=T2M,PRECTOTCORR&community=RE&longitude=80.2707&latitude=13.0827&start=20210101&end=20241231&format=JSON",OBSERVED
2023-08-22,2023-08-22T00:00:00Z,13.0827,80.2707,29.22,10.89,C,mm/day,NASA POWER (MERRA-2),"https://power.larc.nasa.gov/api/temporal/daily/point?parameters=T2M,PRECTOTCORR&community=RE&longitude=80.2707&latitude=13.0827&start=20210101&end=20241231&format=JSON",OBSERVED
2023-08-23,2023-08-23T00:00:00Z,13.0827,80.2707,28.65,16.42,C,mm/day,NASA POWER (MERRA-2),"https://power.larc.nasa.gov/api/temporal/daily/point?parameters=T2M,PRECTOTCORR&community=RE&longitude=80.2707&latitude=13.0827&start=20210101&end=20241231&format=JSON",OBSERVED
2023-08-24,2023-08-24T00:00:00Z,13.0827,80.2707,27.85,20.33,C,mm/day,NASA POWER (MERRA-2),"https://power.larc.nasa.gov/api/temporal/daily/point?parameters=T2M,PRECTOTCORR&community=RE&longitude=80.2707&latitude=13.0827&start=20210101&end=20241231&format=JSON",OBSERVED
2023-08-25,2023-08-25T00:00:00Z,13.0827,80.2707,28.26,1.48,C,mm/day,NASA POWER (MERRA-2),"https://power.larc.nasa.gov/api/temporal/daily/point?parameters=T2M,PRECTOTCORR&community=RE&longitude=80.2707&latitude=13.0827&start=20210101&end=20241231&format=JSON",OBSERVED
2023-08-26,2023-08-26T00:00:00Z,13.0827,80.2707,28.51,5.42,C,mm/day,NASA POWER (MERRA-2),"https://power.larc.nasa.gov/api/temporal/daily/point?parameters=T2M,PRECTOTCORR&community=RE&longitude=80.2707&latitude=13.0827&start=20210101&end=20241231&format=JSON",OBSERVED
2023-08-27,2023-08-27T00:00:00Z,13.0827,80.2707,28.78,16.61,C,mm/day,NASA POWER (MERRA-2),"https://power.larc.nasa.gov/api/temporal/daily/point?parameters=T2M,PRECTOTCORR&community=RE&longitude=80.2707&latitude=13.0827&start=20210101&end=20241231&format=JSON",OBSERVED
2023-08-28,2023-08-28T00:00:00Z,13.0827,80.2707,28.63,4.07,C,mm/day,NASA POWER (MERRA-2),"https://power.larc.nasa.gov/api/temporal/daily/point?parameters=T2M,PRECTOTCORR&community=RE&longitude=80.2707&latitude=13.0827&start=20210101&end=20241231&format=JSON",OBSERVED
2023-08-29,2023-08-29T00:00:00Z,13.0827,80.2707,28.29,10.59,C,mm/day,NASA POWER (MERRA-2),"https://power.larc.nasa.gov/api/temporal/daily/point?parameters=T2M,PRECTOTCORR&community=RE&longitude=80.2707&latitude=13.0827&start=20210101&end=20241231&format=JSON",OBSERVED
2023-08-30,2023-08-30T00:00:00Z,13.0827,80.2707,28.74,5.64,C,mm/day,NASA POWER (MERRA-2),"https://power.larc.nasa.gov/api/temporal/daily/point?parameters=T2M,PRECTOTCORR&community=RE&longitude=80.2707&latitude=13.0827&start=20210101&end=20241231&format=JSON",OBSERVED
2023-08-31,2023-08-31T00:00:00Z,13.0827,80.2707,28.18,3.02,C,mm/day,NASA POWER (MERRA-2),"https://power.larc.nasa.gov/api/temporal/daily/point?parameters=T2M,PRECTOTCORR&community=RE&longitude=80.2707&latitude=13.0827&start=20210101&end=20241231&format=JSON",OBSERVED
2023-09-01,2023-09-01T00:00:00Z,13.0827,80.2707,28.75,2.24,C,mm/day,NASA POWER (MERRA-2),"https://power.larc.nasa.gov/api/temporal/daily/point?parameters=T2M,PRECTOTCORR&community=RE&longitude=80.2707&latitude=13.0827&start=20210101&end=20241231&format=JSON",OBSERVED
2023-09-02,2023-09-02T00:00:00Z,13.0827,80.2707,28.18,5.46,C,mm/day,NASA POWER (MERRA-2),"https://power.larc.nasa.gov/api/temporal/daily/point?parameters=T2M,PRECTOTCORR&community=RE&longitude=80.2707&latitude=13.0827&start=20210101&end=20241231&format=JSON",OBSERVED
2023-09-03,2023-09-03T00:00:00Z,13.0827,80.2707,27.46,32.16,C,mm/day,NASA POWER (MERRA-2),"https://power.larc.nasa.gov/api/temporal/daily/point?parameters=T2M,PRECTOTCORR&community=RE&longitude=80.2707&latitude=13.0827&start=20210101&end=20241231&format=JSON",OBSERVED
2023-09-04,2023-09-04T00:00:00Z,13.0827,80.2707,27.68,2.04,C,mm/day,NASA POWER (MERRA-2),"https://power.larc.nasa.gov/api/temporal/daily/point?parameters=T2M,PRECTOTCORR&community=RE&longitude=80.2707&latitude=13.0827&start=20210101&end=20241231&format=JSON",OBSERVED
2023-09-05,2023-09-05T00:00:00Z,13.0827,80.2707,28.08,2.52,C,mm/day,NASA POWER (MERRA-2),"https://power.larc.nasa.gov/api/temporal/daily/point?parameters=T2M,PRECTOTCORR&community=RE&longitude=80.2707&latitude=13.0827&start=20210101&end=20241231&format=JSON",OBSERVED
2023-09-06,2023-09-06T00:00:00Z,13.0827,80.2707,28.21,4.57,C,mm/day,NASA POWER (MERRA-2),"https://power.larc.nasa.gov/api/temporal/daily/point?parameters=T2M,PRECTOTCORR&community=RE&longitude=80.2707&latitude=13.0827&start=20210101&end=20241231&format=JSON",OBSERVED
2023-09-07,2023-09-07T00:00:00Z,13.0827,80.2707,28.23,19.19,C,mm/day,NASA POWER (MERRA-2),"https://power.larc.nasa.gov/api/temporal/daily/point?parameters=T2M,PRECTOTCORR&community=RE&longitude=80.2707&latitude=13.0827&start=20210101&end=20241231&format=JSON",OBSERVED
2023-09-08,2023-09-08T00:00:00Z,13.0827,80.2707,28.23,1.06,C,mm/day,NASA POWER (MERRA-2),"https://power.larc.nasa.gov/api/temporal/daily/point?parameters=T2M,PRECTOTCORR&community=RE&longitude=80.2707&latitude=13.0827&start=20210101&end=20241231&format=JSON",OBSERVED
2023-09-09,2023-09-09T00:00:00Z,13.0827,80.2707,27.93,0.3,C,mm/day,NASA POWER (MERRA-2),"https://power.larc.nasa.gov/api/temporal/daily/point?parameters=T2M,PRECTOTCORR&community=RE&longitude=80.2707&latitude=13.0827&start=20210101&end=20241231&format=JSON",OBSERVED
2023-09-10,2023-09-10T00:00:00Z,13.0827,80.2707,26.91,0.66,C,mm/day,NASA POWER (MERRA-2),"https://power.larc.nasa.gov/api/temporal/daily/point?parameters=T2M,PRECTOTCORR&community=RE&longitude=80.2707&latitude=13.0827&start=20210101&end=20241231&format=JSON",OBSERVED
2023-09-11,2023-09-11T00:00:00Z,13.0827,80.2707,28.06,0.55,C,mm/day,NASA POWER (MERRA-2),"https://power.larc.nasa.gov/api/temporal/daily/point?parameters=T2M,PRECTOTCORR&community=RE&longitude=80.2707&latitude=13.0827&start=20210101&end=20241231&format=JSON",OBSERVED
2023-09-12,2023-09-12T00:00:00Z,13.0827,80.2707,28.81,1.8,C,mm/day,NASA POWER (MERRA-2),"https://power.larc.nasa.gov/api/temporal/daily/point?parameters=T2M,PRECTOTCORR&community=RE&longitude=80.2707&latitude=13.0827&start=20210101&end=20241231&format=JSON",OBSERVED
2023-09-13,2023-09-13T00:00:00Z,13.0827,80.2707,28.81,8.37,C,mm/day,NASA POWER (MERRA-2),"https://power.larc.nasa.gov/api/temporal/daily/point?parameters=T2M,PRECTOTCORR&community=RE&longitude=80.2707&latitude=13.0827&start=20210101&end=20241231&format=JSON",OBSERVED
2023-09-14,2023-09-14T00:00:00Z,13.0827,80.2707,28.94,4.99,C,mm/day,NASA POWER (MERRA-2),"https://power.larc.nasa.gov/api/temporal/daily/point?parameters=T2M,PRECTOTCORR&community=RE&longitude=80.2707&latitude=13.0827&start=20210101&end=20241231&format=JSON",OBSERVED
2023-09-15,2023-09-15T00:00:00Z,13.0827,80.2707,28.48,4.02,C,mm/day,NASA POWER (MERRA-2),"https://power.larc.nasa.gov/api/temporal/daily/point?parameters=T2M,PRECTOTCORR&community=RE&longitude=80.2707&latitude=13.0827&start=20210101&end=20241231&format=JSON",OBSERVED
2023-09-16,2023-09-16T00:00:00Z,13.0827,80.2707,27.63,27.6,C,mm/day,NASA POWER (MERRA-2),"https://power.larc.nasa.gov/api/temporal/daily/point?parameters=T2M,PRECTOTCORR&community=RE&longitude=80.2707&latitude=13.0827&start=20210101&end=20241231&format=JSON",OBSERVED
2023-09-17,2023-09-17T00:00:00Z,13.0827,80.2707,28.13,7.4,C,mm/day,NASA POWER (MERRA-2),"https://power.larc.nasa.gov/api/temporal/daily/point?parameters=T2M,PRECTOTCORR&community=RE&longitude=80.2707&latitude=13.0827&start=20210101&end=20241231&format=JSON",OBSERVED
2023-09-18,2023-09-18T00:00:00Z,13.0827,80.2707,28.22,6.86,C,mm/day,NASA POWER (MERRA-2),"https://power.larc.nasa.gov/api/temporal/daily/point?parameters=T2M,PRECTOTCORR&community=RE&longitude=80.2707&latitude=13.0827&start=20210101&end=20241231&format=JSON",OBSERVED
2023-09-19,2023-09-19T00:00:00Z,13.0827,80.2707,27.92,4.7,C,mm/day,NASA POWER (MERRA-2),"https://power.larc.nasa.gov/api/temporal/daily/point?parameters=T2M,PRECTOTCORR&community=RE&longitude=80.2707&latitude=13.0827&start=20210101&end=20241231&format=JSON",OBSERVED
2023-09-20,2023-09-20T00:00:00Z,13.0827,80.2707,27.75,3.42,C,mm/day,NASA POWER (MERRA-2),"https://power.larc.nasa.gov/api/temporal/daily/point?parameters=T2M,PRECTOTCORR&community=RE&longitude=80.2707&latitude=13.0827&start=20210101&end=20241231&format=JSON",OBSERVED
2023-09-21,2023-09-21T00:00:00Z,13.0827,80.2707,27.15,4.08,C,mm/day,NASA POWER (MERRA-2),"https://power.larc.nasa.gov/api/temporal/daily/point?parameters=T2M,PRECTOTCORR&community=RE&longitude=80.2707&latitude=13.0827&start=20210101&end=20241231&format=JSON",OBSERVED
2023-09-22,2023-09-22T00:00:00Z,13.0827,80.2707,28.22,0.91,C,mm/day,NASA POWER (MERRA-2),"https://power.larc.nasa.gov/api/temporal/daily/point?parameters=T2M,PRECTOTCORR&community=RE&longitude=80.2707&latitude=13.0827&start=20210101&end=20241231&format=JSON",OBSERVED
2023-09-23,2023-09-23T00:00:00Z,13.0827,80.2707,28.61,4.18,C,mm/day,NASA POWER (MERRA-2),"https://power.larc.nasa.gov/api/temporal/daily/point?parameters=T2M,PRECTOTCORR&community=RE&longitude=80.2707&latitude=13.0827&start=20210101&end=20241231&format=JSON",OBSERVED
2023-09-24,2023-09-24T00:00:00Z,13.0827,80.2707,28.3,13.01,C,mm/day,NASA POWER (MERRA-2),"https://power.larc.nasa.gov/api/temporal/daily/point?parameters=T2M,PRECTOTCORR&community=RE&longitude=80.2707&latitude=13.0827&start=20210101&end=20241231&format=JSON",OBSERVED
2023-09-25,2023-09-25T00:00:00Z,13.0827,80.2707,26.79,16.03,C,mm/day,NASA POWER (MERRA-2),"https://power.larc.nasa.gov/api/temporal/daily/point?parameters=T2M,PRECTOTCORR&community=RE&longitude=80.2707&latitude=13.0827&start=20210101&end=20241231&format=JSON",OBSERVED
2023-09-26,2023-09-26T00:00:00Z,13.0827,80.2707,27.58,10.41,C,mm/day,NASA POWER (MERRA-2),"https://power.larc.nasa.gov/api/temporal/daily/point?parameters=T2M,PRECTOTCORR&community=RE&longitude=80.2707&latitude=13.0827&start=20210101&end=20241231&format=JSON",OBSERVED
2023-09-27,2023-09-27T00:00:00Z,13.0827,80.2707,27.77,4.95,C,mm/day,NASA POWER (MERRA-2),"https://power.larc.nasa.gov/api/temporal/daily/point?parameters=T2M,PRECTOTCORR&community=RE&longitude=80.2707&latitude=13.0827&start=20210101&end=20241231&format=JSON",OBSERVED
2023-09-28,2023-09-28T00:00:00Z,13.0827,80.2707,28.02,12.18,C,mm/day,NASA POWER (MERRA-2),"https://power.larc.nasa.gov/api/temporal/daily/point?parameters=T2M,PRECTOTCORR&community=RE&longitude=80.2707&latitude=13.0827&start=20210101&end=20241231&format=JSON",OBSERVED
2023-09-29,2023-09-29T00:00:00Z,13.0827,80.2707,27.59,9.79,C,mm/day,NASA POWER (MERRA-2),"https://power.larc.nasa.gov/api/temporal/daily/point?parameters=T2M,PRECTOTCORR&community=RE&longitude=80.2707&latitude=13.0827&start=20210101&end=20241231&format=JSON",OBSERVED
2023-09-30,2023-09-30T00:00:00Z,13.0827,80.2707,27.72,8.53,C,mm/day,NASA POWER (MERRA-2),"https://power.larc.nasa.gov/api/temporal/daily/point?parameters=T2M,PRECTOTCORR&community=RE&longitude=80.2707&latitude=13.0827&start=20210101&end=20241231&format=JSON",OBSERVED
2023-10-01,2023-10-01T00:00:00Z,13.0827,80.2707,27.44,1.19,C,mm/day,NASA POWER (MERRA-2),"https://power.larc.nasa.gov/api/temporal/daily/point?parameters=T2M,PRECTOTCORR&community=RE&longitude=80.2707&latitude=13.0827&start=20210101&end=20241231&format=JSON",OBSERVED
2023-10-02,2023-10-02T00:00:00Z,13.0827,80.2707,27.53,0.69,C,mm/day,NASA POWER (MERRA-2),"https://power.larc.nasa.gov/api/temporal/daily/point?parameters=T2M,PRECTOTCORR&community=RE&longitude=80.2707&latitude=13.0827&start=20210101&end=20241231&format=JSON",OBSERVED
2023-10-03,2023-10-03T00:00:00Z,13.0827,80.2707,28.57,0.64,C,mm/day,NASA POWER (MERRA-2),"https://power.larc.nasa.gov/api/temporal/daily/point?parameters=T2M,PRECTOTCORR&community=RE&longitude=80.2707&latitude=13.0827&start=20210101&end=20241231&format=JSON",OBSERVED
2023-10-04,2023-10-04T00:00:00Z,13.0827,80.2707,28.87,5.0,C,mm/day,NASA POWER (MERRA-2),"https://power.larc.nasa.gov/api/temporal/daily/point?parameters=T2M,PRECTOTCORR&community=RE&longitude=80.2707&latitude=13.0827&start=20210101&end=20241231&format=JSON",OBSERVED
2023-10-05,2023-10-05T00:00:00Z,13.0827,80.2707,28.96,3.78,C,mm/day,NASA POWER (MERRA-2),"https://power.larc.nasa.gov/api/temporal/daily/point?parameters=T2M,PRECTOTCORR&community=RE&longitude=80.2707&latitude=13.0827&start=20210101&end=20241231&format=JSON",OBSERVED
2023-10-06,2023-10-06T00:00:00Z,13.0827,80.2707,28.36,2.56,C,mm/day,NASA POWER (MERRA-2),"https://power.larc.nasa.gov/api/temporal/daily/point?parameters=T2M,PRECTOTCORR&community=RE&longitude=80.2707&latitude=13.0827&start=20210101&end=20241231&format=JSON",OBSERVED
2023-10-07,2023-10-07T00:00:00Z,13.0827,80.2707,28.68,1.1,C,mm/day,NASA POWER (MERRA-2),"https://power.larc.nasa.gov/api/temporal/daily/point?parameters=T2M,PRECTOTCORR&community=RE&longitude=80.2707&latitude=13.0827&start=20210101&end=20241231&format=JSON",OBSERVED
2023-10-08,2023-10-08T00:00:00Z,13.0827,80.2707,28.23,0.63,C,mm/day,NASA POWER (MERRA-2),"https://power.larc.nasa.gov/api/temporal/daily/point?parameters=T2M,PRECTOTCORR&community=RE&longitude=80.2707&latitude=13.0827&start=20210101&end=20241231&format=JSON",OBSERVED
2023-10-09,2023-10-09T00:00:00Z,13.0827,80.2707,28.05,0.4,C,mm/day,NASA POWER (MERRA-2),"https://power.larc.nasa.gov/api/temporal/daily/point?parameters=T2M,PRECTOTCORR&community=RE&longitude=80.2707&latitude=13.0827&start=20210101&end=20241231&format=JSON",OBSERVED
2023-10-10,2023-10-10T00:00:00Z,13.0827,80.2707,28.03,2.95,C,mm/day,NASA POWER (MERRA-2),"https://power.larc.nasa.gov/api/temporal/daily/point?parameters=T2M,PRECTOTCORR&community=RE&longitude=80.2707&latitude=13.0827&start=20210101&end=20241231&format=JSON",OBSERVED
2023-10-11,2023-10-11T00:00:00Z,13.0827,80.2707,28.04,2.44,C,mm/day,NASA POWER (MERRA-2),"https://power.larc.nasa.gov/api/temporal/daily/point?parameters=T2M,PRECTOTCORR&community=RE&longitude=80.2707&latitude=13.0827&start=20210101&end=20241231&format=JSON",OBSERVED
2023-10-12,2023-10-12T00:00:00Z,13.0827,80.2707,27.62,0.04,C,mm/day,NASA POWER (MERRA-2),"https://power.larc.nasa.gov/api/temporal/daily/point?parameters=T2M,PRECTOTCORR&community=RE&longitude=80.2707&latitude=13.0827&start=20210101&end=20241231&format=JSON",OBSERVED
2023-10-13,2023-10-13T00:00:00Z,13.0827,80.2707,27.16,0.7,C,mm/day,NASA POWER (MERRA-2),"https://power.larc.nasa.gov/api/temporal/daily/point?parameters=T2M,PRECTOTCORR&community=RE&longitude=80.2707&latitude=13.0827&start=20210101&end=20241231&format=JSON",OBSERVED
2023-10-14,2023-10-14T00:00:00Z,13.0827,80.2707,27.58,3.96,C,mm/day,NASA POWER (MERRA-2),"https://power.larc.nasa.gov/api/temporal/daily/point?parameters=T2M,PRECTOTCORR&community=RE&longitude=80.2707&latitude=13.0827&start=20210101&end=20241231&format=JSON",OBSERVED
2023-10-15,2023-10-15T00:00:00Z,13.0827,80.2707,27.34,0.86,C,mm/day,NASA POWER (MERRA-2),"https://power.larc.nasa.gov/api/temporal/daily/point?parameters=T2M,PRECTOTCORR&community=RE&longitude=80.2707&latitude=13.0827&start=20210101&end=20241231&format=JSON",OBSERVED
2023-10-16,2023-10-16T00:00:00Z,13.0827,80.2707,27.73,0.7,C,mm/day,NASA POWER (MERRA-2),"https://power.larc.nasa.gov/api/temporal/daily/point?parameters=T2M,PRECTOTCORR&community=RE&longitude=80.2707&latitude=13.0827&start=20210101&end=20241231&format=JSON",OBSERVED
2023-10-17,2023-10-17T00:00:00Z,13.0827,80.2707,27.83,0.24,C,mm/day,NASA POWER (MERRA-2),"https://power.larc.nasa.gov/api/temporal/daily/point?parameters=T2M,PRECTOTCORR&community=RE&longitude=80.2707&latitude=13.0827&start=20210101&end=20241231&format=JSON",OBSERVED
2023-10-18,2023-10-18T00:00:00Z,13.0827,80.2707,27.73,0.01,C,mm/day,NASA POWER (MERRA-2),"https://power.larc.nasa.gov/api/temporal/daily/point?parameters=T2M,PRECTOTCORR&community=RE&longitude=80.2707&latitude=13.0827&start=20210101&end=20241231&format=JSON",OBSERVED
2023-10-19,2023-10-19T00:00:00Z,13.0827,80.2707,27.62,0.0,C,mm/day,NASA POWER (MERRA-2),"https://power.larc.nasa.gov/api/temporal/daily/point?parameters=T2M,PRECTOTCORR&community=RE&longitude=80.2707&latitude=13.0827&start=20210101&end=20241231&format=JSON",OBSERVED
2023-10-20,2023-10-20T00:00:00Z,13.0827,80.2707,27.65,0.26,C,mm/day,NASA POWER (MERRA-2),"https://power.larc.nasa.gov/api/temporal/daily/point?parameters=T2M,PRECTOTCORR&community=RE&longitude=80.2707&latitude=13.0827&start=20210101&end=20241231&format=JSON",OBSERVED
2023-10-21,2023-10-21T00:00:00Z,13.0827,80.2707,27.74,7.89,C,mm/day,NASA POWER (MERRA-2),"https://power.larc.nasa.gov/api/temporal/daily/point?parameters=T2M,PRECTOTCORR&community=RE&longitude=80.2707&latitude=13.0827&start=20210101&end=20241231&format=JSON",OBSERVED
2023-10-22,2023-10-22T00:00:00Z,13.0827,80.2707,27.78,0.46,C,mm/day,NASA POWER (MERRA-2),"https://power.larc.nasa.gov/api/temporal/daily/point?parameters=T2M,PRECTOTCORR&community=RE&longitude=80.2707&latitude=13.0827&start=20210101&end=20241231&format=JSON",OBSERVED
2023-10-23,2023-10-23T00:00:00Z,13.0827,80.2707,27.41,0.01,C,mm/day,NASA POWER (MERRA-2),"https://power.larc.nasa.gov/api/temporal/daily/point?parameters=T2M,PRECTOTCORR&community=RE&longitude=80.2707&latitude=13.0827&start=20210101&end=20241231&format=JSON",OBSERVED
2023-10-24,2023-10-24T00:00:00Z,13.0827,80.2707,27.22,0.0,C,mm/day,NASA POWER (MERRA-2),"https://power.larc.nasa.gov/api/temporal/daily/point?parameters=T2M,PRECTOTCORR&community=RE&longitude=80.2707&latitude=13.0827&start=20210101&end=20241231&format=JSON",OBSERVED
2023-10-25,2023-10-25T00:00:00Z,13.0827,80.2707,27.61,0.01,C,mm/day,NASA POWER (MERRA-2),"https://power.larc.nasa.gov/api/temporal/daily/point?parameters=T2M,PRECTOTCORR&community=RE&longitude=80.2707&latitude=13.0827&start=20210101&end=20241231&format=JSON",OBSERVED
2023-10-26,2023-10-26T00:00:00Z,13.0827,80.2707,27.34,0.01,C,mm/day,NASA POWER (MERRA-2),"https://power.larc.nasa.gov/api/temporal/daily/point?parameters=T2M,PRECTOTCORR&community=RE&longitude=80.2707&latitude=13.0827&start=20210101&end=20241231&format=JSON",OBSERVED
2023-10-27,2023-10-27T00:00:00Z,13.0827,80.2707,27.55,0.03,C,mm/day,NASA POWER (MERRA-2),"https://power.larc.nasa.gov/api/temporal/daily/point?parameters=T2M,PRECTOTCORR&community=RE&longitude=80.2707&latitude=13.0827&start=20210101&end=20241231&format=JSON",OBSERVED
2023-10-28,2023-10-28T00:00:00Z,13.0827,80.2707,27.89,1.34,C,mm/day,NASA POWER (MERRA-2),"https://power.larc.nasa.gov/api/temporal/daily/point?parameters=T2M,PRECTOTCORR&community=RE&longitude=80.2707&latitude=13.0827&start=20210101&end=20241231&format=JSON",OBSERVED
2023-10-29,2023-10-29T00:00:00Z,13.0827,80.2707,27.43,7.24,C,mm/day,NASA POWER (MERRA-2),"https://power.larc.nasa.gov/api/temporal/daily/point?parameters=T2M,PRECTOTCORR&community=RE&longitude=80.2707&latitude=13.0827&start=20210101&end=20241231&format=JSON",OBSERVED
2023-10-30,2023-10-30T00:00:00Z,13.0827,80.2707,26.63,8.84,C,mm/day,NASA POWER (MERRA-2),"https://power.larc.nasa.gov/api/temporal/daily/point?parameters=T2M,PRECTOTCORR&community=RE&longitude=80.2707&latitude=13.0827&start=20210101&end=20241231&format=JSON",OBSERVED
2023-10-31,2023-10-31T00:00:00Z,13.0827,80.2707,27.41,1.3,C,mm/day,NASA POWER (MERRA-2),"https://power.larc.nasa.gov/api/temporal/daily/point?parameters=T2M,PRECTOTCORR&community=RE&longitude=80.2707&latitude=13.0827&start=20210101&end=20241231&format=JSON",OBSERVED
2023-11-01,2023-11-01T00:00:00Z,13.0827,80.2707,27.75,5.87,C,mm/day,NASA POWER (MERRA-2),"https://power.larc.nasa.gov/api/temporal/daily/point?parameters=T2M,PRECTOTCORR&community=RE&longitude=80.2707&latitude=13.0827&start=20210101&end=20241231&format=JSON",OBSERVED
2023-11-02,2023-11-02T00:00:00Z,13.0827,80.2707,27.78,5.84,C,mm/day,NASA POWER (MERRA-2),"https://power.larc.nasa.gov/api/temporal/daily/point?parameters=T2M,PRECTOTCORR&community=RE&longitude=80.2707&latitude=13.0827&start=20210101&end=20241231&format=JSON",OBSERVED
2023-11-03,2023-11-03T00:00:00Z,13.0827,80.2707,26.99,18.86,C,mm/day,NASA POWER (MERRA-2),"https://power.larc.nasa.gov/api/temporal/daily/point?parameters=T2M,PRECTOTCORR&community=RE&longitude=80.2707&latitude=13.0827&start=20210101&end=20241231&format=JSON",OBSERVED
2023-11-04,2023-11-04T00:00:00Z,13.0827,80.2707,26.95,24.68,C,mm/day,NASA POWER (MERRA-2),"https://power.larc.nasa.gov/api/temporal/daily/point?parameters=T2M,PRECTOTCORR&community=RE&longitude=80.2707&latitude=13.0827&start=20210101&end=20241231&format=JSON",OBSERVED
2023-11-05,2023-11-05T00:00:00Z,13.0827,80.2707,26.7,9.19,C,mm/day,NASA POWER (MERRA-2),"https://power.larc.nasa.gov/api/temporal/daily/point?parameters=T2M,PRECTOTCORR&community=RE&longitude=80.2707&latitude=13.0827&start=20210101&end=20241231&format=JSON",OBSERVED
2023-11-06,2023-11-06T00:00:00Z,13.0827,80.2707,27.14,8.74,C,mm/day,NASA POWER (MERRA-2),"https://power.larc.nasa.gov/api/temporal/daily/point?parameters=T2M,PRECTOTCORR&community=RE&longitude=80.2707&latitude=13.0827&start=20210101&end=20241231&format=JSON",OBSERVED
2023-11-07,2023-11-07T00:00:00Z,13.0827,80.2707,26.96,4.44,C,mm/day,NASA POWER (MERRA-2),"https://power.larc.nasa.gov/api/temporal/daily/point?parameters=T2M,PRECTOTCORR&community=RE&longitude=80.2707&latitude=13.0827&start=20210101&end=20241231&format=JSON",OBSERVED
2023-11-08,2023-11-08T00:00:00Z,13.0827,80.2707,26.76,5.75,C,mm/day,NASA POWER (MERRA-2),"https://power.larc.nasa.gov/api/temporal/daily/point?parameters=T2M,PRECTOTCORR&community=RE&longitude=80.2707&latitude=13.0827&start=20210101&end=20241231&format=JSON",OBSERVED
2023-11-09,2023-11-09T00:00:00Z,13.0827,80.2707,26.59,12.07,C,mm/day,NASA POWER (MERRA-2),"https://power.larc.nasa.gov/api/temporal/daily/point?parameters=T2M,PRECTOTCORR&community=RE&longitude=80.2707&latitude=13.0827&start=20210101&end=20241231&format=JSON",OBSERVED
2023-11-10,2023-11-10T00:00:00Z,13.0827,80.2707,27.06,1.73,C,mm/day,NASA POWER (MERRA-2),"https://power.larc.nasa.gov/api/temporal/daily/point?parameters=T2M,PRECTOTCORR&community=RE&longitude=80.2707&latitude=13.0827&start=20210101&end=20241231&format=JSON",OBSERVED
2023-11-11,2023-11-11T00:00:00Z,13.0827,80.2707,26.6,0.01,C,mm/day,NASA POWER (MERRA-2),"https://power.larc.nasa.gov/api/temporal/daily/point?parameters=T2M,PRECTOTCORR&community=RE&longitude=80.2707&latitude=13.0827&start=20210101&end=20241231&format=JSON",OBSERVED
2023-11-12,2023-11-12T00:00:00Z,13.0827,80.2707,26.87,0.03,C,mm/day,NASA POWER (MERRA-2),"https://power.larc.nasa.gov/api/temporal/daily/point?parameters=T2M,PRECTOTCORR&community=RE&longitude=80.2707&latitude=13.0827&start=20210101&end=20241231&format=JSON",OBSERVED
2023-11-13,2023-11-13T00:00:00Z,13.0827,80.2707,27.06,5.77,C,mm/day,NASA POWER (MERRA-2),"https://power.larc.nasa.gov/api/temporal/daily/point?parameters=T2M,PRECTOTCORR&community=RE&longitude=80.2707&latitude=13.0827&start=20210101&end=20241231&format=JSON",OBSERVED
2023-11-14,2023-11-14T00:00:00Z,13.0827,80.2707,26.14,40.48,C,mm/day,NASA POWER (MERRA-2),"https://power.larc.nasa.gov/api/temporal/daily/point?parameters=T2M,PRECTOTCORR&community=RE&longitude=80.2707&latitude=13.0827&start=20210101&end=20241231&format=JSON",OBSERVED
2023-11-15,2023-11-15T00:00:00Z,13.0827,80.2707,26.13,10.98,C,mm/day,NASA POWER (MERRA-2),"https://power.larc.nasa.gov/api/temporal/daily/point?parameters=T2M,PRECTOTCORR&community=RE&longitude=80.2707&latitude=13.0827&start=20210101&end=20241231&format=JSON",OBSERVED
2023-11-16,2023-11-16T00:00:00Z,13.0827,80.2707,26.8,3.49,C,mm/day,NASA POWER (MERRA-2),"https://power.larc.nasa.gov/api/temporal/daily/point?parameters=T2M,PRECTOTCORR&community=RE&longitude=80.2707&latitude=13.0827&start=20210101&end=20241231&format=JSON",OBSERVED
2023-11-17,2023-11-17T00:00:00Z,13.0827,80.2707,26.74,0.9,C,mm/day,NASA POWER (MERRA-2),"https://power.larc.nasa.gov/api/temporal/daily/point?parameters=T2M,PRECTOTCORR&community=RE&longitude=80.2707&latitude=13.0827&start=20210101&end=20241231&format=JSON",OBSERVED
2023-11-18,2023-11-18T00:00:00Z,13.0827,80.2707,27.01,0.76,C,mm/day,NASA POWER (MERRA-2),"https://power.larc.nasa.gov/api/temporal/daily/point?parameters=T2M,PRECTOTCORR&community=RE&longitude=80.2707&latitude=13.0827&start=20210101&end=20241231&format=JSON",OBSERVED
2023-11-19,2023-11-19T00:00:00Z,13.0827,80.2707,27.0,0.38,C,mm/day,NASA POWER (MERRA-2),"https://power.larc.nasa.gov/api/temporal/daily/point?parameters=T2M,PRECTOTCORR&community=RE&longitude=80.2707&latitude=13.0827&start=20210101&end=20241231&format=JSON",OBSERVED
2023-11-20,2023-11-20T00:00:00Z,13.0827,80.2707,26.57,18.5,C,mm/day,NASA POWER (MERRA-2),"https://power.larc.nasa.gov/api/temporal/daily/point?parameters=T2M,PRECTOTCORR&community=RE&longitude=80.2707&latitude=13.0827&start=20210101&end=20241231&format=JSON",OBSERVED
2023-11-21,2023-11-21T00:00:00Z,13.0827,80.2707,27.01,14.95,C,mm/day,NASA POWER (MERRA-2),"https://power.larc.nasa.gov/api/temporal/daily/point?parameters=T2M,PRECTOTCORR&community=RE&longitude=80.2707&latitude=13.0827&start=20210101&end=20241231&format=JSON",OBSERVED
2023-11-22,2023-11-22T00:00:00Z,13.0827,80.2707,26.8,11.15,C,mm/day,NASA POWER (MERRA-2),"https://power.larc.nasa.gov/api/temporal/daily/point?parameters=T2M,PRECTOTCORR&community=RE&longitude=80.2707&latitude=13.0827&start=20210101&end=20241231&format=JSON",OBSERVED
2023-11-23,2023-11-23T00:00:00Z,13.0827,80.2707,26.93,11.14,C,mm/day,NASA POWER (MERRA-2),"https://power.larc.nasa.gov/api/temporal/daily/point?parameters=T2M,PRECTOTCORR&community=RE&longitude=80.2707&latitude=13.0827&start=20210101&end=20241231&format=JSON",OBSERVED
2023-11-24,2023-11-24T00:00:00Z,13.0827,80.2707,26.66,14.33,C,mm/day,NASA POWER (MERRA-2),"https://power.larc.nasa.gov/api/temporal/daily/point?parameters=T2M,PRECTOTCORR&community=RE&longitude=80.2707&latitude=13.0827&start=20210101&end=20241231&format=JSON",OBSERVED
2023-11-25,2023-11-25T00:00:00Z,13.0827,80.2707,26.91,11.86,C,mm/day,NASA POWER (MERRA-2),"https://power.larc.nasa.gov/api/temporal/daily/point?parameters=T2M,PRECTOTCORR&community=RE&longitude=80.2707&latitude=13.0827&start=20210101&end=20241231&format=JSON",OBSERVED
2023-11-26,2023-11-26T00:00:00Z,13.0827,80.2707,26.71,7.68,C,mm/day,NASA POWER (MERRA-2),"https://power.larc.nasa.gov/api/temporal/daily/point?parameters=T2M,PRECTOTCORR&community=RE&longitude=80.2707&latitude=13.0827&start=20210101&end=20241231&format=JSON",OBSERVED
2023-11-27,2023-11-27T00:00:00Z,13.0827,80.2707,26.82,18.5,C,mm/day,NASA POWER (MERRA-2),"https://power.larc.nasa.gov/api/temporal/daily/point?parameters=T2M,PRECTOTCORR&community=RE&longitude=80.2707&latitude=13.0827&start=20210101&end=20241231&format=JSON",OBSERVED
2023-11-28,2023-11-28T00:00:00Z,13.0827,80.2707,26.89,14.1,C,mm/day,NASA POWER (MERRA-2),"https://power.larc.nasa.gov/api/temporal/daily/point?parameters=T2M,PRECTOTCORR&community=RE&longitude=80.2707&latitude=13.0827&start=20210101&end=20241231&format=JSON",OBSERVED
2023-11-29,2023-11-29T00:00:00Z,13.0827,80.2707,26.36,45.11,C,mm/day,NASA POWER (MERRA-2),"https://power.larc.nasa.gov/api/temporal/daily/point?parameters=T2M,PRECTOTCORR&community=RE&longitude=80.2707&latitude=13.0827&start=20210101&end=20241231&format=JSON",OBSERVED
2023-11-30,2023-11-30T00:00:00Z,13.0827,80.2707,26.02,19.95,C,mm/day,NASA POWER (MERRA-2),"https://power.larc.nasa.gov/api/temporal/daily/point?parameters=T2M,PRECTOTCORR&community=RE&longitude=80.2707&latitude=13.0827&start=20210101&end=20241231&format=JSON",OBSERVED
2023-12-01,2023-12-01T00:00:00Z,13.0827,80.2707,26.32,13.28,C,mm/day,NASA POWER (MERRA-2),"https://power.larc.nasa.gov/api/temporal/daily/point?parameters=T2M,PRECTOTCORR&community=RE&longitude=80.2707&latitude=13.0827&start=20210101&end=20241231&format=JSON",OBSERVED
2023-12-02,2023-12-02T00:00:00Z,13.0827,80.2707,26.38,35.1,C,mm/day,NASA POWER (MERRA-2),"https://power.larc.nasa.gov/api/temporal/daily/point?parameters=T2M,PRECTOTCORR&community=RE&longitude=80.2707&latitude=13.0827&start=20210101&end=20241231&format=JSON",OBSERVED
2023-12-03,2023-12-03T00:00:00Z,13.0827,80.2707,26.28,50.09,C,mm/day,NASA POWER (MERRA-2),"https://power.larc.nasa.gov/api/temporal/daily/point?parameters=T2M,PRECTOTCORR&community=RE&longitude=80.2707&latitude=13.0827&start=20210101&end=20241231&format=JSON",OBSERVED
2023-12-04,2023-12-04T00:00:00Z,13.0827,80.2707,24.8,187.88,C,mm/day,NASA POWER (MERRA-2),"https://power.larc.nasa.gov/api/temporal/daily/point?parameters=T2M,PRECTOTCORR&community=RE&longitude=80.2707&latitude=13.0827&start=20210101&end=20241231&format=JSON",OBSERVED
2023-12-05,2023-12-05T00:00:00Z,13.0827,80.2707,25.84,2.58,C,mm/day,NASA POWER (MERRA-2),"https://power.larc.nasa.gov/api/temporal/daily/point?parameters=T2M,PRECTOTCORR&community=RE&longitude=80.2707&latitude=13.0827&start=20210101&end=20241231&format=JSON",OBSERVED
2023-12-06,2023-12-06T00:00:00Z,13.0827,80.2707,27.07,1.83,C,mm/day,NASA POWER (MERRA-2),"https://power.larc.nasa.gov/api/temporal/daily/point?parameters=T2M,PRECTOTCORR&community=RE&longitude=80.2707&latitude=13.0827&start=20210101&end=20241231&format=JSON",OBSERVED
2023-12-07,2023-12-07T00:00:00Z,13.0827,80.2707,27.07,1.35,C,mm/day,NASA POWER (MERRA-2),"https://power.larc.nasa.gov/api/temporal/daily/point?parameters=T2M,PRECTOTCORR&community=RE&longitude=80.2707&latitude=13.0827&start=20210101&end=20241231&format=JSON",OBSERVED
2023-12-08,2023-12-08T00:00:00Z,13.0827,80.2707,26.38,0.69,C,mm/day,NASA POWER (MERRA-2),"https://power.larc.nasa.gov/api/temporal/daily/point?parameters=T2M,PRECTOTCORR&community=RE&longitude=80.2707&latitude=13.0827&start=20210101&end=20241231&format=JSON",OBSERVED
2023-12-09,2023-12-09T00:00:00Z,13.0827,80.2707,26.1,0.34,C,mm/day,NASA POWER (MERRA-2),"https://power.larc.nasa.gov/api/temporal/daily/point?parameters=T2M,PRECTOTCORR&community=RE&longitude=80.2707&latitude=13.0827&start=20210101&end=20241231&format=JSON",OBSERVED
2023-12-10,2023-12-10T00:00:00Z,13.0827,80.2707,25.51,0.07,C,mm/day,NASA POWER (MERRA-2),"https://power.larc.nasa.gov/api/temporal/daily/point?parameters=T2M,PRECTOTCORR&community=RE&longitude=80.2707&latitude=13.0827&start=20210101&end=20241231&format=JSON",OBSERVED
2023-12-11,2023-12-11T00:00:00Z,13.0827,80.2707,25.1,0.08,C,mm/day,NASA POWER (MERRA-2),"https://power.larc.nasa.gov/api/temporal/daily/point?parameters=T2M,PRECTOTCORR&community=RE&longitude=80.2707&latitude=13.0827&start=20210101&end=20241231&format=JSON",OBSERVED
2023-12-12,2023-12-12T00:00:00Z,13.0827,80.2707,24.49,0.12,C,mm/day,NASA POWER (MERRA-2),"https://power.larc.nasa.gov/api/temporal/daily/point?parameters=T2M,PRECTOTCORR&community=RE&longitude=80.2707&latitude=13.0827&start=20210101&end=20241231&format=JSON",OBSERVED
2023-12-13,2023-12-13T00:00:00Z,13.0827,80.2707,24.29,0.02,C,mm/day,NASA POWER (MERRA-2),"https://power.larc.nasa.gov/api/temporal/daily/point?parameters=T2M,PRECTOTCORR&community=RE&longitude=80.2707&latitude=13.0827&start=20210101&end=20241231&format=JSON",OBSERVED
2023-12-14,2023-12-14T00:00:00Z,13.0827,80.2707,24.53,0.03,C,mm/day,NASA POWER (MERRA-2),"https://power.larc.nasa.gov/api/temporal/daily/point?parameters=T2M,PRECTOTCORR&community=RE&longitude=80.2707&latitude=13.0827&start=20210101&end=20241231&format=JSON",OBSERVED
2023-12-15,2023-12-15T00:00:00Z,13.0827,80.2707,25.18,7.0,C,mm/day,NASA POWER (MERRA-2),"https://power.larc.nasa.gov/api/temporal/daily/point?parameters=T2M,PRECTOTCORR&community=RE&longitude=80.2707&latitude=13.0827&start=20210101&end=20241231&format=JSON",OBSERVED
2023-12-16,2023-12-16T00:00:00Z,13.0827,80.2707,25.99,1.85,C,mm/day,NASA POWER (MERRA-2),"https://power.larc.nasa.gov/api/temporal/daily/point?parameters=T2M,PRECTOTCORR&community=RE&longitude=80.2707&latitude=13.0827&start=20210101&end=20241231&format=JSON",OBSERVED
2023-12-17,2023-12-17T00:00:00Z,13.0827,80.2707,25.5,0.13,C,mm/day,NASA POWER (MERRA-2),"https://power.larc.nasa.gov/api/temporal/daily/point?parameters=T2M,PRECTOTCORR&community=RE&longitude=80.2707&latitude=13.0827&start=20210101&end=20241231&format=JSON",OBSERVED
2023-12-18,2023-12-18T00:00:00Z,13.0827,80.2707,25.15,0.04,C,mm/day,NASA POWER (MERRA-2),"https://power.larc.nasa.gov/api/temporal/daily/point?parameters=T2M,PRECTOTCORR&community=RE&longitude=80.2707&latitude=13.0827&start=20210101&end=20241231&format=JSON",OBSERVED
2023-12-19,2023-12-19T00:00:00Z,13.0827,80.2707,24.75,0.01,C,mm/day,NASA POWER (MERRA-2),"https://power.larc.nasa.gov/api/temporal/daily/point?parameters=T2M,PRECTOTCORR&community=RE&longitude=80.2707&latitude=13.0827&start=20210101&end=20241231&format=JSON",OBSERVED
2023-12-20,2023-12-20T00:00:00Z,13.0827,80.2707,24.69,0.01,C,mm/day,NASA POWER (MERRA-2),"https://power.larc.nasa.gov/api/temporal/daily/point?parameters=T2M,PRECTOTCORR&community=RE&longitude=80.2707&latitude=13.0827&start=20210101&end=20241231&format=JSON",OBSERVED
2023-12-21,2023-12-21T00:00:00Z,13.0827,80.2707,24.69,0.02,C,mm/day,NASA POWER (MERRA-2),"https://power.larc.nasa.gov/api/temporal/daily/point?parameters=T2M,PRECTOTCORR&community=RE&longitude=80.2707&latitude=13.0827&start=20210101&end=20241231&format=JSON",OBSERVED
2023-12-22,2023-12-22T00:00:00Z,13.0827,80.2707,24.23,0.0,C,mm/day,NASA POWER (MERRA-2),"https://power.larc.nasa.gov/api/temporal/daily/point?parameters=T2M,PRECTOTCORR&community=RE&longitude=80.2707&latitude=13.0827&start=20210101&end=20241231&format=JSON",OBSERVED
2023-12-23,2023-12-23T00:00:00Z,13.0827,80.2707,23.75,0.0,C,mm/day,NASA POWER (MERRA-2),"https://power.larc.nasa.gov/api/temporal/daily/point?parameters=T2M,PRECTOTCORR&community=RE&longitude=80.2707&latitude=13.0827&start=20210101&end=20241231&format=JSON",OBSERVED
2023-12-24,2023-12-24T00:00:00Z,13.0827,80.2707,24.62,0.01,C,mm/day,NASA POWER (MERRA-2),"https://power.larc.nasa.gov/api/temporal/daily/point?parameters=T2M,PRECTOTCORR&community=RE&longitude=80.2707&latitude=13.0827&start=20210101&end=20241231&format=JSON",OBSERVED
2023-12-25,2023-12-25T00:00:00Z,13.0827,80.2707,25.17,0.02,C,mm/day,NASA POWER (MERRA-2),"https://power.larc.nasa.gov/api/temporal/daily/point?parameters=T2M,PRECTOTCORR&community=RE&longitude=80.2707&latitude=13.0827&start=20210101&end=20241231&format=JSON",OBSERVED
2023-12-26,2023-12-26T00:00:00Z,13.0827,80.2707,24.53,0.0,C,mm/day,NASA POWER (MERRA-2),"https://power.larc.nasa.gov/api/temporal/daily/point?parameters=T2M,PRECTOTCORR&community=RE&longitude=80.2707&latitude=13.0827&start=20210101&end=20241231&format=JSON",OBSERVED
2023-12-27,2023-12-27T00:00:00Z,13.0827,80.2707,24.45,0.02,C,mm/day,NASA POWER (MERRA-2),"https://power.larc.nasa.gov/api/temporal/daily/point?parameters=T2M,PRECTOTCORR&community=RE&longitude=80.2707&latitude=13.0827&start=20210101&end=20241231&format=JSON",OBSERVED
2023-12-28,2023-12-28T00:00:00Z,13.0827,80.2707,25.1,0.15,C,mm/day,NASA POWER (MERRA-2),"https://power.larc.nasa.gov/api/temporal/daily/point?parameters=T2M,PRECTOTCORR&community=RE&longitude=80.2707&latitude=13.0827&start=20210101&end=20241231&format=JSON",OBSERVED
2023-12-29,2023-12-29T00:00:00Z,13.0827,80.2707,25.2,0.21,C,mm/day,NASA POWER (MERRA-2),"https://power.larc.nasa.gov/api/temporal/daily/point?parameters=T2M,PRECTOTCORR&community=RE&longitude=80.2707&latitude=13.0827&start=20210101&end=20241231&format=JSON",OBSERVED
2023-12-30,2023-12-30T00:00:00Z,13.0827,80.2707,24.34,0.01,C,mm/day,NASA POWER (MERRA-2),"https://power.larc.nasa.gov/api/temporal/daily/point?parameters=T2M,PRECTOTCORR&community=RE&longitude=80.2707&latitude=13.0827&start=20210101&end=20241231&format=JSON",OBSERVED
2023-12-31,2023-12-31T00:00:00Z,13.0827,80.2707,24.46,0.01,C,mm/day,NASA POWER (MERRA-2),"https://power.larc.nasa.gov/api/temporal/daily/point?parameters=T2M,PRECTOTCORR&community=RE&longitude=80.2707&latitude=13.0827&start=20210101&end=20241231&format=JSON",OBSERVED
2024-01-01,2024-01-01T00:00:00Z,13.0827,80.2707,24.34,0.23,C,mm/day,NASA POWER (MERRA-2),"https://power.larc.nasa.gov/api/temporal/daily/point?parameters=T2M,PRECTOTCORR&community=RE&longitude=80.2707&latitude=13.0827&start=20210101&end=20241231&format=JSON",OBSERVED
2024-01-02,2024-01-02T00:00:00Z,13.0827,80.2707,24.28,0.04,C,mm/day,NASA POWER (MERRA-2),"https://power.larc.nasa.gov/api/temporal/daily/point?parameters=T2M,PRECTOTCORR&community=RE&longitude=80.2707&latitude=13.0827&start=20210101&end=20241231&format=JSON",OBSERVED
2024-01-03,2024-01-03T00:00:00Z,13.0827,80.2707,24.57,1.01,C,mm/day,NASA POWER (MERRA-2),"https://power.larc.nasa.gov/api/temporal/daily/point?parameters=T2M,PRECTOTCORR&community=RE&longitude=80.2707&latitude=13.0827&start=20210101&end=20241231&format=JSON",OBSERVED
2024-01-04,2024-01-04T00:00:00Z,13.0827,80.2707,25.06,2.55,C,mm/day,NASA POWER (MERRA-2),"https://power.larc.nasa.gov/api/temporal/daily/point?parameters=T2M,PRECTOTCORR&community=RE&longitude=80.2707&latitude=13.0827&start=20210101&end=20241231&format=JSON",OBSERVED
2024-01-05,2024-01-05T00:00:00Z,13.0827,80.2707,25.03,1.07,C,mm/day,NASA POWER (MERRA-2),"https://power.larc.nasa.gov/api/temporal/daily/point?parameters=T2M,PRECTOTCORR&community=RE&longitude=80.2707&latitude=13.0827&start=20210101&end=20241231&format=JSON",OBSERVED
2024-01-06,2024-01-06T00:00:00Z,13.0827,80.2707,25.18,2.85,C,mm/day,NASA POWER (MERRA-2),"https://power.larc.nasa.gov/api/temporal/daily/point?parameters=T2M,PRECTOTCORR&community=RE&longitude=80.2707&latitude=13.0827&start=20210101&end=20241231&format=JSON",OBSERVED
2024-01-07,2024-01-07T00:00:00Z,13.0827,80.2707,24.68,40.16,C,mm/day,NASA POWER (MERRA-2),"https://power.larc.nasa.gov/api/temporal/daily/point?parameters=T2M,PRECTOTCORR&community=RE&longitude=80.2707&latitude=13.0827&start=20210101&end=20241231&format=JSON",OBSERVED
2024-01-08,2024-01-08T00:00:00Z,13.0827,80.2707,25.39,8.1,C,mm/day,NASA POWER (MERRA-2),"https://power.larc.nasa.gov/api/temporal/daily/point?parameters=T2M,PRECTOTCORR&community=RE&longitude=80.2707&latitude=13.0827&start=20210101&end=20241231&format=JSON",OBSERVED
2024-01-09,2024-01-09T00:00:00Z,13.0827,80.2707,25.29,0.68,C,mm/day,NASA POWER (MERRA-2),"https://power.larc.nasa.gov/api/temporal/daily/point?parameters=T2M,PRECTOTCORR&community=RE&longitude=80.2707&latitude=13.0827&start=20210101&end=20241231&format=JSON",OBSERVED
2024-01-10,2024-01-10T00:00:00Z,13.0827,80.2707,24.91,0.02,C,mm/day,NASA POWER (MERRA-2),"https://power.larc.nasa.gov/api/temporal/daily/point?parameters=T2M,PRECTOTCORR&community=RE&longitude=80.2707&latitude=13.0827&start=20210101&end=20241231&format=JSON",OBSERVED
2024-01-11,2024-01-11T00:00:00Z,13.0827,80.2707,24.61,0.0,C,mm/day,NASA POWER (MERRA-2),"https://power.larc.nasa.gov/api/temporal/daily/point?parameters=T2M,PRECTOTCORR&community=RE&longitude=80.2707&latitude=13.0827&start=20210101&end=20241231&format=JSON",OBSERVED
2024-01-12,2024-01-12T00:00:00Z,13.0827,80.2707,25.09,0.0,C,mm/day,NASA POWER (MERRA-2),"https://power.larc.nasa.gov/api/temporal/daily/point?parameters=T2M,PRECTOTCORR&community=RE&longitude=80.2707&latitude=13.0827&start=20210101&end=20241231&format=JSON",OBSERVED
2024-01-13,2024-01-13T00:00:00Z,13.0827,80.2707,24.89,0.0,C,mm/day,NASA POWER (MERRA-2),"https://power.larc.nasa.gov/api/temporal/daily/point?parameters=T2M,PRECTOTCORR&community=RE&longitude=80.2707&latitude=13.0827&start=20210101&end=20241231&format=JSON",OBSERVED
2024-01-14,2024-01-14T00:00:00Z,13.0827,80.2707,24.31,0.0,C,mm/day,NASA POWER (MERRA-2),"https://power.larc.nasa.gov/api/temporal/daily/point?parameters=T2M,PRECTOTCORR&community=RE&longitude=80.2707&latitude=13.0827&start=20210101&end=20241231&format=JSON",OBSERVED
2024-01-15,2024-01-15T00:00:00Z,13.0827,80.2707,24.4,0.0,C,mm/day,NASA POWER (MERRA-2),"https://power.larc.nasa.gov/api/temporal/daily/point?parameters=T2M,PRECTOTCORR&community=RE&longitude=80.2707&latitude=13.0827&start=20210101&end=20241231&format=JSON",OBSERVED
2024-01-16,2024-01-16T00:00:00Z,13.0827,80.2707,23.97,0.0,C,mm/day,NASA POWER (MERRA-2),"https://power.larc.nasa.gov/api/temporal/daily/point?parameters=T2M,PRECTOTCORR&community=RE&longitude=80.2707&latitude=13.0827&start=20210101&end=20241231&format=JSON",OBSERVED
2024-01-17,2024-01-17T00:00:00Z,13.0827,80.2707,24.11,0.0,C,mm/day,NASA POWER (MERRA-2),"https://power.larc.nasa.gov/api/temporal/daily/point?parameters=T2M,PRECTOTCORR&community=RE&longitude=80.2707&latitude=13.0827&start=20210101&end=20241231&format=JSON",OBSERVED
2024-01-18,2024-01-18T00:00:00Z,13.0827,80.2707,24.49,0.0,C,mm/day,NASA POWER (MERRA-2),"https://power.larc.nasa.gov/api/temporal/daily/point?parameters=T2M,PRECTOTCORR&community=RE&longitude=80.2707&latitude=13.0827&start=20210101&end=20241231&format=JSON",OBSERVED
2024-01-19,2024-01-19T00:00:00Z,13.0827,80.2707,25.01,0.01,C,mm/day,NASA POWER (MERRA-2),"https://power.larc.nasa.gov/api/temporal/daily/point?parameters=T2M,PRECTOTCORR&community=RE&longitude=80.2707&latitude=13.0827&start=20210101&end=20241231&format=JSON",OBSERVED
2024-01-20,2024-01-20T00:00:00Z,13.0827,80.2707,24.89,0.0,C,mm/day,NASA POWER (MERRA-2),"https://power.larc.nasa.gov/api/temporal/daily/point?parameters=T2M,PRECTOTCORR&community=RE&longitude=80.2707&latitude=13.0827&start=20210101&end=20241231&format=JSON",OBSERVED
2024-01-21,2024-01-21T00:00:00Z,13.0827,80.2707,24.68,0.0,C,mm/day,NASA POWER (MERRA-2),"https://power.larc.nasa.gov/api/temporal/daily/point?parameters=T2M,PRECTOTCORR&community=RE&longitude=80.2707&latitude=13.0827&start=20210101&end=20241231&format=JSON",OBSERVED
2024-01-22,2024-01-22T00:00:00Z,13.0827,80.2707,24.93,0.0,C,mm/day,NASA POWER (MERRA-2),"https://power.larc.nasa.gov/api/temporal/daily/point?parameters=T2M,PRECTOTCORR&community=RE&longitude=80.2707&latitude=13.0827&start=20210101&end=20241231&format=JSON",OBSERVED
2024-01-23,2024-01-23T00:00:00Z,13.0827,80.2707,24.96,0.0,C,mm/day,NASA POWER (MERRA-2),"https://power.larc.nasa.gov/api/temporal/daily/point?parameters=T2M,PRECTOTCORR&community=RE&longitude=80.2707&latitude=13.0827&start=20210101&end=20241231&format=JSON",OBSERVED
2024-01-24,2024-01-24T00:00:00Z,13.0827,80.2707,25.06,0.0,C,mm/day,NASA POWER (MERRA-2),"https://power.larc.nasa.gov/api/temporal/daily/point?parameters=T2M,PRECTOTCORR&community=RE&longitude=80.2707&latitude=13.0827&start=20210101&end=20241231&format=JSON",OBSERVED
2024-01-25,2024-01-25T00:00:00Z,13.0827,80.2707,25.07,0.0,C,mm/day,NASA POWER (MERRA-2),"https://power.larc.nasa.gov/api/temporal/daily/point?parameters=T2M,PRECTOTCORR&community=RE&longitude=80.2707&latitude=13.0827&start=20210101&end=20241231&format=JSON",OBSERVED
2024-01-26,2024-01-26T00:00:00Z,13.0827,80.2707,24.64,0.02,C,mm/day,NASA POWER (MERRA-2),"https://power.larc.nasa.gov/api/temporal/daily/point?parameters=T2M,PRECTOTCORR&community=RE&longitude=80.2707&latitude=13.0827&start=20210101&end=20241231&format=JSON",OBSERVED
2024-01-27,2024-01-27T00:00:00Z,13.0827,80.2707,24.82,0.05,C,mm/day,NASA POWER (MERRA-2),"https://power.larc.nasa.gov/api/temporal/daily/point?parameters=T2M,PRECTOTCORR&community=RE&longitude=80.2707&latitude=13.0827&start=20210101&end=20241231&format=JSON",OBSERVED
2024-01-28,2024-01-28T00:00:00Z,13.0827,80.2707,24.73,0.0,C,mm/day,NASA POWER (MERRA-2),"https://power.larc.nasa.gov/api/temporal/daily/point?parameters=T2M,PRECTOTCORR&community=RE&longitude=80.2707&latitude=13.0827&start=20210101&end=20241231&format=JSON",OBSERVED
2024-01-29,2024-01-29T00:00:00Z,13.0827,80.2707,24.16,0.0,C,mm/day,NASA POWER (MERRA-2),"https://power.larc.nasa.gov/api/temporal/daily/point?parameters=T2M,PRECTOTCORR&community=RE&longitude=80.2707&latitude=13.0827&start=20210101&end=20241231&format=JSON",OBSERVED
2024-01-30,2024-01-30T00:00:00Z,13.0827,80.2707,24.13,0.0,C,mm/day,NASA POWER (MERRA-2),"https://power.larc.nasa.gov/api/temporal/daily/point?parameters=T2M,PRECTOTCORR&community=RE&longitude=80.2707&latitude=13.0827&start=20210101&end=20241231&format=JSON",OBSERVED
2024-01-31,2024-01-31T00:00:00Z,13.0827,80.2707,25.19,0.0,C,mm/day,NASA POWER (MERRA-2),"https://power.larc.nasa.gov/api/temporal/daily/point?parameters=T2M,PRECTOTCORR&community=RE&longitude=80.2707&latitude=13.0827&start=20210101&end=20241231&format=JSON",OBSERVED
2024-02-01,2024-02-01T00:00:00Z,13.0827,80.2707,26.1,0.02,C,mm/day,NASA POWER (MERRA-2),"https://power.larc.nasa.gov/api/temporal/daily/point?parameters=T2M,PRECTOTCORR&community=RE&longitude=80.2707&latitude=13.0827&start=20210101&end=20241231&format=JSON",OBSERVED
2024-02-02,2024-02-02T00:00:00Z,13.0827,80.2707,26.56,0.02,C,mm/day,NASA POWER (MERRA-2),"https://power.larc.nasa.gov/api/temporal/daily/point?parameters=T2M,PRECTOTCORR&community=RE&longitude=80.2707&latitude=13.0827&start=20210101&end=20241231&format=JSON",OBSERVED
2024-02-03,2024-02-03T00:00:00Z,13.0827,80.2707,26.23,0.0,C,mm/day,NASA POWER (MERRA-2),"https://power.larc.nasa.gov/api/temporal/daily/point?parameters=T2M,PRECTOTCORR&community=RE&longitude=80.2707&latitude=13.0827&start=20210101&end=20241231&format=JSON",OBSERVED
2024-02-04,2024-02-04T00:00:00Z,13.0827,80.2707,25.56,0.0,C,mm/day,NASA POWER (MERRA-2),"https://power.larc.nasa.gov/api/temporal/daily/point?parameters=T2M,PRECTOTCORR&community=RE&longitude=80.2707&latitude=13.0827&start=20210101&end=20241231&format=JSON",OBSERVED
2024-02-05,2024-02-05T00:00:00Z,13.0827,80.2707,25.42,0.0,C,mm/day,NASA POWER (MERRA-2),"https://power.larc.nasa.gov/api/temporal/daily/point?parameters=T2M,PRECTOTCORR&community=RE&longitude=80.2707&latitude=13.0827&start=20210101&end=20241231&format=JSON",OBSERVED
2024-02-06,2024-02-06T00:00:00Z,13.0827,80.2707,25.28,0.0,C,mm/day,NASA POWER (MERRA-2),"https://power.larc.nasa.gov/api/temporal/daily/point?parameters=T2M,PRECTOTCORR&community=RE&longitude=80.2707&latitude=13.0827&start=20210101&end=20241231&format=JSON",OBSERVED
2024-02-07,2024-02-07T00:00:00Z,13.0827,80.2707,25.35,0.0,C,mm/day,NASA POWER (MERRA-2),"https://power.larc.nasa.gov/api/temporal/daily/point?parameters=T2M,PRECTOTCORR&community=RE&longitude=80.2707&latitude=13.0827&start=20210101&end=20241231&format=JSON",OBSERVED
2024-02-08,2024-02-08T00:00:00Z,13.0827,80.2707,25.48,0.0,C,mm/day,NASA POWER (MERRA-2),"https://power.larc.nasa.gov/api/temporal/daily/point?parameters=T2M,PRECTOTCORR&community=RE&longitude=80.2707&latitude=13.0827&start=20210101&end=20241231&format=JSON",OBSERVED
2024-02-09,2024-02-09T00:00:00Z,13.0827,80.2707,25.84,0.0,C,mm/day,NASA POWER (MERRA-2),"https://power.larc.nasa.gov/api/temporal/daily/point?parameters=T2M,PRECTOTCORR&community=RE&longitude=80.2707&latitude=13.0827&start=20210101&end=20241231&format=JSON",OBSERVED
2024-02-10,2024-02-10T00:00:00Z,13.0827,80.2707,26.17,0.0,C,mm/day,NASA POWER (MERRA-2),"https://power.larc.nasa.gov/api/temporal/daily/point?parameters=T2M,PRECTOTCORR&community=RE&longitude=80.2707&latitude=13.0827&start=20210101&end=20241231&format=JSON",OBSERVED
2024-02-11,2024-02-11T00:00:00Z,13.0827,80.2707,25.8,0.0,C,mm/day,NASA POWER (MERRA-2),"https://power.larc.nasa.gov/api/temporal/daily/point?parameters=T2M,PRECTOTCORR&community=RE&longitude=80.2707&latitude=13.0827&start=20210101&end=20241231&format=JSON",OBSERVED
2024-02-12,2024-02-12T00:00:00Z,13.0827,80.2707,25.5,0.0,C,mm/day,NASA POWER (MERRA-2),"https://power.larc.nasa.gov/api/temporal/daily/point?parameters=T2M,PRECTOTCORR&community=RE&longitude=80.2707&latitude=13.0827&start=20210101&end=20241231&format=JSON",OBSERVED
2024-02-13,2024-02-13T00:00:00Z,13.0827,80.2707,26.01,0.0,C,mm/day,NASA POWER (MERRA-2),"https://power.larc.nasa.gov/api/temporal/daily/point?parameters=T2M,PRECTOTCORR&community=RE&longitude=80.2707&latitude=13.0827&start=20210101&end=20241231&format=JSON",OBSERVED
2024-02-14,2024-02-14T00:00:00Z,13.0827,80.2707,26.1,0.0,C,mm/day,NASA POWER (MERRA-2),"https://power.larc.nasa.gov/api/temporal/daily/point?parameters=T2M,PRECTOTCORR&community=RE&longitude=80.2707&latitude=13.0827&start=20210101&end=20241231&format=JSON",OBSERVED
2024-02-15,2024-02-15T00:00:00Z,13.0827,80.2707,25.65,0.0,C,mm/day,NASA POWER (MERRA-2),"https://power.larc.nasa.gov/api/temporal/daily/point?parameters=T2M,PRECTOTCORR&community=RE&longitude=80.2707&latitude=13.0827&start=20210101&end=20241231&format=JSON",OBSERVED
2024-02-16,2024-02-16T00:00:00Z,13.0827,80.2707,25.85,0.0,C,mm/day,NASA POWER (MERRA-2),"https://power.larc.nasa.gov/api/temporal/daily/point?parameters=T2M,PRECTOTCORR&community=RE&longitude=80.2707&latitude=13.0827&start=20210101&end=20241231&format=JSON",OBSERVED
2024-02-17,2024-02-17T00:00:00Z,13.0827,80.2707,25.81,0.0,C,mm/day,NASA POWER (MERRA-2),"https://power.larc.nasa.gov/api/temporal/daily/point?parameters=T2M,PRECTOTCORR&community=RE&longitude=80.2707&latitude=13.0827&start=20210101&end=20241231&format=JSON",OBSERVED
2024-02-18,2024-02-18T00:00:00Z,13.0827,80.2707,25.97,0.0,C,mm/day,NASA POWER (MERRA-2),"https://power.larc.nasa.gov/api/temporal/daily/point?parameters=T2M,PRECTOTCORR&community=RE&longitude=80.2707&latitude=13.0827&start=20210101&end=20241231&format=JSON",OBSERVED
2024-02-19,2024-02-19T00:00:00Z,13.0827,80.2707,26.67,0.0,C,mm/day,NASA POWER (MERRA-2),"https://power.larc.nasa.gov/api/temporal/daily/point?parameters=T2M,PRECTOTCORR&community=RE&longitude=80.2707&latitude=13.0827&start=20210101&end=20241231&format=JSON",OBSERVED
2024-02-20,2024-02-20T00:00:00Z,13.0827,80.2707,26.95,0.0,C,mm/day,NASA POWER (MERRA-2),"https://power.larc.nasa.gov/api/temporal/daily/point?parameters=T2M,PRECTOTCORR&community=RE&longitude=80.2707&latitude=13.0827&start=20210101&end=20241231&format=JSON",OBSERVED
2024-02-21,2024-02-21T00:00:00Z,13.0827,80.2707,26.98,0.0,C,mm/day,NASA POWER (MERRA-2),"https://power.larc.nasa.gov/api/temporal/daily/point?parameters=T2M,PRECTOTCORR&community=RE&longitude=80.2707&latitude=13.0827&start=20210101&end=20241231&format=JSON",OBSERVED
2024-02-22,2024-02-22T00:00:00Z,13.0827,80.2707,27.77,0.0,C,mm/day,NASA POWER (MERRA-2),"https://power.larc.nasa.gov/api/temporal/daily/point?parameters=T2M,PRECTOTCORR&community=RE&longitude=80.2707&latitude=13.0827&start=20210101&end=20241231&format=JSON",OBSERVED
2024-02-23,2024-02-23T00:00:00Z,13.0827,80.2707,28.41,0.01,C,mm/day,NASA POWER (MERRA-2),"https://power.larc.nasa.gov/api/temporal/daily/point?parameters=T2M,PRECTOTCORR&community=RE&longitude=80.2707&latitude=13.0827&start=20210101&end=20241231&format=JSON",OBSERVED
2024-02-24,2024-02-24T00:00:00Z,13.0827,80.2707,28.0,0.0,C,mm/day,NASA POWER (MERRA-2),"https://power.larc.nasa.gov/api/temporal/daily/point?parameters=T2M,PRECTOTCORR&community=RE&longitude=80.2707&latitude=13.0827&start=20210101&end=20241231&format=JSON",OBSERVED
2024-02-25,2024-02-25T00:00:00Z,13.0827,80.2707,27.35,0.0,C,mm/day,NASA POWER (MERRA-2),"https://power.larc.nasa.gov/api/temporal/daily/point?parameters=T2M,PRECTOTCORR&community=RE&longitude=80.2707&latitude=13.0827&start=20210101&end=20241231&format=JSON",OBSERVED
2024-02-26,2024-02-26T00:00:00Z,13.0827,80.2707,27.31,0.0,C,mm/day,NASA POWER (MERRA-2),"https://power.larc.nasa.gov/api/temporal/daily/point?parameters=T2M,PRECTOTCORR&community=RE&longitude=80.2707&latitude=13.0827&start=20210101&end=20241231&format=JSON",OBSERVED
2024-02-27,2024-02-27T00:00:00Z,13.0827,80.2707,27.15,0.0,C,mm/day,NASA POWER (MERRA-2),"https://power.larc.nasa.gov/api/temporal/daily/point?parameters=T2M,PRECTOTCORR&community=RE&longitude=80.2707&latitude=13.0827&start=20210101&end=20241231&format=JSON",OBSERVED
2024-02-28,2024-02-28T00:00:00Z,13.0827,80.2707,26.59,0.0,C,mm/day,NASA POWER (MERRA-2),"https://power.larc.nasa.gov/api/temporal/daily/point?parameters=T2M,PRECTOTCORR&community=RE&longitude=80.2707&latitude=13.0827&start=20210101&end=20241231&format=JSON",OBSERVED
2024-02-29,2024-02-29T00:00:00Z,13.0827,80.2707,27.01,0.0,C,mm/day,NASA POWER (MERRA-2),"https://power.larc.nasa.gov/api/temporal/daily/point?parameters=T2M,PRECTOTCORR&community=RE&longitude=80.2707&latitude=13.0827&start=20210101&end=20241231&format=JSON",OBSERVED
2024-03-01,2024-03-01T00:00:00Z,13.0827,80.2707,27.48,0.0,C,mm/day,NASA POWER (MERRA-2),"https://power.larc.nasa.gov/api/temporal/daily/point?parameters=T2M,PRECTOTCORR&community=RE&longitude=80.2707&latitude=13.0827&start=20210101&end=20241231&format=JSON",OBSERVED
2024-03-02,2024-03-02T00:00:00Z,13.0827,80.2707,27.65,0.0,C,mm/day,NASA POWER (MERRA-2),"https://power.larc.nasa.gov/api/temporal/daily/point?parameters=T2M,PRECTOTCORR&community=RE&longitude=80.2707&latitude=13.0827&start=20210101&end=20241231&format=JSON",OBSERVED
2024-03-03,2024-03-03T00:00:00Z,13.0827,80.2707,27.46,0.0,C,mm/day,NASA POWER (MERRA-2),"https://power.larc.nasa.gov/api/temporal/daily/point?parameters=T2M,PRECTOTCORR&community=RE&longitude=80.2707&latitude=13.0827&start=20210101&end=20241231&format=JSON",OBSERVED
2024-03-04,2024-03-04T00:00:00Z,13.0827,80.2707,27.14,0.0,C,mm/day,NASA POWER (MERRA-2),"https://power.larc.nasa.gov/api/temporal/daily/point?parameters=T2M,PRECTOTCORR&community=RE&longitude=80.2707&latitude=13.0827&start=20210101&end=20241231&format=JSON",OBSERVED
2024-03-05,2024-03-05T00:00:00Z,13.0827,80.2707,27.56,0.0,C,mm/day,NASA POWER (MERRA-2),"https://power.larc.nasa.gov/api/temporal/daily/point?parameters=T2M,PRECTOTCORR&community=RE&longitude=80.2707&latitude=13.0827&start=20210101&end=20241231&format=JSON",OBSERVED
2024-03-06,2024-03-06T00:00:00Z,13.0827,80.2707,27.74,0.0,C,mm/day,NASA POWER (MERRA-2),"https://power.larc.nasa.gov/api/temporal/daily/point?parameters=T2M,PRECTOTCORR&community=RE&longitude=80.2707&latitude=13.0827&start=20210101&end=20241231&format=JSON",OBSERVED
2024-03-07,2024-03-07T00:00:00Z,13.0827,80.2707,27.87,0.0,C,mm/day,NASA POWER (MERRA-2),"https://power.larc.nasa.gov/api/temporal/daily/point?parameters=T2M,PRECTOTCORR&community=RE&longitude=80.2707&latitude=13.0827&start=20210101&end=20241231&format=JSON",OBSERVED
2024-03-08,2024-03-08T00:00:00Z,13.0827,80.2707,27.96,0.0,C,mm/day,NASA POWER (MERRA-2),"https://power.larc.nasa.gov/api/temporal/daily/point?parameters=T2M,PRECTOTCORR&community=RE&longitude=80.2707&latitude=13.0827&start=20210101&end=20241231&format=JSON",OBSERVED
2024-03-09,2024-03-09T00:00:00Z,13.0827,80.2707,28.49,0.0,C,mm/day,NASA POWER (MERRA-2),"https://power.larc.nasa.gov/api/temporal/daily/point?parameters=T2M,PRECTOTCORR&community=RE&longitude=80.2707&latitude=13.0827&start=20210101&end=20241231&format=JSON",OBSERVED
2024-03-10,2024-03-10T00:00:00Z,13.0827,80.2707,28.55,0.0,C,mm/day,NASA POWER (MERRA-2),"https://power.larc.nasa.gov/api/temporal/daily/point?parameters=T2M,PRECTOTCORR&community=RE&longitude=80.2707&latitude=13.0827&start=20210101&end=20241231&format=JSON",OBSERVED
2024-03-11,2024-03-11T00:00:00Z,13.0827,80.2707,28.76,0.01,C,mm/day,NASA POWER (MERRA-2),"https://power.larc.nasa.gov/api/temporal/daily/point?parameters=T2M,PRECTOTCORR&community=RE&longitude=80.2707&latitude=13.0827&start=20210101&end=20241231&format=JSON",OBSERVED
2024-03-12,2024-03-12T00:00:00Z,13.0827,80.2707,28.95,0.0,C,mm/day,NASA POWER (MERRA-2),"https://power.larc.nasa.gov/api/temporal/daily/point?parameters=T2M,PRECTOTCORR&community=RE&longitude=80.2707&latitude=13.0827&start=20210101&end=20241231&format=JSON",OBSERVED
2024-03-13,2024-03-13T00:00:00Z,13.0827,80.2707,29.33,0.0,C,mm/day,NASA POWER (MERRA-2),"https://power.larc.nasa.gov/api/temporal/daily/point?parameters=T2M,PRECTOTCORR&community=RE&longitude=80.2707&latitude=13.0827&start=20210101&end=20241231&format=JSON",OBSERVED
2024-03-14,2024-03-14T00:00:00Z,13.0827,80.2707,29.38,0.0,C,mm/day,NASA POWER (MERRA-2),"https://power.larc.nasa.gov/api/temporal/daily/point?parameters=T2M,PRECTOTCORR&community=RE&longitude=80.2707&latitude=13.0827&start=20210101&end=20241231&format=JSON",OBSERVED
2024-03-15,2024-03-15T00:00:00Z,13.0827,80.2707,28.98,0.0,C,mm/day,NASA POWER (MERRA-2),"https://power.larc.nasa.gov/api/temporal/daily/point?parameters=T2M,PRECTOTCORR&community=RE&longitude=80.2707&latitude=13.0827&start=20210101&end=20241231&format=JSON",OBSERVED
2024-03-16,2024-03-16T00:00:00Z,13.0827,80.2707,29.0,0.0,C,mm/day,NASA POWER (MERRA-2),"https://power.larc.nasa.gov/api/temporal/daily/point?parameters=T2M,PRECTOTCORR&community=RE&longitude=80.2707&latitude=13.0827&start=20210101&end=20241231&format=JSON",OBSERVED
2024-03-17,2024-03-17T00:00:00Z,13.0827,80.2707,29.02,0.0,C,mm/day,NASA POWER (MERRA-2),"https://power.larc.nasa.gov/api/temporal/daily/point?parameters=T2M,PRECTOTCORR&community=RE&longitude=80.2707&latitude=13.0827&start=20210101&end=20241231&format=JSON",OBSERVED
2024-03-18,2024-03-18T00:00:00Z,13.0827,80.2707,29.04,0.0,C,mm/day,NASA POWER (MERRA-2),"https://power.larc.nasa.gov/api/temporal/daily/point?parameters=T2M,PRECTOTCORR&community=RE&longitude=80.2707&latitude=13.0827&start=20210101&end=20241231&format=JSON",OBSERVED
2024-03-19,2024-03-19T00:00:00Z,13.0827,80.2707,29.06,0.0,C,mm/day,NASA POWER (MERRA-2),"https://power.larc.nasa.gov/api/temporal/daily/point?parameters=T2M,PRECTOTCORR&community=RE&longitude=80.2707&latitude=13.0827&start=20210101&end=20241231&format=JSON",OBSERVED
2024-03-20,2024-03-20T00:00:00Z,13.0827,80.2707,28.56,0.0,C,mm/day,NASA POWER (MERRA-2),"https://power.larc.nasa.gov/api/temporal/daily/point?parameters=T2M,PRECTOTCORR&community=RE&longitude=80.2707&latitude=13.0827&start=20210101&end=20241231&format=JSON",OBSERVED
2024-03-21,2024-03-21T00:00:00Z,13.0827,80.2707,29.23,0.02,C,mm/day,NASA POWER (MERRA-2),"https://power.larc.nasa.gov/api/temporal/daily/point?parameters=T2M,PRECTOTCORR&community=RE&longitude=80.2707&latitude=13.0827&start=20210101&end=20241231&format=JSON",OBSERVED
2024-03-22,2024-03-22T00:00:00Z,13.0827,80.2707,29.56,0.0,C,mm/day,NASA POWER (MERRA-2),"https://power.larc.nasa.gov/api/temporal/daily/point?parameters=T2M,PRECTOTCORR&community=RE&longitude=80.2707&latitude=13.0827&start=20210101&end=20241231&format=JSON",OBSERVED
2024-03-23,2024-03-23T00:00:00Z,13.0827,80.2707,29.25,0.0,C,mm/day,NASA POWER (MERRA-2),"https://power.larc.nasa.gov/api/temporal/daily/point?parameters=T2M,PRECTOTCORR&community=RE&longitude=80.2707&latitude=13.0827&start=20210101&end=20241231&format=JSON",OBSERVED
2024-03-24,2024-03-24T00:00:00Z,13.0827,80.2707,29.34,0.0,C,mm/day,NASA POWER (MERRA-2),"https://power.larc.nasa.gov/api/temporal/daily/point?parameters=T2M,PRECTOTCORR&community=RE&longitude=80.2707&latitude=13.0827&start=20210101&end=20241231&format=JSON",OBSERVED
2024-03-25,2024-03-25T00:00:00Z,13.0827,80.2707,29.39,0.0,C,mm/day,NASA POWER (MERRA-2),"https://power.larc.nasa.gov/api/temporal/daily/point?parameters=T2M,PRECTOTCORR&community=RE&longitude=80.2707&latitude=13.0827&start=20210101&end=20241231&format=JSON",OBSERVED
2024-03-26,2024-03-26T00:00:00Z,13.0827,80.2707,29.14,0.0,C,mm/day,NASA POWER (MERRA-2),"https://power.larc.nasa.gov/api/temporal/daily/point?parameters=T2M,PRECTOTCORR&community=RE&longitude=80.2707&latitude=13.0827&start=20210101&end=20241231&format=JSON",OBSERVED
2024-03-27,2024-03-27T00:00:00Z,13.0827,80.2707,29.3,0.0,C,mm/day,NASA POWER (MERRA-2),"https://power.larc.nasa.gov/api/temporal/daily/point?parameters=T2M,PRECTOTCORR&community=RE&longitude=80.2707&latitude=13.0827&start=20210101&end=20241231&format=JSON",OBSERVED
2024-03-28,2024-03-28T00:00:00Z,13.0827,80.2707,30.12,0.0,C,mm/day,NASA POWER (MERRA-2),"https://power.larc.nasa.gov/api/temporal/daily/point?parameters=T2M,PRECTOTCORR&community=RE&longitude=80.2707&latitude=13.0827&start=20210101&end=20241231&format=JSON",OBSERVED
2024-03-29,2024-03-29T00:00:00Z,13.0827,80.2707,30.39,0.0,C,mm/day,NASA POWER (MERRA-2),"https://power.larc.nasa.gov/api/temporal/daily/point?parameters=T2M,PRECTOTCORR&community=RE&longitude=80.2707&latitude=13.0827&start=20210101&end=20241231&format=JSON",OBSERVED
2024-03-30,2024-03-30T00:00:00Z,13.0827,80.2707,30.17,0.0,C,mm/day,NASA POWER (MERRA-2),"https://power.larc.nasa.gov/api/temporal/daily/point?parameters=T2M,PRECTOTCORR&community=RE&longitude=80.2707&latitude=13.0827&start=20210101&end=20241231&format=JSON",OBSERVED
2024-03-31,2024-03-31T00:00:00Z,13.0827,80.2707,30.04,0.0,C,mm/day,NASA POWER (MERRA-2),"https://power.larc.nasa.gov/api/temporal/daily/point?parameters=T2M,PRECTOTCORR&community=RE&longitude=80.2707&latitude=13.0827&start=20210101&end=20241231&format=JSON",OBSERVED
2024-04-01,2024-04-01T00:00:00Z,13.0827,80.2707,30.65,0.0,C,mm/day,NASA POWER (MERRA-2),"https://power.larc.nasa.gov/api/temporal/daily/point?parameters=T2M,PRECTOTCORR&community=RE&longitude=80.2707&latitude=13.0827&start=20210101&end=20241231&format=JSON",OBSERVED
2024-04-02,2024-04-02T00:00:00Z,13.0827,80.2707,30.71,0.0,C,mm/day,NASA POWER (MERRA-2),"https://power.larc.nasa.gov/api/temporal/daily/point?parameters=T2M,PRECTOTCORR&community=RE&longitude=80.2707&latitude=13.0827&start=20210101&end=20241231&format=JSON",OBSERVED
2024-04-03,2024-04-03T00:00:00Z,13.0827,80.2707,30.49,0.0,C,mm/day,NASA POWER (MERRA-2),"https://power.larc.nasa.gov/api/temporal/daily/point?parameters=T2M,PRECTOTCORR&community=RE&longitude=80.2707&latitude=13.0827&start=20210101&end=20241231&format=JSON",OBSERVED
2024-04-04,2024-04-04T00:00:00Z,13.0827,80.2707,30.88,0.0,C,mm/day,NASA POWER (MERRA-2),"https://power.larc.nasa.gov/api/temporal/daily/point?parameters=T2M,PRECTOTCORR&community=RE&longitude=80.2707&latitude=13.0827&start=20210101&end=20241231&format=JSON",OBSERVED
2024-04-05,2024-04-05T00:00:00Z,13.0827,80.2707,31.29,0.0,C,mm/day,NASA POWER (MERRA-2),"https://power.larc.nasa.gov/api/temporal/daily/point?parameters=T2M,PRECTOTCORR&community=RE&longitude=80.2707&latitude=13.0827&start=20210101&end=20241231&format=JSON",OBSERVED
2024-04-06,2024-04-06T00:00:00Z,13.0827,80.2707,31.85,0.0,C,mm/day,NASA POWER (MERRA-2),"https://power.larc.nasa.gov/api/temporal/daily/point?parameters=T2M,PRECTOTCORR&community=RE&longitude=80.2707&latitude=13.0827&start=20210101&end=20241231&format=JSON",OBSERVED
2024-04-07,2024-04-07T00:00:00Z,13.0827,80.2707,31.75,0.0,C,mm/day,NASA POWER (MERRA-2),"https://power.larc.nasa.gov/api/temporal/daily/point?parameters=T2M,PRECTOTCORR&community=RE&longitude=80.2707&latitude=13.0827&start=20210101&end=20241231&format=JSON",OBSERVED
2024-04-08,2024-04-08T00:00:00Z,13.0827,80.2707,30.84,0.0,C,mm/day,NASA POWER (MERRA-2),"https://power.larc.nasa.gov/api/temporal/daily/point?parameters=T2M,PRECTOTCORR&community=RE&longitude=80.2707&latitude=13.0827&start=20210101&end=20241231&format=JSON",OBSERVED
2024-04-09,2024-04-09T00:00:00Z,13.0827,80.2707,30.85,0.0,C,mm/day,NASA POWER (MERRA-2),"https://power.larc.nasa.gov/api/temporal/daily/point?parameters=T2M,PRECTOTCORR&community=RE&longitude=80.2707&latitude=13.0827&start=20210101&end=20241231&format=JSON",OBSERVED
2024-04-10,2024-04-10T00:00:00Z,13.0827,80.2707,30.95,0.0,C,mm/day,NASA POWER (MERRA-2),"https://power.larc.nasa.gov/api/temporal/daily/point?parameters=T2M,PRECTOTCORR&community=RE&longitude=80.2707&latitude=13.0827&start=20210101&end=20241231&format=JSON",OBSERVED
2024-04-11,2024-04-11T00:00:00Z,13.0827,80.2707,31.41,0.03,C,mm/day,NASA POWER (MERRA-2),"https://power.larc.nasa.gov/api/temporal/daily/point?parameters=T2M,PRECTOTCORR&community=RE&longitude=80.2707&latitude=13.0827&start=20210101&end=20241231&format=JSON",OBSERVED
2024-04-12,2024-04-12T00:00:00Z,13.0827,80.2707,31.39,0.05,C,mm/day,NASA POWER (MERRA-2),"https://power.larc.nasa.gov/api/temporal/daily/point?parameters=T2M,PRECTOTCORR&community=RE&longitude=80.2707&latitude=13.0827&start=20210101&end=20241231&format=JSON",OBSERVED
2024-04-13,2024-04-13T00:00:00Z,13.0827,80.2707,31.33,0.06,C,mm/day,NASA POWER (MERRA-2),"https://power.larc.nasa.gov/api/temporal/daily/point?parameters=T2M,PRECTOTCORR&community=RE&longitude=80.2707&latitude=13.0827&start=20210101&end=20241231&format=JSON",OBSERVED
2024-04-14,2024-04-14T00:00:00Z,13.0827,80.2707,31.25,0.04,C,mm/day,NASA POWER (MERRA-2),"https://power.larc.nasa.gov/api/temporal/daily/point?parameters=T2M,PRECTOTCORR&community=RE&longitude=80.2707&latitude=13.0827&start=20210101&end=20241231&format=JSON",OBSERVED
2024-04-15,2024-04-15T00:00:00Z,13.0827,80.2707,31.41,0.0,C,mm/day,NASA POWER (MERRA-2),"https://power.larc.nasa.gov/api/temporal/daily/point?parameters=T2M,PRECTOTCORR&community=RE&longitude=80.2707&latitude=13.0827&start=20210101&end=20241231&format=JSON",OBSERVED
2024-04-16,2024-04-16T00:00:00Z,13.0827,80.2707,31.61,0.0,C,mm/day,NASA POWER (MERRA-2),"https://power.larc.nasa.gov/api/temporal/daily/point?parameters=T2M,PRECTOTCORR&community=RE&longitude=80.2707&latitude=13.0827&start=20210101&end=20241231&format=JSON",OBSERVED
2024-04-17,2024-04-17T00:00:00Z,13.0827,80.2707,32.22,0.0,C,mm/day,NASA POWER (MERRA-2),"https://power.larc.nasa.gov/api/temporal/daily/point?parameters=T2M,PRECTOTCORR&community=RE&longitude=80.2707&latitude=13.0827&start=20210101&end=20241231&format=JSON",OBSERVED
2024-04-18,2024-04-18T00:00:00Z,13.0827,80.2707,32.5,0.0,C,mm/day,NASA POWER (MERRA-2),"https://power.larc.nasa.gov/api/temporal/daily/point?parameters=T2M,PRECTOTCORR&community=RE&longitude=80.2707&latitude=13.0827&start=20210101&end=20241231&format=JSON",OBSERVED
2024-04-19,2024-04-19T00:00:00Z,13.0827,80.2707,32.59,0.0,C,mm/day,NASA POWER (MERRA-2),"https://power.larc.nasa.gov/api/temporal/daily/point?parameters=T2M,PRECTOTCORR&community=RE&longitude=80.2707&latitude=13.0827&start=20210101&end=20241231&format=JSON",OBSERVED
2024-04-20,2024-04-20T00:00:00Z,13.0827,80.2707,32.29,0.01,C,mm/day,NASA POWER (MERRA-2),"https://power.larc.nasa.gov/api/temporal/daily/point?parameters=T2M,PRECTOTCORR&community=RE&longitude=80.2707&latitude=13.0827&start=20210101&end=20241231&format=JSON",OBSERVED
2024-04-21,2024-04-21T00:00:00Z,13.0827,80.2707,32.18,0.01,C,mm/day,NASA POWER (MERRA-2),"https://power.larc.nasa.gov/api/temporal/daily/point?parameters=T2M,PRECTOTCORR&community=RE&longitude=80.2707&latitude=13.0827&start=20210101&end=20241231&format=JSON",OBSERVED
2024-04-22,2024-04-22T00:00:00Z,13.0827,80.2707,32.05,0.0,C,mm/day,NASA POWER (MERRA-2),"https://power.larc.nasa.gov/api/temporal/daily/point?parameters=T2M,PRECTOTCORR&community=RE&longitude=80.2707&latitude=13.0827&start=20210101&end=20241231&format=JSON",OBSERVED
2024-04-23,2024-04-23T00:00:00Z,13.0827,80.2707,31.95,0.0,C,mm/day,NASA POWER (MERRA-2),"https://power.larc.nasa.gov/api/temporal/daily/point?parameters=T2M,PRECTOTCORR&community=RE&longitude=80.2707&latitude=13.0827&start=20210101&end=20241231&format=JSON",OBSERVED
2024-04-24,2024-04-24T00:00:00Z,13.0827,80.2707,32.32,0.0,C,mm/day,NASA POWER (MERRA-2),"https://power.larc.nasa.gov/api/temporal/daily/point?parameters=T2M,PRECTOTCORR&community=RE&longitude=80.2707&latitude=13.0827&start=20210101&end=20241231&format=JSON",OBSERVED
2024-04-25,2024-04-25T00:00:00Z,13.0827,80.2707,32.51,0.0,C,mm/day,NASA POWER (MERRA-2),"https://power.larc.nasa.gov/api/temporal/daily/point?parameters=T2M,PRECTOTCORR&community=RE&longitude=80.2707&latitude=13.0827&start=20210101&end=20241231&format=JSON",OBSERVED
2024-04-26,2024-04-26T00:00:00Z,13.0827,80.2707,32.34,0.0,C,mm/day,NASA POWER (MERRA-2),"https://power.larc.nasa.gov/api/temporal/daily/point?parameters=T2M,PRECTOTCORR&community=RE&longitude=80.2707&latitude=13.0827&start=20210101&end=20241231&format=JSON",OBSERVED
2024-04-27,2024-04-27T00:00:00Z,13.0827,80.2707,32.01,0.0,C,mm/day,NASA POWER (MERRA-2),"https://power.larc.nasa.gov/api/temporal/daily/point?parameters=T2M,PRECTOTCORR&community=RE&longitude=80.2707&latitude=13.0827&start=20210101&end=20241231&format=JSON",OBSERVED
2024-04-28,2024-04-28T00:00:00Z,13.0827,80.2707,32.16,0.0,C,mm/day,NASA POWER (MERRA-2),"https://power.larc.nasa.gov/api/temporal/daily/point?parameters=T2M,PRECTOTCORR&community=RE&longitude=80.2707&latitude=13.0827&start=20210101&end=20241231&format=JSON",OBSERVED
2024-04-29,2024-04-29T00:00:00Z,13.0827,80.2707,32.14,0.0,C,mm/day,NASA POWER (MERRA-2),"https://power.larc.nasa.gov/api/temporal/daily/point?parameters=T2M,PRECTOTCORR&community=RE&longitude=80.2707&latitude=13.0827&start=20210101&end=20241231&format=JSON",OBSERVED
2024-04-30,2024-04-30T00:00:00Z,13.0827,80.2707,32.17,0.0,C,mm/day,NASA POWER (MERRA-2),"https://power.larc.nasa.gov/api/temporal/daily/point?parameters=T2M,PRECTOTCORR&community=RE&longitude=80.2707&latitude=13.0827&start=20210101&end=20241231&format=JSON",OBSERVED
2024-05-01,2024-05-01T00:00:00Z,13.0827,80.2707,33.78,0.01,C,mm/day,NASA POWER (MERRA-2),"https://power.larc.nasa.gov/api/temporal/daily/point?parameters=T2M,PRECTOTCORR&community=RE&longitude=80.2707&latitude=13.0827&start=20210101&end=20241231&format=JSON",OBSERVED
2024-05-02,2024-05-02T00:00:00Z,13.0827,80.2707,33.83,0.01,C,mm/day,NASA POWER (MERRA-2),"https://power.larc.nasa.gov/api/temporal/daily/point?parameters=T2M,PRECTOTCORR&community=RE&longitude=80.2707&latitude=13.0827&start=20210101&end=20241231&format=JSON",OBSERVED
2024-05-03,2024-05-03T00:00:00Z,13.0827,80.2707,33.53,0.03,C,mm/day,NASA POWER (MERRA-2),"https://power.larc.nasa.gov/api/temporal/daily/point?parameters=T2M,PRECTOTCORR&community=RE&longitude=80.2707&latitude=13.0827&start=20210101&end=20241231&format=JSON",OBSERVED
2024-05-04,2024-05-04T00:00:00Z,13.0827,80.2707,33.14,0.86,C,mm/day,NASA POWER (MERRA-2),"https://power.larc.nasa.gov/api/temporal/daily/point?parameters=T2M,PRECTOTCORR&community=RE&longitude=80.2707&latitude=13.0827&start=20210101&end=20241231&format=JSON",OBSERVED
2024-05-05,2024-05-05T00:00:00Z,13.0827,80.2707,33.5,0.29,C,mm/day,NASA POWER (MERRA-2),"https://power.larc.nasa.gov/api/temporal/daily/point?parameters=T2M,PRECTOTCORR&community=RE&longitude=80.2707&latitude=13.0827&start=20210101&end=20241231&format=JSON",OBSERVED
2024-05-06,2024-05-06T00:00:00Z,13.0827,80.2707,33.43,0.64,C,mm/day,NASA POWER (MERRA-2),"https://power.larc.nasa.gov/api/temporal/daily/point?parameters=T2M,PRECTOTCORR&community=RE&longitude=80.2707&latitude=13.0827&start=20210101&end=20241231&format=JSON",OBSERVED
2024-05-07,2024-05-07T00:00:00Z,13.0827,80.2707,32.48,2.35,C,mm/day,NASA POWER (MERRA-2),"https://power.larc.nasa.gov/api/temporal/daily/point?parameters=T2M,PRECTOTCORR&community=RE&longitude=80.2707&latitude=13.0827&start=20210101&end=20241231&format=JSON",OBSERVED
2024-05-08,2024-05-08T00:00:00Z,13.0827,80.2707,31.53,4.73,C,mm/day,NASA POWER (MERRA-2),"https://power.larc.nasa.gov/api/temporal/daily/point?parameters=T2M,PRECTOTCORR&community=RE&longitude=80.2707&latitude=13.0827&start=20210101&end=20241231&format=JSON",OBSERVED
2024-05-09,2024-05-09T00:00:00Z,13.0827,80.2707,31.37,0.83,C,mm/day,NASA POWER (MERRA-2),"https://power.larc.nasa.gov/api/temporal/daily/point?parameters=T2M,PRECTOTCORR&community=RE&longitude=80.2707&latitude=13.0827&start=20210101&end=20241231&format=JSON",OBSERVED
2024-05-10,2024-05-10T00:00:00Z,13.0827,80.2707,31.75,0.98,C,mm/day,NASA POWER (MERRA-2),"https://power.larc.nasa.gov/api/temporal/daily/point?parameters=T2M,PRECTOTCORR&community=RE&longitude=80.2707&latitude=13.0827&start=20210101&end=20241231&format=JSON",OBSERVED
2024-05-11,2024-05-11T00:00:00Z,13.0827,80.2707,31.72,0.31,C,mm/day,NASA POWER (MERRA-2),"https://power.larc.nasa.gov/api/temporal/daily/point?parameters=T2M,PRECTOTCORR&community=RE&longitude=80.2707&latitude=13.0827&start=20210101&end=20241231&format=JSON",OBSERVED
2024-05-12,2024-05-12T00:00:00Z,13.0827,80.2707,31.54,0.41,C,mm/day,NASA POWER (MERRA-2),"https://power.larc.nasa.gov/api/temporal/daily/point?parameters=T2M,PRECTOTCORR&community=RE&longitude=80.2707&latitude=13.0827&start=20210101&end=20241231&format=JSON",OBSERVED
2024-05-13,2024-05-13T00:00:00Z,13.0827,80.2707,31.32,0.64,C,mm/day,NASA POWER (MERRA-2),"https://power.larc.nasa.gov/api/temporal/daily/point?parameters=T2M,PRECTOTCORR&community=RE&longitude=80.2707&latitude=13.0827&start=20210101&end=20241231&format=JSON",OBSERVED
2024-05-14,2024-05-14T00:00:00Z,13.0827,80.2707,31.12,0.59,C,mm/day,NASA POWER (MERRA-2),"https://power.larc.nasa.gov/api/temporal/daily/point?parameters=T2M,PRECTOTCORR&community=RE&longitude=80.2707&latitude=13.0827&start=20210101&end=20241231&format=JSON",OBSERVED
2024-05-15,2024-05-15T00:00:00Z,13.0827,80.2707,31.48,0.4,C,mm/day,NASA POWER (MERRA-2),"https://power.larc.nasa.gov/api/temporal/daily/point?parameters=T2M,PRECTOTCORR&community=RE&longitude=80.2707&latitude=13.0827&start=20210101&end=20241231&format=JSON",OBSERVED
2024-05-16,2024-05-16T00:00:00Z,13.0827,80.2707,28.92,7.7,C,mm/day,NASA POWER (MERRA-2),"https://power.larc.nasa.gov/api/temporal/daily/point?parameters=T2M,PRECTOTCORR&community=RE&longitude=80.2707&latitude=13.0827&start=20210101&end=20241231&format=JSON",OBSERVED
2024-05-17,2024-05-17T00:00:00Z,13.0827,80.2707,29.78,2.99,C,mm/day,NASA POWER (MERRA-2),"https://power.larc.nasa.gov/api/temporal/daily/point?parameters=T2M,PRECTOTCORR&community=RE&longitude=80.2707&latitude=13.0827&start=20210101&end=20241231&format=JSON",OBSERVED
2024-05-18,2024-05-18T00:00:00Z,13.0827,80.2707,30.2,1.74,C,mm/day,NASA POWER (MERRA-2),"https://power.larc.nasa.gov/api/temporal/daily/point?parameters=T2M,PRECTOTCORR&community=RE&longitude=80.2707&latitude=13.0827&start=20210101&end=20241231&format=JSON",OBSERVED
2024-05-19,2024-05-19T00:00:00Z,13.0827,80.2707,30.71,2.76,C,mm/day,NASA POWER (MERRA-2),"https://power.larc.nasa.gov/api/temporal/daily/point?parameters=T2M,PRECTOTCORR&community=RE&longitude=80.2707&latitude=13.0827&start=20210101&end=20241231&format=JSON",OBSERVED
2024-05-20,2024-05-20T00:00:00Z,13.0827,80.2707,30.12,4.13,C,mm/day,NASA POWER (MERRA-2),"https://power.larc.nasa.gov/api/temporal/daily/point?parameters=T2M,PRECTOTCORR&community=RE&longitude=80.2707&latitude=13.0827&start=20210101&end=20241231&format=JSON",OBSERVED
2024-05-21,2024-05-21T00:00:00Z,13.0827,80.2707,30.2,1.98,C,mm/day,NASA POWER (MERRA-2),"https://power.larc.nasa.gov/api/temporal/daily/point?parameters=T2M,PRECTOTCORR&community=RE&longitude=80.2707&latitude=13.0827&start=20210101&end=20241231&format=JSON",OBSERVED
2024-05-22,2024-05-22T00:00:00Z,13.0827,80.2707,30.97,0.73,C,mm/day,NASA POWER (MERRA-2),"https://power.larc.nasa.gov/api/temporal/daily/point?parameters=T2M,PRECTOTCORR&community=RE&longitude=80.2707&latitude=13.0827&start=20210101&end=20241231&format=JSON",OBSERVED
2024-05-23,2024-05-23T00:00:00Z,13.0827,80.2707,31.09,0.34,C,mm/day,NASA POWER (MERRA-2),"https://power.larc.nasa.gov/api/temporal/daily/point?parameters=T2M,PRECTOTCORR&community=RE&longitude=80.2707&latitude=13.0827&start=20210101&end=20241231&format=JSON",OBSERVED
2024-05-24,2024-05-24T00:00:00Z,13.0827,80.2707,31.75,0.03,C,mm/day,NASA POWER (MERRA-2),"https://power.larc.nasa.gov/api/temporal/daily/point?parameters=T2M,PRECTOTCORR&community=RE&longitude=80.2707&latitude=13.0827&start=20210101&end=20241231&format=JSON",OBSERVED
2024-05-25,2024-05-25T00:00:00Z,13.0827,80.2707,31.53,1.18,C,mm/day,NASA POWER (MERRA-2),"https://power.larc.nasa.gov/api/temporal/daily/point?parameters=T2M,PRECTOTCORR&community=RE&longitude=80.2707&latitude=13.0827&start=20210101&end=20241231&format=JSON",OBSERVED
2024-05-26,2024-05-26T00:00:00Z,13.0827,80.2707,33.33,0.05,C,mm/day,NASA POWER (MERRA-2),"https://power.larc.nasa.gov/api/temporal/daily/point?parameters=T2M,PRECTOTCORR&community=RE&longitude=80.2707&latitude=13.0827&start=20210101&end=20241231&format=JSON",OBSERVED
2024-05-27,2024-05-27T00:00:00Z,13.0827,80.2707,34.14,0.01,C,mm/day,NASA POWER (MERRA-2),"https://power.larc.nasa.gov/api/temporal/daily/point?parameters=T2M,PRECTOTCORR&community=RE&longitude=80.2707&latitude=13.0827&start=20210101&end=20241231&format=JSON",OBSERVED
2024-05-28,2024-05-28T00:00:00Z,13.0827,80.2707,33.79,0.01,C,mm/day,NASA POWER (MERRA-2),"https://power.larc.nasa.gov/api/temporal/daily/point?parameters=T2M,PRECTOTCORR&community=RE&longitude=80.2707&latitude=13.0827&start=20210101&end=20241231&format=JSON",OBSERVED
2024-05-29,2024-05-29T00:00:00Z,13.0827,80.2707,34.6,0.01,C,mm/day,NASA POWER (MERRA-2),"https://power.larc.nasa.gov/api/temporal/daily/point?parameters=T2M,PRECTOTCORR&community=RE&longitude=80.2707&latitude=13.0827&start=20210101&end=20241231&format=JSON",OBSERVED
2024-05-30,2024-05-30T00:00:00Z,13.0827,80.2707,34.53,0.26,C,mm/day,NASA POWER (MERRA-2),"https://power.larc.nasa.gov/api/temporal/daily/point?parameters=T2M,PRECTOTCORR&community=RE&longitude=80.2707&latitude=13.0827&start=20210101&end=20241231&format=JSON",OBSERVED
2024-05-31,2024-05-31T00:00:00Z,13.0827,80.2707,34.06,0.29,C,mm/day,NASA POWER (MERRA-2),"https://power.larc.nasa.gov/api/temporal/daily/point?parameters=T2M,PRECTOTCORR&community=RE&longitude=80.2707&latitude=13.0827&start=20210101&end=20241231&format=JSON",OBSERVED
2024-06-01,2024-06-01T00:00:00Z,13.0827,80.2707,33.33,6.81,C,mm/day,NASA POWER (MERRA-2),"https://power.larc.nasa.gov/api/temporal/daily/point?parameters=T2M,PRECTOTCORR&community=RE&longitude=80.2707&latitude=13.0827&start=20210101&end=20241231&format=JSON",OBSERVED
2024-06-02,2024-06-02T00:00:00Z,13.0827,80.2707,29.65,12.36,C,mm/day,NASA POWER (MERRA-2),"https://power.larc.nasa.gov/api/temporal/daily/point?parameters=T2M,PRECTOTCORR&community=RE&longitude=80.2707&latitude=13.0827&start=20210101&end=20241231&format=JSON",OBSERVED
2024-06-03,2024-06-03T00:00:00Z,13.0827,80.2707,29.58,1.7,C,mm/day,NASA POWER (MERRA-2),"https://power.larc.nasa.gov/api/temporal/daily/point?parameters=T2M,PRECTOTCORR&community=RE&longitude=80.2707&latitude=13.0827&start=20210101&end=20241231&format=JSON",OBSERVED
2024-06-04,2024-06-04T00:00:00Z,13.0827,80.2707,30.56,5.73,C,mm/day,NASA POWER (MERRA-2),"https://power.larc.nasa.gov/api/temporal/daily/point?parameters=T2M,PRECTOTCORR&community=RE&longitude=80.2707&latitude=13.0827&start=20210101&end=20241231&format=JSON",OBSERVED
2024-06-05,2024-06-05T00:00:00Z,13.0827,80.2707,29.74,22.77,C,mm/day,NASA POWER (MERRA-2),"https://power.larc.nasa.gov/api/temporal/daily/point?parameters=T2M,PRECTOTCORR&community=RE&longitude=80.2707&latitude=13.0827&start=20210101&end=20241231&format=JSON",OBSERVED
2024-06-06,2024-06-06T00:00:00Z,13.0827,80.2707,28.47,13.65,C,mm/day,NASA POWER (MERRA-2),"https://power.larc.nasa.gov/api/temporal/daily/point?parameters=T2M,PRECTOTCORR&community=RE&longitude=80.2707&latitude=13.0827&start=20210101&end=20241231&format=JSON",OBSERVED
2024-06-07,2024-06-07T00:00:00Z,13.0827,80.2707,28.78,11.92,C,mm/day,NASA POWER (MERRA-2),"https://power.larc.nasa.gov/api/temporal/daily/point?parameters=T2M,PRECTOTCORR&community=RE&longitude=80.2707&latitude=13.0827&start=20210101&end=20241231&format=JSON",OBSERVED
2024-06-08,2024-06-08T00:00:00Z,13.0827,80.2707,30.3,4.97,C,mm/day,NASA POWER (MERRA-2),"https://power.larc.nasa.gov/api/temporal/daily/point?parameters=T2M,PRECTOTCORR&community=RE&longitude=80.2707&latitude=13.0827&start=20210101&end=20241231&format=JSON",OBSERVED
2024-06-09,2024-06-09T00:00:00Z,13.0827,80.2707,29.9,2.93,C,mm/day,NASA POWER (MERRA-2),"https://power.larc.nasa.gov/api/temporal/daily/point?parameters=T2M,PRECTOTCORR&community=RE&longitude=80.2707&latitude=13.0827&start=20210101&end=20241231&format=JSON",OBSERVED
2024-06-10,2024-06-10T00:00:00Z,13.0827,80.2707,30.54,1.81,C,mm/day,NASA POWER (MERRA-2),"https://power.larc.nasa.gov/api/temporal/daily/point?parameters=T2M,PRECTOTCORR&community=RE&longitude=80.2707&latitude=13.0827&start=20210101&end=20241231&format=JSON",OBSERVED
2024-06-11,2024-06-11T00:00:00Z,13.0827,80.2707,29.07,4.55,C,mm/day,NASA POWER (MERRA-2),"https://power.larc.nasa.gov/api/temporal/daily/point?parameters=T2M,PRECTOTCORR&community=RE&longitude=80.2707&latitude=13.0827&start=20210101&end=20241231&format=JSON",OBSERVED
2024-06-12,2024-06-12T00:00:00Z,13.0827,80.2707,28.93,6.39,C,mm/day,NASA POWER (MERRA-2),"https://power.larc.nasa.gov/api/temporal/daily/point?parameters=T2M,PRECTOTCORR&community=RE&longitude=80.2707&latitude=13.0827&start=20210101&end=20241231&format=JSON",OBSERVED
2024-06-13,2024-06-13T00:00:00Z,13.0827,80.2707,30.14,1.3,C,mm/day,NASA POWER (MERRA-2),"https://power.larc.nasa.gov/api/temporal/daily/point?parameters=T2M,PRECTOTCORR&community=RE&longitude=80.2707&latitude=13.0827&start=20210101&end=20241231&format=JSON",OBSERVED
2024-06-14,2024-06-14T00:00:00Z,13.0827,80.2707,29.67,0.07,C,mm/day,NASA POWER (MERRA-2),"https://power.larc.nasa.gov/api/temporal/daily/point?parameters=T2M,PRECTOTCORR&community=RE&longitude=80.2707&latitude=13.0827&start=20210101&end=20241231&format=JSON",OBSERVED
2024-06-15,2024-06-15T00:00:00Z,13.0827,80.2707,30.09,0.96,C,mm/day,NASA POWER (MERRA-2),"https://power.larc.nasa.gov/api/temporal/daily/point?parameters=T2M,PRECTOTCORR&community=RE&longitude=80.2707&latitude=13.0827&start=20210101&end=20241231&format=JSON",OBSERVED
2024-06-16,2024-06-16T00:00:00Z,13.0827,80.2707,30.79,6.97,C,mm/day,NASA POWER (MERRA-2),"https://power.larc.nasa.gov/api/temporal/daily/point?parameters=T2M,PRECTOTCORR&community=RE&longitude=80.2707&latitude=13.0827&start=20210101&end=20241231&format=JSON",OBSERVED
2024-06-17,2024-06-17T00:00:00Z,13.0827,80.2707,29.86,13.08,C,mm/day,NASA POWER (MERRA-2),"https://power.larc.nasa.gov/api/temporal/daily/point?parameters=T2M,PRECTOTCORR&community=RE&longitude=80.2707&latitude=13.0827&start=20210101&end=20241231&format=JSON",OBSERVED
2024-06-18,2024-06-18T00:00:00Z,13.0827,80.2707,29.65,36.01,C,mm/day,NASA POWER (MERRA-2),"https://power.larc.nasa.gov/api/temporal/daily/point?parameters=T2M,PRECTOTCORR&community=RE&longitude=80.2707&latitude=13.0827&start=20210101&end=20241231&format=JSON",OBSERVED
2024-06-19,2024-06-19T00:00:00Z,13.0827,80.2707,28.99,5.54,C,mm/day,NASA POWER (MERRA-2),"https://power.larc.nasa.gov/api/temporal/daily/point?parameters=T2M,PRECTOTCORR&community=RE&longitude=80.2707&latitude=13.0827&start=20210101&end=20241231&format=JSON",OBSERVED
2024-06-20,2024-06-20T00:00:00Z,13.0827,80.2707,29.83,2.52,C,mm/day,NASA POWER (MERRA-2),"https://power.larc.nasa.gov/api/temporal/daily/point?parameters=T2M,PRECTOTCORR&community=RE&longitude=80.2707&latitude=13.0827&start=20210101&end=20241231&format=JSON",OBSERVED
2024-06-21,2024-06-21T00:00:00Z,13.0827,80.2707,29.72,4.92,C,mm/day,NASA POWER (MERRA-2),"https://power.larc.nasa.gov/api/temporal/daily/point?parameters=T2M,PRECTOTCORR&community=RE&longitude=80.2707&latitude=13.0827&start=20210101&end=20241231&format=JSON",OBSERVED
2024-06-22,2024-06-22T00:00:00Z,13.0827,80.2707,30.01,3.38,C,mm/day,NASA POWER (MERRA-2),"https://power.larc.nasa.gov/api/temporal/daily/point?parameters=T2M,PRECTOTCORR&community=RE&longitude=80.2707&latitude=13.0827&start=20210101&end=20241231&format=JSON",OBSERVED
2024-06-23,2024-06-23T00:00:00Z,13.0827,80.2707,29.25,2.96,C,mm/day,NASA POWER (MERRA-2),"https://power.larc.nasa.gov/api/temporal/daily/point?parameters=T2M,PRECTOTCORR&community=RE&longitude=80.2707&latitude=13.0827&start=20210101&end=20241231&format=JSON",OBSERVED
2024-06-24,2024-06-24T00:00:00Z,13.0827,80.2707,29.67,1.01,C,mm/day,NASA POWER (MERRA-2),"https://power.larc.nasa.gov/api/temporal/daily/point?parameters=T2M,PRECTOTCORR&community=RE&longitude=80.2707&latitude=13.0827&start=20210101&end=20241231&format=JSON",OBSERVED
2024-06-25,2024-06-25T00:00:00Z,13.0827,80.2707,29.23,0.63,C,mm/day,NASA POWER (MERRA-2),"https://power.larc.nasa.gov/api/temporal/daily/point?parameters=T2M,PRECTOTCORR&community=RE&longitude=80.2707&latitude=13.0827&start=20210101&end=20241231&format=JSON",OBSERVED
2024-06-26,2024-06-26T00:00:00Z,13.0827,80.2707,28.91,0.66,C,mm/day,NASA POWER (MERRA-2),"https://power.larc.nasa.gov/api/temporal/daily/point?parameters=T2M,PRECTOTCORR&community=RE&longitude=80.2707&latitude=13.0827&start=20210101&end=20241231&format=JSON",OBSERVED
2024-06-27,2024-06-27T00:00:00Z,13.0827,80.2707,28.09,0.07,C,mm/day,NASA POWER (MERRA-2),"https://power.larc.nasa.gov/api/temporal/daily/point?parameters=T2M,PRECTOTCORR&community=RE&longitude=80.2707&latitude=13.0827&start=20210101&end=20241231&format=JSON",OBSERVED
2024-06-28,2024-06-28T00:00:00Z,13.0827,80.2707,29.3,0.0,C,mm/day,NASA POWER (MERRA-2),"https://power.larc.nasa.gov/api/temporal/daily/point?parameters=T2M,PRECTOTCORR&community=RE&longitude=80.2707&latitude=13.0827&start=20210101&end=20241231&format=JSON",OBSERVED
2024-06-29,2024-06-29T00:00:00Z,13.0827,80.2707,29.76,0.04,C,mm/day,NASA POWER (MERRA-2),"https://power.larc.nasa.gov/api/temporal/daily/point?parameters=T2M,PRECTOTCORR&community=RE&longitude=80.2707&latitude=13.0827&start=20210101&end=20241231&format=JSON",OBSERVED
2024-06-30,2024-06-30T00:00:00Z,13.0827,80.2707,29.05,17.07,C,mm/day,NASA POWER (MERRA-2),"https://power.larc.nasa.gov/api/temporal/daily/point?parameters=T2M,PRECTOTCORR&community=RE&longitude=80.2707&latitude=13.0827&start=20210101&end=20241231&format=JSON",OBSERVED
2024-07-01,2024-07-01T00:00:00Z,13.0827,80.2707,29.29,2.41,C,mm/day,NASA POWER (MERRA-2),"https://power.larc.nasa.gov/api/temporal/daily/point?parameters=T2M,PRECTOTCORR&community=RE&longitude=80.2707&latitude=13.0827&start=20210101&end=20241231&format=JSON",OBSERVED
2024-07-02,2024-07-02T00:00:00Z,13.0827,80.2707,30.42,0.89,C,mm/day,NASA POWER (MERRA-2),"https://power.larc.nasa.gov/api/temporal/daily/point?parameters=T2M,PRECTOTCORR&community=RE&longitude=80.2707&latitude=13.0827&start=20210101&end=20241231&format=JSON",OBSERVED
2024-07-03,2024-07-03T00:00:00Z,13.0827,80.2707,29.93,19.5,C,mm/day,NASA POWER (MERRA-2),"https://power.larc.nasa.gov/api/temporal/daily/point?parameters=T2M,PRECTOTCORR&community=RE&longitude=80.2707&latitude=13.0827&start=20210101&end=20241231&format=JSON",OBSERVED
2024-07-04,2024-07-04T00:00:00Z,13.0827,80.2707,30.04,2.61,C,mm/day,NASA POWER (MERRA-2),"https://power.larc.nasa.gov/api/temporal/daily/point?parameters=T2M,PRECTOTCORR&community=RE&longitude=80.2707&latitude=13.0827&start=20210101&end=20241231&format=JSON",OBSERVED
2024-07-05,2024-07-05T00:00:00Z,13.0827,80.2707,29.45,22.96,C,mm/day,NASA POWER (MERRA-2),"https://power.larc.nasa.gov/api/temporal/daily/point?parameters=T2M,PRECTOTCORR&community=RE&longitude=80.2707&latitude=13.0827&start=20210101&end=20241231&format=JSON",OBSERVED
2024-07-06,2024-07-06T00:00:00Z,13.0827,80.2707,28.28,9.82,C,mm/day,NASA POWER (MERRA-2),"https://power.larc.nasa.gov/api/temporal/daily/point?parameters=T2M,PRECTOTCORR&community=RE&longitude=80.2707&latitude=13.0827&start=20210101&end=20241231&format=JSON",OBSERVED
2024-07-07,2024-07-07T00:00:00Z,13.0827,80.2707,28.85,11.48,C,mm/day,NASA POWER (MERRA-2),"https://power.larc.nasa.gov/api/temporal/daily/point?parameters=T2M,PRECTOTCORR&community=RE&longitude=80.2707&latitude=13.0827&start=20210101&end=20241231&format=JSON",OBSERVED
2024-07-08,2024-07-08T00:00:00Z,13.0827,80.2707,29.3,2.77,C,mm/day,NASA POWER (MERRA-2),"https://power.larc.nasa.gov/api/temporal/daily/point?parameters=T2M,PRECTOTCORR&community=RE&longitude=80.2707&latitude=13.0827&start=20210101&end=20241231&format=JSON",OBSERVED
2024-07-09,2024-07-09T00:00:00Z,13.0827,80.2707,28.35,3.48,C,mm/day,NASA POWER (MERRA-2),"https://power.larc.nasa.gov/api/temporal/daily/point?parameters=T2M,PRECTOTCORR&community=RE&longitude=80.2707&latitude=13.0827&start=20210101&end=20241231&format=JSON",OBSERVED
2024-07-10,2024-07-10T00:00:00Z,13.0827,80.2707,28.81,4.31,C,mm/day,NASA POWER (MERRA-2),"https://power.larc.nasa.gov/api/temporal/daily/point?parameters=T2M,PRECTOTCORR&community=RE&longitude=80.2707&latitude=13.0827&start=20210101&end=20241231&format=JSON",OBSERVED
2024-07-11,2024-07-11T00:00:00Z,13.0827,80.2707,28.65,17.07,C,mm/day,NASA POWER (MERRA-2),"https://power.larc.nasa.gov/api/temporal/daily/point?parameters=T2M,PRECTOTCORR&community=RE&longitude=80.2707&latitude=13.0827&start=20210101&end=20241231&format=JSON",OBSERVED
2024-07-12,2024-07-12T00:00:00Z,13.0827,80.2707,28.79,29.31,C,mm/day,NASA POWER (MERRA-2),"https://power.larc.nasa.gov/api/temporal/daily/point?parameters=T2M,PRECTOTCORR&community=RE&longitude=80.2707&latitude=13.0827&start=20210101&end=20241231&format=JSON",OBSERVED
2024-07-13,2024-07-13T00:00:00Z,13.0827,80.2707,28.81,8.48,C,mm/day,NASA POWER (MERRA-2),"https://power.larc.nasa.gov/api/temporal/daily/point?parameters=T2M,PRECTOTCORR&community=RE&longitude=80.2707&latitude=13.0827&start=20210101&end=20241231&format=JSON",OBSERVED
2024-07-14,2024-07-14T00:00:00Z,13.0827,80.2707,28.79,7.89,C,mm/day,NASA POWER (MERRA-2),"https://power.larc.nasa.gov/api/temporal/daily/point?parameters=T2M,PRECTOTCORR&community=RE&longitude=80.2707&latitude=13.0827&start=20210101&end=20241231&format=JSON",OBSERVED
2024-07-15,2024-07-15T00:00:00Z,13.0827,80.2707,27.74,5.31,C,mm/day,NASA POWER (MERRA-2),"https://power.larc.nasa.gov/api/temporal/daily/point?parameters=T2M,PRECTOTCORR&community=RE&longitude=80.2707&latitude=13.0827&start=20210101&end=20241231&format=JSON",OBSERVED
2024-07-16,2024-07-16T00:00:00Z,13.0827,80.2707,28.61,1.88,C,mm/day,NASA POWER (MERRA-2),"https://power.larc.nasa.gov/api/temporal/daily/point?parameters=T2M,PRECTOTCORR&community=RE&longitude=80.2707&latitude=13.0827&start=20210101&end=20241231&format=JSON",OBSERVED
2024-07-17,2024-07-17T00:00:00Z,13.0827,80.2707,28.87,1.21,C,mm/day,NASA POWER (MERRA-2),"https://power.larc.nasa.gov/api/temporal/daily/point?parameters=T2M,PRECTOTCORR&community=RE&longitude=80.2707&latitude=13.0827&start=20210101&end=20241231&format=JSON",OBSERVED
2024-07-18,2024-07-18T00:00:00Z,13.0827,80.2707,28.36,4.56,C,mm/day,NASA POWER (MERRA-2),"https://power.larc.nasa.gov/api/temporal/daily/point?parameters=T2M,PRECTOTCORR&community=RE&longitude=80.2707&latitude=13.0827&start=20210101&end=20241231&format=JSON",OBSERVED
2024-07-19,2024-07-19T00:00:00Z,13.0827,80.2707,28.4,0.46,C,mm/day,NASA POWER (MERRA-2),"https://power.larc.nasa.gov/api/temporal/daily/point?parameters=T2M,PRECTOTCORR&community=RE&longitude=80.2707&latitude=13.0827&start=20210101&end=20241231&format=JSON",OBSERVED
2024-07-20,2024-07-20T00:00:00Z,13.0827,80.2707,29.03,0.36,C,mm/day,NASA POWER (MERRA-2),"https://power.larc.nasa.gov/api/temporal/daily/point?parameters=T2M,PRECTOTCORR&community=RE&longitude=80.2707&latitude=13.0827&start=20210101&end=20241231&format=JSON",OBSERVED
2024-07-21,2024-07-21T00:00:00Z,13.0827,80.2707,29.88,0.18,C,mm/day,NASA POWER (MERRA-2),"https://power.larc.nasa.gov/api/temporal/daily/point?parameters=T2M,PRECTOTCORR&community=RE&longitude=80.2707&latitude=13.0827&start=20210101&end=20241231&format=JSON",OBSERVED
2024-07-22,2024-07-22T00:00:00Z,13.0827,80.2707,29.76,0.02,C,mm/day,NASA POWER (MERRA-2),"https://power.larc.nasa.gov/api/temporal/daily/point?parameters=T2M,PRECTOTCORR&community=RE&longitude=80.2707&latitude=13.0827&start=20210101&end=20241231&format=JSON",OBSERVED
2024-07-23,2024-07-23T00:00:00Z,13.0827,80.2707,29.69,0.66,C,mm/day,NASA POWER (MERRA-2),"https://power.larc.nasa.gov/api/temporal/daily/point?parameters=T2M,PRECTOTCORR&community=RE&longitude=80.2707&latitude=13.0827&start=20210101&end=20241231&format=JSON",OBSERVED
2024-07-24,2024-07-24T00:00:00Z,13.0827,80.2707,29.28,0.27,C,mm/day,NASA POWER (MERRA-2),"https://power.larc.nasa.gov/api/temporal/daily/point?parameters=T2M,PRECTOTCORR&community=RE&longitude=80.2707&latitude=13.0827&start=20210101&end=20241231&format=JSON",OBSERVED
2024-07-25,2024-07-25T00:00:00Z,13.0827,80.2707,29.53,0.05,C,mm/day,NASA POWER (MERRA-2),"https://power.larc.nasa.gov/api/temporal/daily/point?parameters=T2M,PRECTOTCORR&community=RE&longitude=80.2707&latitude=13.0827&start=20210101&end=20241231&format=JSON",OBSERVED
2024-07-26,2024-07-26T00:00:00Z,13.0827,80.2707,29.73,0.47,C,mm/day,NASA POWER (MERRA-2),"https://power.larc.nasa.gov/api/temporal/daily/point?parameters=T2M,PRECTOTCORR&community=RE&longitude=80.2707&latitude=13.0827&start=20210101&end=20241231&format=JSON",OBSERVED
2024-07-27,2024-07-27T00:00:00Z,13.0827,80.2707,30.47,0.02,C,mm/day,NASA POWER (MERRA-2),"https://power.larc.nasa.gov/api/temporal/daily/point?parameters=T2M,PRECTOTCORR&community=RE&longitude=80.2707&latitude=13.0827&start=20210101&end=20241231&format=JSON",OBSERVED
2024-07-28,2024-07-28T00:00:00Z,13.0827,80.2707,30.16,0.01,C,mm/day,NASA POWER (MERRA-2),"https://power.larc.nasa.gov/api/temporal/daily/point?parameters=T2M,PRECTOTCORR&community=RE&longitude=80.2707&latitude=13.0827&start=20210101&end=20241231&format=JSON",OBSERVED
2024-07-29,2024-07-29T00:00:00Z,13.0827,80.2707,30.07,1.08,C,mm/day,NASA POWER (MERRA-2),"https://power.larc.nasa.gov/api/temporal/daily/point?parameters=T2M,PRECTOTCORR&community=RE&longitude=80.2707&latitude=13.0827&start=20210101&end=20241231&format=JSON",OBSERVED
2024-07-30,2024-07-30T00:00:00Z,13.0827,80.2707,29.47,3.44,C,mm/day,NASA POWER (MERRA-2),"https://power.larc.nasa.gov/api/temporal/daily/point?parameters=T2M,PRECTOTCORR&community=RE&longitude=80.2707&latitude=13.0827&start=20210101&end=20241231&format=JSON",OBSERVED
2024-07-31,2024-07-31T00:00:00Z,13.0827,80.2707,29.7,0.93,C,mm/day,NASA POWER (MERRA-2),"https://power.larc.nasa.gov/api/temporal/daily/point?parameters=T2M,PRECTOTCORR&community=RE&longitude=80.2707&latitude=13.0827&start=20210101&end=20241231&format=JSON",OBSERVED
2024-08-01,2024-08-01T00:00:00Z,13.0827,80.2707,30.32,1.33,C,mm/day,NASA POWER (MERRA-2),"https://power.larc.nasa.gov/api/temporal/daily/point?parameters=T2M,PRECTOTCORR&community=RE&longitude=80.2707&latitude=13.0827&start=20210101&end=20241231&format=JSON",OBSERVED
2024-08-02,2024-08-02T00:00:00Z,13.0827,80.2707,29.87,3.04,C,mm/day,NASA POWER (MERRA-2),"https://power.larc.nasa.gov/api/temporal/daily/point?parameters=T2M,PRECTOTCORR&community=RE&longitude=80.2707&latitude=13.0827&start=20210101&end=20241231&format=JSON",OBSERVED
2024-08-03,2024-08-03T00:00:00Z,13.0827,80.2707,29.53,4.58,C,mm/day,NASA POWER (MERRA-2),"https://power.larc.nasa.gov/api/temporal/daily/point?parameters=T2M,PRECTOTCORR&community=RE&longitude=80.2707&latitude=13.0827&start=20210101&end=20241231&format=JSON",OBSERVED
2024-08-04,2024-08-04T00:00:00Z,13.0827,80.2707,28.79,14.82,C,mm/day,NASA POWER (MERRA-2),"https://power.larc.nasa.gov/api/temporal/daily/point?parameters=T2M,PRECTOTCORR&community=RE&longitude=80.2707&latitude=13.0827&start=20210101&end=20241231&format=JSON",OBSERVED
2024-08-05,2024-08-05T00:00:00Z,13.0827,80.2707,28.59,15.59,C,mm/day,NASA POWER (MERRA-2),"https://power.larc.nasa.gov/api/temporal/daily/point?parameters=T2M,PRECTOTCORR&community=RE&longitude=80.2707&latitude=13.0827&start=20210101&end=20241231&format=JSON",OBSERVED
2024-08-06,2024-08-06T00:00:00Z,13.0827,80.2707,27.85,25.91,C,mm/day,NASA POWER (MERRA-2),"https://power.larc.nasa.gov/api/temporal/daily/point?parameters=T2M,PRECTOTCORR&community=RE&longitude=80.2707&latitude=13.0827&start=20210101&end=20241231&format=JSON",OBSERVED
2024-08-07,2024-08-07T00:00:00Z,13.0827,80.2707,27.62,9.33,C,mm/day,NASA POWER (MERRA-2),"https://power.larc.nasa.gov/api/temporal/daily/point?parameters=T2M,PRECTOTCORR&community=RE&longitude=80.2707&latitude=13.0827&start=20210101&end=20241231&format=JSON",OBSERVED
2024-08-08,2024-08-08T00:00:00Z,13.0827,80.2707,28.45,12.35,C,mm/day,NASA POWER (MERRA-2),"https://power.larc.nasa.gov/api/temporal/daily/point?parameters=T2M,PRECTOTCORR&community=RE&longitude=80.2707&latitude=13.0827&start=20210101&end=20241231&format=JSON",OBSERVED
2024-08-09,2024-08-09T00:00:00Z,13.0827,80.2707,28.82,10.74,C,mm/day,NASA POWER (MERRA-2),"https://power.larc.nasa.gov/api/temporal/daily/point?parameters=T2M,PRECTOTCORR&community=RE&longitude=80.2707&latitude=13.0827&start=20210101&end=20241231&format=JSON",OBSERVED
2024-08-10,2024-08-10T00:00:00Z,13.0827,80.2707,28.92,11.65,C,mm/day,NASA POWER (MERRA-2),"https://power.larc.nasa.gov/api/temporal/daily/point?parameters=T2M,PRECTOTCORR&community=RE&longitude=80.2707&latitude=13.0827&start=20210101&end=20241231&format=JSON",OBSERVED
2024-08-11,2024-08-11T00:00:00Z,13.0827,80.2707,29.06,19.28,C,mm/day,NASA POWER (MERRA-2),"https://power.larc.nasa.gov/api/temporal/daily/point?parameters=T2M,PRECTOTCORR&community=RE&longitude=80.2707&latitude=13.0827&start=20210101&end=20241231&format=JSON",OBSERVED
2024-08-12,2024-08-12T00:00:00Z,13.0827,80.2707,29.06,16.13,C,mm/day,NASA POWER (MERRA-2),"https://power.larc.nasa.gov/api/temporal/daily/point?parameters=T2M,PRECTOTCORR&community=RE&longitude=80.2707&latitude=13.0827&start=20210101&end=20241231&format=JSON",OBSERVED
2024-08-13,2024-08-13T00:00:00Z,13.0827,80.2707,29.07,0.35,C,mm/day,NASA POWER (MERRA-2),"https://power.larc.nasa.gov/api/temporal/daily/point?parameters=T2M,PRECTOTCORR&community=RE&longitude=80.2707&latitude=13.0827&start=20210101&end=20241231&format=JSON",OBSERVED
2024-08-14,2024-08-14T00:00:00Z,13.0827,80.2707,28.85,0.63,C,mm/day,NASA POWER (MERRA-2),"https://power.larc.nasa.gov/api/temporal/daily/point?parameters=T2M,PRECTOTCORR&community=RE&longitude=80.2707&latitude=13.0827&start=20210101&end=20241231&format=JSON",OBSERVED
2024-08-15,2024-08-15T00:00:00Z,13.0827,80.2707,28.86,0.6,C,mm/day,NASA POWER (MERRA-2),"https://power.larc.nasa.gov/api/temporal/daily/point?parameters=T2M,PRECTOTCORR&community=RE&longitude=80.2707&latitude=13.0827&start=20210101&end=20241231&format=JSON",OBSERVED
2024-08-16,2024-08-16T00:00:00Z,13.0827,80.2707,28.96,0.24,C,mm/day,NASA POWER (MERRA-2),"https://power.larc.nasa.gov/api/temporal/daily/point?parameters=T2M,PRECTOTCORR&community=RE&longitude=80.2707&latitude=13.0827&start=20210101&end=20241231&format=JSON",OBSERVED
2024-08-17,2024-08-17T00:00:00Z,13.0827,80.2707,28.64,0.94,C,mm/day,NASA POWER (MERRA-2),"https://power.larc.nasa.gov/api/temporal/daily/point?parameters=T2M,PRECTOTCORR&community=RE&longitude=80.2707&latitude=13.0827&start=20210101&end=20241231&format=JSON",OBSERVED
2024-08-18,2024-08-18T00:00:00Z,13.0827,80.2707,28.71,1.34,C,mm/day,NASA POWER (MERRA-2),"https://power.larc.nasa.gov/api/temporal/daily/point?parameters=T2M,PRECTOTCORR&community=RE&longitude=80.2707&latitude=13.0827&start=20210101&end=20241231&format=JSON",OBSERVED
2024-08-19,2024-08-19T00:00:00Z,13.0827,80.2707,28.92,0.21,C,mm/day,NASA POWER (MERRA-2),"https://power.larc.nasa.gov/api/temporal/daily/point?parameters=T2M,PRECTOTCORR&community=RE&longitude=80.2707&latitude=13.0827&start=20210101&end=20241231&format=JSON",OBSERVED
2024-08-20,2024-08-20T00:00:00Z,13.0827,80.2707,28.62,1.12,C,mm/day,NASA POWER (MERRA-2),"https://power.larc.nasa.gov/api/temporal/daily/point?parameters=T2M,PRECTOTCORR&community=RE&longitude=80.2707&latitude=13.0827&start=20210101&end=20241231&format=JSON",OBSERVED
2024-08-21,2024-08-21T00:00:00Z,13.0827,80.2707,28.59,0.49,C,mm/day,NASA POWER (MERRA-2),"https://power.larc.nasa.gov/api/temporal/daily/point?parameters=T2M,PRECTOTCORR&community=RE&longitude=80.2707&latitude=13.0827&start=20210101&end=20241231&format=JSON",OBSERVED
2024-08-22,2024-08-22T00:00:00Z,13.0827,80.2707,28.01,0.04,C,mm/day,NASA POWER (MERRA-2),"https://power.larc.nasa.gov/api/temporal/daily/point?parameters=T2M,PRECTOTCORR&community=RE&longitude=80.2707&latitude=13.0827&start=20210101&end=20241231&format=JSON",OBSERVED
2024-08-23,2024-08-23T00:00:00Z,13.0827,80.2707,28.69,0.03,C,mm/day,NASA POWER (MERRA-2),"https://power.larc.nasa.gov/api/temporal/daily/point?parameters=T2M,PRECTOTCORR&community=RE&longitude=80.2707&latitude=13.0827&start=20210101&end=20241231&format=JSON",OBSERVED
2024-08-24,2024-08-24T00:00:00Z,13.0827,80.2707,28.62,0.06,C,mm/day,NASA POWER (MERRA-2),"https://power.larc.nasa.gov/api/temporal/daily/point?parameters=T2M,PRECTOTCORR&community=RE&longitude=80.2707&latitude=13.0827&start=20210101&end=20241231&format=JSON",OBSERVED
2024-08-25,2024-08-25T00:00:00Z,13.0827,80.2707,28.7,0.05,C,mm/day,NASA POWER (MERRA-2),"https://power.larc.nasa.gov/api/temporal/daily/point?parameters=T2M,PRECTOTCORR&community=RE&longitude=80.2707&latitude=13.0827&start=20210101&end=20241231&format=JSON",OBSERVED
2024-08-26,2024-08-26T00:00:00Z,13.0827,80.2707,28.92,0.05,C,mm/day,NASA POWER (MERRA-2),"https://power.larc.nasa.gov/api/temporal/daily/point?parameters=T2M,PRECTOTCORR&community=RE&longitude=80.2707&latitude=13.0827&start=20210101&end=20241231&format=JSON",OBSERVED
2024-08-27,2024-08-27T00:00:00Z,13.0827,80.2707,28.65,2.37,C,mm/day,NASA POWER (MERRA-2),"https://power.larc.nasa.gov/api/temporal/daily/point?parameters=T2M,PRECTOTCORR&community=RE&longitude=80.2707&latitude=13.0827&start=20210101&end=20241231&format=JSON",OBSERVED
2024-08-28,2024-08-28T00:00:00Z,13.0827,80.2707,28.09,1.33,C,mm/day,NASA POWER (MERRA-2),"https://power.larc.nasa.gov/api/temporal/daily/point?parameters=T2M,PRECTOTCORR&community=RE&longitude=80.2707&latitude=13.0827&start=20210101&end=20241231&format=JSON",OBSERVED
2024-08-29,2024-08-29T00:00:00Z,13.0827,80.2707,28.07,1.95,C,mm/day,NASA POWER (MERRA-2),"https://power.larc.nasa.gov/api/temporal/daily/point?parameters=T2M,PRECTOTCORR&community=RE&longitude=80.2707&latitude=13.0827&start=20210101&end=20241231&format=JSON",OBSERVED
2024-08-30,2024-08-30T00:00:00Z,13.0827,80.2707,27.91,12.54,C,mm/day,NASA POWER (MERRA-2),"https://power.larc.nasa.gov/api/temporal/daily/point?parameters=T2M,PRECTOTCORR&community=RE&longitude=80.2707&latitude=13.0827&start=20210101&end=20241231&format=JSON",OBSERVED
2024-08-31,2024-08-31T00:00:00Z,13.0827,80.2707,27.7,4.11,C,mm/day,NASA POWER (MERRA-2),"https://power.larc.nasa.gov/api/temporal/daily/point?parameters=T2M,PRECTOTCORR&community=RE&longitude=80.2707&latitude=13.0827&start=20210101&end=20241231&format=JSON",OBSERVED
2024-09-01,2024-09-01T00:00:00Z,13.0827,80.2707,28.48,0.87,C,mm/day,NASA POWER (MERRA-2),"https://power.larc.nasa.gov/api/temporal/daily/point?parameters=T2M,PRECTOTCORR&community=RE&longitude=80.2707&latitude=13.0827&start=20210101&end=20241231&format=JSON",OBSERVED
2024-09-02,2024-09-02T00:00:00Z,13.0827,80.2707,28.42,8.19,C,mm/day,NASA POWER (MERRA-2),"https://power.larc.nasa.gov/api/temporal/daily/point?parameters=T2M,PRECTOTCORR&community=RE&longitude=80.2707&latitude=13.0827&start=20210101&end=20241231&format=JSON",OBSERVED
2024-09-03,2024-09-03T00:00:00Z,13.0827,80.2707,28.64,5.58,C,mm/day,NASA POWER (MERRA-2),"https://power.larc.nasa.gov/api/temporal/daily/point?parameters=T2M,PRECTOTCORR&community=RE&longitude=80.2707&latitude=13.0827&start=20210101&end=20241231&format=JSON",OBSERVED
2024-09-04,2024-09-04T00:00:00Z,13.0827,80.2707,28.76,1.23,C,mm/day,NASA POWER (MERRA-2),"https://power.larc.nasa.gov/api/temporal/daily/point?parameters=T2M,PRECTOTCORR&community=RE&longitude=80.2707&latitude=13.0827&start=20210101&end=20241231&format=JSON",OBSERVED
2024-09-05,2024-09-05T00:00:00Z,13.0827,80.2707,28.51,3.24,C,mm/day,NASA POWER (MERRA-2),"https://power.larc.nasa.gov/api/temporal/daily/point?parameters=T2M,PRECTOTCORR&community=RE&longitude=80.2707&latitude=13.0827&start=20210101&end=20241231&format=JSON",OBSERVED
2024-09-06,2024-09-06T00:00:00Z,13.0827,80.2707,28.21,3.45,C,mm/day,NASA POWER (MERRA-2),"https://power.larc.nasa.gov/api/temporal/daily/point?parameters=T2M,PRECTOTCORR&community=RE&longitude=80.2707&latitude=13.0827&start=20210101&end=20241231&format=JSON",OBSERVED
2024-09-07,2024-09-07T00:00:00Z,13.0827,80.2707,28.29,0.82,C,mm/day,NASA POWER (MERRA-2),"https://power.larc.nasa.gov/api/temporal/daily/point?parameters=T2M,PRECTOTCORR&community=RE&longitude=80.2707&latitude=13.0827&start=20210101&end=20241231&format=JSON",OBSERVED
2024-09-08,2024-09-08T00:00:00Z,13.0827,80.2707,28.71,0.16,C,mm/day,NASA POWER (MERRA-2),"https://power.larc.nasa.gov/api/temporal/daily/point?parameters=T2M,PRECTOTCORR&community=RE&longitude=80.2707&latitude=13.0827&start=20210101&end=20241231&format=JSON",OBSERVED
2024-09-09,2024-09-09T00:00:00Z,13.0827,80.2707,28.52,0.95,C,mm/day,NASA POWER (MERRA-2),"https://power.larc.nasa.gov/api/temporal/daily/point?parameters=T2M,PRECTOTCORR&community=RE&longitude=80.2707&latitude=13.0827&start=20210101&end=20241231&format=JSON",OBSERVED
2024-09-10,2024-09-10T00:00:00Z,13.0827,80.2707,28.91,0.04,C,mm/day,NASA POWER (MERRA-2),"https://power.larc.nasa.gov/api/temporal/daily/point?parameters=T2M,PRECTOTCORR&community=RE&longitude=80.2707&latitude=13.0827&start=20210101&end=20241231&format=JSON",OBSERVED
2024-09-11,2024-09-11T00:00:00Z,13.0827,80.2707,28.77,0.04,C,mm/day,NASA POWER (MERRA-2),"https://power.larc.nasa.gov/api/temporal/daily/point?parameters=T2M,PRECTOTCORR&community=RE&longitude=80.2707&latitude=13.0827&start=20210101&end=20241231&format=JSON",OBSERVED
2024-09-12,2024-09-12T00:00:00Z,13.0827,80.2707,29.1,0.01,C,mm/day,NASA POWER (MERRA-2),"https://power.larc.nasa.gov/api/temporal/daily/point?parameters=T2M,PRECTOTCORR&community=RE&longitude=80.2707&latitude=13.0827&start=20210101&end=20241231&format=JSON",OBSERVED
2024-09-13,2024-09-13T00:00:00Z,13.0827,80.2707,29.73,0.01,C,mm/day,NASA POWER (MERRA-2),"https://power.larc.nasa.gov/api/temporal/daily/point?parameters=T2M,PRECTOTCORR&community=RE&longitude=80.2707&latitude=13.0827&start=20210101&end=20241231&format=JSON",OBSERVED
2024-09-14,2024-09-14T00:00:00Z,13.0827,80.2707,29.85,0.02,C,mm/day,NASA POWER (MERRA-2),"https://power.larc.nasa.gov/api/temporal/daily/point?parameters=T2M,PRECTOTCORR&community=RE&longitude=80.2707&latitude=13.0827&start=20210101&end=20241231&format=JSON",OBSERVED
2024-09-15,2024-09-15T00:00:00Z,13.0827,80.2707,29.8,0.01,C,mm/day,NASA POWER (MERRA-2),"https://power.larc.nasa.gov/api/temporal/daily/point?parameters=T2M,PRECTOTCORR&community=RE&longitude=80.2707&latitude=13.0827&start=20210101&end=20241231&format=JSON",OBSERVED
2024-09-16,2024-09-16T00:00:00Z,13.0827,80.2707,29.93,0.01,C,mm/day,NASA POWER (MERRA-2),"https://power.larc.nasa.gov/api/temporal/daily/point?parameters=T2M,PRECTOTCORR&community=RE&longitude=80.2707&latitude=13.0827&start=20210101&end=20241231&format=JSON",OBSERVED
2024-09-17,2024-09-17T00:00:00Z,13.0827,80.2707,30.24,0.14,C,mm/day,NASA POWER (MERRA-2),"https://power.larc.nasa.gov/api/temporal/daily/point?parameters=T2M,PRECTOTCORR&community=RE&longitude=80.2707&latitude=13.0827&start=20210101&end=20241231&format=JSON",OBSERVED
2024-09-18,2024-09-18T00:00:00Z,13.0827,80.2707,29.75,4.48,C,mm/day,NASA POWER (MERRA-2),"https://power.larc.nasa.gov/api/temporal/daily/point?parameters=T2M,PRECTOTCORR&community=RE&longitude=80.2707&latitude=13.0827&start=20210101&end=20241231&format=JSON",OBSERVED
2024-09-19,2024-09-19T00:00:00Z,13.0827,80.2707,29.73,0.56,C,mm/day,NASA POWER (MERRA-2),"https://power.larc.nasa.gov/api/temporal/daily/point?parameters=T2M,PRECTOTCORR&community=RE&longitude=80.2707&latitude=13.0827&start=20210101&end=20241231&format=JSON",OBSERVED
2024-09-20,2024-09-20T00:00:00Z,13.0827,80.2707,29.08,1.55,C,mm/day,NASA POWER (MERRA-2),"https://power.larc.nasa.gov/api/temporal/daily/point?parameters=T2M,PRECTOTCORR&community=RE&longitude=80.2707&latitude=13.0827&start=20210101&end=20241231&format=JSON",OBSERVED
2024-09-21,2024-09-21T00:00:00Z,13.0827,80.2707,29.75,5.32,C,mm/day,NASA POWER (MERRA-2),"https://power.larc.nasa.gov/api/temporal/daily/point?parameters=T2M,PRECTOTCORR&community=RE&longitude=80.2707&latitude=13.0827&start=20210101&end=20241231&format=JSON",OBSERVED
2024-09-22,2024-09-22T00:00:00Z,13.0827,80.2707,30.01,2.59,C,mm/day,NASA POWER (MERRA-2),"https://power.larc.nasa.gov/api/temporal/daily/point?parameters=T2M,PRECTOTCORR&community=RE&longitude=80.2707&latitude=13.0827&start=20210101&end=20241231&format=JSON",OBSERVED
2024-09-23,2024-09-23T00:00:00Z,13.0827,80.2707,29.2,6.34,C,mm/day,NASA POWER (MERRA-2),"https://power.larc.nasa.gov/api/temporal/daily/point?parameters=T2M,PRECTOTCORR&community=RE&longitude=80.2707&latitude=13.0827&start=20210101&end=20241231&format=JSON",OBSERVED
2024-09-24,2024-09-24T00:00:00Z,13.0827,80.2707,28.53,19.09,C,mm/day,NASA POWER (MERRA-2),"https://power.larc.nasa.gov/api/temporal/daily/point?parameters=T2M,PRECTOTCORR&community=RE&longitude=80.2707&latitude=13.0827&start=20210101&end=20241231&format=JSON",OBSERVED
2024-09-25,2024-09-25T00:00:00Z,13.0827,80.2707,28.14,23.58,C,mm/day,NASA POWER (MERRA-2),"https://power.larc.nasa.gov/api/temporal/daily/point?parameters=T2M,PRECTOTCORR&community=RE&longitude=80.2707&latitude=13.0827&start=20210101&end=20241231&format=JSON",OBSERVED
2024-09-26,2024-09-26T00:00:00Z,13.0827,80.2707,28.53,4.18,C,mm/day,NASA POWER (MERRA-2),"https://power.larc.nasa.gov/api/temporal/daily/point?parameters=T2M,PRECTOTCORR&community=RE&longitude=80.2707&latitude=13.0827&start=20210101&end=20241231&format=JSON",OBSERVED
2024-09-27,2024-09-27T00:00:00Z,13.0827,80.2707,28.28,2.41,C,mm/day,NASA POWER (MERRA-2),"https://power.larc.nasa.gov/api/temporal/daily/point?parameters=T2M,PRECTOTCORR&community=RE&longitude=80.2707&latitude=13.0827&start=20210101&end=20241231&format=JSON",OBSERVED
2024-09-28,2024-09-28T00:00:00Z,13.0827,80.2707,27.94,3.84,C,mm/day,NASA POWER (MERRA-2),"https://power.larc.nasa.gov/api/temporal/daily/point?parameters=T2M,PRECTOTCORR&community=RE&longitude=80.2707&latitude=13.0827&start=20210101&end=20241231&format=JSON",OBSERVED
2024-09-29,2024-09-29T00:00:00Z,13.0827,80.2707,27.97,0.39,C,mm/day,NASA POWER (MERRA-2),"https://power.larc.nasa.gov/api/temporal/daily/point?parameters=T2M,PRECTOTCORR&community=RE&longitude=80.2707&latitude=13.0827&start=20210101&end=20241231&format=JSON",OBSERVED
2024-09-30,2024-09-30T00:00:00Z,13.0827,80.2707,28.39,0.21,C,mm/day,NASA POWER (MERRA-2),"https://power.larc.nasa.gov/api/temporal/daily/point?parameters=T2M,PRECTOTCORR&community=RE&longitude=80.2707&latitude=13.0827&start=20210101&end=20241231&format=JSON",OBSERVED
2024-10-01,2024-10-01T00:00:00Z,13.0827,80.2707,28.73,0.1,C,mm/day,NASA POWER (MERRA-2),"https://power.larc.nasa.gov/api/temporal/daily/point?parameters=T2M,PRECTOTCORR&community=RE&longitude=80.2707&latitude=13.0827&start=20210101&end=20241231&format=JSON",OBSERVED
2024-10-02,2024-10-02T00:00:00Z,13.0827,80.2707,29.5,1.93,C,mm/day,NASA POWER (MERRA-2),"https://power.larc.nasa.gov/api/temporal/daily/point?parameters=T2M,PRECTOTCORR&community=RE&longitude=80.2707&latitude=13.0827&start=20210101&end=20241231&format=JSON",OBSERVED
2024-10-03,2024-10-03T00:00:00Z,13.0827,80.2707,29.42,7.28,C,mm/day,NASA POWER (MERRA-2),"https://power.larc.nasa.gov/api/temporal/daily/point?parameters=T2M,PRECTOTCORR&community=RE&longitude=80.2707&latitude=13.0827&start=20210101&end=20241231&format=JSON",OBSERVED
2024-10-04,2024-10-04T00:00:00Z,13.0827,80.2707,28.44,4.02,C,mm/day,NASA POWER (MERRA-2),"https://power.larc.nasa.gov/api/temporal/daily/point?parameters=T2M,PRECTOTCORR&community=RE&longitude=80.2707&latitude=13.0827&start=20210101&end=20241231&format=JSON",OBSERVED
2024-10-05,2024-10-05T00:00:00Z,13.0827,80.2707,28.44,4.03,C,mm/day,NASA POWER (MERRA-2),"https://power.larc.nasa.gov/api/temporal/daily/point?parameters=T2M,PRECTOTCORR&community=RE&longitude=80.2707&latitude=13.0827&start=20210101&end=20241231&format=JSON",OBSERVED
2024-10-06,2024-10-06T00:00:00Z,13.0827,80.2707,28.09,1.16,C,mm/day,NASA POWER (MERRA-2),"https://power.larc.nasa.gov/api/temporal/daily/point?parameters=T2M,PRECTOTCORR&community=RE&longitude=80.2707&latitude=13.0827&start=20210101&end=20241231&format=JSON",OBSERVED
2024-10-07,2024-10-07T00:00:00Z,13.0827,80.2707,27.83,2.79,C,mm/day,NASA POWER (MERRA-2),"https://power.larc.nasa.gov/api/temporal/daily/point?parameters=T2M,PRECTOTCORR&community=RE&longitude=80.2707&latitude=13.0827&start=20210101&end=20241231&format=JSON",OBSERVED
2024-10-08,2024-10-08T00:00:00Z,13.0827,80.2707,27.76,5.44,C,mm/day,NASA POWER (MERRA-2),"https://power.larc.nasa.gov/api/temporal/daily/point?parameters=T2M,PRECTOTCORR&community=RE&longitude=80.2707&latitude=13.0827&start=20210101&end=20241231&format=JSON",OBSERVED
2024-10-09,2024-10-09T00:00:00Z,13.0827,80.2707,27.84,7.55,C,mm/day,NASA POWER (MERRA-2),"https://power.larc.nasa.gov/api/temporal/daily/point?parameters=T2M,PRECTOTCORR&community=RE&longitude=80.2707&latitude=13.0827&start=20210101&end=20241231&format=JSON",OBSERVED
2024-10-10,2024-10-10T00:00:00Z,13.0827,80.2707,27.75,7.17,C,mm/day,NASA POWER (MERRA-2),"https://power.larc.nasa.gov/api/temporal/daily/point?parameters=T2M,PRECTOTCORR&community=RE&longitude=80.2707&latitude=13.0827&start=20210101&end=20241231&format=JSON",OBSERVED
2024-10-11,2024-10-11T00:00:00Z,13.0827,80.2707,27.86,8.53,C,mm/day,NASA POWER (MERRA-2),"https://power.larc.nasa.gov/api/temporal/daily/point?parameters=T2M,PRECTOTCORR&community=RE&longitude=80.2707&latitude=13.0827&start=20210101&end=20241231&format=JSON",OBSERVED
2024-10-12,2024-10-12T00:00:00Z,13.0827,80.2707,27.59,6.25,C,mm/day,NASA POWER (MERRA-2),"https://power.larc.nasa.gov/api/temporal/daily/point?parameters=T2M,PRECTOTCORR&community=RE&longitude=80.2707&latitude=13.0827&start=20210101&end=20241231&format=JSON",OBSERVED
2024-10-13,2024-10-13T00:00:00Z,13.0827,80.2707,27.87,5.78,C,mm/day,NASA POWER (MERRA-2),"https://power.larc.nasa.gov/api/temporal/daily/point?parameters=T2M,PRECTOTCORR&community=RE&longitude=80.2707&latitude=13.0827&start=20210101&end=20241231&format=JSON",OBSERVED
2024-10-14,2024-10-14T00:00:00Z,13.0827,80.2707,27.1,43.95,C,mm/day,NASA POWER (MERRA-2),"https://power.larc.nasa.gov/api/temporal/daily/point?parameters=T2M,PRECTOTCORR&community=RE&longitude=80.2707&latitude=13.0827&start=20210101&end=20241231&format=JSON",OBSERVED
2024-10-15,2024-10-15T00:00:00Z,13.0827,80.2707,26.88,69.18,C,mm/day,NASA POWER (MERRA-2),"https://power.larc.nasa.gov/api/temporal/daily/point?parameters=T2M,PRECTOTCORR&community=RE&longitude=80.2707&latitude=13.0827&start=20210101&end=20241231&format=JSON",OBSERVED
2024-10-16,2024-10-16T00:00:00Z,13.0827,80.2707,27.02,42.95,C,mm/day,NASA POWER (MERRA-2),"https://power.larc.nasa.gov/api/temporal/daily/point?parameters=T2M,PRECTOTCORR&community=RE&longitude=80.2707&latitude=13.0827&start=20210101&end=20241231&format=JSON",OBSERVED
2024-10-17,2024-10-17T00:00:00Z,13.0827,80.2707,27.72,6.4,C,mm/day,NASA POWER (MERRA-2),"https://power.larc.nasa.gov/api/temporal/daily/point?parameters=T2M,PRECTOTCORR&community=RE&longitude=80.2707&latitude=13.0827&start=20210101&end=20241231&format=JSON",OBSERVED
2024-10-18,2024-10-18T00:00:00Z,13.0827,80.2707,28.16,11.4,C,mm/day,NASA POWER (MERRA-2),"https://power.larc.nasa.gov/api/temporal/daily/point?parameters=T2M,PRECTOTCORR&community=RE&longitude=80.2707&latitude=13.0827&start=20210101&end=20241231&format=JSON",OBSERVED
2024-10-19,2024-10-19T00:00:00Z,13.0827,80.2707,27.44,15.22,C,mm/day,NASA POWER (MERRA-2),"https://power.larc.nasa.gov/api/temporal/daily/point?parameters=T2M,PRECTOTCORR&community=RE&longitude=80.2707&latitude=13.0827&start=20210101&end=20241231&format=JSON",OBSERVED
2024-10-20,2024-10-20T00:00:00Z,13.0827,80.2707,27.53,4.84,C,mm/day,NASA POWER (MERRA-2),"https://power.larc.nasa.gov/api/temporal/daily/point?parameters=T2M,PRECTOTCORR&community=RE&longitude=80.2707&latitude=13.0827&start=20210101&end=20241231&format=JSON",OBSERVED
2024-10-21,2024-10-21T00:00:00Z,13.0827,80.2707,28.06,2.64,C,mm/day,NASA POWER (MERRA-2),"https://power.larc.nasa.gov/api/temporal/daily/point?parameters=T2M,PRECTOTCORR&community=RE&longitude=80.2707&latitude=13.0827&start=20210101&end=20241231&format=JSON",OBSERVED
2024-10-22,2024-10-22T00:00:00Z,13.0827,80.2707,28.03,1.8,C,mm/day,NASA POWER (MERRA-2),"https://power.larc.nasa.gov/api/temporal/daily/point?parameters=T2M,PRECTOTCORR&community=RE&longitude=80.2707&latitude=13.0827&start=20210101&end=20241231&format=JSON",OBSERVED
2024-10-23,2024-10-23T00:00:00Z,13.0827,80.2707,28.3,1.17,C,mm/day,NASA POWER (MERRA-2),"https://power.larc.nasa.gov/api/temporal/daily/point?parameters=T2M,PRECTOTCORR&community=RE&longitude=80.2707&latitude=13.0827&start=20210101&end=20241231&format=JSON",OBSERVED
2024-10-24,2024-10-24T00:00:00Z,13.0827,80.2707,28.32,0.63,C,mm/day,NASA POWER (MERRA-2),"https://power.larc.nasa.gov/api/temporal/daily/point?parameters=T2M,PRECTOTCORR&community=RE&longitude=80.2707&latitude=13.0827&start=20210101&end=20241231&format=JSON",OBSERVED
2024-10-25,2024-10-25T00:00:00Z,13.0827,80.2707,28.77,0.45,C,mm/day,NASA POWER (MERRA-2),"https://power.larc.nasa.gov/api/temporal/daily/point?parameters=T2M,PRECTOTCORR&community=RE&longitude=80.2707&latitude=13.0827&start=20210101&end=20241231&format=JSON",OBSERVED
2024-10-26,2024-10-26T00:00:00Z,13.0827,80.2707,28.25,0.0,C,mm/day,NASA POWER (MERRA-2),"https://power.larc.nasa.gov/api/temporal/daily/point?parameters=T2M,PRECTOTCORR&community=RE&longitude=80.2707&latitude=13.0827&start=20210101&end=20241231&format=JSON",OBSERVED
2024-10-27,2024-10-27T00:00:00Z,13.0827,80.2707,28.56,0.05,C,mm/day,NASA POWER (MERRA-2),"https://power.larc.nasa.gov/api/temporal/daily/point?parameters=T2M,PRECTOTCORR&community=RE&longitude=80.2707&latitude=13.0827&start=20210101&end=20241231&format=JSON",OBSERVED
2024-10-28,2024-10-28T00:00:00Z,13.0827,80.2707,29.05,0.21,C,mm/day,NASA POWER (MERRA-2),"https://power.larc.nasa.gov/api/temporal/daily/point?parameters=T2M,PRECTOTCORR&community=RE&longitude=80.2707&latitude=13.0827&start=20210101&end=20241231&format=JSON",OBSERVED
2024-10-29,2024-10-29T00:00:00Z,13.0827,80.2707,28.46,2.6,C,mm/day,NASA POWER (MERRA-2),"https://power.larc.nasa.gov/api/temporal/daily/point?parameters=T2M,PRECTOTCORR&community=RE&longitude=80.2707&latitude=13.0827&start=20210101&end=20241231&format=JSON",OBSERVED
2024-10-30,2024-10-30T00:00:00Z,13.0827,80.2707,27.49,16.49,C,mm/day,NASA POWER (MERRA-2),"https://power.larc.nasa.gov/api/temporal/daily/point?parameters=T2M,PRECTOTCORR&community=RE&longitude=80.2707&latitude=13.0827&start=20210101&end=20241231&format=JSON",OBSERVED
2024-10-31,2024-10-31T00:00:00Z,13.0827,80.2707,27.54,8.62,C,mm/day,NASA POWER (MERRA-2),"https://power.larc.nasa.gov/api/temporal/daily/point?parameters=T2M,PRECTOTCORR&community=RE&longitude=80.2707&latitude=13.0827&start=20210101&end=20241231&format=JSON",OBSERVED
2024-11-01,2024-11-01T00:00:00Z,13.0827,80.2707,27.25,4.86,C,mm/day,NASA POWER (MERRA-2),"https://power.larc.nasa.gov/api/temporal/daily/point?parameters=T2M,PRECTOTCORR&community=RE&longitude=80.2707&latitude=13.0827&start=20210101&end=20241231&format=JSON",OBSERVED
2024-11-02,2024-11-02T00:00:00Z,13.0827,80.2707,27.24,6.99,C,mm/day,NASA POWER (MERRA-2),"https://power.larc.nasa.gov/api/temporal/daily/point?parameters=T2M,PRECTOTCORR&community=RE&longitude=80.2707&latitude=13.0827&start=20210101&end=20241231&format=JSON",OBSERVED
2024-11-03,2024-11-03T00:00:00Z,13.0827,80.2707,26.85,4.73,C,mm/day,NASA POWER (MERRA-2),"https://power.larc.nasa.gov/api/temporal/daily/point?parameters=T2M,PRECTOTCORR&community=RE&longitude=80.2707&latitude=13.0827&start=20210101&end=20241231&format=JSON",OBSERVED
2024-11-04,2024-11-04T00:00:00Z,13.0827,80.2707,27.39,0.1,C,mm/day,NASA POWER (MERRA-2),"https://power.larc.nasa.gov/api/temporal/daily/point?parameters=T2M,PRECTOTCORR&community=RE&longitude=80.2707&latitude=13.0827&start=20210101&end=20241231&format=JSON",OBSERVED
2024-11-05,2024-11-05T00:00:00Z,13.0827,80.2707,27.14,0.34,C,mm/day,NASA POWER (MERRA-2),"https://power.larc.nasa.gov/api/temporal/daily/point?parameters=T2M,PRECTOTCORR&community=RE&longitude=80.2707&latitude=13.0827&start=20210101&end=20241231&format=JSON",OBSERVED
2024-11-06,2024-11-06T00:00:00Z,13.0827,80.2707,26.88,9.46,C,mm/day,NASA POWER (MERRA-2),"https://power.larc.nasa.gov/api/temporal/daily/point?parameters=T2M,PRECTOTCORR&community=RE&longitude=80.2707&latitude=13.0827&start=20210101&end=20241231&format=JSON",OBSERVED
2024-11-07,2024-11-07T00:00:00Z,13.0827,80.2707,27.46,12.07,C,mm/day,NASA POWER (MERRA-2),"https://power.larc.nasa.gov/api/temporal/daily/point?parameters=T2M,PRECTOTCORR&community=RE&longitude=80.2707&latitude=13.0827&start=20210101&end=20241231&format=JSON",OBSERVED
2024-11-08,2024-11-08T00:00:00Z,13.0827,80.2707,27.45,1.3,C,mm/day,NASA POWER (MERRA-2),"https://power.larc.nasa.gov/api/temporal/daily/point?parameters=T2M,PRECTOTCORR&community=RE&longitude=80.2707&latitude=13.0827&start=20210101&end=20241231&format=JSON",OBSERVED
2024-11-09,2024-11-09T00:00:00Z,13.0827,80.2707,27.15,0.71,C,mm/day,NASA POWER (MERRA-2),"https://power.larc.nasa.gov/api/temporal/daily/point?parameters=T2M,PRECTOTCORR&community=RE&longitude=80.2707&latitude=13.0827&start=20210101&end=20241231&format=JSON",OBSERVED
2024-11-10,2024-11-10T00:00:00Z,13.0827,80.2707,26.97,0.21,C,mm/day,NASA POWER (MERRA-2),"https://power.larc.nasa.gov/api/temporal/daily/point?parameters=T2M,PRECTOTCORR&community=RE&longitude=80.2707&latitude=13.0827&start=20210101&end=20241231&format=JSON",OBSERVED
2024-11-11,2024-11-11T00:00:00Z,13.0827,80.2707,26.71,4.45,C,mm/day,NASA POWER (MERRA-2),"https://power.larc.nasa.gov/api/temporal/daily/point?parameters=T2M,PRECTOTCORR&community=RE&longitude=80.2707&latitude=13.0827&start=20210101&end=20241231&format=JSON",OBSERVED
2024-11-12,2024-11-12T00:00:00Z,13.0827,80.2707,26.0,32.81,C,mm/day,NASA POWER (MERRA-2),"https://power.larc.nasa.gov/api/temporal/daily/point?parameters=T2M,PRECTOTCORR&community=RE&longitude=80.2707&latitude=13.0827&start=20210101&end=20241231&format=JSON",OBSERVED
2024-11-13,2024-11-13T00:00:00Z,13.0827,80.2707,26.86,21.94,C,mm/day,NASA POWER (MERRA-2),"https://power.larc.nasa.gov/api/temporal/daily/point?parameters=T2M,PRECTOTCORR&community=RE&longitude=80.2707&latitude=13.0827&start=20210101&end=20241231&format=JSON",OBSERVED
2024-11-14,2024-11-14T00:00:00Z,13.0827,80.2707,27.15,19.89,C,mm/day,NASA POWER (MERRA-2),"https://power.larc.nasa.gov/api/temporal/daily/point?parameters=T2M,PRECTOTCORR&community=RE&longitude=80.2707&latitude=13.0827&start=20210101&end=20241231&format=JSON",OBSERVED
2024-11-15,2024-11-15T00:00:00Z,13.0827,80.2707,26.95,14.61,C,mm/day,NASA POWER (MERRA-2),"https://power.larc.nasa.gov/api/temporal/daily/point?parameters=T2M,PRECTOTCORR&community=RE&longitude=80.2707&latitude=13.0827&start=20210101&end=20241231&format=JSON",OBSERVED
2024-11-16,2024-11-16T00:00:00Z,13.0827,80.2707,26.97,22.68,C,mm/day,NASA POWER (MERRA-2),"https://power.larc.nasa.gov/api/temporal/daily/point?parameters=T2M,PRECTOTCORR&community=RE&longitude=80.2707&latitude=13.0827&start=20210101&end=20241231&format=JSON",OBSERVED
2024-11-17,2024-11-17T00:00:00Z,13.0827,80.2707,26.65,2.12,C,mm/day,NASA POWER (MERRA-2),"https://power.larc.nasa.gov/api/temporal/daily/point?parameters=T2M,PRECTOTCORR&community=RE&longitude=80.2707&latitude=13.0827&start=20210101&end=20241231&format=JSON",OBSERVED
2024-11-18,2024-11-18T00:00:00Z,13.0827,80.2707,26.46,0.03,C,mm/day,NASA POWER (MERRA-2),"https://power.larc.nasa.gov/api/temporal/daily/point?parameters=T2M,PRECTOTCORR&community=RE&longitude=80.2707&latitude=13.0827&start=20210101&end=20241231&format=JSON",OBSERVED
2024-11-19,2024-11-19T00:00:00Z,13.0827,80.2707,25.89,0.02,C,mm/day,NASA POWER (MERRA-2),"https://power.larc.nasa.gov/api/temporal/daily/point?parameters=T2M,PRECTOTCORR&community=RE&longitude=80.2707&latitude=13.0827&start=20210101&end=20241231&format=JSON",OBSERVED
2024-11-20,2024-11-20T00:00:00Z,13.0827,80.2707,25.33,0.01,C,mm/day,NASA POWER (MERRA-2),"https://power.larc.nasa.gov/api/temporal/daily/point?parameters=T2M,PRECTOTCORR&community=RE&longitude=80.2707&latitude=13.0827&start=20210101&end=20241231&format=JSON",OBSERVED
2024-11-21,2024-11-21T00:00:00Z,13.0827,80.2707,25.17,0.01,C,mm/day,NASA POWER (MERRA-2),"https://power.larc.nasa.gov/api/temporal/daily/point?parameters=T2M,PRECTOTCORR&community=RE&longitude=80.2707&latitude=13.0827&start=20210101&end=20241231&format=JSON",OBSERVED
2024-11-22,2024-11-22T00:00:00Z,13.0827,80.2707,24.83,0.07,C,mm/day,NASA POWER (MERRA-2),"https://power.larc.nasa.gov/api/temporal/daily/point?parameters=T2M,PRECTOTCORR&community=RE&longitude=80.2707&latitude=13.0827&start=20210101&end=20241231&format=JSON",OBSERVED
2024-11-23,2024-11-23T00:00:00Z,13.0827,80.2707,25.76,1.37,C,mm/day,NASA POWER (MERRA-2),"https://power.larc.nasa.gov/api/temporal/daily/point?parameters=T2M,PRECTOTCORR&community=RE&longitude=80.2707&latitude=13.0827&start=20210101&end=20241231&format=JSON",OBSERVED
2024-11-24,2024-11-24T00:00:00Z,13.0827,80.2707,25.78,0.5,C,mm/day,NASA POWER (MERRA-2),"https://power.larc.nasa.gov/api/temporal/daily/point?parameters=T2M,PRECTOTCORR&community=RE&longitude=80.2707&latitude=13.0827&start=20210101&end=20241231&format=JSON",OBSERVED
2024-11-25,2024-11-25T00:00:00Z,13.0827,80.2707,25.47,2.11,C,mm/day,NASA POWER (MERRA-2),"https://power.larc.nasa.gov/api/temporal/daily/point?parameters=T2M,PRECTOTCORR&community=RE&longitude=80.2707&latitude=13.0827&start=20210101&end=20241231&format=JSON",OBSERVED
2024-11-26,2024-11-26T00:00:00Z,13.0827,80.2707,26.02,41.96,C,mm/day,NASA POWER (MERRA-2),"https://power.larc.nasa.gov/api/temporal/daily/point?parameters=T2M,PRECTOTCORR&community=RE&longitude=80.2707&latitude=13.0827&start=20210101&end=20241231&format=JSON",OBSERVED
2024-11-27,2024-11-27T00:00:00Z,13.0827,80.2707,25.47,2.84,C,mm/day,NASA POWER (MERRA-2),"https://power.larc.nasa.gov/api/temporal/daily/point?parameters=T2M,PRECTOTCORR&community=RE&longitude=80.2707&latitude=13.0827&start=20210101&end=20241231&format=JSON",OBSERVED
2024-11-28,2024-11-28T00:00:00Z,13.0827,80.2707,24.85,33.16,C,mm/day,NASA POWER (MERRA-2),"https://power.larc.nasa.gov/api/temporal/daily/point?parameters=T2M,PRECTOTCORR&community=RE&longitude=80.2707&latitude=13.0827&start=20210101&end=20241231&format=JSON",OBSERVED
2024-11-29,2024-11-29T00:00:00Z,13.0827,80.2707,26.41,13.71,C,mm/day,NASA POWER (MERRA-2),"https://power.larc.nasa.gov/api/temporal/daily/point?parameters=T2M,PRECTOTCORR&community=RE&longitude=80.2707&latitude=13.0827&start=20210101&end=20241231&format=JSON",OBSERVED
2024-11-30,2024-11-30T00:00:00Z,13.0827,80.2707,26.57,128.29,C,mm/day,NASA POWER (MERRA-2),"https://power.larc.nasa.gov/api/temporal/daily/point?parameters=T2M,PRECTOTCORR&community=RE&longitude=80.2707&latitude=13.0827&start=20210101&end=20241231&format=JSON",OBSERVED
2024-12-01,2024-12-01T00:00:00Z,13.0827,80.2707,26.63,26.52,C,mm/day,NASA POWER (MERRA-2),"https://power.larc.nasa.gov/api/temporal/daily/point?parameters=T2M,PRECTOTCORR&community=RE&longitude=80.2707&latitude=13.0827&start=20210101&end=20241231&format=JSON",OBSERVED
2024-12-02,2024-12-02T00:00:00Z,13.0827,80.2707,26.87,15.65,C,mm/day,NASA POWER (MERRA-2),"https://power.larc.nasa.gov/api/temporal/daily/point?parameters=T2M,PRECTOTCORR&community=RE&longitude=80.2707&latitude=13.0827&start=20210101&end=20241231&format=JSON",OBSERVED
2024-12-03,2024-12-03T00:00:00Z,13.0827,80.2707,26.69,3.13,C,mm/day,NASA POWER (MERRA-2),"https://power.larc.nasa.gov/api/temporal/daily/point?parameters=T2M,PRECTOTCORR&community=RE&longitude=80.2707&latitude=13.0827&start=20210101&end=20241231&format=JSON",OBSERVED
2024-12-04,2024-12-04T00:00:00Z,13.0827,80.2707,26.47,9.92,C,mm/day,NASA POWER (MERRA-2),"https://power.larc.nasa.gov/api/temporal/daily/point?parameters=T2M,PRECTOTCORR&community=RE&longitude=80.2707&latitude=13.0827&start=20210101&end=20241231&format=JSON",OBSERVED
2024-12-05,2024-12-05T00:00:00Z,13.0827,80.2707,26.63,3.32,C,mm/day,NASA POWER (MERRA-2),"https://power.larc.nasa.gov/api/temporal/daily/point?parameters=T2M,PRECTOTCORR&community=RE&longitude=80.2707&latitude=13.0827&start=20210101&end=20241231&format=JSON",OBSERVED
2024-12-06,2024-12-06T00:00:00Z,13.0827,80.2707,26.1,1.01,C,mm/day,NASA POWER (MERRA-2),"https://power.larc.nasa.gov/api/temporal/daily/point?parameters=T2M,PRECTOTCORR&community=RE&longitude=80.2707&latitude=13.0827&start=20210101&end=20241231&format=JSON",OBSERVED
2024-12-07,2024-12-07T00:00:00Z,13.0827,80.2707,26.4,0.12,C,mm/day,NASA POWER (MERRA-2),"https://power.larc.nasa.gov/api/temporal/daily/point?parameters=T2M,PRECTOTCORR&community=RE&longitude=80.2707&latitude=13.0827&start=20210101&end=20241231&format=JSON",OBSERVED
2024-12-08,2024-12-08T00:00:00Z,13.0827,80.2707,26.13,0.03,C,mm/day,NASA POWER (MERRA-2),"https://power.larc.nasa.gov/api/temporal/daily/point?parameters=T2M,PRECTOTCORR&community=RE&longitude=80.2707&latitude=13.0827&start=20210101&end=20241231&format=JSON",OBSERVED
2024-12-09,2024-12-09T00:00:00Z,13.0827,80.2707,26.38,0.11,C,mm/day,NASA POWER (MERRA-2),"https://power.larc.nasa.gov/api/temporal/daily/point?parameters=T2M,PRECTOTCORR&community=RE&longitude=80.2707&latitude=13.0827&start=20210101&end=20241231&format=JSON",OBSERVED
2024-12-10,2024-12-10T00:00:00Z,13.0827,80.2707,26.37,0.17,C,mm/day,NASA POWER (MERRA-2),"https://power.larc.nasa.gov/api/temporal/daily/point?parameters=T2M,PRECTOTCORR&community=RE&longitude=80.2707&latitude=13.0827&start=20210101&end=20241231&format=JSON",OBSERVED
2024-12-11,2024-12-11T00:00:00Z,13.0827,80.2707,25.99,20.16,C,mm/day,NASA POWER (MERRA-2),"https://power.larc.nasa.gov/api/temporal/daily/point?parameters=T2M,PRECTOTCORR&community=RE&longitude=80.2707&latitude=13.0827&start=20210101&end=20241231&format=JSON",OBSERVED
2024-12-12,2024-12-12T00:00:00Z,13.0827,80.2707,26.07,79.36,C,mm/day,NASA POWER (MERRA-2),"https://power.larc.nasa.gov/api/temporal/daily/point?parameters=T2M,PRECTOTCORR&community=RE&longitude=80.2707&latitude=13.0827&start=20210101&end=20241231&format=JSON",OBSERVED
2024-12-13,2024-12-13T00:00:00Z,13.0827,80.2707,25.43,1.73,C,mm/day,NASA POWER (MERRA-2),"https://power.larc.nasa.gov/api/temporal/daily/point?parameters=T2M,PRECTOTCORR&community=RE&longitude=80.2707&latitude=13.0827&start=20210101&end=20241231&format=JSON",OBSERVED
2024-12-14,2024-12-14T00:00:00Z,13.0827,80.2707,24.6,0.64,C,mm/day,NASA POWER (MERRA-2),"https://power.larc.nasa.gov/api/temporal/daily/point?parameters=T2M,PRECTOTCORR&community=RE&longitude=80.2707&latitude=13.0827&start=20210101&end=20241231&format=JSON",OBSERVED
2024-12-15,2024-12-15T00:00:00Z,13.0827,80.2707,24.02,0.26,C,mm/day,NASA POWER (MERRA-2),"https://power.larc.nasa.gov/api/temporal/daily/point?parameters=T2M,PRECTOTCORR&community=RE&longitude=80.2707&latitude=13.0827&start=20210101&end=20241231&format=JSON",OBSERVED
2024-12-16,2024-12-16T00:00:00Z,13.0827,80.2707,23.5,4.15,C,mm/day,NASA POWER (MERRA-2),"https://power.larc.nasa.gov/api/temporal/daily/point?parameters=T2M,PRECTOTCORR&community=RE&longitude=80.2707&latitude=13.0827&start=20210101&end=20241231&format=JSON",OBSERVED
2024-12-17,2024-12-17T00:00:00Z,13.0827,80.2707,22.36,3.95,C,mm/day,NASA POWER (MERRA-2),"https://power.larc.nasa.gov/api/temporal/daily/point?parameters=T2M,PRECTOTCORR&community=RE&longitude=80.2707&latitude=13.0827&start=20210101&end=20241231&format=JSON",OBSERVED
2024-12-18,2024-12-18T00:00:00Z,13.0827,80.2707,24.25,9.15,C,mm/day,NASA POWER (MERRA-2),"https://power.larc.nasa.gov/api/temporal/daily/point?parameters=T2M,PRECTOTCORR&community=RE&longitude=80.2707&latitude=13.0827&start=20210101&end=20241231&format=JSON",OBSERVED
2024-12-19,2024-12-19T00:00:00Z,13.0827,80.2707,25.7,4.99,C,mm/day,NASA POWER (MERRA-2),"https://power.larc.nasa.gov/api/temporal/daily/point?parameters=T2M,PRECTOTCORR&community=RE&longitude=80.2707&latitude=13.0827&start=20210101&end=20241231&format=JSON",OBSERVED
2024-12-20,2024-12-20T00:00:00Z,13.0827,80.2707,26.26,1.4,C,mm/day,NASA POWER (MERRA-2),"https://power.larc.nasa.gov/api/temporal/daily/point?parameters=T2M,PRECTOTCORR&community=RE&longitude=80.2707&latitude=13.0827&start=20210101&end=20241231&format=JSON",OBSERVED
2024-12-21,2024-12-21T00:00:00Z,13.0827,80.2707,26.19,0.26,C,mm/day,NASA POWER (MERRA-2),"https://power.larc.nasa.gov/api/temporal/daily/point?parameters=T2M,PRECTOTCORR&community=RE&longitude=80.2707&latitude=13.0827&start=20210101&end=20241231&format=JSON",OBSERVED
2024-12-22,2024-12-22T00:00:00Z,13.0827,80.2707,25.17,0.08,C,mm/day,NASA POWER (MERRA-2),"https://power.larc.nasa.gov/api/temporal/daily/point?parameters=T2M,PRECTOTCORR&community=RE&longitude=80.2707&latitude=13.0827&start=20210101&end=20241231&format=JSON",OBSERVED
2024-12-23,2024-12-23T00:00:00Z,13.0827,80.2707,24.85,0.4,C,mm/day,NASA POWER (MERRA-2),"https://power.larc.nasa.gov/api/temporal/daily/point?parameters=T2M,PRECTOTCORR&community=RE&longitude=80.2707&latitude=13.0827&start=20210101&end=20241231&format=JSON",OBSERVED
2024-12-24,2024-12-24T00:00:00Z,13.0827,80.2707,24.96,4.83,C,mm/day,NASA POWER (MERRA-2),"https://power.larc.nasa.gov/api/temporal/daily/point?parameters=T2M,PRECTOTCORR&community=RE&longitude=80.2707&latitude=13.0827&start=20210101&end=20241231&format=JSON",OBSERVED
2024-12-25,2024-12-25T00:00:00Z,13.0827,80.2707,25.17,7.4,C,mm/day,NASA POWER (MERRA-2),"https://power.larc.nasa.gov/api/temporal/daily/point?parameters=T2M,PRECTOTCORR&community=RE&longitude=80.2707&latitude=13.0827&start=20210101&end=20241231&format=JSON",OBSERVED
2024-12-26,2024-12-26T00:00:00Z,13.0827,80.2707,25.94,11.98,C,mm/day,NASA POWER (MERRA-2),"https://power.larc.nasa.gov/api/temporal/daily/point?parameters=T2M,PRECTOTCORR&community=RE&longitude=80.2707&latitude=13.0827&start=20210101&end=20241231&format=JSON",OBSERVED
2024-12-27,2024-12-27T00:00:00Z,13.0827,80.2707,25.67,12.62,C,mm/day,NASA POWER (MERRA-2),"https://power.larc.nasa.gov/api/temporal/daily/point?parameters=T2M,PRECTOTCORR&community=RE&longitude=80.2707&latitude=13.0827&start=20210101&end=20241231&format=JSON",OBSERVED
2024-12-28,2024-12-28T00:00:00Z,13.0827,80.2707,25.21,0.23,C,mm/day,NASA POWER (MERRA-2),"https://power.larc.nasa.gov/api/temporal/daily/point?parameters=T2M,PRECTOTCORR&community=RE&longitude=80.2707&latitude=13.0827&start=20210101&end=20241231&format=JSON",OBSERVED
2024-12-29,2024-12-29T00:00:00Z,13.0827,80.2707,25.14,1.31,C,mm/day,NASA POWER (MERRA-2),"https://power.larc.nasa.gov/api/temporal/daily/point?parameters=T2M,PRECTOTCORR&community=RE&longitude=80.2707&latitude=13.0827&start=20210101&end=20241231&format=JSON",OBSERVED
2024-12-30,2024-12-30T00:00:00Z,13.0827,80.2707,25.49,1.47,C,mm/day,NASA POWER (MERRA-2),"https://power.larc.nasa.gov/api/temporal/daily/point?parameters=T2M,PRECTOTCORR&community=RE&longitude=80.2707&latitude=13.0827&start=20210101&end=20241231&format=JSON",OBSERVED
2024-12-31,2024-12-31T00:00:00Z,13.0827,80.2707,25.13,0.0,C,mm/day,NASA POWER (MERRA-2),"https://power.larc.nasa.gov/api/temporal/daily/point?parameters=T2M,PRECTOTCORR&community=RE&longitude=80.2707&latitude=13.0827&start=20210101&end=20241231&format=JSON",OBSERVED
