region_code,region_name,latitude,longitude,dataset_id,variable_name,signal_name,signal_value,unit,acquisition_timestamp,source_name,source_url,spatial_resolution,temporal_resolution,quality_flag,provenance_type
IN-TN-CHE,Chennai,13.0827,80.2707,nasa_power_t2m_daily,T2M,temperature_2m,23.66,C,2021-01-01T00:00:00Z,NASA POWER (MERRA-2),"https://power.larc.nasa.gov/api/temporal/daily/point?parameters=T2M,PRECTOTCORR&community=RE&longitude=80.2707&latitude=13.0827&start=20210101&end=20241231&format=JSON",0.5x0.625 deg,daily,VALID,OBSERVED
IN-TN-CHE,Chennai,13.0827,80.2707,nasa_power_prectotcorr_daily,PRECTOTCORR,precipitation,0.81,mm/day,2021-01-01T00:00:00Z,NASA POWER (MERRA-2),"https://power.larc.nasa.gov/api/temporal/daily/point?parameters=T2M,PRECTOTCORR&community=RE&longitude=80.2707&latitude=13.0827&start=20210101&end=20241231&format=JSON",0.5x0.625 deg,daily,VALID,OBSERVED
IN-TN-CHE,Chennai,13.0827,80.2707,nasa_power_t2m_daily,T2M,temperature_2m,24.05,C,2021-01-02T00:00:00Z,NASA POWER (MERRA-2),"https://power.larc.nasa.gov/api/temporal/daily/point?parameters=T2M,PRECTOTCORR&community=RE&longitude=80.2707&latitude=13.0827&start=20210101&end=20241231&format=JSON",0.5x0.625 deg,daily,VALID,OBSERVED
IN-TN-CHE,Chennai,13.0827,80.2707,nasa_power_prectotcorr_daily,PRECTOTCORR,precipitation,8.12,mm/day,2021-01-02T00:00:00Z,NASA POWER (MERRA-2),"https://power.larc.nasa.gov/api/temporal/daily/point?parameters=T2M,PRECTOTCORR&community=RE&longitude=80.2707&latitude=13.0827&start=20210101&end=20241231&format=JSON",0.5x0.625 deg,daily,VALID,OBSERVED
IN-TN-CHE,Chennai,13.0827,80.2707,nasa_power_t2m_daily,T2M,temperature_2m,24.61,C,2021-01-03T00:00:00Z,NASA POWER (MERRA-2),"https://power.larc.nasa.gov/api/temporal/daily/point?parameters=T2M,PRECTOTCORR&community=RE&longitude=80.2707&latitude=13.0827&start=20210101&end=20241231&format=JSON",0.5x0.625 deg,daily,VALID,OBSERVED
IN-TN-CHE,Chennai,13.0827,80.2707,nasa_power_prectotcorr_daily,PRECTOTCORR,precipitation,2.08,mm/day,2021-01-03T00:00:00Z,NASA POWER (MERRA-2),"https://power.larc.nasa.gov/api/temporal/daily/point?parameters=T2M,PRECTOTCORR&community=RE&longitude=80.2707&latitude=13.0827&start=20210101&end=20241231&format=JSON",0.5x0.625 deg,daily,VALID,OBSERVED
IN-TN-CHE,Chennai,13.0827,80.2707,nasa_power_t2m_daily,T2M,temperature_2m,24.93,C,2021-01-04T00:00:00Z,NASA POWER (MERRA-2),"https://power.larc.nasa.gov/api/temporal/daily/point?parameters=T2M,PRECTOTCORR&community=RE&longitude=80.2707&latitude=13.0827&start=20210101&end=20241231&format=JSON",0.5x0.625 deg,daily,VALID,OBSERVED
IN-TN-CHE,Chennai,13.0827,80.2707,nasa_power_prectotcorr_daily,PRECTOTCORR,precipitation,8.29,mm/day,2021-01-04T00:00:00Z,NASA POWER (MERRA-2),"https://power.larc.nasa.gov/api/temporal/daily/point?parameters=T2M,PRECTOTCORR&community=RE&longitude=80.2707&latitude=13.0827&start=20210101&end=20241231&format=JSON",0.5x0.625 deg,daily,VALID,OBSERVED
IN-TN-CHE,Chennai,13.0827,80.2707,nasa_power_t2m_daily,T2M,temperature_2m,24.85,C,2021-01-05T00:00:00Z,NASA POWER (MERRA-2),"https://power.larc.nasa.gov/api/temporal/daily/point?parameters=T2M,PRECTOTCORR&community=RE&longitude=80.2707&latitude=13.0827&start=20210101&end=20241231&format=JSON",0.5x0.625 deg,daily,VALID,OBSERVED
IN-TN-CHE,Chennai,13.0827,80.2707,nasa_power_prectotcorr_daily,PRECTOTCORR,precipitation,49.85,mm/day,2021-01-05T00:00:00Z,NASA POWER (MERRA-2),"https://power.larc.nasa.gov/api/temporal/daily/point?parameters=T2M,PRECTOTCORR&community=RE&longitude=80.2707&latitude=13.0827&start=20210101&end=20241231&format=JSON",0.5x0.625 deg,daily,VALID,OBSERVED
IN-TN-CHE,Chennai,13.0827,80.2707,nasa_power_t2m_daily,T2M,temperature_2m,25.04,C,2021-01-06T00:00:00Z,NASA POWER (MERRA-2),"https://power.larc.nasa.gov/api/temporal/daily/point?parameters=T2M,PRECTOTCORR&community=RE&longitude=80.2707&latitude=13.0827&start=20210101&end=20241231&format=JSON",0.5x0.625 deg,daily,VALID,OBSERVED
IN-TN-CHE,Chennai,13.0827,80.2707,nasa_power_prectotcorr_daily,PRECTOTCORR,precipitation,40.12,mm/day,2021-01-06T00:00:00Z,NASA POWER (MERRA-2),"https://power.larc.nasa.gov/api/temporal/daily/point?parameters=T2M,PRECTOTCORR&community=RE&longitude=80.2707&latitude=13.0827&start=20210101&end=20241231&format=JSON",0.5x0.625 deg,daily,VALID,OBSERVED
IN-TN-CHE,Chennai,13.0827,80.2707,nasa_power_t2m_daily,T2M,temperature_2m,25.12,C,2021-01-07T00:00:00Z,NASA POWER (MERRA-2),"https://power.larc.nasa.gov/api/temporal/daily/point?parameters=T2M,PRECTOTCORR&community=RE&longitude=80.2707&latitude=13.0827&start=20210101&end=20241231&format=JSON",0.5x0.625 deg,daily,VALID,OBSERVED
IN-TN-CHE,Chennai,13.0827,80.2707,nasa_power_prectotcorr_daily,PRECTOTCORR,precipitation,5.7,mm/day,2021-01-07T00:00:00Z,NASA POWER (MERRA-2),"https://power.larc.nasa.gov/api/temporal/daily/point?parameters=T2M,PRECTOTCORR&community=RE&longitude=80.2707&latitude=13.0827&start=20210101&end=20241231&format=JSON",0.5x0.625 deg,daily,VALID,OBSERVED
IN-TN-CHE,Chennai,13.0827,80.2707,nasa_power_t2m_daily,T2M,temperature_2m,25.43,C,2021-01-08T00:00:00Z,NASA POWER (MERRA-2),"https://power.larc.nasa.gov/api/temporal/daily/point?parameters=T2M,PRECTOTCORR&community=RE&longitude=80.2707&latitude=13.0827&start=20210101&end=20241231&format=JSON",0.5x0.625 deg,daily,VALID,OBSERVED
IN-TN-CHE,Chennai,13.0827,80.2707,nasa_power_prectotcorr_daily,PRECTOTCORR,precipitation,2.18,mm/day,2021-01-08T00:00:00Z,NASA POWER (MERRA-2),"https://power.larc.nasa.gov/api/temporal/daily/point?parameters=T2M,PRECTOTCORR&community=RE&longitude=80.2707&latitude=13.0827&start=20210101&end=20241231&format=JSON",0.5x0.625 deg,daily,VALID,OBSERVED
IN-TN-CHE,Chennai,13.0827,80.2707,nasa_power_t2m_daily,T2M,temperature_2m,25.18,C,2021-01-09T00:00:00Z,NASA POWER (MERRA-2),"https://power.larc.nasa.gov/api/temporal/daily/point?parameters=T2M,PRECTOTCORR&community=RE&longitude=80.2707&latitude=13.0827&start=20210101&end=20241231&format=JSON",0.5x0.625 deg,daily,VALID,OBSERVED
IN-TN-CHE,Chennai,13.0827,80.2707,nasa_power_prectotcorr_daily,PRECTOTCORR,precipitation,0.3,mm/day,2021-01-09T00:00:00Z,NASA POWER (MERRA-2),"https://power.larc.nasa.gov/api/temporal/daily/point?parameters=T2M,PRECTOTCORR&community=RE&longitude=80.2707&latitude=13.0827&start=20210101&end=20241231&format=JSON",0.5x0.625 deg,daily,VALID,OBSERVED
IN-TN-CHE,Chennai,13.0827,80.2707,nasa_power_t2m_daily,T2M,temperature_2m,25.21,C,2021-01-10T00:00:00Z,NASA POWER (MERRA-2),"https://power.larc.nasa.gov/api/temporal/daily/point?parameters=T2M,PRECTOTCORR&community=RE&longitude=80.2707&latitude=13.0827&start=20210101&end=20241231&format=JSON",0.5x0.625 deg,daily,VALID,OBSERVED
IN-TN-CHE,Chennai,13.0827,80.2707,nasa_power_prectotcorr_daily,PRECTOTCORR,precipitation,0.79,mm/day,2021-01-10T00:00:00Z,NASA POWER (MERRA-2),"https://power.larc.nasa.gov/api/temporal/daily/point?parameters=T2M,PRECTOTCORR&community=RE&longitude=80.2707&latitude=13.0827&start=20210101&end=20241231&format=JSON",0.5x0.625 deg,daily,VALID,OBSERVED
IN-TN-CHE,Chennai,13.0827,80.2707,nasa_power_t2m_daily,T2M,temperature_2m,25.26,C,2021-01-11T00:00:00Z,NASA POWER (MERRA-2),"https://power.larc.nasa.gov/api/temporal/daily/point?parameters=T2M,PRECTOTCORR&community=RE&longitude=80.2707&latitude=13.0827&start=20210101&end=20241231&format=JSON",0.5x0.625 deg,daily,VALID,OBSERVED
IN-TN-CHE,Chennai,13.0827,80.2707,nasa_power_prectotcorr_daily,PRECTOTCORR,precipitation,1.1,mm/day,2021-01-11T00:00:00Z,NASA POWER (MERRA-2),"https://power.larc.nasa.gov/api/temporal/daily/point?parameters=T2M,PRECTOTCORR&community=RE&longitude=80.2707&latitude=13.0827&start=20210101&end=20241231&format=JSON",0.5x0.625 deg,daily,VALID,OBSERVED
IN-TN-CHE,Chennai,13.0827,80.2707,nasa_power_t2m_daily,T2M,temperature_2m,25.31,C,2021-01-12T00:00:00Z,NASA POWER (MERRA-2),"https://power.larc.nasa.gov/api/temporal/daily/point?parameters=T2M,PRECTOTCORR&community=RE&longitude=80.2707&latitude=13.0827&start=20210101&end=20241231&format=JSON",0.5x0.625 deg,daily,VALID,OBSERVED
IN-TN-CHE,Chennai,13.0827,80.2707,nasa_power_prectotcorr_daily,PRECTOTCORR,precipitation,0.72,mm/day,2021-01-12T00:00:00Z,NASA POWER (MERRA-2),"https://power.larc.nasa.gov/api/temporal/daily/point?parameters=T2M,PRECTOTCORR&community=RE&longitude=80.2707&latitude=13.0827&start=20210101&end=20241231&format=JSON",0.5x0.625 deg,daily,VALID,OBSERVED
IN-TN-CHE,Chennai,13.0827,80.2707,nasa_power_t2m_daily,T2M,temperature_2m,25.21,C,2021-01-13T00:00:00Z,NASA POWER (MERRA-2),"https://power.larc.nasa.gov/api/temporal/daily/point?parameters=T2M,PRECTOTCORR&community=RE&longitude=80.2707&latitude=13.0827&start=20210101&end=20241231&format=JSON",0.5x0.625 deg,daily,VALID,OBSERVED
IN-TN-CHE,Chennai,13.0827,80.2707,nasa_power_prectotcorr_daily,PRECTOTCORR,precipitation,0.23,mm/day,2021-01-13T00:00:00Z,NASA POWER (MERRA-2),"https://power.larc.nasa.gov/api/temporal/daily/point?parameters=T2M,PRECTOTCORR&community=RE&longitude=80.2707&latitude=13.0827&start=20210101&end=20241231&format=JSON",0.5x0.625 deg,daily,VALID,OBSERVED
IN-TN-CHE,Chennai,13.0827,80.2707,nasa_power_t2m_daily,T2M,temperature_2m,24.91,C,2021-01-14T00:00:00Z,NASA POWER (MERRA-2),"https://power.larc.nasa.gov/api/temporal/daily/point?parameters=T2M,PRECTOTCORR&community=RE&longitude=80.2707&latitude=13.0827&start=20210101&end=20241231&format=JSON",0.5x0.625 deg,daily,VALID,OBSERVED
IN-TN-CHE,Chennai,13.0827,80.2707,nasa_power_prectotcorr_daily,PRECTOTCORR,precipitation,1.36,mm/day,2021-01-14T00:00:00Z,NASA POWER (MERRA-2),"https://power.larc.nasa.gov/api/temporal/daily/point?parameters=T2M,PRECTOTCORR&community=RE&longitude=80.2707&latitude=13.0827&start=20210101&end=20241231&format=JSON",0.5x0.625 deg,daily,VALID,OBSERVED
IN-TN-CHE,Chennai,13.0827,80.2707,nasa_power_t2m_daily,T2M,temperature_2m,24.54,C,2021-01-15T00:00:00Z,NASA POWER (MERRA-2),"https://power.larc.nasa.gov/api/temporal/daily/point?parameters=T2M,PRECTOTCORR&community=RE&longitude=80.2707&latitude=13.0827&start=20210101&end=20241231&format=JSON",0.5x0.625 deg,daily,VALID,OBSERVED
IN-TN-CHE,Chennai,13.0827,80.2707,nasa_power_prectotcorr_daily,PRECTOTCORR,precipitation,0.16,mm/day,2021-01-15T00:00:00Z,NASA POWER (MERRA-2),"https://power.larc.nasa.gov/api/temporal/daily/point?parameters=T2M,PRECTOTCORR&community=RE&longitude=80.2707&latitude=13.0827&start=20210101&end=20241231&format=JSON",0.5x0.625 deg,daily,VALID,OBSERVED
IN-TN-CHE,Chennai,13.0827,80.2707,nasa_power_t2m_daily,T2M,temperature_2m,23.98,C,2021-01-16T00:00:00Z,NASA POWER (MERRA-2),"https://power.larc.nasa.gov/api/temporal/daily/point?parameters=T2M,PRECTOTCORR&community=RE&longitude=80.2707&latitude=13.0827&start=20210101&end=20241231&format=JSON",0.5x0.625 deg,daily,VALID,OBSERVED
IN-TN-CHE,Chennai,13.0827,80.2707,nasa_power_prectotcorr_daily,PRECTOTCORR,precipitation,0.0,mm/day,2021-01-16T00:00:00Z,NASA POWER (MERRA-2),"https://power.larc.nasa.gov/api/temporal/daily/point?parameters=T2M,PRECTOTCORR&community=RE&longitude=80.2707&latitude=13.0827&start=20210101&end=20241231&format=JSON",0.5x0.625 deg,daily,VALID,OBSERVED
IN-TN-CHE,Chennai,13.0827,80.2707,nasa_power_t2m_daily,T2M,temperature_2m,23.77,C,2021-01-17T00:00:00Z,NASA POWER (MERRA-2),"https://power.larc.nasa.gov/api/temporal/daily/point?parameters=T2M,PRECTOTCORR&community=RE&longitude=80.2707&latitude=13.0827&start=20210101&end=20241231&format=JSON",0.5x0.625 deg,daily,VALID,OBSERVED
IN-TN-CHE,Chennai,13.0827,80.2707,nasa_power_prectotcorr_daily,PRECTOTCORR,precipitation,0.0,mm/day,2021-01-17T00:00:00Z,NASA POWER (MERRA-2),"https://power.larc.nasa.gov/api/temporal/daily/point?parameters=T2M,PRECTOTCORR&community=RE&longitude=80.2707&latitude=13.0827&start=20210101&end=20241231&format=JSON",0.5x0.625 deg,daily,VALID,OBSERVED
IN-TN-CHE,Chennai,13.0827,80.2707,nasa_power_t2m_daily,T2M,temperature_2m,24.03,C,2021-01-18T00:00:00Z,NASA POWER (MERRA-2),"https://power.larc.nasa.gov/api/temporal/daily/point?parameters=T2M,PRECTOTCORR&community=RE&longitude=80.2707&latitude=13.0827&start=20210101&end=20241231&format=JSON",0.5x0.625 deg,daily,VALID,OBSERVED
IN-TN-CHE,Chennai,13.0827,80.2707,nasa_power_prectotcorr_daily,PRECTOTCORR,precipitation,0.0,mm/day,2021-01-18T00:00:00Z,NASA POWER (MERRA-2),"https://power.larc.nasa.gov/api/temporal/daily/point?parameters=T2M,PRECTOTCORR&community=RE&longitude=80.2707&latitude=13.0827&start=20210101&end=20241231&format=JSON",0.5x0.625 deg,daily,VALID,OBSERVED
IN-TN-CHE,Chennai,13.0827,80.2707,nasa_power_t2m_daily,T2M,temperature_2m,23.99,C,2021-01-19T00:00:00Z,NASA POWER (MERRA-2),"https://power.larc.nasa.gov/api/temporal/daily/point?parameters=T2M,PRECTOTCORR&community=RE&longitude=80.2707&latitude=13.0827&start=20210101&end=20241231&format=JSON",0.5x0.625 deg,daily,VALID,OBSERVED
IN-TN-CHE,Chennai,13.0827,80.2707,nasa_power_prectotcorr_daily,PRECTOTCORR,precipitation,0.0,mm/day,2021-01-19T00:00:00Z,NASA POWER (MERRA-2),"https://power.larc.nasa.gov/api/temporal/daily/point?parameters=T2M,PRECTOTCORR&community=RE&longitude=80.2707&latitude=13.0827&start=20210101&end=20241231&format=JSON",0.5x0.625 deg,daily,VALID,OBSERVED
IN-TN-CHE,Chennai,13.0827,80.2707,nasa_power_t2m_daily,T2M,temperature_2m,24.47,C,2021-01-20T00:00:00Z,NASA POWER (MERRA-2),"https://power.larc.nasa.gov/api/temporal/daily/point?parameters=T2M,PRECTOTCORR&community=RE&longitude=80.2707&latitude=13.0827&start=20210101&end=20241231&format=JSON",0.5x0.625 deg,daily,VALID,OBSERVED
IN-TN-CHE,Chennai,13.0827,80.2707,nasa_power_prectotcorr_daily,PRECTOTCORR,precipitation,0.01,mm/day,2021-01-20T00:00:00Z,NASA POWER (MERRA-2),"https://power.larc.nasa.gov/api/temporal/daily/point?parameters=T2M,PRECTOTCORR&community=RE&longitude=80.2707&latitude=13.0827&start=20210101&end=20241231&format=JSON",0.5x0.625 deg,daily,VALID,OBSERVED
IN-TN-CHE,Chennai,13.0827,80.2707,nasa_power_t2m_daily,T2M,temperature_2m,25.46,C,2021-01-21T00:00:00Z,NASA POWER (MERRA-2),"https://power.larc.nasa.gov/api/temporal/daily/point?parameters=T2M,PRECTOTCORR&community=RE&longitude=80.2707&latitude=13.0827&start=20210101&end=20241231&format=JSON",0.5x0.625 deg,daily,VALID,OBSERVED
IN-TN-CHE,Chennai,13.0827,80.2707,nasa_power_prectotcorr_daily,PRECTOTCORR,precipitation,0.0,mm/day,2021-01-21T00:00:00Z,NASA POWER (MERRA-2),"https://power.larc.nasa.gov/api/temporal/daily/point?parameters=T2M,PRECTOTCORR&community=RE&longitude=80.2707&latitude=13.0827&start=20210101&end=20241231&format=JSON",0.5x0.625 deg,daily,VALID,OBSERVED
IN-TN-CHE,Chennai,13.0827,80.2707,nasa_power_t2m_daily,T2M,temperature_2m,25.33,C,2021-01-22T00:00:00Z,NASA POWER (MERRA-2),"https://power.larc.nasa.gov/api/temporal/daily/point?parameters=T2M,PRECTOTCORR&community=RE&longitude=80.2707&latitude=13.0827&start=20210101&end=20241231&format=JSON",0.5x0.625 deg,daily,VALID,OBSERVED
IN-TN-CHE,Chennai,13.0827,80.2707,nasa_power_prectotcorr_daily,PRECTOTCORR,precipitation,0.0,mm/day,2021-01-22T00:00:00Z,NASA POWER (MERRA-2),"https://power.larc.nasa.gov/api/temporal/daily/point?parameters=T2M,PRECTOTCORR&community=RE&longitude=80.2707&latitude=13.0827&start=20210101&end=20241231&format=JSON",0.5x0.625 deg,daily,VALID,OBSERVED
IN-TN-CHE,Chennai,13.0827,80.2707,nasa_power_t2m_daily,T2M,temperature_2m,24.61,C,2021-01-23T00:00:00Z,NASA POWER (MERRA-2),"https://power.larc.nasa.gov/api/temporal/daily/point?parameters=T2M,PRECTOTCORR&community=RE&longitude=80.2707&latitude=13.0827&start=20210101&end=20241231&format=JSON",0.5x0.625 deg,daily,VALID,OBSERVED
IN-TN-CHE,Chennai,13.0827,80.2707,nasa_power_prectotcorr_daily,PRECTOTCORR,precipitation,0.0,mm/day,2021-01-23T00:00:00Z,NASA POWER (MERRA-2),"https://power.larc.nasa.gov/api/temporal/daily/point?parameters=T2M,PRECTOTCORR&community=RE&longitude=80.2707&latitude=13.0827&start=20210101&end=20241231&format=JSON",0.5x0.625 deg,daily,VALID,OBSERVED
IN-TN-CHE,Chennai,13.0827,80.2707,nasa_power_t2m_daily,T2M,temperature_2m,24.41,C,2021-01-24T00:00:00Z,NASA POWER (MERRA-2),"https://power.larc.nasa.gov/api/temporal/daily/point?parameters=T2M,PRECTOTCORR&community=RE&longitude=80.2707&latitude=13.0827&start=20210101&end=20241231&format=JSON",0.5x0.625 deg,daily,VALID,OBSERVED
IN-TN-CHE,Chennai,13.0827,80.2707,nasa_power_prectotcorr_daily,PRECTOTCORR,precipitation,0.0,mm/day,2021-01-24T00:00:00Z,NASA POWER (MERRA-2),"https://power.larc.nasa.gov/api/temporal/daily/point?parameters=T2M,PRECTOTCORR&community=RE&longitude=80.2707&latitude=13.0827&start=20210101&end=20241231&format=JSON",0.5x0.625 deg,daily,VALID,OBSERVED
IN-TN-CHE,Chennai,13.0827,80.2707,nasa_power_t2m_daily,T2M,temperature_2m,24.55,C,2021-01-25T00:00:00Z,NASA POWER (MERRA-2),"https://power.larc.nasa.gov/api/temporal/daily/point?parameters=T2M,PRECTOTCORR&community=RE&longitude=80.2707&latitude=13.0827&start=20210101&end=20241231&format=JSON",0.5x0.625 deg,daily,VALID,OBSERVED
IN-TN-CHE,Chennai,13.0827,80.2707,nasa_power_prectotcorr_daily,PRECTOTCORR,precipitation,0.0,mm/day,2021-01-25T00:00:00Z,NASA POWER (MERRA-2),"https://power.larc.nasa.gov/api/temporal/daily/point?parameters=T2M,PRECTOTCORR&community=RE&longitude=80.2707&latitude=13.0827&start=20210101&end=20241231&format=JSON",0.5x0.625 deg,daily,VALID,OBSERVED
IN-TN-CHE,Chennai,13.0827,80.2707,nasa_power_t2m_daily,T2M,temperature_2m,24.14,C,2021-01-26T00:00:00Z,NASA POWER (MERRA-2),"https://power.larc.nasa.gov/api/temporal/daily/point?parameters=T2M,PRECTOTCORR&community=RE&longitude=80.2707&latitude=13.0827&start=20210101&end=20241231&format=JSON",0.5x0.625 deg,daily,VALID,OBSERVED
IN-TN-CHE,Chennai,13.0827,80.2707,nasa_power_prectotcorr_daily,PRECTOTCORR,precipitation,0.0,mm/day,2021-01-26T00:00:00Z,NASA POWER (MERRA-2),"https://power.larc.nasa.gov/api/temporal/daily/point?parameters=T2M,PRECTOTCORR&community=RE&longitude=80.2707&latitude=13.0827&start=20210101&end=20241231&format=JSON",0.5x0.625 deg,daily,VALID,OBSERVED
IN-TN-CHE,Chennai,13.0827,80.2707,nasa_power_t2m_daily,T2M,temperature_2m,24.1,C,2021-01-27T00:00:00Z,NASA POWER (MERRA-2),"https://power.larc.nasa.gov/api/temporal/daily/point?parameters=T2M,PRECTOTCORR&community=RE&longitude=80.2707&latitude=13.0827&start=20210101&end=20241231&format=JSON",0.5x0.625 deg,daily,VALID,OBSERVED
IN-TN-CHE,Chennai,13.0827,80.2707,nasa_power_prectotcorr_daily,PRECTOTCORR,precipitation,0.02,mm/day,2021-01-27T00:00:00Z,NASA POWER (MERRA-2),"https://power.larc.nasa.gov/api/temporal/daily/point?parameters=T2M,PRECTOTCORR&community=RE&longitude=80.2707&latitude=13.0827&start=20210101&end=20241231&format=JSON",0.5x0.625 deg,daily,VALID,OBSERVED
IN-TN-CHE,Chennai,13.0827,80.2707,nasa_power_t2m_daily,T2M,temperature_2m,24.31,C,2021-01-28T00:00:00Z,NASA POWER (MERRA-2),"https://power.larc.nasa.gov/api/temporal/daily/point?parameters=T2M,PRECTOTCORR&community=RE&longitude=80.2707&latitude=13.0827&start=20210101&end=20241231&format=JSON",0.5x0.625 deg,daily,VALID,OBSERVED
IN-TN-CHE,Chennai,13.0827,80.2707,nasa_power_prectotcorr_daily,PRECTOTCORR,precipitation,0.03,mm/day,2021-01-28T00:00:00Z,NASA POWER (MERRA-2),"https://power.larc.nasa.gov/api/temporal/daily/point?parameters=T2M,PRECTOTCORR&community=RE&longitude=80.2707&latitude=13.0827&start=20210101&end=20241231&format=JSON",0.5x0.625 deg,daily,VALID,OBSERVED
IN-TN-CHE,Chennai,13.0827,80.2707,nasa_power_t2m_daily,T2M,temperature_2m,24.56,C,2021-01-29T00:00:00Z,NASA POWER (MERRA-2),"https://power.larc.nasa.gov/api/temporal/daily/point?parameters=T2M,PRECTOTCORR&community=RE&longitude=80.2707&latitude=13.0827&start=20210101&end=20241231&format=JSON",0.5x0.625 deg,daily,VALID,OBSERVED
IN-TN-CHE,Chennai,13.0827,80.2707,nasa_power_prectotcorr_daily,PRECTOTCORR,precipitation,0.09,mm/day,2021-01-29T00:00:00Z,NASA POWER (MERRA-2),"https://power.larc.nasa.gov/api/temporal/daily/point?parameters=T2M,PRECTOTCORR&community=RE&longitude=80.2707&latitude=13.0827&start=20210101&end=20241231&format=JSON",0.5x0.625 deg,daily,VALID,OBSERVED
IN-TN-CHE,Chennai,13.0827,80.2707,nasa_power_t2m_daily,T2M,temperature_2m,24.49,C,2021-01-30T00:00:00Z,NASA POWER (MERRA-2),"https://power.larc.nasa.gov/api/temporal/daily/point?parameters=T2M,PRECTOTCORR&community=RE&longitude=80.2707&latitude=13.0827&start=20210101&end=20241231&format=JSON",0.5x0.625 deg,daily,VALID,OBSERVED
IN-TN-CHE,Chennai,13.0827,80.2707,nasa_power_prectotcorr_daily,PRECTOTCORR,precipitation,0.0,mm/day,2021-01-30T00:00:00Z,NASA POWER (MERRA-2),"https://power.larc.nasa.gov/api/temporal/daily/point?parameters=T2M,PRECTOTCORR&community=RE&longitude=80.2707&latitude=13.0827&start=20210101&end=20241231&format=JSON",0.5x0.625 deg,daily,VALID,OBSERVED
IN-TN-CHE,Chennai,13.0827,80.2707,nasa_power_t2m_daily,T2M,temperature_2m,24.29,C,2021-01-31T00:00:00Z,NASA POWER (MERRA-2),"https://power.larc.nasa.gov/api/temporal/daily/point?parameters=T2M,PRECTOTCORR&community=RE&longitude=80.2707&latitude=13.0827&start=20210101&end=20241231&format=JSON",0.5x0.625 deg,daily,VALID,OBSERVED
IN-TN-CHE,Chennai,13.0827,80.2707,nasa_power_prectotcorr_daily,PRECTOTCORR,precipitation,0.0,mm/day,2021-01-31T00:00:00Z,NASA POWER (MERRA-2),"https://power.larc.nasa.gov/api/temporal/daily/point?parameters=T2M,PRECTOTCORR&community=RE&longitude=80.2707&latitude=13.0827&start=20210101&end=20241231&format=JSON",0.5x0.625 deg,daily,VALID,OBSERVED
IN-TN-CHE,Chennai,13.0827,80.2707,nasa_power_t2m_daily,T2M,temperature_2m,24.37,C,2021-02-01T00:00:00Z,NASA POWER (MERRA-2),"https://power.larc.nasa.gov/api/temporal/daily/point?parameters=T2M,PRECTOTCORR&community=RE&longitude=80.2707&latitude=13.0827&start=20210101&end=20241231&format=JSON",0.5x0.625 deg,daily,VALID,OBSERVED
IN-TN-CHE,Chennai,13.0827,80.2707,nasa_power_prectotcorr_daily,PRECTOTCORR,precipitation,0.0,mm/day,2021-02-01T00:00:00Z,NASA POWER (MERRA-2),"https://power.larc.nasa.gov/api/temporal/daily/point?parameters=T2M,PRECTOTCORR&community=RE&longitude=80.2707&latitude=13.0827&start=20210101&end=20241231&format=JSON",0.5x0.625 deg,daily,VALID,OBSERVED
IN-TN-CHE,Chennai,13.0827,80.2707,nasa_power_t2m_daily,T2M,temperature_2m,24.53,C,2021-02-02T00:00:00Z,NASA POWER (MERRA-2),"https://power.larc.nasa.gov/api/temporal/daily/point?parameters=T2M,PRECTOTCORR&community=RE&longitude=80.2707&latitude=13.0827&start=20210101&end=20241231&format=JSON",0.5x0.625 deg,daily,VALID,OBSERVED
IN-TN-CHE,Chennai,13.0827,80.2707,nasa_power_prectotcorr_daily,PRECTOTCORR,precipitation,0.34,mm/day,2021-02-02T00:00:00Z,NASA POWER (MERRA-2),"https://power.larc.nasa.gov/api/temporal/daily/point?parameters=T2M,PRECTOTCORR&community=RE&longitude=80.2707&latitude=13.0827&start=20210101&end=20241231&format=JSON",0.5x0.625 deg,daily,VALID,OBSERVED
IN-TN-CHE,Chennai,13.0827,80.2707,nasa_power_t2m_daily,T2M,temperature_2m,24.29,C,2021-02-03T00:00:00Z,NASA POWER (MERRA-2),"https://power.larc.nasa.gov/api/temporal/daily/point?parameters=T2M,PRECTOTCORR&community=RE&longitude=80.2707&latitude=13.0827&start=20210101&end=20241231&format=JSON",0.5x0.625 deg,daily,VALID,OBSERVED
IN-TN-CHE,Chennai,13.0827,80.2707,nasa_power_prectotcorr_daily,PRECTOTCORR,precipitation,0.2,mm/day,2021-02-03T00:00:00Z,NASA POWER (MERRA-2),"https://power.larc.nasa.gov/api/temporal/daily/point?parameters=T2M,PRECTOTCORR&community=RE&longitude=80.2707&latitude=13.0827&start=20210101&end=20241231&format=JSON",0.5x0.625 deg,daily,VALID,OBSERVED
IN-TN-CHE,Chennai,13.0827,80.2707,nasa_power_t2m_daily,T2M,temperature_2m,23.75,C,2021-02-04T00:00:00Z,NASA POWER (MERRA-2),"https://power.larc.nasa.gov/api/temporal/daily/point?parameters=T2M,PRECTOTCORR&community=RE&longitude=80.2707&latitude=13.0827&start=20210101&end=20241231&format=JSON",0.5x0.625 deg,daily,VALID,OBSERVED
IN-TN-CHE,Chennai,13.0827,80.2707,nasa_power_prectotcorr_daily,PRECTOTCORR,precipitation,0.0,mm/day,2021-02-04T00:00:00Z,NASA POWER (MERRA-2),"https://power.larc.nasa.gov/api/temporal/daily/point?parameters=T2M,PRECTOTCORR&community=RE&longitude=80.2707&latitude=13.0827&start=20210101&end=20241231&format=JSON",0.5x0.625 deg,daily,VALID,OBSERVED
IN-TN-CHE,Chennai,13.0827,80.2707,nasa_power_t2m_daily,T2M,temperature_2m,23.31,C,2021-02-05T00:00:00Z,NASA POWER (MERRA-2),"https://power.larc.nasa.gov/api/temporal/daily/point?parameters=T2M,PRECTOTCORR&community=RE&longitude=80.2707&latitude=13.0827&start=20210101&end=20241231&format=JSON",0.5x0.625 deg,daily,VALID,OBSERVED
IN-TN-CHE,Chennai,13.0827,80.2707,nasa_power_prectotcorr_daily,PRECTOTCORR,precipitation,0.0,mm/day,2021-02-05T00:00:00Z,NASA POWER (MERRA-2),"https://power.larc.nasa.gov/api/temporal/daily/point?parameters=T2M,PRECTOTCORR&community=RE&longitude=80.2707&latitude=13.0827&start=20210101&end=20241231&format=JSON",0.5x0.625 deg,daily,VALID,OBSERVED
IN-TN-CHE,Chennai,13.0827,80.2707,nasa_power_t2m_daily,T2M,temperature_2m,23.33,C,2021-02-06T00:00:00Z,NASA POWER (MERRA-2),"https://power.larc.nasa.gov/api/temporal/daily/point?parameters=T2M,PRECTOTCORR&community=RE&longitude=80.2707&latitude=13.0827&start=20210101&end=20241231&format=JSON",0.5x0.625 deg,daily,VALID,OBSERVED
IN-TN-CHE,Chennai,13.0827,80.2707,nasa_power_prectotcorr_daily,PRECTOTCORR,precipitation,0.0,mm/day,2021-02-06T00:00:00Z,NASA POWER (MERRA-2),"https://power.larc.nasa.gov/api/temporal/daily/point?parameters=T2M,PRECTOTCORR&community=RE&longitude=80.2707&latitude=13.0827&start=20210101&end=20241231&format=JSON",0.5x0.625 deg,daily,VALID,OBSERVED
IN-TN-CHE,Chennai,13.0827,80.2707,nasa_power_t2m_daily,T2M,temperature_2m,23.23,C,2021-02-07T00:00:00Z,NASA POWER (MERRA-2),"https://power.larc.nasa.gov/api/temporal/daily/point?parameters=T2M,PRECTOTCORR&community=RE&longitude=80.2707&latitude=13.0827&start=20210101&end=20241231&format=JSON",0.5x0.625 deg,daily,VALID,OBSERVED
IN-TN-CHE,Chennai,13.0827,80.2707,nasa_power_prectotcorr_daily,PRECTOTCORR,precipitation,0.0,mm/day,2021-02-07T00:00:00Z,NASA POWER (MERRA-2),"https://power.larc.nasa.gov/api/temporal/daily/point?parameters=T2M,PRECTOTCORR&community=RE&longitude=80.2707&latitude=13.0827&start=20210101&end=20241231&format=JSON",0.5x0.625 deg,daily,VALID,OBSERVED
IN-TN-CHE,Chennai,13.0827,80.2707,nasa_power_t2m_daily,T2M,temperature_2m,23.78,C,2021-02-08T00:00:00Z,NASA POWER (MERRA-2),"https://power.larc.nasa.gov/api/temporal/daily/point?parameters=T2M,PRECTOTCORR&community=RE&longitude=80.2707&latitude=13.0827&start=20210101&end=20241231&format=JSON",0.5x0.625 deg,daily,VALID,OBSERVED
IN-TN-CHE,Chennai,13.0827,80.2707,nasa_power_prectotcorr_daily,PRECTOTCORR,precipitation,0.0,mm/day,2021-02-08T00:00:00Z,NASA POWER (MERRA-2),"https://power.larc.nasa.gov/api/temporal/daily/point?parameters=T2M,PRECTOTCORR&community=RE&longitude=80.2707&latitude=13.0827&start=20210101&end=20241231&format=JSON",0.5x0.625 deg,daily,VALID,OBSERVED
IN-TN-CHE,Chennai,13.0827,80.2707,nasa_power_t2m_daily,T2M,temperature_2m,23.41,C,2021-02-09T00:00:00Z,NASA POWER (MERRA-2),"https://power.larc.nasa.gov/api/temporal/daily/point?parameters=T2M,PRECTOTCORR&community=RE&longitude=80.2707&latitude=13.0827&start=20210101&end=20241231&format=JSON",0.5x0.625 deg,daily,VALID,OBSERVED
IN-TN-CHE,Chennai,13.0827,80.2707,nasa_power_prectotcorr_daily,PRECTOTCORR,precipitation,0.0,mm/day,2021-02-09T00:00:00Z,NASA POWER (MERRA-2),"https://power.larc.nasa.gov/api/temporal/daily/point?parameters=T2M,PRECTOTCORR&community=RE&longitude=80.2707&latitude=13.0827&start=20210101&end=20241231&format=JSON",0.5x0.625 deg,daily,VALID,OBSERVED
IN-TN-CHE,Chennai,13.0827,80.2707,nasa_power_t2m_daily,T2M,temperature_2m,22.96,C,2021-02-10T00:00:00Z,NASA POWER (MERRA-2),"https://power.larc.nasa.gov/api/temporal/daily/point?parameters=T2M,PRECTOTCORR&community=RE&longitude=80.2707&latitude=13.0827&start=20210101&end=20241231&format=JSON",0.5x0.625 deg,daily,VALID,OBSERVED
IN-TN-CHE,Chennai,13.0827,80.2707,nasa_power_prectotcorr_daily,PRECTOTCORR,precipitation,0.0,mm/day,2021-02-10T00:00:00Z,NASA POWER (MERRA-2),"https://power.larc.nasa.gov/api/temporal/daily/point?parameters=T2M,PRECTOTCORR&community=RE&longitude=80.2707&latitude=13.0827&start=20210101&end=20241231&format=JSON",0.5x0.625 deg,daily,VALID,OBSERVED
IN-TN-CHE,Chennai,13.0827,80.2707,nasa_power_t2m_daily,T2M,temperature_2m,23.05,C,2021-02-11T00:00:00Z,NASA POWER (MERRA-2),"https://power.larc.nasa.gov/api/temporal/daily/point?parameters=T2M,PRECTOTCORR&community=RE&longitude=80.2707&latitude=13.0827&start=20210101&end=20241231&format=JSON",0.5x0.625 deg,daily,VALID,OBSERVED
IN-TN-CHE,Chennai,13.0827,80.2707,nasa_power_prectotcorr_daily,PRECTOTCORR,precipitation,0.0,mm/day,2021-02-11T00:00:00Z,NASA POWER (MERRA-2),"https://power.larc.nasa.gov/api/temporal/daily/point?parameters=T2M,PRECTOTCORR&community=RE&longitude=80.2707&latitude=13.0827&start=20210101&end=20241231&format=JSON",0.5x0.625 deg,daily,VALID,OBSERVED
IN-TN-CHE,Chennai,13.0827,80.2707,nasa_power_t2m_daily,T2M,temperature_2m,23.28,C,2021-02-12T00:00:00Z,NASA POWER (MERRA-2),"https://power.larc.nasa.gov/api/temporal/daily/point?parameters=T2M,PRECTOTCORR&community=RE&longitude=80.2707&latitude=13.0827&start=20210101&end=20241231&format=JSON",0.5x0.625 deg,daily,VALID,OBSERVED
IN-TN-CHE,Chennai,13.0827,80.2707,nasa_power_prectotcorr_daily,PRECTOTCORR,precipitation,0.0,mm/day,2021-02-12T00:00:00Z,NASA POWER (MERRA-2),"https://power.larc.nasa.gov/api/temporal/daily/point?parameters=T2M,PRECTOTCORR&community=RE&longitude=80.2707&latitude=13.0827&start=20210101&end=20241231&format=JSON",0.5x0.625 deg,daily,VALID,OBSERVED
IN-TN-CHE,Chennai,13.0827,80.2707,nasa_power_t2m_daily,T2M,temperature_2m,23.5,C,2021-02-13T00:00:00Z,NASA POWER (MERRA-2),"https://power.larc.nasa.gov/api/temporal/daily/point?parameters=T2M,PRECTOTCORR&community=RE&longitude=80.2707&latitude=13.0827&start=20210101&end=20241231&format=JSON",0.5x0.625 deg,daily,VALID,OBSERVED
IN-TN-CHE,Chennai,13.0827,80.2707,nasa_power_prectotcorr_daily,PRECTOTCORR,precipitation,0.0,mm/day,2021-02-13T00:00:00Z,NASA POWER (MERRA-2),"https://power.larc.nasa.gov/api/temporal/daily/point?parameters=T2M,PRECTOTCORR&community=RE&longitude=80.2707&latitude=13.0827&start=20210101&end=20241231&format=JSON",0.5x0.625 deg,daily,VALID,OBSERVED
IN-TN-CHE,Chennai,13.0827,80.2707,nasa_power_t2m_daily,T2M,temperature_2m,23.24,C,2021-02-14T00:00:00Z,NASA POWER (MERRA-2),"https://power.larc.nasa.gov/api/temporal/daily/point?parameters=T2M,PRECTOTCORR&community=RE&longitude=80.2707&latitude=13.0827&start=20210101&end=20241231&format=JSON",0.5x0.625 deg,daily,VALID,OBSERVED
IN-TN-CHE,Chennai,13.0827,80.2707,nasa_power_prectotcorr_daily,PRECTOTCORR,precipitation,0.0,mm/day,2021-02-14T00:00:00Z,NASA POWER (MERRA-2),"https://power.larc.nasa.gov/api/temporal/daily/point?parameters=T2M,PRECTOTCORR&community=RE&longitude=80.2707&latitude=13.0827&start=20210101&end=20241231&format=JSON",0.5x0.625 deg,daily,VALID,OBSERVED
IN-TN-CHE,Chennai,13.0827,80.2707,nasa_power_t2m_daily,T2M,temperature_2m,23.68,C,2021-02-15T00:00:00Z,NASA POWER (MERRA-2),"https://power.larc.nasa.gov/api/temporal/daily/point?parameters=T2M,PRECTOTCORR&community=RE&longitude=80.2707&latitude=13.0827&start=20210101&end=20241231&format=JSON",0.5x0.625 deg,daily,VALID,OBSERVED
IN-TN-CHE,Chennai,13.0827,80.2707,nasa_power_prectotcorr_daily,PRECTOTCORR,precipitation,0.0,mm/day,2021-02-15T00:00:00Z,NASA POWER (MERRA-2),"https://power.larc.nasa.gov/api/temporal/daily/point?parameters=T2M,PRECTOTCORR&community=RE&longitude=80.2707&latitude=13.0827&start=20210101&end=20241231&format=JSON",0.5x0.625 deg,daily,VALID,OBSERVED
IN-TN-CHE,Chennai,13.0827,80.2707,nasa_power_t2m_daily,T2M,temperature_2m,23.88,C,2021-02-16T00:00:00Z,NASA POWER (MERRA-2),"https://power.larc.nasa.gov/api/temporal/daily/point?parameters=T2M,PRECTOTCORR&community=RE&longitude=80.2707&latitude=13.0827&start=20210101&end=20241231&format=JSON",0.5x0.625 deg,daily,VALID,OBSERVED
IN-TN-CHE,Chennai,13.0827,80.2707,nasa_power_prectotcorr_daily,PRECTOTCORR,precipitation,0.0,mm/day,2021-02-16T00:00:00Z,NASA POWER (MERRA-2),"https://power.larc.nasa.gov/api/temporal/daily/point?parameters=T2M,PRECTOTCORR&community=RE&longitude=80.2707&latitude=13.0827&start=20210101&end=20241231&format=JSON",0.5x0.625 deg,daily,VALID,OBSERVED
IN-TN-CHE,Chennai,13.0827,80.2707,nasa_power_t2m_daily,T2M,temperature_2m,24.38,C,2021-02-17T00:00:00Z,NASA POWER (MERRA-2),"https://power.larc.nasa.gov/api/temporal/daily/point?parameters=T2M,PRECTOTCORR&community=RE&longitude=80.2707&latitude=13.0827&start=20210101&end=20241231&format=JSON",0.5x0.625 deg,daily,VALID,OBSERVED
IN-TN-CHE,Chennai,13.0827,80.2707,nasa_power_prectotcorr_daily,PRECTOTCORR,precipitation,0.0,mm/day,2021-02-17T00:00:00Z,NASA POWER (MERRA-2),"https://power.larc.nasa.gov/api/temporal/daily/point?parameters=T2M,PRECTOTCORR&community=RE&longitude=80.2707&latitude=13.0827&start=20210101&end=20241231&format=JSON",0.5x0.625 deg,daily,VALID,OBSERVED
IN-TN-CHE,Chennai,13.0827,80.2707,nasa_power_t2m_daily,T2M,temperature_2m,24.42,C,2021-02-18T00:00:00Z,NASA POWER (MERRA-2),"https://power.larc.nasa.gov/api/temporal/daily/point?parameters=T2M,PRECTOTCORR&community=RE&longitude=80.2707&latitude=13.0827&start=20210101&end=20241231&format=JSON",0.5x0.625 deg,daily,VALID,OBSERVED
IN-TN-CHE,Chennai,13.0827,80.2707,nasa_power_prectotcorr_daily,PRECTOTCORR,precipitation,0.0,mm/day,2021-02-18T00:00:00Z,NASA POWER (MERRA-2),"https://power.larc.nasa.gov/api/temporal/daily/point?parameters=T2M,PRECTOTCORR&community=RE&longitude=80.2707&latitude=13.0827&start=20210101&end=20241231&format=JSON",0.5x0.625 deg,daily,VALID,OBSERVED
IN-TN-CHE,Chennai,13.0827,80.2707,nasa_power_t2m_daily,T2M,temperature_2m,25.13,C,2021-02-19T00:00:00Z,NASA POWER (MERRA-2),"https://power.larc.nasa.gov/api/temporal/daily/point?parameters=T2M,PRECTOTCORR&community=RE&longitude=80.2707&latitude=13.0827&start=20210101&end=20241231&format=JSON",0.5x0.625 deg,daily,VALID,OBSERVED
IN-TN-CHE,Chennai,13.0827,80.2707,nasa_power_prectotcorr_daily,PRECTOTCORR,precipitation,2.22,mm/day,2021-02-19T00:00:00Z,NASA POWER (MERRA-2),"https://power.larc.nasa.gov/api/temporal/daily/point?parameters=T2M,PRECTOTCORR&community=RE&longitude=80.2707&latitude=13.0827&start=20210101&end=20241231&format=JSON",0.5x0.625 deg,daily,VALID,OBSERVED
IN-TN-CHE,Chennai,13.0827,80.2707,nasa_power_t2m_daily,T2M,temperature_2m,25.38,C,2021-02-20T00:00:00Z,NASA POWER (MERRA-2),"https://power.larc.nasa.gov/api/temporal/daily/point?parameters=T2M,PRECTOTCORR&community=RE&longitude=80.2707&latitude=13.0827&start=20210101&end=20241231&format=JSON",0.5x0.625 deg,daily,VALID,OBSERVED
IN-TN-CHE,Chennai,13.0827,80.2707,nasa_power_prectotcorr_daily,PRECTOTCORR,precipitation,4.31,mm/day,2021-02-20T00:00:00Z,NASA POWER (MERRA-2),"https://power.larc.nasa.gov/api/temporal/daily/point?parameters=T2M,PRECTOTCORR&community=RE&longitude=80.2707&latitude=13.0827&start=20210101&end=20241231&format=JSON",0.5x0.625 deg,daily,VALID,OBSERVED
IN-TN-CHE,Chennai,13.0827,80.2707,nasa_power_t2m_daily,T2M,temperature_2m,25.14,C,2021-02-21T00:00:00Z,NASA POWER (MERRA-2),"https://power.larc.nasa.gov/api/temporal/daily/point?parameters=T2M,PRECTOTCORR&community=RE&longitude=80.2707&latitude=13.0827&start=20210101&end=20241231&format=JSON",0.5x0.625 deg,daily,VALID,OBSERVED
IN-TN-CHE,Chennai,13.0827,80.2707,nasa_power_prectotcorr_daily,PRECTOTCORR,precipitation,16.57,mm/day,2021-02-21T00:00:00Z,NASA POWER (MERRA-2),"https://power.larc.nasa.gov/api/temporal/daily/point?parameters=T2M,PRECTOTCORR&community=RE&longitude=80.2707&latitude=13.0827&start=20210101&end=20241231&format=JSON",0.5x0.625 deg,daily,VALID,OBSERVED
IN-TN-CHE,Chennai,13.0827,80.2707,nasa_power_t2m_daily,T2M,temperature_2m,25.44,C,2021-02-22T00:00:00Z,NASA POWER (MERRA-2),"https://power.larc.nasa.gov/api/temporal/daily/point?parameters=T2M,PRECTOTCORR&community=RE&longitude=80.2707&latitude=13.0827&start=20210101&end=20241231&format=JSON",0.5x0.625 deg,daily,VALID,OBSERVED
IN-TN-CHE,Chennai,13.0827,80.2707,nasa_power_prectotcorr_daily,PRECTOTCORR,precipitation,0.17,mm/day,2021-02-22T00:00:00Z,NASA POWER (MERRA-2),"https://power.larc.nasa.gov/api/temporal/daily/point?parameters=T2M,PRECTOTCORR&community=RE&longitude=80.2707&latitude=13.0827&start=20210101&end=20241231&format=JSON",0.5x0.625 deg,daily,VALID,OBSERVED
IN-TN-CHE,Chennai,13.0827,80.2707,nasa_power_t2m_daily,T2M,temperature_2m,25.11,C,2021-02-23T00:00:00Z,NASA POWER (MERRA-2),"https://power.larc.nasa.gov/api/temporal/daily/point?parameters=T2M,PRECTOTCORR&community=RE&longitude=80.2707&latitude=13.0827&start=20210101&end=20241231&format=JSON",0.5x0.625 deg,daily,VALID,OBSERVED
IN-TN-CHE,Chennai,13.0827,80.2707,nasa_power_prectotcorr_daily,PRECTOTCORR,precipitation,0.0,mm/day,2021-02-23T00:00:00Z,NASA POWER (MERRA-2),"https://power.larc.nasa.gov/api/temporal/daily/point?parameters=T2M,PRECTOTCORR&community=RE&longitude=80.2707&latitude=13.0827&start=20210101&end=20241231&format=JSON",0.5x0.625 deg,daily,VALID,OBSERVED
IN-TN-CHE,Chennai,13.0827,80.2707,nasa_power_t2m_daily,T2M,temperature_2m,25.0,C,2021-02-24T00:00:00Z,NASA POWER (MERRA-2),"https://power.larc.nasa.gov/api/temporal/daily/point?parameters=T2M,PRECTOTCORR&community=RE&longitude=80.2707&latitude=13.0827&start=20210101&end=20241231&format=JSON",0.5x0.625 deg,daily,VALID,OBSERVED
IN-TN-CHE,Chennai,13.0827,80.2707,nasa_power_prectotcorr_daily,PRECTOTCORR,precipitation,0.0,mm/day,2021-02-24T00:00:00Z,NASA POWER (MERRA-2),"https://power.larc.nasa.gov/api/temporal/daily/point?parameters=T2M,PRECTOTCORR&community=RE&longitude=80.2707&latitude=13.0827&start=20210101&end=20241231&format=JSON",0.5x0.625 deg,daily,VALID,OBSERVED
IN-TN-CHE,Chennai,13.0827,80.2707,nasa_power_t2m_daily,T2M,temperature_2m,25.21,C,2021-02-25T00:00:00Z,NASA POWER (MERRA-2),"https://power.larc.nasa.gov/api/temporal/daily/point?parameters=T2M,PRECTOTCORR&community=RE&longitude=80.2707&latitude=13.0827&start=20210101&end=20241231&format=JSON",0.5x0.625 deg,daily,VALID,OBSERVED
IN-TN-CHE,Chennai,13.0827,80.2707,nasa_power_prectotcorr_daily,PRECTOTCORR,precipitation,0.0,mm/day,2021-02-25T00:00:00Z,NASA POWER (MERRA-2),"https://power.larc.nasa.gov/api/temporal/daily/point?parameters=T2M,PRECTOTCORR&community=RE&longitude=80.2707&latitude=13.0827&start=20210101&end=20241231&format=JSON",0.5x0.625 deg,daily,VALID,OBSERVED
IN-TN-CHE,Chennai,13.0827,80.2707,nasa_power_t2m_daily,T2M,temperature_2m,25.26,C,2021-02-26T00:00:00Z,NASA POWER (MERRA-2),"https://power.larc.nasa.gov/api/temporal/daily/point?parameters=T2M,PRECTOTCORR&community=RE&longitude=80.2707&latitude=13.0827&start=20210101&end=20241231&format=JSON",0.5x0.625 deg,daily,VALID,OBSERVED
IN-TN-CHE,Chennai,13.0827,80.2707,nasa_power_prectotcorr_daily,PRECTOTCORR,precipitation,0.0,mm/day,2021-02-26T00:00:00Z,NASA POWER (MERRA-2),"https://power.larc.nasa.gov/api/temporal/daily/point?parameters=T2M,PRECTOTCORR&community=RE&longitude=80.2707&latitude=13.0827&start=20210101&end=20241231&format=JSON",0.5x0.625 deg,daily,VALID,OBSERVED
IN-TN-CHE,Chennai,13.0827,80.2707,nasa_power_t2m_daily,T2M,temperature_2m,25.35,C,2021-02-27T00:00:00Z,NASA POWER (MERRA-2),"https://power.larc.nasa.gov/api/temporal/daily/point?parameters=T2M,PRECTOTCORR&community=RE&longitude=80.2707&latitude=13.0827&start=20210101&end=20241231&format=JSON",0.5x0.625 deg,daily,VALID,OBSERVED
IN-TN-CHE,Chennai,13.0827,80.2707,nasa_power_prectotcorr_daily,PRECTOTCORR,precipitation,0.0,mm/day,2021-02-27T00:00:00Z,NASA POWER (MERRA-2),"https://power.larc.nasa.gov/api/temporal/daily/point?parameters=T2M,PRECTOTCORR&community=RE&longitude=80.2707&latitude=13.0827&start=20210101&end=20241231&format=JSON",0.5x0.625 deg,daily,VALID,OBSERVED
IN-TN-CHE,Chennai,13.0827,80.2707,nasa_power_t2m_daily,T2M,temperature_2m,25.31,C,2021-02-28T00:00:00Z,NASA POWER (MERRA-2),"https://power.larc.nasa.gov/api/temporal/daily/point?parameters=T2M,PRECTOTCORR&community=RE&longitude=80.2707&latitude=13.0827&start=20210101&end=20241231&format=JSON",0.5x0.625 deg,daily,VALID,OBSERVED
IN-TN-CHE,Chennai,13.0827,80.2707,nasa_power_prectotcorr_daily,PRECTOTCORR,precipitation,0.0,mm/day,2021-02-28T00:00:00Z,NASA POWER (MERRA-2),"https://power.larc.nasa.gov/api/temporal/daily/point?parameters=T2M,PRECTOTCORR&community=RE&longitude=80.2707&latitude=13.0827&start=20210101&end=20241231&format=JSON",0.5x0.625 deg,daily,VALID,OBSERVED
IN-TN-CHE,Chennai,13.0827,80.2707,nasa_power_t2m_daily,T2M,temperature_2m,26.05,C,2021-03-01T00:00:00Z,NASA POWER (MERRA-2),"https://power.larc.nasa.gov/api/temporal/daily/point?parameters=T2M,PRECTOTCORR&community=RE&longitude=80.2707&latitude=13.0827&start=20210101&end=20241231&format=JSON",0.5x0.625 deg,daily,VALID,OBSERVED
IN-TN-CHE,Chennai,13.0827,80.2707,nasa_power_prectotcorr_daily,PRECTOTCORR,precipitation,0.0,mm/day,2021-03-01T00:00:00Z,NASA POWER (MERRA-2),"https://power.larc.nasa.gov/api/temporal/daily/point?parameters=T2M,PRECTOTCORR&community=RE&longitude=80.2707&latitude=13.0827&start=20210101&end=20241231&format=JSON",0.5x0.625 deg,daily,VALID,OBSERVED
IN-TN-CHE,Chennai,13.0827,80.2707,nasa_power_t2m_daily,T2M,temperature_2m,25.73,C,2021-03-02T00:00:00Z,NASA POWER (MERRA-2),"https://power.larc.nasa.gov/api/temporal/daily/point?parameters=T2M,PRECTOTCORR&community=RE&longitude=80.2707&latitude=13.0827&start=20210101&end=20241231&format=JSON",0.5x0.625 deg,daily,VALID,OBSERVED
IN-TN-CHE,Chennai,13.0827,80.2707,nasa_power_prectotcorr_daily,PRECTOTCORR,precipitation,0.0,mm/day,2021-03-02T00:00:00Z,NASA POWER (MERRA-2),"https://power.larc.nasa.gov/api/temporal/daily/point?parameters=T2M,PRECTOTCORR&community=RE&longitude=80.2707&latitude=13.0827&start=20210101&end=20241231&format=JSON",0.5x0.625 deg,daily,VALID,OBSERVED
IN-TN-CHE,Chennai,13.0827,80.2707,nasa_power_t2m_daily,T2M,temperature_2m,25.52,C,2021-03-03T00:00:00Z,NASA POWER (MERRA-2),"https://power.larc.nasa.gov/api/temporal/daily/point?parameters=T2M,PRECTOTCORR&community=RE&longitude=80.2707&latitude=13.0827&start=20210101&end=20241231&format=JSON",0.5x0.625 deg,daily,VALID,OBSERVED
IN-TN-CHE,Chennai,13.0827,80.2707,nasa_power_prectotcorr_daily,PRECTOTCORR,precipitation,0.0,mm/day,2021-03-03T00:00:00Z,NASA POWER (MERRA-2),"https://power.larc.nasa.gov/api/temporal/daily/point?parameters=T2M,PRECTOTCORR&community=RE&longitude=80.2707&latitude=13.0827&start=20210101&end=20241231&format=JSON",0.5x0.625 deg,daily,VALID,OBSERVED
IN-TN-CHE,Chennai,13.0827,80.2707,nasa_power_t2m_daily,T2M,temperature_2m,25.64,C,2021-03-04T00:00:00Z,NASA POWER (MERRA-2),"https://power.larc.nasa.gov/api/temporal/daily/point?parameters=T2M,PRECTOTCORR&community=RE&longitude=80.2707&latitude=13.0827&start=20210101&end=20241231&format=JSON",0.5x0.625 deg,daily,VALID,OBSERVED
IN-TN-CHE,Chennai,13.0827,80.2707,nasa_power_prectotcorr_daily,PRECTOTCORR,precipitation,0.0,mm/day,2021-03-04T00:00:00Z,NASA POWER (MERRA-2),"https://power.larc.nasa.gov/api/temporal/daily/point?parameters=T2M,PRECTOTCORR&community=RE&longitude=80.2707&latitude=13.0827&start=20210101&end=20241231&format=JSON",0.5x0.625 deg,daily,VALID,OBSERVED
IN-TN-CHE,Chennai,13.0827,80.2707,nasa_power_t2m_daily,T2M,temperature_2m,25.56,C,2021-03-05T00:00:00Z,NASA POWER (MERRA-2),"https://power.larc.nasa.gov/api/temporal/daily/point?parameters=T2M,PRECTOTCORR&community=RE&longitude=80.2707&latitude=13.0827&start=20210101&end=20241231&format=JSON",0.5x0.625 deg,daily,VALID,OBSERVED
IN-TN-CHE,Chennai,13.0827,80.2707,nasa_power_prectotcorr_daily,PRECTOTCORR,precipitation,0.0,mm/day,2021-03-05T00:00:00Z,NASA POWER (MERRA-2),"https://power.larc.nasa.gov/api/temporal/daily/point?parameters=T2M,PRECTOTCORR&community=RE&longitude=80.2707&latitude=13.0827&start=20210101&end=20241231&format=JSON",0.5x0.625 deg,daily,VALID,OBSERVED
IN-TN-CHE,Chennai,13.0827,80.2707,nasa_power_t2m_daily,T2M,temperature_2m,26.38,C,2021-03-06T00:00:00Z,NASA POWER (MERRA-2),"https://power.larc.nasa.gov/api/temporal/daily/point?parameters=T2M,PRECTOTCORR&community=RE&longitude=80.2707&latitude=13.0827&start=20210101&end=20241231&format=JSON",0.5x0.625 deg,daily,VALID,OBSERVED
IN-TN-CHE,Chennai,13.0827,80.2707,nasa_power_prectotcorr_daily,PRECTOTCORR,precipitation,0.0,mm/day,2021-03-06T00:00:00Z,NASA POWER (MERRA-2),"https://power.larc.nasa.gov/api/temporal/daily/point?parameters=T2M,PRECTOTCORR&community=RE&longitude=80.2707&latitude=13.0827&start=20210101&end=20241231&format=JSON",0.5x0.625 deg,daily,VALID,OBSERVED
IN-TN-CHE,Chennai,13.0827,80.2707,nasa_power_t2m_daily,T2M,temperature_2m,26.48,C,2021-03-07T00:00:00Z,NASA POWER (MERRA-2),"https://power.larc.nasa.gov/api/temporal/daily/point?parameters=T2M,PRECTOTCORR&community=RE&longitude=80.2707&latitude=13.0827&start=20210101&end=20241231&format=JSON",0.5x0.625 deg,daily,VALID,OBSERVED
IN-TN-CHE,Chennai,13.0827,80.2707,nasa_power_prectotcorr_daily,PRECTOTCORR,precipitation,0.0,mm/day,2021-03-07T00:00:00Z,NASA POWER (MERRA-2),"https://power.larc.nasa.gov/api/temporal/daily/point?parameters=T2M,PRECTOTCORR&community=RE&longitude=80.2707&latitude=13.0827&start=20210101&end=20241231&format=JSON",0.5x0.625 deg,daily,VALID,OBSERVED
IN-TN-CHE,Chennai,13.0827,80.2707,nasa_power_t2m_daily,T2M,temperature_2m,26.69,C,2021-03-08T00:00:00Z,NASA POWER (MERRA-2),"https://power.larc.nasa.gov/api/temporal/daily/point?parameters=T2M,PRECTOTCORR&community=RE&longitude=80.2707&latitude=13.0827&start=20210101&end=20241231&format=JSON",0.5x0.625 deg,daily,VALID,OBSERVED
IN-TN-CHE,Chennai,13.0827,80.2707,nasa_power_prectotcorr_daily,PRECTOTCORR,precipitation,0.0,mm/day,2021-03-08T00:00:00Z,NASA POWER (MERRA-2),"https://power.larc.nasa.gov/api/temporal/daily/point?parameters=T2M,PRECTOTCORR&community=RE&longitude=80.2707&latitude=13.0827&start=20210101&end=20241231&format=JSON",0.5x0.625 deg,daily,VALID,OBSERVED
IN-TN-CHE,Chennai,13.0827,80.2707,nasa_power_t2m_daily,T2M,temperature_2m,26.8,C,2021-03-09T00:00:00Z,NASA POWER (MERRA-2),"https://power.larc.nasa.gov/api/temporal/daily/point?parameters=T2M,PRECTOTCORR&community=RE&longitude=80.2707&latitude=13.0827&start=20210101&end=20241231&format=JSON",0.5x0.625 deg,daily,VALID,OBSERVED
IN-TN-CHE,Chennai,13.0827,80.2707,nasa_power_prectotcorr_daily,PRECTOTCORR,precipitation,0.01,mm/day,2021-03-09T00:00:00Z,NASA POWER (MERRA-2),"https://power.larc.nasa.gov/api/temporal/daily/point?parameters=T2M,PRECTOTCORR&community=RE&longitude=80.2707&latitude=13.0827&start=20210101&end=20241231&format=JSON",0.5x0.625 deg,daily,VALID,OBSERVED
IN-TN-CHE,Chennai,13.0827,80.2707,nasa_power_t2m_daily,T2M,temperature_2m,27.19,C,2021-03-10T00:00:00Z,NASA POWER (MERRA-2),"https://power.larc.nasa.gov/api/temporal/daily/point?parameters=T2M,PRECTOTCORR&community=RE&longitude=80.2707&latitude=13.0827&start=20210101&end=20241231&format=JSON",0.5x0.625 deg,daily,VALID,OBSERVED
IN-TN-CHE,Chennai,13.0827,80.2707,nasa_power_prectotcorr_daily,PRECTOTCORR,precipitation,0.0,mm/day,2021-03-10T00:00:00Z,NASA POWER (MERRA-2),"https://power.larc.nasa.gov/api/temporal/daily/point?parameters=T2M,PRECTOTCORR&community=RE&longitude=80.2707&latitude=13.0827&start=20210101&end=20241231&format=JSON",0.5x0.625 deg,daily,VALID,OBSERVED
IN-TN-CHE,Chennai,13.0827,80.2707,nasa_power_t2m_daily,T2M,temperature_2m,27.25,C,2021-03-11T00:00:00Z,NASA POWER (MERRA-2),"https://power.larc.nasa.gov/api/temporal/daily/point?parameters=T2M,PRECTOTCORR&community=RE&longitude=80.2707&latitude=13.0827&start=20210101&end=20241231&format=JSON",0.5x0.625 deg,daily,VALID,OBSERVED
IN-TN-CHE,Chennai,13.0827,80.2707,nasa_power_prectotcorr_daily,PRECTOTCORR,precipitation,0.0,mm/day,2021-03-11T00:00:00Z,NASA POWER (MERRA-2),"https://power.larc.nasa.gov/api/temporal/daily/point?parameters=T2M,PRECTOTCORR&community=RE&longitude=80.2707&latitude=13.0827&start=20210101&end=20241231&format=JSON",0.5x0.625 deg,daily,VALID,OBSERVED
IN-TN-CHE,Chennai,13.0827,80.2707,nasa_power_t2m_daily,T2M,temperature_2m,26.05,C,2021-03-12T00:00:00Z,NASA POWER (MERRA-2),"https://power.larc.nasa.gov/api/temporal/daily/point?parameters=T2M,PRECTOTCORR&community=RE&longitude=80.2707&latitude=13.0827&start=20210101&end=20241231&format=JSON",0.5x0.625 deg,daily,VALID,OBSERVED
IN-TN-CHE,Chennai,13.0827,80.2707,nasa_power_prectotcorr_daily,PRECTOTCORR,precipitation,0.0,mm/day,2021-03-12T00:00:00Z,NASA POWER (MERRA-2),"https://power.larc.nasa.gov/api/temporal/daily/point?parameters=T2M,PRECTOTCORR&community=RE&longitude=80.2707&latitude=13.0827&start=20210101&end=20241231&format=JSON",0.5x0.625 deg,daily,VALID,OBSERVED
IN-TN-CHE,Chennai,13.0827,80.2707,nasa_power_t2m_daily,T2M,temperature_2m,26.75,C,2021-03-13T00:00:00Z,NASA POWER (MERRA-2),"https://power.larc.nasa.gov/api/temporal/daily/point?parameters=T2M,PRECTOTCORR&community=RE&longitude=80.2707&latitude=13.0827&start=20210101&end=20241231&format=JSON",0.5x0.625 deg,daily,VALID,OBSERVED
IN-TN-CHE,Chennai,13.0827,80.2707,nasa_power_prectotcorr_daily,PRECTOTCORR,precipitation,0.0,mm/day,2021-03-13T00:00:00Z,NASA POWER (MERRA-2),"https://power.larc.nasa.gov/api/temporal/daily/point?parameters=T2M,PRECTOTCORR&community=RE&longitude=80.2707&latitude=13.0827&start=20210101&end=20241231&format=JSON",0.5x0.625 deg,daily,VALID,OBSERVED
IN-TN-CHE,Chennai,13.0827,80.2707,nasa_power_t2m_daily,T2M,temperature_2m,27.07,C,2021-03-14T00:00:00Z,NASA POWER (MERRA-2),"https://power.larc.nasa.gov/api/temporal/daily/point?parameters=T2M,PRECTOTCORR&community=RE&longitude=80.2707&latitude=13.0827&start=20210101&end=20241231&format=JSON",0.5x0.625 deg,daily,VALID,OBSERVED
IN-TN-CHE,Chennai,13.0827,80.2707,nasa_power_prectotcorr_daily,PRECTOTCORR,precipitation,0.0,mm/day,2021-03-14T00:00:00Z,NASA POWER (MERRA-2),"https://power.larc.nasa.gov/api/temporal/daily/point?parameters=T2M,PRECTOTCORR&community=RE&longitude=80.2707&latitude=13.0827&start=20210101&end=20241231&format=JSON",0.5x0.625 deg,daily,VALID,OBSERVED
IN-TN-CHE,Chennai,13.0827,80.2707,nasa_power_t2m_daily,T2M,temperature_2m,27.6,C,2021-03-15T00:00:00Z,NASA POWER (MERRA-2),"https://power.larc.nasa.gov/api/temporal/daily/point?parameters=T2M,PRECTOTCORR&community=RE&longitude=80.2707&latitude=13.0827&start=20210101&end=20241231&format=JSON",0.5x0.625 deg,daily,VALID,OBSERVED
IN-TN-CHE,Chennai,13.0827,80.2707,nasa_power_prectotcorr_daily,PRECTOTCORR,precipitation,0.0,mm/day,2021-03-15T00:00:00Z,NASA POWER (MERRA-2),"https://power.larc.nasa.gov/api/temporal/daily/point?parameters=T2M,PRECTOTCORR&community=RE&longitude=80.2707&latitude=13.0827&start=20210101&end=20241231&format=JSON",0.5x0.625 deg,daily,VALID,OBSERVED
IN-TN-CHE,Chennai,13.0827,80.2707,nasa_power_t2m_daily,T2M,temperature_2m,27.36,C,2021-03-16T00:00:00Z,NASA POWER (MERRA-2),"https://power.larc.nasa.gov/api/temporal/daily/point?parameters=T2M,PRECTOTCORR&community=RE&longitude=80.2707&latitude=13.0827&start=20210101&end=20241231&format=JSON",0.5x0.625 deg,daily,VALID,OBSERVED
IN-TN-CHE,Chennai,13.0827,80.2707,nasa_power_prectotcorr_daily,PRECTOTCORR,precipitation,0.0,mm/day,2021-03-16T00:00:00Z,NASA POWER (MERRA-2),"https://power.larc.nasa.gov/api/temporal/daily/point?parameters=T2M,PRECTOTCORR&community=RE&longitude=80.2707&latitude=13.0827&start=20210101&end=20241231&format=JSON",0.5x0.625 deg,daily,VALID,OBSERVED
IN-TN-CHE,Chennai,13.0827,80.2707,nasa_power_t2m_daily,T2M,temperature_2m,27.66,C,2021-03-17T00:00:00Z,NASA POWER (MERRA-2),"https://power.larc.nasa.gov/api/temporal/daily/point?parameters=T2M,PRECTOTCORR&community=RE&longitude=80.2707&latitude=13.0827&start=20210101&end=20241231&format=JSON",0.5x0.625 deg,daily,VALID,OBSERVED
IN-TN-CHE,Chennai,13.0827,80.2707,nasa_power_prectotcorr_daily,PRECTOTCORR,precipitation,0.0,mm/day,2021-03-17T00:00:00Z,NASA POWER (MERRA-2),"https://power.larc.nasa.gov/api/temporal/daily/point?parameters=T2M,PRECTOTCORR&community=RE&longitude=80.2707&latitude=13.0827&start=20210101&end=20241231&format=JSON",0.5x0.625 deg,daily,VALID,OBSERVED
IN-TN-CHE,Chennai,13.0827,80.2707,nasa_power_t2m_daily,T2M,temperature_2m,27.14,C,2021-03-18T00:00:00Z,NASA POWER (MERRA-2),"https://power.larc.nasa.gov/api/temporal/daily/point?parameters=T2M,PRECTOTCORR&community=RE&longitude=80.2707&latitude=13.0827&start=20210101&end=20241231&format=JSON",0.5x0.625 deg,daily,VALID,OBSERVED
IN-TN-CHE,Chennai,13.0827,80.2707,nasa_power_prectotcorr_daily,PRECTOTCORR,precipitation,0.0,mm/day,2021-03-18T00:00:00Z,NASA POWER (MERRA-2),"https://power.larc.nasa.gov/api/temporal/daily/point?parameters=T2M,PRECTOTCORR&community=RE&longitude=80.2707&latitude=13.0827&start=20210101&end=20241231&format=JSON",0.5x0.625 deg,daily,VALID,OBSERVED
IN-TN-CHE,Chennai,13.0827,80.2707,nasa_power_t2m_daily,T2M,temperature_2m,27.39,C,2021-03-19T00:00:00Z,NASA POWER (MERRA-2),"https://power.larc.nasa.gov/api/temporal/daily/point?parameters=T2M,PRECTOTCORR&community=RE&longitude=80.2707&latitude=13.0827&start=20210101&end=20241231&format=JSON",0.5x0.625 deg,daily,VALID,OBSERVED
IN-TN-CHE,Chennai,13.0827,80.2707,nasa_power_prectotcorr_daily,PRECTOTCORR,precipitation,0.0,mm/day,2021-03-19T00:00:00Z,NASA POWER (MERRA-2),"https://power.larc.nasa.gov/api/temporal/daily/point?parameters=T2M,PRECTOTCORR&community=RE&longitude=80.2707&latitude=13.0827&start=20210101&end=20241231&format=JSON",0.5x0.625 deg,daily,VALID,OBSERVED
IN-TN-CHE,Chennai,13.0827,80.2707,nasa_power_t2m_daily,T2M,temperature_2m,27.23,C,2021-03-20T00:00:00Z,NASA POWER (MERRA-2),"https://power.larc.nasa.gov/api/temporal/daily/point?parameters=T2M,PRECTOTCORR&community=RE&longitude=80.2707&latitude=13.0827&start=20210101&end=20241231&format=JSON",0.5x0.625 deg,daily,VALID,OBSERVED
IN-TN-CHE,Chennai,13.0827,80.2707,nasa_power_prectotcorr_daily,PRECTOTCORR,precipitation,0.0,mm/day,2021-03-20T00:00:00Z,NASA POWER (MERRA-2),"https://power.larc.nasa.gov/api/temporal/daily/point?parameters=T2M,PRECTOTCORR&community=RE&longitude=80.2707&latitude=13.0827&start=20210101&end=20241231&format=JSON",0.5x0.625 deg,daily,VALID,OBSERVED
IN-TN-CHE,Chennai,13.0827,80.2707,nasa_power_t2m_daily,T2M,temperature_2m,27.81,C,2021-03-21T00:00:00Z,NASA POWER (MERRA-2),"https://power.larc.nasa.gov/api/temporal/daily/point?parameters=T2M,PRECTOTCORR&community=RE&longitude=80.2707&latitude=13.0827&start=20210101&end=20241231&format=JSON",0.5x0.625 deg,daily,VALID,OBSERVED
IN-TN-CHE,Chennai,13.0827,80.2707,nasa_power_prectotcorr_daily,PRECTOTCORR,precipitation,0.0,mm/day,2021-03-21T00:00:00Z,NASA POWER (MERRA-2),"https://power.larc.nasa.gov/api/temporal/daily/point?parameters=T2M,PRECTOTCORR&community=RE&longitude=80.2707&latitude=13.0827&start=20210101&end=20241231&format=JSON",0.5x0.625 deg,daily,VALID,OBSERVED
IN-TN-CHE,Chennai,13.0827,80.2707,nasa_power_t2m_daily,T2M,temperature_2m,28.18,C,2021-03-22T00:00:00Z,NASA POWER (MERRA-2),"https://power.larc.nasa.gov/api/temporal/daily/point?parameters=T2M,PRECTOTCORR&community=RE&longitude=80.2707&latitude=13.0827&start=20210101&end=20241231&format=JSON",0.5x0.625 deg,daily,VALID,OBSERVED
IN-TN-CHE,Chennai,13.0827,80.2707,nasa_power_prectotcorr_daily,PRECTOTCORR,precipitation,0.0,mm/day,2021-03-22T00:00:00Z,NASA POWER (MERRA-2),"https://power.larc.nasa.gov/api/temporal/daily/point?parameters=T2M,PRECTOTCORR&community=RE&longitude=80.2707&latitude=13.0827&start=20210101&end=20241231&format=JSON",0.5x0.625 deg,daily,VALID,OBSERVED
IN-TN-CHE,Chennai,13.0827,80.2707,nasa_power_t2m_daily,T2M,temperature_2m,28.05,C,2021-03-23T00:00:00Z,NASA POWER (MERRA-2),"https://power.larc.nasa.gov/api/temporal/daily/point?parameters=T2M,PRECTOTCORR&community=RE&longitude=80.2707&latitude=13.0827&start=20210101&end=20241231&format=JSON",0.5x0.625 deg,daily,VALID,OBSERVED
IN-TN-CHE,Chennai,13.0827,80.2707,nasa_power_prectotcorr_daily,PRECTOTCORR,precipitation,0.0,mm/day,2021-03-23T00:00:00Z,NASA POWER (MERRA-2),"https://power.larc.nasa.gov/api/temporal/daily/point?parameters=T2M,PRECTOTCORR&community=RE&longitude=80.2707&latitude=13.0827&start=20210101&end=20241231&format=JSON",0.5x0.625 deg,daily,VALID,OBSERVED
IN-TN-CHE,Chennai,13.0827,80.2707,nasa_power_t2m_daily,T2M,temperature_2m,28.32,C,2021-03-24T00:00:00Z,NASA POWER (MERRA-2),"https://power.larc.nasa.gov/api/temporal/daily/point?parameters=T2M,PRECTOTCORR&community=RE&longitude=80.2707&latitude=13.0827&start=20210101&end=20241231&format=JSON",0.5x0.625 deg,daily,VALID,OBSERVED
IN-TN-CHE,Chennai,13.0827,80.2707,nasa_power_prectotcorr_daily,PRECTOTCORR,precipitation,0.0,mm/day,2021-03-24T00:00:00Z,NASA POWER (MERRA-2),"https://power.larc.nasa.gov/api/temporal/daily/point?parameters=T2M,PRECTOTCORR&community=RE&longitude=80.2707&latitude=13.0827&start=20210101&end=20241231&format=JSON",0.5x0.625 deg,daily,VALID,OBSERVED
IN-TN-CHE,Chennai,13.0827,80.2707,nasa_power_t2m_daily,T2M,temperature_2m,28.49,C,2021-03-25T00:00:00Z,NASA POWER (MERRA-2),"https://power.larc.nasa.gov/api/temporal/daily/point?parameters=T2M,PRECTOTCORR&community=RE&longitude=80.2707&latitude=13.0827&start=20210101&end=20241231&format=JSON",0.5x0.625 deg,daily,VALID,OBSERVED
IN-TN-CHE,Chennai,13.0827,80.2707,nasa_power_prectotcorr_daily,PRECTOTCORR,precipitation,0.0,mm/day,2021-03-25T00:00:00Z,NASA POWER (MERRA-2),"https://power.larc.nasa.gov/api/temporal/daily/point?parameters=T2M,PRECTOTCORR&community=RE&longitude=80.2707&latitude=13.0827&start=20210101&end=20241231&format=JSON",0.5x0.625 deg,daily,VALID,OBSERVED
IN-TN-CHE,Chennai,13.0827,80.2707,nasa_power_t2m_daily,T2M,temperature_2m,28.34,C,2021-03-26T00:00:00Z,NASA POWER (MERRA-2),"https://power.larc.nasa.gov/api/temporal/daily/point?parameters=T2M,PRECTOTCORR&community=RE&longitude=80.2707&latitude=13.0827&start=20210101&end=20241231&format=JSON",0.5x0.625 deg,daily,VALID,OBSERVED
IN-TN-CHE,Chennai,13.0827,80.2707,nasa_power_prectotcorr_daily,PRECTOTCORR,precipitation,0.0,mm/day,2021-03-26T00:00:00Z,NASA POWER (MERRA-2),"https://power.larc.nasa.gov/api/temporal/daily/point?parameters=T2M,PRECTOTCORR&community=RE&longitude=80.2707&latitude=13.0827&start=20210101&end=20241231&format=JSON",0.5x0.625 deg,daily,VALID,OBSERVED
IN-TN-CHE,Chennai,13.0827,80.2707,nasa_power_t2m_daily,T2M,temperature_2m,29.16,C,2021-03-27T00:00:00Z,NASA POWER (MERRA-2),"https://power.larc.nasa.gov/api/temporal/daily/point?parameters=T2M,PRECTOTCORR&community=RE&longitude=80.2707&latitude=13.0827&start=20210101&end=20241231&format=JSON",0.5x0.625 deg,daily,VALID,OBSERVED
IN-TN-CHE,Chennai,13.0827,80.2707,nasa_power_prectotcorr_daily,PRECTOTCORR,precipitation,0.0,mm/day,2021-03-27T00:00:00Z,NASA POWER (MERRA-2),"https://power.larc.nasa.gov/api/temporal/daily/point?parameters=T2M,PRECTOTCORR&community=RE&longitude=80.2707&latitude=13.0827&start=20210101&end=20241231&format=JSON",0.5x0.625 deg,daily,VALID,OBSERVED
IN-TN-CHE,Chennai,13.0827,80.2707,nasa_power_t2m_daily,T2M,temperature_2m,29.4,C,2021-03-28T00:00:00Z,NASA POWER (MERRA-2),"https://power.larc.nasa.gov/api/temporal/daily/point?parameters=T2M,PRECTOTCORR&community=RE&longitude=80.2707&latitude=13.0827&start=20210101&end=20241231&format=JSON",0.5x0.625 deg,daily,VALID,OBSERVED
IN-TN-CHE,Chennai,13.0827,80.2707,nasa_power_prectotcorr_daily,PRECTOTCORR,precipitation,0.01,mm/day,2021-03-28T00:00:00Z,NASA POWER (MERRA-2),"https://power.larc.nasa.gov/api/temporal/daily/point?parameters=T2M,PRECTOTCORR&community=RE&longitude=80.2707&latitude=13.0827&start=20210101&end=20241231&format=JSON",0.5x0.625 deg,daily,VALID,OBSERVED
IN-TN-CHE,Chennai,13.0827,80.2707,nasa_power_t2m_daily,T2M,temperature_2m,29.75,C,2021-03-29T00:00:00Z,NASA POWER (MERRA-2),"https://power.larc.nasa.gov/api/temporal/daily/point?parameters=T2M,PRECTOTCORR&community=RE&longitude=80.2707&latitude=13.0827&start=20210101&end=20241231&format=JSON",0.5x0.625 deg,daily,VALID,OBSERVED
IN-TN-CHE,Chennai,13.0827,80.2707,nasa_power_prectotcorr_daily,PRECTOTCORR,precipitation,0.0,mm/day,2021-03-29T00:00:00Z,NASA POWER (MERRA-2),"https://power.larc.nasa.gov/api/temporal/daily/point?parameters=T2M,PRECTOTCORR&community=RE&longitude=80.2707&latitude=13.0827&start=20210101&end=20241231&format=JSON",0.5x0.625 deg,daily,VALID,OBSERVED
IN-TN-CHE,Chennai,13.0827,80.2707,nasa_power_t2m_daily,T2M,temperature_2m,30.43,C,2021-03-30T00:00:00Z,NASA POWER (MERRA-2),"https://power.larc.nasa.gov/api/temporal/daily/point?parameters=T2M,PRECTOTCORR&community=RE&longitude=80.2707&latitude=13.0827&start=20210101&end=20241231&format=JSON",0.5x0.625 deg,daily,VALID,OBSERVED
IN-TN-CHE,Chennai,13.0827,80.2707,nasa_power_prectotcorr_daily,PRECTOTCORR,precipitation,0.0,mm/day,2021-03-30T00:00:00Z,NASA POWER (MERRA-2),"https://power.larc.nasa.gov/api/temporal/daily/point?parameters=T2M,PRECTOTCORR&community=RE&longitude=80.2707&latitude=13.0827&start=20210101&end=20241231&format=JSON",0.5x0.625 deg,daily,VALID,OBSERVED
IN-TN-CHE,Chennai,13.0827,80.2707,nasa_power_t2m_daily,T2M,temperature_2m,31.29,C,2021-03-31T00:00:00Z,NASA POWER (MERRA-2),"https://power.larc.nasa.gov/api/temporal/daily/point?parameters=T2M,PRECTOTCORR&community=RE&longitude=80.2707&latitude=13.0827&start=20210101&end=20241231&format=JSON",0.5x0.625 deg,daily,VALID,OBSERVED
IN-TN-CHE,Chennai,13.0827,80.2707,nasa_power_prectotcorr_daily,PRECTOTCORR,precipitation,0.0,mm/day,2021-03-31T00:00:00Z,NASA POWER (MERRA-2),"https://power.larc.nasa.gov/api/temporal/daily/point?parameters=T2M,PRECTOTCORR&community=RE&longitude=80.2707&latitude=13.0827&start=20210101&end=20241231&format=JSON",0.5x0.625 deg,daily,VALID,OBSERVED
IN-TN-CHE,Chennai,13.0827,80.2707,nasa_power_t2m_daily,T2M,temperature_2m,31.69,C,2021-04-01T00:00:00Z,NASA POWER (MERRA-2),"https://power.larc.nasa.gov/api/temporal/daily/point?parameters=T2M,PRECTOTCORR&community=RE&longitude=80.2707&latitude=13.0827&start=20210101&end=20241231&format=JSON",0.5x0.625 deg,daily,VALID,OBSERVED
IN-TN-CHE,Chennai,13.0827,80.2707,nasa_power_prectotcorr_daily,PRECTOTCORR,precipitation,0.0,mm/day,2021-04-01T00:00:00Z,NASA POWER (MERRA-2),"https://power.larc.nasa.gov/api/temporal/daily/point?parameters=T2M,PRECTOTCORR&community=RE&longitude=80.2707&latitude=13.0827&start=20210101&end=20241231&format=JSON",0.5x0.625 deg,daily,VALID,OBSERVED
IN-TN-CHE,Chennai,13.0827,80.2707,nasa_power_t2m_daily,T2M,temperature_2m,32.34,C,2021-04-02T00:00:00Z,NASA POWER (MERRA-2),"https://power.larc.nasa.gov/api/temporal/daily/point?parameters=T2M,PRECTOTCORR&community=RE&longitude=80.2707&latitude=13.0827&start=20210101&end=20241231&format=JSON",0.5x0.625 deg,daily,VALID,OBSERVED
IN-TN-CHE,Chennai,13.0827,80.2707,nasa_power_prectotcorr_daily,PRECTOTCORR,precipitation,0.0,mm/day,2021-04-02T00:00:00Z,NASA POWER (MERRA-2),"https://power.larc.nasa.gov/api/temporal/daily/point?parameters=T2M,PRECTOTCORR&community=RE&longitude=80.2707&latitude=13.0827&start=20210101&end=20241231&format=JSON",0.5x0.625 deg,daily,VALID,OBSERVED
IN-TN-CHE,Chennai,13.0827,80.2707,nasa_power_t2m_daily,T2M,temperature_2m,31.69,C,2021-04-03T00:00:00Z,NASA POWER (MERRA-2),"https://power.larc.nasa.gov/api/temporal/daily/point?parameters=T2M,PRECTOTCORR&community=RE&longitude=80.2707&latitude=13.0827&start=20210101&end=20241231&format=JSON",0.5x0.625 deg,daily,VALID,OBSERVED
IN-TN-CHE,Chennai,13.0827,80.2707,nasa_power_prectotcorr_daily,PRECTOTCORR,precipitation,0.0,mm/day,2021-04-03T00:00:00Z,NASA POWER (MERRA-2),"https://power.larc.nasa.gov/api/temporal/daily/point?parameters=T2M,PRECTOTCORR&community=RE&longitude=80.2707&latitude=13.0827&start=20210101&end=20241231&format=JSON",0.5x0.625 deg,daily,VALID,OBSERVED
IN-TN-CHE,Chennai,13.0827,80.2707,nasa_power_t2m_daily,T2M,temperature_2m,31.45,C,2021-04-04T00:00:00Z,NASA POWER (MERRA-2),"https://power.larc.nasa.gov/api/temporal/daily/point?parameters=T2M,PRECTOTCORR&community=RE&longitude=80.2707&latitude=13.0827&start=20210101&end=20241231&format=JSON",0.5x0.625 deg,daily,VALID,OBSERVED
IN-TN-CHE,Chennai,13.0827,80.2707,nasa_power_prectotcorr_daily,PRECTOTCORR,precipitation,0.0,mm/day,2021-04-04T00:00:00Z,NASA POWER (MERRA-2),"https://power.larc.nasa.gov/api/temporal/daily/point?parameters=T2M,PRECTOTCORR&community=RE&longitude=80.2707&latitude=13.0827&start=20210101&end=20241231&format=JSON",0.5x0.625 deg,daily,VALID,OBSERVED
IN-TN-CHE,Chennai,13.0827,80.2707,nasa_power_t2m_daily,T2M,temperature_2m,30.34,C,2021-04-05T00:00:00Z,NASA POWER (MERRA-2),"https://power.larc.nasa.gov/api/temporal/daily/point?parameters=T2M,PRECTOTCORR&community=RE&longitude=80.2707&latitude=13.0827&start=20210101&end=20241231&format=JSON",0.5x0.625 deg,daily,VALID,OBSERVED
IN-TN-CHE,Chennai,13.0827,80.2707,nasa_power_prectotcorr_daily,PRECTOTCORR,precipitation,0.0,mm/day,2021-04-05T00:00:00Z,NASA POWER (MERRA-2),"https://power.larc.nasa.gov/api/temporal/daily/point?parameters=T2M,PRECTOTCORR&community=RE&longitude=80.2707&latitude=13.0827&start=20210101&end=20241231&format=JSON",0.5x0.625 deg,daily,VALID,OBSERVED
IN-TN-CHE,Chennai,13.0827,80.2707,nasa_power_t2m_daily,T2M,temperature_2m,29.56,C,2021-04-06T00:00:00Z,NASA POWER (MERRA-2),"https://power.larc.nasa.gov/api/temporal/daily/point?parameters=T2M,PRECTOTCORR&community=RE&longitude=80.2707&latitude=13.0827&start=20210101&end=20241231&format=JSON",0.5x0.625 deg,daily,VALID,OBSERVED
IN-TN-CHE,Chennai,13.0827,80.2707,nasa_power_prectotcorr_daily,PRECTOTCORR,precipitation,0.01,mm/day,2021-04-06T00:00:00Z,NASA POWER (MERRA-2),"https://power.larc.nasa.gov/api/temporal/daily/point?parameters=T2M,PRECTOTCORR&community=RE&longitude=80.2707&latitude=13.0827&start=20210101&end=20241231&format=JSON",0.5x0.625 deg,daily,VALID,OBSERVED
IN-TN-CHE,Chennai,13.0827,80.2707,nasa_power_t2m_daily,T2M,temperature_2m,29.35,C,2021-04-07T00:00:00Z,NASA POWER (MERRA-2),"https://power.larc.nasa.gov/api/temporal/daily/point?parameters=T2M,PRECTOTCORR&community=RE&longitude=80.2707&latitude=13.0827&start=20210101&end=20241231&format=JSON",0.5x0.625 deg,daily,VALID,OBSERVED
IN-TN-CHE,Chennai,13.0827,80.2707,nasa_power_prectotcorr_daily,PRECTOTCORR,precipitation,0.0,mm/day,2021-04-07T00:00:00Z,NASA POWER (MERRA-2),"https://power.larc.nasa.gov/api/temporal/daily/point?parameters=T2M,PRECTOTCORR&community=RE&longitude=80.2707&latitude=13.0827&start=20210101&end=20241231&format=JSON",0.5x0.625 deg,daily,VALID,OBSERVED
IN-TN-CHE,Chennai,13.0827,80.2707,nasa_power_t2m_daily,T2M,temperature_2m,29.06,C,2021-04-08T00:00:00Z,NASA POWER (MERRA-2),"https://power.larc.nasa.gov/api/temporal/daily/point?parameters=T2M,PRECTOTCORR&community=RE&longitude=80.2707&latitude=13.0827&start=20210101&end=20241231&format=JSON",0.5x0.625 deg,daily,VALID,OBSERVED
IN-TN-CHE,Chennai,13.0827,80.2707,nasa_power_prectotcorr_daily,PRECTOTCORR,precipitation,0.0,mm/day,2021-04-08T00:00:00Z,NASA POWER (MERRA-2),"https://power.larc.nasa.gov/api/temporal/daily/point?parameters=T2M,PRECTOTCORR&community=RE&longitude=80.2707&latitude=13.0827&start=20210101&end=20241231&format=JSON",0.5x0.625 deg,daily,VALID,OBSERVED
IN-TN-CHE,Chennai,13.0827,80.2707,nasa_power_t2m_daily,T2M,temperature_2m,28.9,C,2021-04-09T00:00:00Z,NASA POWER (MERRA-2),"https://power.larc.nasa.gov/api/temporal/daily/point?parameters=T2M,PRECTOTCORR&community=RE&longitude=80.2707&latitude=13.0827&start=20210101&end=20241231&format=JSON",0.5x0.625 deg,daily,VALID,OBSERVED
IN-TN-CHE,Chennai,13.0827,80.2707,nasa_power_prectotcorr_daily,PRECTOTCORR,precipitation,0.0,mm/day,2021-04-09T00:00:00Z,NASA POWER (MERRA-2),"https://power.larc.nasa.gov/api/temporal/daily/point?parameters=T2M,PRECTOTCORR&community=RE&longitude=80.2707&latitude=13.0827&start=20210101&end=20241231&format=JSON",0.5x0.625 deg,daily,VALID,OBSERVED
IN-TN-CHE,Chennai,13.0827,80.2707,nasa_power_t2m_daily,T2M,temperature_2m,29.41,C,2021-04-10T00:00:00Z,NASA POWER (MERRA-2),"https://power.larc.nasa.gov/api/temporal/daily/point?parameters=T2M,PRECTOTCORR&community=RE&longitude=80.2707&latitude=13.0827&start=20210101&end=20241231&format=JSON",0.5x0.625 deg,daily,VALID,OBSERVED
IN-TN-CHE,Chennai,13.0827,80.2707,nasa_power_prectotcorr_daily,PRECTOTCORR,precipitation,0.01,mm/day,2021-04-10T00:00:00Z,NASA POWER (MERRA-2),"https://power.larc.nasa.gov/api/temporal/daily/point?parameters=T2M,PRECTOTCORR&community=RE&longitude=80.2707&latitude=13.0827&start=20210101&end=20241231&format=JSON",0.5x0.625 deg,daily,VALID,OBSERVED
IN-TN-CHE,Chennai,13.0827,80.2707,nasa_power_t2m_daily,T2M,temperature_2m,29.83,C,2021-04-11T00:00:00Z,NASA POWER (MERRA-2),"https://power.larc.nasa.gov/api/temporal/daily/point?parameters=T2M,PRECTOTCORR&community=RE&longitude=80.2707&latitude=13.0827&start=20210101&end=20241231&format=JSON",0.5x0.625 deg,daily,VALID,OBSERVED
IN-TN-CHE,Chennai,13.0827,80.2707,nasa_power_prectotcorr_daily,PRECTOTCORR,precipitation,0.69,mm/day,2021-04-11T00:00:00Z,NASA POWER (MERRA-2),"https://power.larc.nasa.gov/api/temporal/daily/point?parameters=T2M,PRECTOTCORR&community=RE&longitude=80.2707&latitude=13.0827&start=20210101&end=20241231&format=JSON",0.5x0.625 deg,daily,VALID,OBSERVED
IN-TN-CHE,Chennai,13.0827,80.2707,nasa_power_t2m_daily,T2M,temperature_2m,29.77,C,2021-04-12T00:00:00Z,NASA POWER (MERRA-2),"https://power.larc.nasa.gov/api/temporal/daily/point?parameters=T2M,PRECTOTCORR&community=RE&longitude=80.2707&latitude=13.0827&start=20210101&end=20241231&format=JSON",0.5x0.625 deg,daily,VALID,OBSERVED
IN-TN-CHE,Chennai,13.0827,80.2707,nasa_power_prectotcorr_daily,PRECTOTCORR,precipitation,0.58,mm/day,2021-04-12T00:00:00Z,NASA POWER (MERRA-2),"https://power.larc.nasa.gov/api/temporal/daily/point?parameters=T2M,PRECTOTCORR&community=RE&longitude=80.2707&latitude=13.0827&start=20210101&end=20241231&format=JSON",0.5x0.625 deg,daily,VALID,OBSERVED
IN-TN-CHE,Chennai,13.0827,80.2707,nasa_power_t2m_daily,T2M,temperature_2m,30.03,C,2021-04-13T00:00:00Z,NASA POWER (MERRA-2),"https://power.larc.nasa.gov/api/temporal/daily/point?parameters=T2M,PRECTOTCORR&community=RE&longitude=80.2707&latitude=13.0827&start=20210101&end=20241231&format=JSON",0.5x0.625 deg,daily,VALID,OBSERVED
IN-TN-CHE,Chennai,13.0827,80.2707,nasa_power_prectotcorr_daily,PRECTOTCORR,precipitation,0.57,mm/day,2021-04-13T00:00:00Z,NASA POWER (MERRA-2),"https://power.larc.nasa.gov/api/temporal/daily/point?parameters=T2M,PRECTOTCORR&community=RE&longitude=80.2707&latitude=13.0827&start=20210101&end=20241231&format=JSON",0.5x0.625 deg,daily,VALID,OBSERVED
IN-TN-CHE,Chennai,13.0827,80.2707,nasa_power_t2m_daily,T2M,temperature_2m,29.45,C,2021-04-14T00:00:00Z,NASA POWER (MERRA-2),"https://power.larc.nasa.gov/api/temporal/daily/point?parameters=T2M,PRECTOTCORR&community=RE&longitude=80.2707&latitude=13.0827&start=20210101&end=20241231&format=JSON",0.5x0.625 deg,daily,VALID,OBSERVED
IN-TN-CHE,Chennai,13.0827,80.2707,nasa_power_prectotcorr_daily,PRECTOTCORR,precipitation,11.08,mm/day,2021-04-14T00:00:00Z,NASA POWER (MERRA-2),"https://power.larc.nasa.gov/api/temporal/daily/point?parameters=T2M,PRECTOTCORR&community=RE&longitude=80.2707&latitude=13.0827&start=20210101&end=20241231&format=JSON",0.5x0.625 deg,daily,VALID,OBSERVED
IN-TN-CHE,Chennai,13.0827,80.2707,nasa_power_t2m_daily,T2M,temperature_2m,28.66,C,2021-04-15T00:00:00Z,NASA POWER (MERRA-2),"https://power.larc.nasa.gov/api/temporal/daily/point?parameters=T2M,PRECTOTCORR&community=RE&longitude=80.2707&latitude=13.0827&start=20210101&end=20241231&format=JSON",0.5x0.625 deg,daily,VALID,OBSERVED
IN-TN-CHE,Chennai,13.0827,80.2707,nasa_power_prectotcorr_daily,PRECTOTCORR,precipitation,9.8,mm/day,2021-04-15T00:00:00Z,NASA POWER (MERRA-2),"https://power.larc.nasa.gov/api/temporal/daily/point?parameters=T2M,PRECTOTCORR&community=RE&longitude=80.2707&latitude=13.0827&start=20210101&end=20241231&format=JSON",0.5x0.625 deg,daily,VALID,OBSERVED
IN-TN-CHE,Chennai,13.0827,80.2707,nasa_power_t2m_daily,T2M,temperature_2m,29.59,C,2021-04-16T00:00:00Z,NASA POWER (MERRA-2),"https://power.larc.nasa.gov/api/temporal/daily/point?parameters=T2M,PRECTOTCORR&community=RE&longitude=80.2707&latitude=13.0827&start=20210101&end=20241231&format=JSON",0.5x0.625 deg,daily,VALID,OBSERVED
IN-TN-CHE,Chennai,13.0827,80.2707,nasa_power_prectotcorr_daily,PRECTOTCORR,precipitation,0.46,mm/day,2021-04-16T00:00:00Z,NASA POWER (MERRA-2),"https://power.larc.nasa.gov/api/temporal/daily/point?parameters=T2M,PRECTOTCORR&community=RE&longitude=80.2707&latitude=13.0827&start=20210101&end=20241231&format=JSON",0.5x0.625 deg,daily,VALID,OBSERVED
IN-TN-CHE,Chennai,13.0827,80.2707,nasa_power_t2m_daily,T2M,temperature_2m,30.0,C,2021-04-17T00:00:00Z,NASA POWER (MERRA-2),"https://power.larc.nasa.gov/api/temporal/daily/point?parameters=T2M,PRECTOTCORR&community=RE&longitude=80.2707&latitude=13.0827&start=20210101&end=20241231&format=JSON",0.5x0.625 deg,daily,VALID,OBSERVED
IN-TN-CHE,Chennai,13.0827,80.2707,nasa_power_prectotcorr_daily,PRECTOTCORR,precipitation,0.0,mm/day,2021-04-17T00:00:00Z,NASA POWER (MERRA-2),"https://power.larc.nasa.gov/api/temporal/daily/point?parameters=T2M,PRECTOTCORR&community=RE&longitude=80.2707&latitude=13.0827&start=20210101&end=20241231&format=JSON",0.5x0.625 deg,daily,VALID,OBSERVED
IN-TN-CHE,Chennai,13.0827,80.2707,nasa_power_t2m_daily,T2M,temperature_2m,30.25,C,2021-04-18T00:00:00Z,NASA POWER (MERRA-2),"https://power.larc.nasa.gov/api/temporal/daily/point?parameters=T2M,PRECTOTCORR&community=RE&longitude=80.2707&latitude=13.0827&start=20210101&end=20241231&format=JSON",0.5x0.625 deg,daily,VALID,OBSERVED
IN-TN-CHE,Chennai,13.0827,80.2707,nasa_power_prectotcorr_daily,PRECTOTCORR,precipitation,0.0,mm/day,2021-04-18T00:00:00Z,NASA POWER (MERRA-2),"https://power.larc.nasa.gov/api/temporal/daily/point?parameters=T2M,PRECTOTCORR&community=RE&longitude=80.2707&latitude=13.0827&start=20210101&end=20241231&format=JSON",0.5x0.625 deg,daily,VALID,OBSERVED
IN-TN-CHE,Chennai,13.0827,80.2707,nasa_power_t2m_daily,T2M,temperature_2m,30.66,C,2021-04-19T00:00:00Z,NASA POWER (MERRA-2),"https://power.larc.nasa.gov/api/temporal/daily/point?parameters=T2M,PRECTOTCORR&community=RE&longitude=80.2707&latitude=13.0827&start=20210101&end=20241231&format=JSON",0.5x0.625 deg,daily,VALID,OBSERVED
IN-TN-CHE,Chennai,13.0827,80.2707,nasa_power_prectotcorr_daily,PRECTOTCORR,precipitation,0.02,mm/day,2021-04-19T00:00:00Z,NASA POWER (MERRA-2),"https://power.larc.nasa.gov/api/temporal/daily/point?parameters=T2M,PRECTOTCORR&community=RE&longitude=80.2707&latitude=13.0827&start=20210101&end=20241231&format=JSON",0.5x0.625 deg,daily,VALID,OBSERVED
IN-TN-CHE,Chennai,13.0827,80.2707,nasa_power_t2m_daily,T2M,temperature_2m,30.57,C,2021-04-20T00:00:00Z,NASA POWER (MERRA-2),"https://power.larc.nasa.gov/api/temporal/daily/point?parameters=T2M,PRECTOTCORR&community=RE&longitude=80.2707&latitude=13.0827&start=20210101&end=20241231&format=JSON",0.5x0.625 deg,daily,VALID,OBSERVED
IN-TN-CHE,Chennai,13.0827,80.2707,nasa_power_prectotcorr_daily,PRECTOTCORR,precipitation,0.03,mm/day,2021-04-20T00:00:00Z,NASA POWER (MERRA-2),"https://power.larc.nasa.gov/api/temporal/daily/point?parameters=T2M,PRECTOTCORR&community=RE&longitude=80.2707&latitude=13.0827&start=20210101&end=20241231&format=JSON",0.5x0.625 deg,daily,VALID,OBSERVED
IN-TN-CHE,Chennai,13.0827,80.2707,nasa_power_t2m_daily,T2M,temperature_2m,30.6,C,2021-04-21T00:00:00Z,NASA POWER (MERRA-2),"https://power.larc.nasa.gov/api/temporal/daily/point?parameters=T2M,PRECTOTCORR&community=RE&longitude=80.2707&latitude=13.0827&start=20210101&end=20241231&format=JSON",0.5x0.625 deg,daily,VALID,OBSERVED
IN-TN-CHE,Chennai,13.0827,80.2707,nasa_power_prectotcorr_daily,PRECTOTCORR,precipitation,0.03,mm/day,2021-04-21T00:00:00Z,NASA POWER (MERRA-2),"https://power.larc.nasa.gov/api/temporal/daily/point?parameters=T2M,PRECTOTCORR&community=RE&longitude=80.2707&latitude=13.0827&start=20210101&end=20241231&format=JSON",0.5x0.625 deg,daily,VALID,OBSERVED
IN-TN-CHE,Chennai,13.0827,80.2707,nasa_power_t2m_daily,T2M,temperature_2m,30.39,C,2021-04-22T00:00:00Z,NASA POWER (MERRA-2),"https://power.larc.nasa.gov/api/temporal/daily/point?parameters=T2M,PRECTOTCORR&community=RE&longitude=80.2707&latitude=13.0827&start=20210101&end=20241231&format=JSON",0.5x0.625 deg,daily,VALID,OBSERVED
IN-TN-CHE,Chennai,13.0827,80.2707,nasa_power_prectotcorr_daily,PRECTOTCORR,precipitation,0.0,mm/day,2021-04-22T00:00:00Z,NASA POWER (MERRA-2),"https://power.larc.nasa.gov/api/temporal/daily/point?parameters=T2M,PRECTOTCORR&community=RE&longitude=80.2707&latitude=13.0827&start=20210101&end=20241231&format=JSON",0.5x0.625 deg,daily,VALID,OBSERVED
IN-TN-CHE,Chennai,13.0827,80.2707,nasa_power_t2m_daily,T2M,temperature_2m,30.9,C,2021-04-23T00:00:00Z,NASA POWER (MERRA-2),"https://power.larc.nasa.gov/api/temporal/daily/point?parameters=T2M,PRECTOTCORR&community=RE&longitude=80.2707&latitude=13.0827&start=20210101&end=20241231&format=JSON",0.5x0.625 deg,daily,VALID,OBSERVED
IN-TN-CHE,Chennai,13.0827,80.2707,nasa_power_prectotcorr_daily,PRECTOTCORR,precipitation,0.26,mm/day,2021-04-23T00:00:00Z,NASA POWER (MERRA-2),"https://power.larc.nasa.gov/api/temporal/daily/point?parameters=T2M,PRECTOTCORR&community=RE&longitude=80.2707&latitude=13.0827&start=20210101&end=20241231&format=JSON",0.5x0.625 deg,daily,VALID,OBSERVED
IN-TN-CHE,Chennai,13.0827,80.2707,nasa_power_t2m_daily,T2M,temperature_2m,29.6,C,2021-04-24T00:00:00Z,NASA POWER (MERRA-2),"https://power.larc.nasa.gov/api/temporal/daily/point?parameters=T2M,PRECTOTCORR&community=RE&longitude=80.2707&latitude=13.0827&start=20210101&end=20241231&format=JSON",0.5x0.625 deg,daily,VALID,OBSERVED
IN-TN-CHE,Chennai,13.0827,80.2707,nasa_power_prectotcorr_daily,PRECTOTCORR,precipitation,0.91,mm/day,2021-04-24T00:00:00Z,NASA POWER (MERRA-2),"https://power.larc.nasa.gov/api/temporal/daily/point?parameters=T2M,PRECTOTCORR&community=RE&longitude=80.2707&latitude=13.0827&start=20210101&end=20241231&format=JSON",0.5x0.625 deg,daily,VALID,OBSERVED
IN-TN-CHE,Chennai,13.0827,80.2707,nasa_power_t2m_daily,T2M,temperature_2m,30.59,C,2021-04-25T00:00:00Z,NASA POWER (MERRA-2),"https://power.larc.nasa.gov/api/temporal/daily/point?parameters=T2M,PRECTOTCORR&community=RE&longitude=80.2707&latitude=13.0827&start=20210101&end=20241231&format=JSON",0.5x0.625 deg,daily,VALID,OBSERVED
IN-TN-CHE,Chennai,13.0827,80.2707,nasa_power_prectotcorr_daily,PRECTOTCORR,precipitation,0.04,mm/day,2021-04-25T00:00:00Z,NASA POWER (MERRA-2),"https://power.larc.nasa.gov/api/temporal/daily/point?parameters=T2M,PRECTOTCORR&community=RE&longitude=80.2707&latitude=13.0827&start=20210101&end=20241231&format=JSON",0.5x0.625 deg,daily,VALID,OBSERVED
IN-TN-CHE,Chennai,13.0827,80.2707,nasa_power_t2m_daily,T2M,temperature_2m,30.49,C,2021-04-26T00:00:00Z,NASA POWER (MERRA-2),"https://power.larc.nasa.gov/api/temporal/daily/point?parameters=T2M,PRECTOTCORR&community=RE&longitude=80.2707&latitude=13.0827&start=20210101&end=20241231&format=JSON",0.5x0.625 deg,daily,VALID,OBSERVED
IN-TN-CHE,Chennai,13.0827,80.2707,nasa_power_prectotcorr_daily,PRECTOTCORR,precipitation,0.0,mm/day,2021-04-26T00:00:00Z,NASA POWER (MERRA-2),"https://power.larc.nasa.gov/api/temporal/daily/point?parameters=T2M,PRECTOTCORR&community=RE&longitude=80.2707&latitude=13.0827&start=20210101&end=20241231&format=JSON",0.5x0.625 deg,daily,VALID,OBSERVED
IN-TN-CHE,Chennai,13.0827,80.2707,nasa_power_t2m_daily,T2M,temperature_2m,30.48,C,2021-04-27T00:00:00Z,NASA POWER (MERRA-2),"https://power.larc.nasa.gov/api/temporal/daily/point?parameters=T2M,PRECTOTCORR&community=RE&longitude=80.2707&latitude=13.0827&start=20210101&end=20241231&format=JSON",0.5x0.625 deg,daily,VALID,OBSERVED
IN-TN-CHE,Chennai,13.0827,80.2707,nasa_power_prectotcorr_daily,PRECTOTCORR,precipitation,0.0,mm/day,2021-04-27T00:00:00Z,NASA POWER (MERRA-2),"https://power.larc.nasa.gov/api/temporal/daily/point?parameters=T2M,PRECTOTCORR&community=RE&longitude=80.2707&latitude=13.0827&start=20210101&end=20241231&format=JSON",0.5x0.625 deg,daily,VALID,OBSERVED
IN-TN-CHE,Chennai,13.0827,80.2707,nasa_power_t2m_daily,T2M,temperature_2m,30.79,C,2021-04-28T00:00:00Z,NASA POWER (MERRA-2),"https://power.larc.nasa.gov/api/temporal/daily/point?parameters=T2M,PRECTOTCORR&community=RE&longitude=80.2707&latitude=13.0827&start=20210101&end=20241231&format=JSON",0.5x0.625 deg,daily,VALID,OBSERVED
IN-TN-CHE,Chennai,13.0827,80.2707,nasa_power_prectotcorr_daily,PRECTOTCORR,precipitation,0.01,mm/day,2021-04-28T00:00:00Z,NASA POWER (MERRA-2),"https://power.larc.nasa.gov/api/temporal/daily/point?parameters=T2M,PRECTOTCORR&community=RE&longitude=80.2707&latitude=13.0827&start=20210101&end=20241231&format=JSON",0.5x0.625 deg,daily,VALID,OBSERVED
IN-TN-CHE,Chennai,13.0827,80.2707,nasa_power_t2m_daily,T2M,temperature_2m,30.85,C,2021-04-29T00:00:00Z,NASA POWER (MERRA-2),"https://power.larc.nasa.gov/api/temporal/daily/point?parameters=T2M,PRECTOTCORR&community=RE&longitude=80.2707&latitude=13.0827&start=20210101&end=20241231&format=JSON",0.5x0.625 deg,daily,VALID,OBSERVED
IN-TN-CHE,Chennai,13.0827,80.2707,nasa_power_prectotcorr_daily,PRECTOTCORR,precipitation,0.02,mm/day,2021-04-29T00:00:00Z,NASA POWER (MERRA-2),"https://power.larc.nasa.gov/api/temporal/daily/point?parameters=T2M,PRECTOTCORR&community=RE&longitude=80.2707&latitude=13.0827&start=20210101&end=20241231&format=JSON",0.5x0.625 deg,daily,VALID,OBSERVED
IN-TN-CHE,Chennai,13.0827,80.2707,nasa_power_t2m_daily,T2M,temperature_2m,31.04,C,2021-04-30T00:00:00Z,NASA POWER (MERRA-2),"https://power.larc.nasa.gov/api/temporal/daily/point?parameters=T2M,PRECTOTCORR&community=RE&longitude=80.2707&latitude=13.0827&start=20210101&end=20241231&format=JSON",0.5x0.625 deg,daily,VALID,OBSERVED
IN-TN-CHE,Chennai,13.0827,80.2707,nasa_power_prectotcorr_daily,PRECTOTCORR,precipitation,0.09,mm/day,2021-04-30T00:00:00Z,NASA POWER (MERRA-2),"https://power.larc.nasa.gov/api/temporal/daily/point?parameters=T2M,PRECTOTCORR&community=RE&longitude=80.2707&latitude=13.0827&start=20210101&end=20241231&format=JSON",0.5x0.625 deg,daily,VALID,OBSERVED
IN-TN-CHE,Chennai,13.0827,80.2707,nasa_power_t2m_daily,T2M,temperature_2m,31.03,C,2021-05-01T00:00:00Z,NASA POWER (MERRA-2),"https://power.larc.nasa.gov/api/temporal/daily/point?parameters=T2M,PRECTOTCORR&community=RE&longitude=80.2707&latitude=13.0827&start=20210101&end=20241231&format=JSON",0.5x0.625 deg,daily,VALID,OBSERVED
IN-TN-CHE,Chennai,13.0827,80.2707,nasa_power_prectotcorr_daily,PRECTOTCORR,precipitation,0.18,mm/day,2021-05-01T00:00:00Z,NASA POWER (MERRA-2),"https://power.larc.nasa.gov/api/temporal/daily/point?parameters=T2M,PRECTOTCORR&community=RE&longitude=80.2707&latitude=13.0827&start=20210101&end=20241231&format=JSON",0.5x0.625 deg,daily,VALID,OBSERVED
IN-TN-CHE,Chennai,13.0827,80.2707,nasa_power_t2m_daily,T2M,temperature_2m,30.57,C,2021-05-02T00:00:00Z,NASA POWER (MERRA-2),"https://power.larc.nasa.gov/api/temporal/daily/point?parameters=T2M,PRECTOTCORR&community=RE&longitude=80.2707&latitude=13.0827&start=20210101&end=20241231&format=JSON",0.5x0.625 deg,daily,VALID,OBSERVED
IN-TN-CHE,Chennai,13.0827,80.2707,nasa_power_prectotcorr_daily,PRECTOTCORR,precipitation,0.77,mm/day,2021-05-02T00:00:00Z,NASA POWER (MERRA-2),"https://power.larc.nasa.gov/api/temporal/daily/point?parameters=T2M,PRECTOTCORR&community=RE&longitude=80.2707&latitude=13.0827&start=20210101&end=20241231&format=JSON",0.5x0.625 deg,daily,VALID,OBSERVED
IN-TN-CHE,Chennai,13.0827,80.2707,nasa_power_t2m_daily,T2M,temperature_2m,30.8,C,2021-05-03T00:00:00Z,NASA POWER (MERRA-2),"https://power.larc.nasa.gov/api/temporal/daily/point?parameters=T2M,PRECTOTCORR&community=RE&longitude=80.2707&latitude=13.0827&start=20210101&end=20241231&format=JSON",0.5x0.625 deg,daily,VALID,OBSERVED
IN-TN-CHE,Chennai,13.0827,80.2707,nasa_power_prectotcorr_daily,PRECTOTCORR,precipitation,1.06,mm/day,2021-05-03T00:00:00Z,NASA POWER (MERRA-2),"https://power.larc.nasa.gov/api/temporal/daily/point?parameters=T2M,PRECTOTCORR&community=RE&longitude=80.2707&latitude=13.0827&start=20210101&end=20241231&format=JSON",0.5x0.625 deg,daily,VALID,OBSERVED
IN-TN-CHE,Chennai,13.0827,80.2707,nasa_power_t2m_daily,T2M,temperature_2m,31.11,C,2021-05-04T00:00:00Z,NASA POWER (MERRA-2),"https://power.larc.nasa.gov/api/temporal/daily/point?parameters=T2M,PRECTOTCORR&community=RE&longitude=80.2707&latitude=13.0827&start=20210101&end=20241231&format=JSON",0.5x0.625 deg,daily,VALID,OBSERVED
IN-TN-CHE,Chennai,13.0827,80.2707,nasa_power_prectotcorr_daily,PRECTOTCORR,precipitation,1.27,mm/day,2021-05-04T00:00:00Z,NASA POWER (MERRA-2),"https://power.larc.nasa.gov/api/temporal/daily/point?parameters=T2M,PRECTOTCORR&community=RE&longitude=80.2707&latitude=13.0827&start=20210101&end=20241231&format=JSON",0.5x0.625 deg,daily,VALID,OBSERVED
IN-TN-CHE,Chennai,13.0827,80.2707,nasa_power_t2m_daily,T2M,temperature_2m,31.47,C,2021-05-05T00:00:00Z,NASA POWER (MERRA-2),"https://power.larc.nasa.gov/api/temporal/daily/point?parameters=T2M,PRECTOTCORR&community=RE&longitude=80.2707&latitude=13.0827&start=20210101&end=20241231&format=JSON",0.5x0.625 deg,daily,VALID,OBSERVED
IN-TN-CHE,Chennai,13.0827,80.2707,nasa_power_prectotcorr_daily,PRECTOTCORR,precipitation,0.06,mm/day,2021-05-05T00:00:00Z,NASA POWER (MERRA-2),"https://power.larc.nasa.gov/api/temporal/daily/point?parameters=T2M,PRECTOTCORR&community=RE&longitude=80.2707&latitude=13.0827&start=20210101&end=20241231&format=JSON",0.5x0.625 deg,daily,VALID,OBSERVED
IN-TN-CHE,Chennai,13.0827,80.2707,nasa_power_t2m_daily,T2M,temperature_2m,31.32,C,2021-05-06T00:00:00Z,NASA POWER (MERRA-2),"https://power.larc.nasa.gov/api/temporal/daily/point?parameters=T2M,PRECTOTCORR&community=RE&longitude=80.2707&latitude=13.0827&start=20210101&end=20241231&format=JSON",0.5x0.625 deg,daily,VALID,OBSERVED
IN-TN-CHE,Chennai,13.0827,80.2707,nasa_power_prectotcorr_daily,PRECTOTCORR,precipitation,0.07,mm/day,2021-05-06T00:00:00Z,NASA POWER (MERRA-2),"https://power.larc.nasa.gov/api/temporal/daily/point?parameters=T2M,PRECTOTCORR&community=RE&longitude=80.2707&latitude=13.0827&start=20210101&end=20241231&format=JSON",0.5x0.625 deg,daily,VALID,OBSERVED
IN-TN-CHE,Chennai,13.0827,80.2707,nasa_power_t2m_daily,T2M,temperature_2m,30.89,C,2021-05-07T00:00:00Z,NASA POWER (MERRA-2),"https://power.larc.nasa.gov/api/temporal/daily/point?parameters=T2M,PRECTOTCORR&community=RE&longitude=80.2707&latitude=13.0827&start=20210101&end=20241231&format=JSON",0.5x0.625 deg,daily,VALID,OBSERVED
IN-TN-CHE,Chennai,13.0827,80.2707,nasa_power_prectotcorr_daily,PRECTOTCORR,precipitation,1.33,mm/day,2021-05-07T00:00:00Z,NASA POWER (MERRA-2),"https://power.larc.nasa.gov/api/temporal/daily/point?parameters=T2M,PRECTOTCORR&community=RE&longitude=80.2707&latitude=13.0827&start=20210101&end=20241231&format=JSON",0.5x0.625 deg,daily,VALID,OBSERVED
IN-TN-CHE,Chennai,13.0827,80.2707,nasa_power_t2m_daily,T2M,temperature_2m,30.34,C,2021-05-08T00:00:00Z,NASA POWER (MERRA-2),"https://power.larc.nasa.gov/api/temporal/daily/point?parameters=T2M,PRECTOTCORR&community=RE&longitude=80.2707&latitude=13.0827&start=20210101&end=20241231&format=JSON",0.5x0.625 deg,daily,VALID,OBSERVED
IN-TN-CHE,Chennai,13.0827,80.2707,nasa_power_prectotcorr_daily,PRECTOTCORR,precipitation,0.93,mm/day,2021-05-08T00:00:00Z,NASA POWER (MERRA-2),"https://power.larc.nasa.gov/api/temporal/daily/point?parameters=T2M,PRECTOTCORR&community=RE&longitude=80.2707&latitude=13.0827&start=20210101&end=20241231&format=JSON",0.5x0.625 deg,daily,VALID,OBSERVED
IN-TN-CHE,Chennai,13.0827,80.2707,nasa_power_t2m_daily,T2M,temperature_2m,31.05,C,2021-05-09T00:00:00Z,NASA POWER (MERRA-2),"https://power.larc.nasa.gov/api/temporal/daily/point?parameters=T2M,PRECTOTCORR&community=RE&longitude=80.2707&latitude=13.0827&start=20210101&end=20241231&format=JSON",0.5x0.625 deg,daily,VALID,OBSERVED
IN-TN-CHE,Chennai,13.0827,80.2707,nasa_power_prectotcorr_daily,PRECTOTCORR,precipitation,0.03,mm/day,2021-05-09T00:00:00Z,NASA POWER (MERRA-2),"https://power.larc.nasa.gov/api/temporal/daily/point?parameters=T2M,PRECTOTCORR&community=RE&longitude=80.2707&latitude=13.0827&start=20210101&end=20241231&format=JSON",0.5x0.625 deg,daily,VALID,OBSERVED
IN-TN-CHE,Chennai,13.0827,80.2707,nasa_power_t2m_daily,T2M,temperature_2m,31.66,C,2021-05-10T00:00:00Z,NASA POWER (MERRA-2),"https://power.larc.nasa.gov/api/temporal/daily/point?parameters=T2M,PRECTOTCORR&community=RE&longitude=80.2707&latitude=13.0827&start=20210101&end=20241231&format=JSON",0.5x0.625 deg,daily,VALID,OBSERVED
IN-TN-CHE,Chennai,13.0827,80.2707,nasa_power_prectotcorr_daily,PRECTOTCORR,precipitation,0.04,mm/day,2021-05-10T00:00:00Z,NASA POWER (MERRA-2),"https://power.larc.nasa.gov/api/temporal/daily/point?parameters=T2M,PRECTOTCORR&community=RE&longitude=80.2707&latitude=13.0827&start=20210101&end=20241231&format=JSON",0.5x0.625 deg,daily,VALID,OBSERVED
IN-TN-CHE,Chennai,13.0827,80.2707,nasa_power_t2m_daily,T2M,temperature_2m,32.33,C,2021-05-11T00:00:00Z,NASA POWER (MERRA-2),"https://power.larc.nasa.gov/api/temporal/daily/point?parameters=T2M,PRECTOTCORR&community=RE&longitude=80.2707&latitude=13.0827&start=20210101&end=20241231&format=JSON",0.5x0.625 deg,daily,VALID,OBSERVED
IN-TN-CHE,Chennai,13.0827,80.2707,nasa_power_prectotcorr_daily,PRECTOTCORR,precipitation,0.26,mm/day,2021-05-11T00:00:00Z,NASA POWER (MERRA-2),"https://power.larc.nasa.gov/api/temporal/daily/point?parameters=T2M,PRECTOTCORR&community=RE&longitude=80.2707&latitude=13.0827&start=20210101&end=20241231&format=JSON",0.5x0.625 deg,daily,VALID,OBSERVED
IN-TN-CHE,Chennai,13.0827,80.2707,nasa_power_t2m_daily,T2M,temperature_2m,32.48,C,2021-05-12T00:00:00Z,NASA POWER (MERRA-2),"https://power.larc.nasa.gov/api/temporal/daily/point?parameters=T2M,PRECTOTCORR&community=RE&longitude=80.2707&latitude=13.0827&start=20210101&end=20241231&format=JSON",0.5x0.625 deg,daily,VALID,OBSERVED
IN-TN-CHE,Chennai,13.0827,80.2707,nasa_power_prectotcorr_daily,PRECTOTCORR,precipitation,0.8,mm/day,2021-05-12T00:00:00Z,NASA POWER (MERRA-2),"https://power.larc.nasa.gov/api/temporal/daily/point?parameters=T2M,PRECTOTCORR&community=RE&longitude=80.2707&latitude=13.0827&start=20210101&end=20241231&format=JSON",0.5x0.625 deg,daily,VALID,OBSERVED
IN-TN-CHE,Chennai,13.0827,80.2707,nasa_power_t2m_daily,T2M,temperature_2m,31.67,C,2021-05-13T00:00:00Z,NASA POWER (MERRA-2),"https://power.larc.nasa.gov/api/temporal/daily/point?parameters=T2M,PRECTOTCORR&community=RE&longitude=80.2707&latitude=13.0827&start=20210101&end=20241231&format=JSON",0.5x0.625 deg,daily,VALID,OBSERVED
IN-TN-CHE,Chennai,13.0827,80.2707,nasa_power_prectotcorr_daily,PRECTOTCORR,precipitation,0.75,mm/day,2021-05-13T00:00:00Z,NASA POWER (MERRA-2),"https://power.larc.nasa.gov/api/temporal/daily/point?parameters=T2M,PRECTOTCORR&community=RE&longitude=80.2707&latitude=13.0827&start=20210101&end=20241231&format=JSON",0.5x0.625 deg,daily,VALID,OBSERVED
IN-TN-CHE,Chennai,13.0827,80.2707,nasa_power_t2m_daily,T2M,temperature_2m,31.8,C,2021-05-14T00:00:00Z,NASA POWER (MERRA-2),"https://power.larc.nasa.gov/api/temporal/daily/point?parameters=T2M,PRECTOTCORR&community=RE&longitude=80.2707&latitude=13.0827&start=20210101&end=20241231&format=JSON",0.5x0.625 deg,daily,VALID,OBSERVED
IN-TN-CHE,Chennai,13.0827,80.2707,nasa_power_prectotcorr_daily,PRECTOTCORR,precipitation,2.04,mm/day,2021-05-14T00:00:00Z,NASA POWER (MERRA-2),"https://power.larc.nasa.gov/api/temporal/daily/point?parameters=T2M,PRECTOTCORR&community=RE&longitude=80.2707&latitude=13.0827&start=20210101&end=20241231&format=JSON",0.5x0.625 deg,daily,VALID,OBSERVED
IN-TN-CHE,Chennai,13.0827,80.2707,nasa_power_t2m_daily,T2M,temperature_2m,31.14,C,2021-05-15T00:00:00Z,NASA POWER (MERRA-2),"https://power.larc.nasa.gov/api/temporal/daily/point?parameters=T2M,PRECTOTCORR&community=RE&longitude=80.2707&latitude=13.0827&start=20210101&end=20241231&format=JSON",0.5x0.625 deg,daily,VALID,OBSERVED
IN-TN-CHE,Chennai,13.0827,80.2707,nasa_power_prectotcorr_daily,PRECTOTCORR,precipitation,1.3,mm/day,2021-05-15T00:00:00Z,NASA POWER (MERRA-2),"https://power.larc.nasa.gov/api/temporal/daily/point?parameters=T2M,PRECTOTCORR&community=RE&longitude=80.2707&latitude=13.0827&start=20210101&end=20241231&format=JSON",0.5x0.625 deg,daily,VALID,OBSERVED
IN-TN-CHE,Chennai,13.0827,80.2707,nasa_power_t2m_daily,T2M,temperature_2m,30.24,C,2021-05-16T00:00:00Z,NASA POWER (MERRA-2),"https://power.larc.nasa.gov/api/temporal/daily/point?parameters=T2M,PRECTOTCORR&community=RE&longitude=80.2707&latitude=13.0827&start=20210101&end=20241231&format=JSON",0.5x0.625 deg,daily,VALID,OBSERVED
IN-TN-CHE,Chennai,13.0827,80.2707,nasa_power_prectotcorr_daily,PRECTOTCORR,precipitation,3.05,mm/day,2021-05-16T00:00:00Z,NASA POWER (MERRA-2),"https://power.larc.nasa.gov/api/temporal/daily/point?parameters=T2M,PRECTOTCORR&community=RE&longitude=80.2707&latitude=13.0827&start=20210101&end=20241231&format=JSON",0.5x0.625 deg,daily,VALID,OBSERVED
IN-TN-CHE,Chennai,13.0827,80.2707,nasa_power_t2m_daily,T2M,temperature_2m,30.97,C,2021-05-17T00:00:00Z,NASA POWER (MERRA-2),"https://power.larc.nasa.gov/api/temporal/daily/point?parameters=T2M,PRECTOTCORR&community=RE&longitude=80.2707&latitude=13.0827&start=20210101&end=20241231&format=JSON",0.5x0.625 deg,daily,VALID,OBSERVED
IN-TN-CHE,Chennai,13.0827,80.2707,nasa_power_prectotcorr_daily,PRECTOTCORR,precipitation,0.71,mm/day,2021-05-17T00:00:00Z,NASA POWER (MERRA-2),"https://power.larc.nasa.gov/api/temporal/daily/point?parameters=T2M,PRECTOTCORR&community=RE&longitude=80.2707&latitude=13.0827&start=20210101&end=20241231&format=JSON",0.5x0.625 deg,daily,VALID,OBSERVED
IN-TN-CHE,Chennai,13.0827,80.2707,nasa_power_t2m_daily,T2M,temperature_2m,30.82,C,2021-05-18T00:00:00Z,NASA POWER (MERRA-2),"https://power.larc.nasa.gov/api/temporal/daily/point?parameters=T2M,PRECTOTCORR&community=RE&longitude=80.2707&latitude=13.0827&start=20210101&end=20241231&format=JSON",0.5x0.625 deg,daily,VALID,OBSERVED
IN-TN-CHE,Chennai,13.0827,80.2707,nasa_power_prectotcorr_daily,PRECTOTCORR,precipitation,0.31,mm/day,2021-05-18T00:00:00Z,NASA POWER (MERRA-2),"https://power.larc.nasa.gov/api/temporal/daily/point?parameters=T2M,PRECTOTCORR&community=RE&longitude=80.2707&latitude=13.0827&start=20210101&end=20241231&format=JSON",0.5x0.625 deg,daily,VALID,OBSERVED
IN-TN-CHE,Chennai,13.0827,80.2707,nasa_power_t2m_daily,T2M,temperature_2m,30.36,C,2021-05-19T00:00:00Z,NASA POWER (MERRA-2),"https://power.larc.nasa.gov/api/temporal/daily/point?parameters=T2M,PRECTOTCORR&community=RE&longitude=80.2707&latitude=13.0827&start=20210101&end=20241231&format=JSON",0.5x0.625 deg,daily,VALID,OBSERVED
IN-TN-CHE,Chennai,13.0827,80.2707,nasa_power_prectotcorr_daily,PRECTOTCORR,precipitation,1.81,mm/day,2021-05-19T00:00:00Z,NASA POWER (MERRA-2),"https://power.larc.nasa.gov/api/temporal/daily/point?parameters=T2M,PRECTOTCORR&community=RE&longitude=80.2707&latitude=13.0827&start=20210101&end=20241231&format=JSON",0.5x0.625 deg,daily,VALID,OBSERVED
IN-TN-CHE,Chennai,13.0827,80.2707,nasa_power_t2m_daily,T2M,temperature_2m,30.14,C,2021-05-20T00:00:00Z,NASA POWER (MERRA-2),"https://power.larc.nasa.gov/api/temporal/daily/point?parameters=T2M,PRECTOTCORR&community=RE&longitude=80.2707&latitude=13.0827&start=20210101&end=20241231&format=JSON",0.5x0.625 deg,daily,VALID,OBSERVED
IN-TN-CHE,Chennai,13.0827,80.2707,nasa_power_prectotcorr_daily,PRECTOTCORR,precipitation,4.82,mm/day,2021-05-20T00:00:00Z,NASA POWER (MERRA-2),"https://power.larc.nasa.gov/api/temporal/daily/point?parameters=T2M,PRECTOTCORR&community=RE&longitude=80.2707&latitude=13.0827&start=20210101&end=20241231&format=JSON",0.5x0.625 deg,daily,VALID,OBSERVED
IN-TN-CHE,Chennai,13.0827,80.2707,nasa_power_t2m_daily,T2M,temperature_2m,28.62,C,2021-05-21T00:00:00Z,NASA POWER (MERRA-2),"https://power.larc.nasa.gov/api/temporal/daily/point?parameters=T2M,PRECTOTCORR&community=RE&longitude=80.2707&latitude=13.0827&start=20210101&end=20241231&format=JSON",0.5x0.625 deg,daily,VALID,OBSERVED
IN-TN-CHE,Chennai,13.0827,80.2707,nasa_power_prectotcorr_daily,PRECTOTCORR,precipitation,10.51,mm/day,2021-05-21T00:00:00Z,NASA POWER (MERRA-2),"https://power.larc.nasa.gov/api/temporal/daily/point?parameters=T2M,PRECTOTCORR&community=RE&longitude=80.2707&latitude=13.0827&start=20210101&end=20241231&format=JSON",0.5x0.625 deg,daily,VALID,OBSERVED
IN-TN-CHE,Chennai,13.0827,80.2707,nasa_power_t2m_daily,T2M,temperature_2m,29.41,C,2021-05-22T00:00:00Z,NASA POWER (MERRA-2),"https://power.larc.nasa.gov/api/temporal/daily/point?parameters=T2M,PRECTOTCORR&community=RE&longitude=80.2707&latitude=13.0827&start=20210101&end=20241231&format=JSON",0.5x0.625 deg,daily,VALID,OBSERVED
IN-TN-CHE,Chennai,13.0827,80.2707,nasa_power_prectotcorr_daily,PRECTOTCORR,precipitation,4.07,mm/day,2021-05-22T00:00:00Z,NASA POWER (MERRA-2),"https://power.larc.nasa.gov/api/temporal/daily/point?parameters=T2M,PRECTOTCORR&community=RE&longitude=80.2707&latitude=13.0827&start=20210101&end=20241231&format=JSON",0.5x0.625 deg,daily,VALID,OBSERVED
IN-TN-CHE,Chennai,13.0827,80.2707,nasa_power_t2m_daily,T2M,temperature_2m,30.07,C,2021-05-23T00:00:00Z,NASA POWER (MERRA-2),"https://power.larc.nasa.gov/api/temporal/daily/point?parameters=T2M,PRECTOTCORR&community=RE&longitude=80.2707&latitude=13.0827&start=20210101&end=20241231&format=JSON",0.5x0.625 deg,daily,VALID,OBSERVED
IN-TN-CHE,Chennai,13.0827,80.2707,nasa_power_prectotcorr_daily,PRECTOTCORR,precipitation,0.38,mm/day,2021-05-23T00:00:00Z,NASA POWER (MERRA-2),"https://power.larc.nasa.gov/api/temporal/daily/point?parameters=T2M,PRECTOTCORR&community=RE&longitude=80.2707&latitude=13.0827&start=20210101&end=20241231&format=JSON",0.5x0.625 deg,daily,VALID,OBSERVED
IN-TN-CHE,Chennai,13.0827,80.2707,nasa_power_t2m_daily,T2M,temperature_2m,29.32,C,2021-05-24T00:00:00Z,NASA POWER (MERRA-2),"https://power.larc.nasa.gov/api/temporal/daily/point?parameters=T2M,PRECTOTCORR&community=RE&longitude=80.2707&latitude=13.0827&start=20210101&end=20241231&format=JSON",0.5x0.625 deg,daily,VALID,OBSERVED
IN-TN-CHE,Chennai,13.0827,80.2707,nasa_power_prectotcorr_daily,PRECTOTCORR,precipitation,3.67,mm/day,2021-05-24T00:00:00Z,NASA POWER (MERRA-2),"https://power.larc.nasa.gov/api/temporal/daily/point?parameters=T2M,PRECTOTCORR&community=RE&longitude=80.2707&latitude=13.0827&start=20210101&end=20241231&format=JSON",0.5x0.625 deg,daily,VALID,OBSERVED
IN-TN-CHE,Chennai,13.0827,80.2707,nasa_power_t2m_daily,T2M,temperature_2m,28.57,C,2021-05-25T00:00:00Z,NASA POWER (MERRA-2),"https://power.larc.nasa.gov/api/temporal/daily/point?parameters=T2M,PRECTOTCORR&community=RE&longitude=80.2707&latitude=13.0827&start=20210101&end=20241231&format=JSON",0.5x0.625 deg,daily,VALID,OBSERVED
IN-TN-CHE,Chennai,13.0827,80.2707,nasa_power_prectotcorr_daily,PRECTOTCORR,precipitation,5.19,mm/day,2021-05-25T00:00:00Z,NASA POWER (MERRA-2),"https://power.larc.nasa.gov/api/temporal/daily/point?parameters=T2M,PRECTOTCORR&community=RE&longitude=80.2707&latitude=13.0827&start=20210101&end=20241231&format=JSON",0.5x0.625 deg,daily,VALID,OBSERVED
IN-TN-CHE,Chennai,13.0827,80.2707,nasa_power_t2m_daily,T2M,temperature_2m,31.53,C,2021-05-26T00:00:00Z,NASA POWER (MERRA-2),"https://power.larc.nasa.gov/api/temporal/daily/point?parameters=T2M,PRECTOTCORR&community=RE&longitude=80.2707&latitude=13.0827&start=20210101&end=20241231&format=JSON",0.5x0.625 deg,daily,VALID,OBSERVED
IN-TN-CHE,Chennai,13.0827,80.2707,nasa_power_prectotcorr_daily,PRECTOTCORR,precipitation,0.06,mm/day,2021-05-26T00:00:00Z,NASA POWER (MERRA-2),"https://power.larc.nasa.gov/api/temporal/daily/point?parameters=T2M,PRECTOTCORR&community=RE&longitude=80.2707&latitude=13.0827&start=20210101&end=20241231&format=JSON",0.5x0.625 deg,daily,VALID,OBSERVED
IN-TN-CHE,Chennai,13.0827,80.2707,nasa_power_t2m_daily,T2M,temperature_2m,30.92,C,2021-05-27T00:00:00Z,NASA POWER (MERRA-2),"https://power.larc.nasa.gov/api/temporal/daily/point?parameters=T2M,PRECTOTCORR&community=RE&longitude=80.2707&latitude=13.0827&start=20210101&end=20241231&format=JSON",0.5x0.625 deg,daily,VALID,OBSERVED
IN-TN-CHE,Chennai,13.0827,80.2707,nasa_power_prectotcorr_daily,PRECTOTCORR,precipitation,0.46,mm/day,2021-05-27T00:00:00Z,NASA POWER (MERRA-2),"https://power.larc.nasa.gov/api/temporal/daily/point?parameters=T2M,PRECTOTCORR&community=RE&longitude=80.2707&latitude=13.0827&start=20210101&end=20241231&format=JSON",0.5x0.625 deg,daily,VALID,OBSERVED
IN-TN-CHE,Chennai,13.0827,80.2707,nasa_power_t2m_daily,T2M,temperature_2m,31.24,C,2021-05-28T00:00:00Z,NASA POWER (MERRA-2),"https://power.larc.nasa.gov/api/temporal/daily/point?parameters=T2M,PRECTOTCORR&community=RE&longitude=80.2707&latitude=13.0827&start=20210101&end=20241231&format=JSON",0.5x0.625 deg,daily,VALID,OBSERVED
IN-TN-CHE,Chennai,13.0827,80.2707,nasa_power_prectotcorr_daily,PRECTOTCORR,precipitation,0.07,mm/day,2021-05-28T00:00:00Z,NASA POWER (MERRA-2),"https://power.larc.nasa.gov/api/temporal/daily/point?parameters=T2M,PRECTOTCORR&community=RE&longitude=80.2707&latitude=13.0827&start=20210101&end=20241231&format=JSON",0.5x0.625 deg,daily,VALID,OBSERVED
IN-TN-CHE,Chennai,13.0827,80.2707,nasa_power_t2m_daily,T2M,temperature_2m,31.68,C,2021-05-29T00:00:00Z,NASA POWER (MERRA-2),"https://power.larc.nasa.gov/api/temporal/daily/point?parameters=T2M,PRECTOTCORR&community=RE&longitude=80.2707&latitude=13.0827&start=20210101&end=20241231&format=JSON",0.5x0.625 deg,daily,VALID,OBSERVED
IN-TN-CHE,Chennai,13.0827,80.2707,nasa_power_prectotcorr_daily,PRECTOTCORR,precipitation,0.12,mm/day,2021-05-29T00:00:00Z,NASA POWER (MERRA-2),"https://power.larc.nasa.gov/api/temporal/daily/point?parameters=T2M,PRECTOTCORR&community=RE&longitude=80.2707&latitude=13.0827&start=20210101&end=20241231&format=JSON",0.5x0.625 deg,daily,VALID,OBSERVED
IN-TN-CHE,Chennai,13.0827,80.2707,nasa_power_t2m_daily,T2M,temperature_2m,31.89,C,2021-05-30T00:00:00Z,NASA POWER (MERRA-2),"https://power.larc.nasa.gov/api/temporal/daily/point?parameters=T2M,PRECTOTCORR&community=RE&longitude=80.2707&latitude=13.0827&start=20210101&end=20241231&format=JSON",0.5x0.625 deg,daily,VALID,OBSERVED
IN-TN-CHE,Chennai,13.0827,80.2707,nasa_power_prectotcorr_daily,PRECTOTCORR,precipitation,4.67,mm/day,2021-05-30T00:00:00Z,NASA POWER (MERRA-2),"https://power.larc.nasa.gov/api/temporal/daily/point?parameters=T2M,PRECTOTCORR&community=RE&longitude=80.2707&latitude=13.0827&start=20210101&end=20241231&format=JSON",0.5x0.625 deg,daily,VALID,OBSERVED
IN-TN-CHE,Chennai,13.0827,80.2707,nasa_power_t2m_daily,T2M,temperature_2m,31.56,C,2021-05-31T00:00:00Z,NASA POWER (MERRA-2),"https://power.larc.nasa.gov/api/temporal/daily/point?parameters=T2M,PRECTOTCORR&community=RE&longitude=80.2707&latitude=13.0827&start=20210101&end=20241231&format=JSON",0.5x0.625 deg,daily,VALID,OBSERVED
IN-TN-CHE,Chennai,13.0827,80.2707,nasa_power_prectotcorr_daily,PRECTOTCORR,precipitation,1.86,mm/day,2021-05-31T00:00:00Z,NASA POWER (MERRA-2),"https://power.larc.nasa.gov/api/temporal/daily/point?parameters=T2M,PRECTOTCORR&community=RE&longitude=80.2707&latitude=13.0827&start=20210101&end=20241231&format=JSON",0.5x0.625 deg,daily,VALID,OBSERVED
IN-TN-CHE,Chennai,13.0827,80.2707,nasa_power_t2m_daily,T2M,temperature_2m,31.7,C,2021-06-01T00:00:00Z,NASA POWER (MERRA-2),"https://power.larc.nasa.gov/api/temporal/daily/point?parameters=T2M,PRECTOTCORR&community=RE&longitude=80.2707&latitude=13.0827&start=20210101&end=20241231&format=JSON",0.5x0.625 deg,daily,VALID,OBSERVED
IN-TN-CHE,Chennai,13.0827,80.2707,nasa_power_prectotcorr_daily,PRECTOTCORR,precipitation,0.11,mm/day,2021-06-01T00:00:00Z,NASA POWER (MERRA-2),"https://power.larc.nasa.gov/api/temporal/daily/point?parameters=T2M,PRECTOTCORR&community=RE&longitude=80.2707&latitude=13.0827&start=20210101&end=20241231&format=JSON",0.5x0.625 deg,daily,VALID,OBSERVED
IN-TN-CHE,Chennai,13.0827,80.2707,nasa_power_t2m_daily,T2M,temperature_2m,31.1,C,2021-06-02T00:00:00Z,NASA POWER (MERRA-2),"https://power.larc.nasa.gov/api/temporal/daily/point?parameters=T2M,PRECTOTCORR&community=RE&longitude=80.2707&latitude=13.0827&start=20210101&end=20241231&format=JSON",0.5x0.625 deg,daily,VALID,OBSERVED
IN-TN-CHE,Chennai,13.0827,80.2707,nasa_power_prectotcorr_daily,PRECTOTCORR,precipitation,0.01,mm/day,2021-06-02T00:00:00Z,NASA POWER (MERRA-2),"https://power.larc.nasa.gov/api/temporal/daily/point?parameters=T2M,PRECTOTCORR&community=RE&longitude=80.2707&latitude=13.0827&start=20210101&end=20241231&format=JSON",0.5x0.625 deg,daily,VALID,OBSERVED
IN-TN-CHE,Chennai,13.0827,80.2707,nasa_power_t2m_daily,T2M,temperature_2m,30.49,C,2021-06-03T00:00:00Z,NASA POWER (MERRA-2),"https://power.larc.nasa.gov/api/temporal/daily/point?parameters=T2M,PRECTOTCORR&community=RE&longitude=80.2707&latitude=13.0827&start=20210101&end=20241231&format=JSON",0.5x0.625 deg,daily,VALID,OBSERVED
IN-TN-CHE,Chennai,13.0827,80.2707,nasa_power_prectotcorr_daily,PRECTOTCORR,precipitation,0.04,mm/day,2021-06-03T00:00:00Z,NASA POWER (MERRA-2),"https://power.larc.nasa.gov/api/temporal/daily/point?parameters=T2M,PRECTOTCORR&community=RE&longitude=80.2707&latitude=13.0827&start=20210101&end=20241231&format=JSON",0.5x0.625 deg,daily,VALID,OBSERVED
IN-TN-CHE,Chennai,13.0827,80.2707,nasa_power_t2m_daily,T2M,temperature_2m,29.31,C,2021-06-04T00:00:00Z,NASA POWER (MERRA-2),"https://power.larc.nasa.gov/api/temporal/daily/point?parameters=T2M,PRECTOTCORR&community=RE&longitude=80.2707&latitude=13.0827&start=20210101&end=20241231&format=JSON",0.5x0.625 deg,daily,VALID,OBSERVED
IN-TN-CHE,Chennai,13.0827,80.2707,nasa_power_prectotcorr_daily,PRECTOTCORR,precipitation,0.51,mm/day,2021-06-04T00:00:00Z,NASA POWER (MERRA-2),"https://power.larc.nasa.gov/api/temporal/daily/point?parameters=T2M,PRECTOTCORR&community=RE&longitude=80.2707&latitude=13.0827&start=20210101&end=20241231&format=JSON",0.5x0.625 deg,daily,VALID,OBSERVED
IN-TN-CHE,Chennai,13.0827,80.2707,nasa_power_t2m_daily,T2M,temperature_2m,29.57,C,2021-06-05T00:00:00Z,NASA POWER (MERRA-2),"https://power.larc.nasa.gov/api/temporal/daily/point?parameters=T2M,PRECTOTCORR&community=RE&longitude=80.2707&latitude=13.0827&start=20210101&end=20241231&format=JSON",0.5x0.625 deg,daily,VALID,OBSERVED
IN-TN-CHE,Chennai,13.0827,80.2707,nasa_power_prectotcorr_daily,PRECTOTCORR,precipitation,12.49,mm/day,2021-06-05T00:00:00Z,NASA POWER (MERRA-2),"https://power.larc.nasa.gov/api/temporal/daily/point?parameters=T2M,PRECTOTCORR&community=RE&longitude=80.2707&latitude=13.0827&start=20210101&end=20241231&format=JSON",0.5x0.625 deg,daily,VALID,OBSERVED
IN-TN-CHE,Chennai,13.0827,80.2707,nasa_power_t2m_daily,T2M,temperature_2m,29.77,C,2021-06-06T00:00:00Z,NASA POWER (MERRA-2),"https://power.larc.nasa.gov/api/temporal/daily/point?parameters=T2M,PRECTOTCORR&community=RE&longitude=80.2707&latitude=13.0827&start=20210101&end=20241231&format=JSON",0.5x0.625 deg,daily,VALID,OBSERVED
IN-TN-CHE,Chennai,13.0827,80.2707,nasa_power_prectotcorr_daily,PRECTOTCORR,precipitation,0.27,mm/day,2021-06-06T00:00:00Z,NASA POWER (MERRA-2),"https://power.larc.nasa.gov/api/temporal/daily/point?parameters=T2M,PRECTOTCORR&community=RE&longitude=80.2707&latitude=13.0827&start=20210101&end=20241231&format=JSON",0.5x0.625 deg,daily,VALID,OBSERVED
IN-TN-CHE,Chennai,13.0827,80.2707,nasa_power_t2m_daily,T2M,temperature_2m,30.41,C,2021-06-07T00:00:00Z,NASA POWER (MERRA-2),"https://power.larc.nasa.gov/api/temporal/daily/point?parameters=T2M,PRECTOTCORR&community=RE&longitude=80.2707&latitude=13.0827&start=20210101&end=20241231&format=JSON",0.5x0.625 deg,daily,VALID,OBSERVED
IN-TN-CHE,Chennai,13.0827,80.2707,nasa_power_prectotcorr_daily,PRECTOTCORR,precipitation,8.54,mm/day,2021-06-07T00:00:00Z,NASA POWER (MERRA-2),"https://power.larc.nasa.gov/api/temporal/daily/point?parameters=T2M,PRECTOTCORR&community=RE&longitude=80.2707&latitude=13.0827&start=20210101&end=20241231&format=JSON",0.5x0.625 deg,daily,VALID,OBSERVED
IN-TN-CHE,Chennai,13.0827,80.2707,nasa_power_t2m_daily,T2M,temperature_2m,30.19,C,2021-06-08T00:00:00Z,NASA POWER (MERRA-2),"https://power.larc.nasa.gov/api/temporal/daily/point?parameters=T2M,PRECTOTCORR&community=RE&longitude=80.2707&latitude=13.0827&start=20210101&end=20241231&format=JSON",0.5x0.625 deg,daily,VALID,OBSERVED
IN-TN-CHE,Chennai,13.0827,80.2707,nasa_power_prectotcorr_daily,PRECTOTCORR,precipitation,3.75,mm/day,2021-06-08T00:00:00Z,NASA POWER (MERRA-2),"https://power.larc.nasa.gov/api/temporal/daily/point?parameters=T2M,PRECTOTCORR&community=RE&longitude=80.2707&latitude=13.0827&start=20210101&end=20241231&format=JSON",0.5x0.625 deg,daily,VALID,OBSERVED
IN-TN-CHE,Chennai,13.0827,80.2707,nasa_power_t2m_daily,T2M,temperature_2m,30.32,C,2021-06-09T00:00:00Z,NASA POWER (MERRA-2),"https://power.larc.nasa.gov/api/temporal/daily/point?parameters=T2M,PRECTOTCORR&community=RE&longitude=80.2707&latitude=13.0827&start=20210101&end=20241231&format=JSON",0.5x0.625 deg,daily,VALID,OBSERVED
IN-TN-CHE,Chennai,13.0827,80.2707,nasa_power_prectotcorr_daily,PRECTOTCORR,precipitation,4.9,mm/day,2021-06-09T00:00:00Z,NASA POWER (MERRA-2),"https://power.larc.nasa.gov/api/temporal/daily/point?parameters=T2M,PRECTOTCORR&community=RE&longitude=80.2707&latitude=13.0827&start=20210101&end=20241231&format=JSON",0.5x0.625 deg,daily,VALID,OBSERVED
IN-TN-CHE,Chennai,13.0827,80.2707,nasa_power_t2m_daily,T2M,temperature_2m,30.73,C,2021-06-10T00:00:00Z,NASA POWER (MERRA-2),"https://power.larc.nasa.gov/api/temporal/daily/point?parameters=T2M,PRECTOTCORR&community=RE&longitude=80.2707&latitude=13.0827&start=20210101&end=20241231&format=JSON",0.5x0.625 deg,daily,VALID,OBSERVED
IN-TN-CHE,Chennai,13.0827,80.2707,nasa_power_prectotcorr_daily,PRECTOTCORR,precipitation,1.39,mm/day,2021-06-10T00:00:00Z,NASA POWER (MERRA-2),"https://power.larc.nasa.gov/api/temporal/daily/point?parameters=T2M,PRECTOTCORR&community=RE&longitude=80.2707&latitude=13.0827&start=20210101&end=20241231&format=JSON",0.5x0.625 deg,daily,VALID,OBSERVED
IN-TN-CHE,Chennai,13.0827,80.2707,nasa_power_t2m_daily,T2M,temperature_2m,30.16,C,2021-06-11T00:00:00Z,NASA POWER (MERRA-2),"https://power.larc.nasa.gov/api/temporal/daily/point?parameters=T2M,PRECTOTCORR&community=RE&longitude=80.2707&latitude=13.0827&start=20210101&end=20241231&format=JSON",0.5x0.625 deg,daily,VALID,OBSERVED
IN-TN-CHE,Chennai,13.0827,80.2707,nasa_power_prectotcorr_daily,PRECTOTCORR,precipitation,0.07,mm/day,2021-06-11T00:00:00Z,NASA POWER (MERRA-2),"https://power.larc.nasa.gov/api/temporal/daily/point?parameters=T2M,PRECTOTCORR&community=RE&longitude=80.2707&latitude=13.0827&start=20210101&end=20241231&format=JSON",0.5x0.625 deg,daily,VALID,OBSERVED
IN-TN-CHE,Chennai,13.0827,80.2707,nasa_power_t2m_daily,T2M,temperature_2m,30.51,C,2021-06-12T00:00:00Z,NASA POWER (MERRA-2),"https://power.larc.nasa.gov/api/temporal/daily/point?parameters=T2M,PRECTOTCORR&community=RE&longitude=80.2707&latitude=13.0827&start=20210101&end=20241231&format=JSON",0.5x0.625 deg,daily,VALID,OBSERVED
IN-TN-CHE,Chennai,13.0827,80.2707,nasa_power_prectotcorr_daily,PRECTOTCORR,precipitation,1.78,mm/day,2021-06-12T00:00:00Z,NASA POWER (MERRA-2),"https://power.larc.nasa.gov/api/temporal/daily/point?parameters=T2M,PRECTOTCORR&community=RE&longitude=80.2707&latitude=13.0827&start=20210101&end=20241231&format=JSON",0.5x0.625 deg,daily,VALID,OBSERVED
IN-TN-CHE,Chennai,13.0827,80.2707,nasa_power_t2m_daily,T2M,temperature_2m,29.6,C,2021-06-13T00:00:00Z,NASA POWER (MERRA-2),"https://power.larc.nasa.gov/api/temporal/daily/point?parameters=T2M,PRECTOTCORR&community=RE&longitude=80.2707&latitude=13.0827&start=20210101&end=20241231&format=JSON",0.5x0.625 deg,daily,VALID,OBSERVED
IN-TN-CHE,Chennai,13.0827,80.2707,nasa_power_prectotcorr_daily,PRECTOTCORR,precipitation,0.26,mm/day,2021-06-13T00:00:00Z,NASA POWER (MERRA-2),"https://power.larc.nasa.gov/api/temporal/daily/point?parameters=T2M,PRECTOTCORR&community=RE&longitude=80.2707&latitude=13.0827&start=20210101&end=20241231&format=JSON",0.5x0.625 deg,daily,VALID,OBSERVED
IN-TN-CHE,Chennai,13.0827,80.2707,nasa_power_t2m_daily,T2M,temperature_2m,29.95,C,2021-06-14T00:00:00Z,NASA POWER (MERRA-2),"https://power.larc.nasa.gov/api/temporal/daily/point?parameters=T2M,PRECTOTCORR&community=RE&longitude=80.2707&latitude=13.0827&start=20210101&end=20241231&format=JSON",0.5x0.625 deg,daily,VALID,OBSERVED
IN-TN-CHE,Chennai,13.0827,80.2707,nasa_power_prectotcorr_daily,PRECTOTCORR,precipitation,0.4,mm/day,2021-06-14T00:00:00Z,NASA POWER (MERRA-2),"https://power.larc.nasa.gov/api/temporal/daily/point?parameters=T2M,PRECTOTCORR&community=RE&longitude=80.2707&latitude=13.0827&start=20210101&end=20241231&format=JSON",0.5x0.625 deg,daily,VALID,OBSERVED
IN-TN-CHE,Chennai,13.0827,80.2707,nasa_power_t2m_daily,T2M,temperature_2m,30.54,C,2021-06-15T00:00:00Z,NASA POWER (MERRA-2),"https://power.larc.nasa.gov/api/temporal/daily/point?parameters=T2M,PRECTOTCORR&community=RE&longitude=80.2707&latitude=13.0827&start=20210101&end=20241231&format=JSON",0.5x0.625 deg,daily,VALID,OBSERVED
IN-TN-CHE,Chennai,13.0827,80.2707,nasa_power_prectotcorr_daily,PRECTOTCORR,precipitation,0.26,mm/day,2021-06-15T00:00:00Z,NASA POWER (MERRA-2),"https://power.larc.nasa.gov/api/temporal/daily/point?parameters=T2M,PRECTOTCORR&community=RE&longitude=80.2707&latitude=13.0827&start=20210101&end=20241231&format=JSON",0.5x0.625 deg,daily,VALID,OBSERVED
IN-TN-CHE,Chennai,13.0827,80.2707,nasa_power_t2m_daily,T2M,temperature_2m,30.86,C,2021-06-16T00:00:00Z,NASA POWER (MERRA-2),"https://power.larc.nasa.gov/api/temporal/daily/point?parameters=T2M,PRECTOTCORR&community=RE&longitude=80.2707&latitude=13.0827&start=20210101&end=20241231&format=JSON",0.5x0.625 deg,daily,VALID,OBSERVED
IN-TN-CHE,Chennai,13.0827,80.2707,nasa_power_prectotcorr_daily,PRECTOTCORR,precipitation,0.52,mm/day,2021-06-16T00:00:00Z,NASA POWER (MERRA-2),"https://power.larc.nasa.gov/api/temporal/daily/point?parameters=T2M,PRECTOTCORR&community=RE&longitude=80.2707&latitude=13.0827&start=20210101&end=20241231&format=JSON",0.5x0.625 deg,daily,VALID,OBSERVED
IN-TN-CHE,Chennai,13.0827,80.2707,nasa_power_t2m_daily,T2M,temperature_2m,31.15,C,2021-06-17T00:00:00Z,NASA POWER (MERRA-2),"https://power.larc.nasa.gov/api/temporal/daily/point?parameters=T2M,PRECTOTCORR&community=RE&longitude=80.2707&latitude=13.0827&start=20210101&end=20241231&format=JSON",0.5x0.625 deg,daily,VALID,OBSERVED
IN-TN-CHE,Chennai,13.0827,80.2707,nasa_power_prectotcorr_daily,PRECTOTCORR,precipitation,0.46,mm/day,2021-06-17T00:00:00Z,NASA POWER (MERRA-2),"https://power.larc.nasa.gov/api/temporal/daily/point?parameters=T2M,PRECTOTCORR&community=RE&longitude=80.2707&latitude=13.0827&start=20210101&end=20241231&format=JSON",0.5x0.625 deg,daily,VALID,OBSERVED
IN-TN-CHE,Chennai,13.0827,80.2707,nasa_power_t2m_daily,T2M,temperature_2m,30.98,C,2021-06-18T00:00:00Z,NASA POWER (MERRA-2),"https://power.larc.nasa.gov/api/temporal/daily/point?parameters=T2M,PRECTOTCORR&community=RE&longitude=80.2707&latitude=13.0827&start=20210101&end=20241231&format=JSON",0.5x0.625 deg,daily,VALID,OBSERVED
IN-TN-CHE,Chennai,13.0827,80.2707,nasa_power_prectotcorr_daily,PRECTOTCORR,precipitation,0.26,mm/day,2021-06-18T00:00:00Z,NASA POWER (MERRA-2),"https://power.larc.nasa.gov/api/temporal/daily/point?parameters=T2M,PRECTOTCORR&community=RE&longitude=80.2707&latitude=13.0827&start=20210101&end=20241231&format=JSON",0.5x0.625 deg,daily,VALID,OBSERVED
IN-TN-CHE,Chennai,13.0827,80.2707,nasa_power_t2m_daily,T2M,temperature_2m,30.36,C,2021-06-19T00:00:00Z,NASA POWER (MERRA-2),"https://power.larc.nasa.gov/api/temporal/daily/point?parameters=T2M,PRECTOTCORR&community=RE&longitude=80.2707&latitude=13.0827&start=20210101&end=20241231&format=JSON",0.5x0.625 deg,daily,VALID,OBSERVED
IN-TN-CHE,Chennai,13.0827,80.2707,nasa_power_prectotcorr_daily,PRECTOTCORR,precipitation,1.83,mm/day,2021-06-19T00:00:00Z,NASA POWER (MERRA-2),"https://power.larc.nasa.gov/api/temporal/daily/point?parameters=T2M,PRECTOTCORR&community=RE&longitude=80.2707&latitude=13.0827&start=20210101&end=20241231&format=JSON",0.5x0.625 deg,daily,VALID,OBSERVED
IN-TN-CHE,Chennai,13.0827,80.2707,nasa_power_t2m_daily,T2M,temperature_2m,30.51,C,2021-06-20T00:00:00Z,NASA POWER (MERRA-2),"https://power.larc.nasa.gov/api/temporal/daily/point?parameters=T2M,PRECTOTCORR&community=RE&longitude=80.2707&latitude=13.0827&start=20210101&end=20241231&format=JSON",0.5x0.625 deg,daily,VALID,OBSERVED
IN-TN-CHE,Chennai,13.0827,80.2707,nasa_power_prectotcorr_daily,PRECTOTCORR,precipitation,0.81,mm/day,2021-06-20T00:00:00Z,NASA POWER (MERRA-2),"https://power.larc.nasa.gov/api/temporal/daily/point?parameters=T2M,PRECTOTCORR&community=RE&longitude=80.2707&latitude=13.0827&start=20210101&end=20241231&format=JSON",0.5x0.625 deg,daily,VALID,OBSERVED
IN-TN-CHE,Chennai,13.0827,80.2707,nasa_power_t2m_daily,T2M,temperature_2m,30.36,C,2021-06-21T00:00:00Z,NASA POWER (MERRA-2),"https://power.larc.nasa.gov/api/temporal/daily/point?parameters=T2M,PRECTOTCORR&community=RE&longitude=80.2707&latitude=13.0827&start=20210101&end=20241231&format=JSON",0.5x0.625 deg,daily,VALID,OBSERVED
IN-TN-CHE,Chennai,13.0827,80.2707,nasa_power_prectotcorr_daily,PRECTOTCORR,precipitation,0.54,mm/day,2021-06-21T00:00:00Z,NASA POWER (MERRA-2),"https://power.larc.nasa.gov/api/temporal/daily/point?parameters=T2M,PRECTOTCORR&community=RE&longitude=80.2707&latitude=13.0827&start=20210101&end=20241231&format=JSON",0.5x0.625 deg,daily,VALID,OBSERVED
IN-TN-CHE,Chennai,13.0827,80.2707,nasa_power_t2m_daily,T2M,temperature_2m,29.53,C,2021-06-22T00:00:00Z,NASA POWER (MERRA-2),"https://power.larc.nasa.gov/api/temporal/daily/point?parameters=T2M,PRECTOTCORR&community=RE&longitude=80.2707&latitude=13.0827&start=20210101&end=20241231&format=JSON",0.5x0.625 deg,daily,VALID,OBSERVED
IN-TN-CHE,Chennai,13.0827,80.2707,nasa_power_prectotcorr_daily,PRECTOTCORR,precipitation,3.93,mm/day,2021-06-22T00:00:00Z,NASA POWER (MERRA-2),"https://power.larc.nasa.gov/api/temporal/daily/point?parameters=T2M,PRECTOTCORR&community=RE&longitude=80.2707&latitude=13.0827&start=20210101&end=20241231&format=JSON",0.5x0.625 deg,daily,VALID,OBSERVED
IN-TN-CHE,Chennai,13.0827,80.2707,nasa_power_t2m_daily,T2M,temperature_2m,29.63,C,2021-06-23T00:00:00Z,NASA POWER (MERRA-2),"https://power.larc.nasa.gov/api/temporal/daily/point?parameters=T2M,PRECTOTCORR&community=RE&longitude=80.2707&latitude=13.0827&start=20210101&end=20241231&format=JSON",0.5x0.625 deg,daily,VALID,OBSERVED
IN-TN-CHE,Chennai,13.0827,80.2707,nasa_power_prectotcorr_daily,PRECTOTCORR,precipitation,2.72,mm/day,2021-06-23T00:00:00Z,NASA POWER (MERRA-2),"https://power.larc.nasa.gov/api/temporal/daily/point?parameters=T2M,PRECTOTCORR&community=RE&longitude=80.2707&latitude=13.0827&start=20210101&end=20241231&format=JSON",0.5x0.625 deg,daily,VALID,OBSERVED
IN-TN-CHE,Chennai,13.0827,80.2707,nasa_power_t2m_daily,T2M,temperature_2m,29.91,C,2021-06-24T00:00:00Z,NASA POWER (MERRA-2),"https://power.larc.nasa.gov/api/temporal/daily/point?parameters=T2M,PRECTOTCORR&community=RE&longitude=80.2707&latitude=13.0827&start=20210101&end=20241231&format=JSON",0.5x0.625 deg,daily,VALID,OBSERVED
IN-TN-CHE,Chennai,13.0827,80.2707,nasa_power_prectotcorr_daily,PRECTOTCORR,precipitation,9.96,mm/day,2021-06-24T00:00:00Z,NASA POWER (MERRA-2),"https://power.larc.nasa.gov/api/temporal/daily/point?parameters=T2M,PRECTOTCORR&community=RE&longitude=80.2707&latitude=13.0827&start=20210101&end=20241231&format=JSON",0.5x0.625 deg,daily,VALID,OBSERVED
IN-TN-CHE,Chennai,13.0827,80.2707,nasa_power_t2m_daily,T2M,temperature_2m,30.79,C,2021-06-25T00:00:00Z,NASA POWER (MERRA-2),"https://power.larc.nasa.gov/api/temporal/daily/point?parameters=T2M,PRECTOTCORR&community=RE&longitude=80.2707&latitude=13.0827&start=20210101&end=20241231&format=JSON",0.5x0.625 deg,daily,VALID,OBSERVED
IN-TN-CHE,Chennai,13.0827,80.2707,nasa_power_prectotcorr_daily,PRECTOTCORR,precipitation,0.6,mm/day,2021-06-25T00:00:00Z,NASA POWER (MERRA-2),"https://power.larc.nasa.gov/api/temporal/daily/point?parameters=T2M,PRECTOTCORR&community=RE&longitude=80.2707&latitude=13.0827&start=20210101&end=20241231&format=JSON",0.5x0.625 deg,daily,VALID,OBSERVED
IN-TN-CHE,Chennai,13.0827,80.2707,nasa_power_t2m_daily,T2M,temperature_2m,31.01,C,2021-06-26T00:00:00Z,NASA POWER (MERRA-2),"https://power.larc.nasa.gov/api/temporal/daily/point?parameters=T2M,PRECTOTCORR&community=RE&longitude=80.2707&latitude=13.0827&start=20210101&end=20241231&format=JSON",0.5x0.625 deg,daily,VALID,OBSERVED
IN-TN-CHE,Chennai,13.0827,80.2707,nasa_power_prectotcorr_daily,PRECTOTCORR,precipitation,1.89,mm/day,2021-06-26T00:00:00Z,NASA POWER (MERRA-2),"https://power.larc.nasa.gov/api/temporal/daily/point?parameters=T2M,PRECTOTCORR&community=RE&longitude=80.2707&latitude=13.0827&start=20210101&end=20241231&format=JSON",0.5x0.625 deg,daily,VALID,OBSERVED
IN-TN-CHE,Chennai,13.0827,80.2707,nasa_power_t2m_daily,T2M,temperature_2m,29.12,C,2021-06-27T00:00:00Z,NASA POWER (MERRA-2),"https://power.larc.nasa.gov/api/temporal/daily/point?parameters=T2M,PRECTOTCORR&community=RE&longitude=80.2707&latitude=13.0827&start=20210101&end=20241231&format=JSON",0.5x0.625 deg,daily,VALID,OBSERVED
IN-TN-CHE,Chennai,13.0827,80.2707,nasa_power_prectotcorr_daily,PRECTOTCORR,precipitation,8.9,mm/day,2021-06-27T00:00:00Z,NASA POWER (MERRA-2),"https://power.larc.nasa.gov/api/temporal/daily/point?parameters=T2M,PRECTOTCORR&community=RE&longitude=80.2707&latitude=13.0827&start=20210101&end=20241231&format=JSON",0.5x0.625 deg,daily,VALID,OBSERVED
IN-TN-CHE,Chennai,13.0827,80.2707,nasa_power_t2m_daily,T2M,temperature_2m,29.34,C,2021-06-28T00:00:00Z,NASA POWER (MERRA-2),"https://power.larc.nasa.gov/api/temporal/daily/point?parameters=T2M,PRECTOTCORR&community=RE&longitude=80.2707&latitude=13.0827&start=20210101&end=20241231&format=JSON",0.5x0.625 deg,daily,VALID,OBSERVED
IN-TN-CHE,Chennai,13.0827,80.2707,nasa_power_prectotcorr_daily,PRECTOTCORR,precipitation,2.16,mm/day,2021-06-28T00:00:00Z,NASA POWER (MERRA-2),"https://power.larc.nasa.gov/api/temporal/daily/point?parameters=T2M,PRECTOTCORR&community=RE&longitude=80.2707&latitude=13.0827&start=20210101&end=20241231&format=JSON",0.5x0.625 deg,daily,VALID,OBSERVED
IN-TN-CHE,Chennai,13.0827,80.2707,nasa_power_t2m_daily,T2M,temperature_2m,29.81,C,2021-06-29T00:00:00Z,NASA POWER (MERRA-2),"https://power.larc.nasa.gov/api/temporal/daily/point?parameters=T2M,PRECTOTCORR&community=RE&longitude=80.2707&latitude=13.0827&start=20210101&end=20241231&format=JSON",0.5x0.625 deg,daily,VALID,OBSERVED
IN-TN-CHE,Chennai,13.0827,80.2707,nasa_power_prectotcorr_daily,PRECTOTCORR,precipitation,0.54,mm/day,2021-06-29T00:00:00Z,NASA POWER (MERRA-2),"https://power.larc.nasa.gov/api/temporal/daily/point?parameters=T2M,PRECTOTCORR&community=RE&longitude=80.2707&latitude=13.0827&start=20210101&end=20241231&format=JSON",0.5x0.625 deg,daily,VALID,OBSERVED
IN-TN-CHE,Chennai,13.0827,80.2707,nasa_power_t2m_daily,T2M,temperature_2m,30.22,C,2021-06-30T00:00:00Z,NASA POWER (MERRA-2),"https://power.larc.nasa.gov/api/temporal/daily/point?parameters=T2M,PRECTOTCORR&community=RE&longitude=80.2707&latitude=13.0827&start=20210101&end=20241231&format=JSON",0.5x0.625 deg,daily,VALID,OBSERVED
IN-TN-CHE,Chennai,13.0827,80.2707,nasa_power_prectotcorr_daily,PRECTOTCORR,precipitation,3.03,mm/day,2021-06-30T00:00:00Z,NASA POWER (MERRA-2),"https://power.larc.nasa.gov/api/temporal/daily/point?parameters=T2M,PRECTOTCORR&community=RE&longitude=80.2707&latitude=13.0827&start=20210101&end=20241231&format=JSON",0.5x0.625 deg,daily,VALID,OBSERVED
IN-TN-CHE,Chennai,13.0827,80.2707,nasa_power_t2m_daily,T2M,temperature_2m,29.44,C,2021-07-01T00:00:00Z,NASA POWER (MERRA-2),"https://power.larc.nasa.gov/api/temporal/daily/point?parameters=T2M,PRECTOTCORR&community=RE&longitude=80.2707&latitude=13.0827&start=20210101&end=20241231&format=JSON",0.5x0.625 deg,daily,VALID,OBSERVED
IN-TN-CHE,Chennai,13.0827,80.2707,nasa_power_prectotcorr_daily,PRECTOTCORR,precipitation,4.58,mm/day,2021-07-01T00:00:00Z,NASA POWER (MERRA-2),"https://power.larc.nasa.gov/api/temporal/daily/point?parameters=T2M,PRECTOTCORR&community=RE&longitude=80.2707&latitude=13.0827&start=20210101&end=20241231&format=JSON",0.5x0.625 deg,daily,VALID,OBSERVED
IN-TN-CHE,Chennai,13.0827,80.2707,nasa_power_t2m_daily,T2M,temperature_2m,29.19,C,2021-07-02T00:00:00Z,NASA POWER (MERRA-2),"https://power.larc.nasa.gov/api/temporal/daily/point?parameters=T2M,PRECTOTCORR&community=RE&longitude=80.2707&latitude=13.0827&start=20210101&end=20241231&format=JSON",0.5x0.625 deg,daily,VALID,OBSERVED
IN-TN-CHE,Chennai,13.0827,80.2707,nasa_power_prectotcorr_daily,PRECTOTCORR,precipitation,16.13,mm/day,2021-07-02T00:00:00Z,NASA POWER (MERRA-2),"https://power.larc.nasa.gov/api/temporal/daily/point?parameters=T2M,PRECTOTCORR&community=RE&longitude=80.2707&latitude=13.0827&start=20210101&end=20241231&format=JSON",0.5x0.625 deg,daily,VALID,OBSERVED
IN-TN-CHE,Chennai,13.0827,80.2707,nasa_power_t2m_daily,T2M,temperature_2m,28.93,C,2021-07-03T00:00:00Z,NASA POWER (MERRA-2),"https://power.larc.nasa.gov/api/temporal/daily/point?parameters=T2M,PRECTOTCORR&community=RE&longitude=80.2707&latitude=13.0827&start=20210101&end=20241231&format=JSON",0.5x0.625 deg,daily,VALID,OBSERVED
IN-TN-CHE,Chennai,13.0827,80.2707,nasa_power_prectotcorr_daily,PRECTOTCORR,precipitation,9.11,mm/day,2021-07-03T00:00:00Z,NASA POWER (MERRA-2),"https://power.larc.nasa.gov/api/temporal/daily/point?parameters=T2M,PRECTOTCORR&community=RE&longitude=80.2707&latitude=13.0827&start=20210101&end=20241231&format=JSON",0.5x0.625 deg,daily,VALID,OBSERVED
IN-TN-CHE,Chennai,13.0827,80.2707,nasa_power_t2m_daily,T2M,temperature_2m,28.55,C,2021-07-04T00:00:00Z,NASA POWER (MERRA-2),"https://power.larc.nasa.gov/api/temporal/daily/point?parameters=T2M,PRECTOTCORR&community=RE&longitude=80.2707&latitude=13.0827&start=20210101&end=20241231&format=JSON",0.5x0.625 deg,daily,VALID,OBSERVED
IN-TN-CHE,Chennai,13.0827,80.2707,nasa_power_prectotcorr_daily,PRECTOTCORR,precipitation,4.88,mm/day,2021-07-04T00:00:00Z,NASA POWER (MERRA-2),"https://power.larc.nasa.gov/api/temporal/daily/point?parameters=T2M,PRECTOTCORR&community=RE&longitude=80.2707&latitude=13.0827&start=20210101&end=20241231&format=JSON",0.5x0.625 deg,daily,VALID,OBSERVED
IN-TN-CHE,Chennai,13.0827,80.2707,nasa_power_t2m_daily,T2M,temperature_2m,29.33,C,2021-07-05T00:00:00Z,NASA POWER (MERRA-2),"https://power.larc.nasa.gov/api/temporal/daily/point?parameters=T2M,PRECTOTCORR&community=RE&longitude=80.2707&latitude=13.0827&start=20210101&end=20241231&format=JSON",0.5x0.625 deg,daily,VALID,OBSERVED
IN-TN-CHE,Chennai,13.0827,80.2707,nasa_power_prectotcorr_daily,PRECTOTCORR,precipitation,1.7,mm/day,2021-07-05T00:00:00Z,NASA POWER (MERRA-2),"https://power.larc.nasa.gov/api/temporal/daily/point?parameters=T2M,PRECTOTCORR&community=RE&longitude=80.2707&latitude=13.0827&start=20210101&end=20241231&format=JSON",0.5x0.625 deg,daily,VALID,OBSERVED
IN-TN-CHE,Chennai,13.0827,80.2707,nasa_power_t2m_daily,T2M,temperature_2m,29.41,C,2021-07-06T00:00:00Z,NASA POWER (MERRA-2),"https://power.larc.nasa.gov/api/temporal/daily/point?parameters=T2M,PRECTOTCORR&community=RE&longitude=80.2707&latitude=13.0827&start=20210101&end=20241231&format=JSON",0.5x0.625 deg,daily,VALID,OBSERVED
IN-TN-CHE,Chennai,13.0827,80.2707,nasa_power_prectotcorr_daily,PRECTOTCORR,precipitation,1.71,mm/day,2021-07-06T00:00:00Z,NASA POWER (MERRA-2),"https://power.larc.nasa.gov/api/temporal/daily/point?parameters=T2M,PRECTOTCORR&community=RE&longitude=80.2707&latitude=13.0827&start=20210101&end=20241231&format=JSON",0.5x0.625 deg,daily,VALID,OBSERVED
IN-TN-CHE,Chennai,13.0827,80.2707,nasa_power_t2m_daily,T2M,temperature_2m,29.18,C,2021-07-07T00:00:00Z,NASA POWER (MERRA-2),"https://power.larc.nasa.gov/api/temporal/daily/point?parameters=T2M,PRECTOTCORR&community=RE&longitude=80.2707&latitude=13.0827&start=20210101&end=20241231&format=JSON",0.5x0.625 deg,daily,VALID,OBSERVED
IN-TN-CHE,Chennai,13.0827,80.2707,nasa_power_prectotcorr_daily,PRECTOTCORR,precipitation,1.06,mm/day,2021-07-07T00:00:00Z,NASA POWER (MERRA-2),"https://power.larc.nasa.gov/api/temporal/daily/point?parameters=T2M,PRECTOTCORR&community=RE&longitude=80.2707&latitude=13.0827&start=20210101&end=20241231&format=JSON",0.5x0.625 deg,daily,VALID,OBSERVED
IN-TN-CHE,Chennai,13.0827,80.2707,nasa_power_t2m_daily,T2M,temperature_2m,28.67,C,2021-07-08T00:00:00Z,NASA POWER (MERRA-2),"https://power.larc.nasa.gov/api/temporal/daily/point?parameters=T2M,PRECTOTCORR&community=RE&longitude=80.2707&latitude=13.0827&start=20210101&end=20241231&format=JSON",0.5x0.625 deg,daily,VALID,OBSERVED
IN-TN-CHE,Chennai,13.0827,80.2707,nasa_power_prectotcorr_daily,PRECTOTCORR,precipitation,15.69,mm/day,2021-07-08T00:00:00Z,NASA POWER (MERRA-2),"https://power.larc.nasa.gov/api/temporal/daily/point?parameters=T2M,PRECTOTCORR&community=RE&longitude=80.2707&latitude=13.0827&start=20210101&end=20241231&format=JSON",0.5x0.625 deg,daily,VALID,OBSERVED
IN-TN-CHE,Chennai,13.0827,80.2707,nasa_power_t2m_daily,T2M,temperature_2m,28.63,C,2021-07-09T00:00:00Z,NASA POWER (MERRA-2),"https://power.larc.nasa.gov/api/temporal/daily/point?parameters=T2M,PRECTOTCORR&community=RE&longitude=80.2707&latitude=13.0827&start=20210101&end=20241231&format=JSON",0.5x0.625 deg,daily,VALID,OBSERVED
IN-TN-CHE,Chennai,13.0827,80.2707,nasa_power_prectotcorr_daily,PRECTOTCORR,precipitation,18.56,mm/day,2021-07-09T00:00:00Z,NASA POWER (MERRA-2),"https://power.larc.nasa.gov/api/temporal/daily/point?parameters=T2M,PRECTOTCORR&community=RE&longitude=80.2707&latitude=13.0827&start=20210101&end=20241231&format=JSON",0.5x0.625 deg,daily,VALID,OBSERVED
IN-TN-CHE,Chennai,13.0827,80.2707,nasa_power_t2m_daily,T2M,temperature_2m,27.85,C,2021-07-10T00:00:00Z,NASA POWER (MERRA-2),"https://power.larc.nasa.gov/api/temporal/daily/point?parameters=T2M,PRECTOTCORR&community=RE&longitude=80.2707&latitude=13.0827&start=20210101&end=20241231&format=JSON",0.5x0.625 deg,daily,VALID,OBSERVED
IN-TN-CHE,Chennai,13.0827,80.2707,nasa_power_prectotcorr_daily,PRECTOTCORR,precipitation,11.85,mm/day,2021-07-10T00:00:00Z,NASA POWER (MERRA-2),"https://power.larc.nasa.gov/api/temporal/daily/point?parameters=T2M,PRECTOTCORR&community=RE&longitude=80.2707&latitude=13.0827&start=20210101&end=20241231&format=JSON",0.5x0.625 deg,daily,VALID,OBSERVED
IN-TN-CHE,Chennai,13.0827,80.2707,nasa_power_t2m_daily,T2M,temperature_2m,27.55,C,2021-07-11T00:00:00Z,NASA POWER (MERRA-2),"https://power.larc.nasa.gov/api/temporal/daily/point?parameters=T2M,PRECTOTCORR&community=RE&longitude=80.2707&latitude=13.0827&start=20210101&end=20241231&format=JSON",0.5x0.625 deg,daily,VALID,OBSERVED
IN-TN-CHE,Chennai,13.0827,80.2707,nasa_power_prectotcorr_daily,PRECTOTCORR,precipitation,3.17,mm/day,2021-07-11T00:00:00Z,NASA POWER (MERRA-2),"https://power.larc.nasa.gov/api/temporal/daily/point?parameters=T2M,PRECTOTCORR&community=RE&longitude=80.2707&latitude=13.0827&start=20210101&end=20241231&format=JSON",0.5x0.625 deg,daily,VALID,OBSERVED
IN-TN-CHE,Chennai,13.0827,80.2707,nasa_power_t2m_daily,T2M,temperature_2m,27.49,C,2021-07-12T00:00:00Z,NASA POWER (MERRA-2),"https://power.larc.nasa.gov/api/temporal/daily/point?parameters=T2M,PRECTOTCORR&community=RE&longitude=80.2707&latitude=13.0827&start=20210101&end=20241231&format=JSON",0.5x0.625 deg,daily,VALID,OBSERVED
IN-TN-CHE,Chennai,13.0827,80.2707,nasa_power_prectotcorr_daily,PRECTOTCORR,precipitation,2.4,mm/day,2021-07-12T00:00:00Z,NASA POWER (MERRA-2),"https://power.larc.nasa.gov/api/temporal/daily/point?parameters=T2M,PRECTOTCORR&community=RE&longitude=80.2707&latitude=13.0827&start=20210101&end=20241231&format=JSON",0.5x0.625 deg,daily,VALID,OBSERVED
IN-TN-CHE,Chennai,13.0827,80.2707,nasa_power_t2m_daily,T2M,temperature_2m,28.35,C,2021-07-13T00:00:00Z,NASA POWER (MERRA-2),"https://power.larc.nasa.gov/api/temporal/daily/point?parameters=T2M,PRECTOTCORR&community=RE&longitude=80.2707&latitude=13.0827&start=20210101&end=20241231&format=JSON",0.5x0.625 deg,daily,VALID,OBSERVED
IN-TN-CHE,Chennai,13.0827,80.2707,nasa_power_prectotcorr_daily,PRECTOTCORR,precipitation,1.38,mm/day,2021-07-13T00:00:00Z,NASA POWER (MERRA-2),"https://power.larc.nasa.gov/api/temporal/daily/point?parameters=T2M,PRECTOTCORR&community=RE&longitude=80.2707&latitude=13.0827&start=20210101&end=20241231&format=JSON",0.5x0.625 deg,daily,VALID,OBSERVED
IN-TN-CHE,Chennai,13.0827,80.2707,nasa_power_t2m_daily,T2M,temperature_2m,28.09,C,2021-07-14T00:00:00Z,NASA POWER (MERRA-2),"https://power.larc.nasa.gov/api/temporal/daily/point?parameters=T2M,PRECTOTCORR&community=RE&longitude=80.2707&latitude=13.0827&start=20210101&end=20241231&format=JSON",0.5x0.625 deg,daily,VALID,OBSERVED
IN-TN-CHE,Chennai,13.0827,80.2707,nasa_power_prectotcorr_daily,PRECTOTCORR,precipitation,11.24,mm/day,2021-07-14T00:00:00Z,NASA POWER (MERRA-2),"https://power.larc.nasa.gov/api/temporal/daily/point?parameters=T2M,PRECTOTCORR&community=RE&longitude=80.2707&latitude=13.0827&start=20210101&end=20241231&format=JSON",0.5x0.625 deg,daily,VALID,OBSERVED
IN-TN-CHE,Chennai,13.0827,80.2707,nasa_power_t2m_daily,T2M,temperature_2m,28.56,C,2021-07-15T00:00:00Z,NASA POWER (MERRA-2),"https://power.larc.nasa.gov/api/temporal/daily/point?parameters=T2M,PRECTOTCORR&community=RE&longitude=80.2707&latitude=13.0827&start=20210101&end=20241231&format=JSON",0.5x0.625 deg,daily,VALID,OBSERVED
IN-TN-CHE,Chennai,13.0827,80.2707,nasa_power_prectotcorr_daily,PRECTOTCORR,precipitation,7.01,mm/day,2021-07-15T00:00:00Z,NASA POWER (MERRA-2),"https://power.larc.nasa.gov/api/temporal/daily/point?parameters=T2M,PRECTOTCORR&community=RE&longitude=80.2707&latitude=13.0827&start=20210101&end=20241231&format=JSON",0.5x0.625 deg,daily,VALID,OBSERVED
IN-TN-CHE,Chennai,13.0827,80.2707,nasa_power_t2m_daily,T2M,temperature_2m,28.84,C,2021-07-16T00:00:00Z,NASA POWER (MERRA-2),"https://power.larc.nasa.gov/api/temporal/daily/point?parameters=T2M,PRECTOTCORR&community=RE&longitude=80.2707&latitude=13.0827&start=20210101&end=20241231&format=JSON",0.5x0.625 deg,daily,VALID,OBSERVED
IN-TN-CHE,Chennai,13.0827,80.2707,nasa_power_prectotcorr_daily,PRECTOTCORR,precipitation,8.77,mm/day,2021-07-16T00:00:00Z,NASA POWER (MERRA-2),"https://power.larc.nasa.gov/api/temporal/daily/point?parameters=T2M,PRECTOTCORR&community=RE&longitude=80.2707&latitude=13.0827&start=20210101&end=20241231&format=JSON",0.5x0.625 deg,daily,VALID,OBSERVED
IN-TN-CHE,Chennai,13.0827,80.2707,nasa_power_t2m_daily,T2M,temperature_2m,27.61,C,2021-07-17T00:00:00Z,NASA POWER (MERRA-2),"https://power.larc.nasa.gov/api/temporal/daily/point?parameters=T2M,PRECTOTCORR&community=RE&longitude=80.2707&latitude=13.0827&start=20210101&end=20241231&format=JSON",0.5x0.625 deg,daily,VALID,OBSERVED
IN-TN-CHE,Chennai,13.0827,80.2707,nasa_power_prectotcorr_daily,PRECTOTCORR,precipitation,33.34,mm/day,2021-07-17T00:00:00Z,NASA POWER (MERRA-2),"https://power.larc.nasa.gov/api/temporal/daily/point?parameters=T2M,PRECTOTCORR&community=RE&longitude=80.2707&latitude=13.0827&start=20210101&end=20241231&format=JSON",0.5x0.625 deg,daily,VALID,OBSERVED
IN-TN-CHE,Chennai,13.0827,80.2707,nasa_power_t2m_daily,T2M,temperature_2m,27.36,C,2021-07-18T00:00:00Z,NASA POWER (MERRA-2),"https://power.larc.nasa.gov/api/temporal/daily/point?parameters=T2M,PRECTOTCORR&community=RE&longitude=80.2707&latitude=13.0827&start=20210101&end=20241231&format=JSON",0.5x0.625 deg,daily,VALID,OBSERVED
IN-TN-CHE,Chennai,13.0827,80.2707,nasa_power_prectotcorr_daily,PRECTOTCORR,precipitation,24.12,mm/day,2021-07-18T00:00:00Z,NASA POWER (MERRA-2),"https://power.larc.nasa.gov/api/temporal/daily/point?parameters=T2M,PRECTOTCORR&community=RE&longitude=80.2707&latitude=13.0827&start=20210101&end=20241231&format=JSON",0.5x0.625 deg,daily,VALID,OBSERVED
IN-TN-CHE,Chennai,13.0827,80.2707,nasa_power_t2m_daily,T2M,temperature_2m,28.86,C,2021-07-19T00:00:00Z,NASA POWER (MERRA-2),"https://power.larc.nasa.gov/api/temporal/daily/point?parameters=T2M,PRECTOTCORR&community=RE&longitude=80.2707&latitude=13.0827&start=20210101&end=20241231&format=JSON",0.5x0.625 deg,daily,VALID,OBSERVED
IN-TN-CHE,Chennai,13.0827,80.2707,nasa_power_prectotcorr_daily,PRECTOTCORR,precipitation,10.49,mm/day,2021-07-19T00:00:00Z,NASA POWER (MERRA-2),"https://power.larc.nasa.gov/api/temporal/daily/point?parameters=T2M,PRECTOTCORR&community=RE&longitude=80.2707&latitude=13.0827&start=20210101&end=20241231&format=JSON",0.5x0.625 deg,daily,VALID,OBSERVED
IN-TN-CHE,Chennai,13.0827,80.2707,nasa_power_t2m_daily,T2M,temperature_2m,28.71,C,2021-07-20T00:00:00Z,NASA POWER (MERRA-2),"https://power.larc.nasa.gov/api/temporal/daily/point?parameters=T2M,PRECTOTCORR&community=RE&longitude=80.2707&latitude=13.0827&start=20210101&end=20241231&format=JSON",0.5x0.625 deg,daily,VALID,OBSERVED
IN-TN-CHE,Chennai,13.0827,80.2707,nasa_power_prectotcorr_daily,PRECTOTCORR,precipitation,2.56,mm/day,2021-07-20T00:00:00Z,NASA POWER (MERRA-2),"https://power.larc.nasa.gov/api/temporal/daily/point?parameters=T2M,PRECTOTCORR&community=RE&longitude=80.2707&latitude=13.0827&start=20210101&end=20241231&format=JSON",0.5x0.625 deg,daily,VALID,OBSERVED
IN-TN-CHE,Chennai,13.0827,80.2707,nasa_power_t2m_daily,T2M,temperature_2m,28.68,C,2021-07-21T00:00:00Z,NASA POWER (MERRA-2),"https://power.larc.nasa.gov/api/temporal/daily/point?parameters=T2M,PRECTOTCORR&community=RE&longitude=80.2707&latitude=13.0827&start=20210101&end=20241231&format=JSON",0.5x0.625 deg,daily,VALID,OBSERVED
IN-TN-CHE,Chennai,13.0827,80.2707,nasa_power_prectotcorr_daily,PRECTOTCORR,precipitation,1.63,mm/day,2021-07-21T00:00:00Z,NASA POWER (MERRA-2),"https://power.larc.nasa.gov/api/temporal/daily/point?parameters=T2M,PRECTOTCORR&community=RE&longitude=80.2707&latitude=13.0827&start=20210101&end=20241231&format=JSON",0.5x0.625 deg,daily,VALID,OBSERVED
IN-TN-CHE,Chennai,13.0827,80.2707,nasa_power_t2m_daily,T2M,temperature_2m,27.57,C,2021-07-22T00:00:00Z,NASA POWER (MERRA-2),"https://power.larc.nasa.gov/api/temporal/daily/point?parameters=T2M,PRECTOTCORR&community=RE&longitude=80.2707&latitude=13.0827&start=20210101&end=20241231&format=JSON",0.5x0.625 deg,daily,VALID,OBSERVED
IN-TN-CHE,Chennai,13.0827,80.2707,nasa_power_prectotcorr_daily,PRECTOTCORR,precipitation,2.77,mm/day,2021-07-22T00:00:00Z,NASA POWER (MERRA-2),"https://power.larc.nasa.gov/api/temporal/daily/point?parameters=T2M,PRECTOTCORR&community=RE&longitude=80.2707&latitude=13.0827&start=20210101&end=20241231&format=JSON",0.5x0.625 deg,daily,VALID,OBSERVED
IN-TN-CHE,Chennai,13.0827,80.2707,nasa_power_t2m_daily,T2M,temperature_2m,28.29,C,2021-07-23T00:00:00Z,NASA POWER (MERRA-2),"https://power.larc.nasa.gov/api/temporal/daily/point?parameters=T2M,PRECTOTCORR&community=RE&longitude=80.2707&latitude=13.0827&start=20210101&end=20241231&format=JSON",0.5x0.625 deg,daily,VALID,OBSERVED
IN-TN-CHE,Chennai,13.0827,80.2707,nasa_power_prectotcorr_daily,PRECTOTCORR,precipitation,0.79,mm/day,2021-07-23T00:00:00Z,NASA POWER (MERRA-2),"https://power.larc.nasa.gov/api/temporal/daily/point?parameters=T2M,PRECTOTCORR&community=RE&longitude=80.2707&latitude=13.0827&start=20210101&end=20241231&format=JSON",0.5x0.625 deg,daily,VALID,OBSERVED
IN-TN-CHE,Chennai,13.0827,80.2707,nasa_power_t2m_daily,T2M,temperature_2m,29.23,C,2021-07-24T00:00:00Z,NASA POWER (MERRA-2),"https://power.larc.nasa.gov/api/temporal/daily/point?parameters=T2M,PRECTOTCORR&community=RE&longitude=80.2707&latitude=13.0827&start=20210101&end=20241231&format=JSON",0.5x0.625 deg,daily,VALID,OBSERVED
IN-TN-CHE,Chennai,13.0827,80.2707,nasa_power_prectotcorr_daily,PRECTOTCORR,precipitation,0.91,mm/day,2021-07-24T00:00:00Z,NASA POWER (MERRA-2),"https://power.larc.nasa.gov/api/temporal/daily/point?parameters=T2M,PRECTOTCORR&community=RE&longitude=80.2707&latitude=13.0827&start=20210101&end=20241231&format=JSON",0.5x0.625 deg,daily,VALID,OBSERVED
IN-TN-CHE,Chennai,13.0827,80.2707,nasa_power_t2m_daily,T2M,temperature_2m,28.76,C,2021-07-25T00:00:00Z,NASA POWER (MERRA-2),"https://power.larc.nasa.gov/api/temporal/daily/point?parameters=T2M,PRECTOTCORR&community=RE&longitude=80.2707&latitude=13.0827&start=20210101&end=20241231&format=JSON",0.5x0.625 deg,daily,VALID,OBSERVED
IN-TN-CHE,Chennai,13.0827,80.2707,nasa_power_prectotcorr_daily,PRECTOTCORR,precipitation,3.91,mm/day,2021-07-25T00:00:00Z,NASA POWER (MERRA-2),"https://power.larc.nasa.gov/api/temporal/daily/point?parameters=T2M,PRECTOTCORR&community=RE&longitude=80.2707&latitude=13.0827&start=20210101&end=20241231&format=JSON",0.5x0.625 deg,daily,VALID,OBSERVED
IN-TN-CHE,Chennai,13.0827,80.2707,nasa_power_t2m_daily,T2M,temperature_2m,28.21,C,2021-07-26T00:00:00Z,NASA POWER (MERRA-2),"https://power.larc.nasa.gov/api/temporal/daily/point?parameters=T2M,PRECTOTCORR&community=RE&longitude=80.2707&latitude=13.0827&start=20210101&end=20241231&format=JSON",0.5x0.625 deg,daily,VALID,OBSERVED
IN-TN-CHE,Chennai,13.0827,80.2707,nasa_power_prectotcorr_daily,PRECTOTCORR,precipitation,3.03,mm/day,2021-07-26T00:00:00Z,NASA POWER (MERRA-2),"https://power.larc.nasa.gov/api/temporal/daily/point?parameters=T2M,PRECTOTCORR&community=RE&longitude=80.2707&latitude=13.0827&start=20210101&end=20241231&format=JSON",0.5x0.625 deg,daily,VALID,OBSERVED
IN-TN-CHE,Chennai,13.0827,80.2707,nasa_power_t2m_daily,T2M,temperature_2m,28.33,C,2021-07-27T00:00:00Z,NASA POWER (MERRA-2),"https://power.larc.nasa.gov/api/temporal/daily/point?parameters=T2M,PRECTOTCORR&community=RE&longitude=80.2707&latitude=13.0827&start=20210101&end=20241231&format=JSON",0.5x0.625 deg,daily,VALID,OBSERVED
IN-TN-CHE,Chennai,13.0827,80.2707,nasa_power_prectotcorr_daily,PRECTOTCORR,precipitation,1.7,mm/day,2021-07-27T00:00:00Z,NASA POWER (MERRA-2),"https://power.larc.nasa.gov/api/temporal/daily/point?parameters=T2M,PRECTOTCORR&community=RE&longitude=80.2707&latitude=13.0827&start=20210101&end=20241231&format=JSON",0.5x0.625 deg,daily,VALID,OBSERVED
IN-TN-CHE,Chennai,13.0827,80.2707,nasa_power_t2m_daily,T2M,temperature_2m,29.61,C,2021-07-28T00:00:00Z,NASA POWER (MERRA-2),"https://power.larc.nasa.gov/api/temporal/daily/point?parameters=T2M,PRECTOTCORR&community=RE&longitude=80.2707&latitude=13.0827&start=20210101&end=20241231&format=JSON",0.5x0.625 deg,daily,VALID,OBSERVED
IN-TN-CHE,Chennai,13.0827,80.2707,nasa_power_prectotcorr_daily,PRECTOTCORR,precipitation,0.11,mm/day,2021-07-28T00:00:00Z,NASA POWER (MERRA-2),"https://power.larc.nasa.gov/api/temporal/daily/point?parameters=T2M,PRECTOTCORR&community=RE&longitude=80.2707&latitude=13.0827&start=20210101&end=20241231&format=JSON",0.5x0.625 deg,daily,VALID,OBSERVED
IN-TN-CHE,Chennai,13.0827,80.2707,nasa_power_t2m_daily,T2M,temperature_2m,29.4,C,2021-07-29T00:00:00Z,NASA POWER (MERRA-2),"https://power.larc.nasa.gov/api/temporal/daily/point?parameters=T2M,PRECTOTCORR&community=RE&longitude=80.2707&latitude=13.0827&start=20210101&end=20241231&format=JSON",0.5x0.625 deg,daily,VALID,OBSERVED
IN-TN-CHE,Chennai,13.0827,80.2707,nasa_power_prectotcorr_daily,PRECTOTCORR,precipitation,0.25,mm/day,2021-07-29T00:00:00Z,NASA POWER (MERRA-2),"https://power.larc.nasa.gov/api/temporal/daily/point?parameters=T2M,PRECTOTCORR&community=RE&longitude=80.2707&latitude=13.0827&start=20210101&end=20241231&format=JSON",0.5x0.625 deg,daily,VALID,OBSERVED
IN-TN-CHE,Chennai,13.0827,80.2707,nasa_power_t2m_daily,T2M,temperature_2m,29.46,C,2021-07-30T00:00:00Z,NASA POWER (MERRA-2),"https://power.larc.nasa.gov/api/temporal/daily/point?parameters=T2M,PRECTOTCORR&community=RE&longitude=80.2707&latitude=13.0827&start=20210101&end=20241231&format=JSON",0.5x0.625 deg,daily,VALID,OBSERVED
IN-TN-CHE,Chennai,13.0827,80.2707,nasa_power_prectotcorr_daily,PRECTOTCORR,precipitation,0.4,mm/day,2021-07-30T00:00:00Z,NASA POWER (MERRA-2),"https://power.larc.nasa.gov/api/temporal/daily/point?parameters=T2M,PRECTOTCORR&community=RE&longitude=80.2707&latitude=13.0827&start=20210101&end=20241231&format=JSON",0.5x0.625 deg,daily,VALID,OBSERVED
IN-TN-CHE,Chennai,13.0827,80.2707,nasa_power_t2m_daily,T2M,temperature_2m,29.73,C,2021-07-31T00:00:00Z,NASA POWER (MERRA-2),"https://power.larc.nasa.gov/api/temporal/daily/point?parameters=T2M,PRECTOTCORR&community=RE&longitude=80.2707&latitude=13.0827&start=20210101&end=20241231&format=JSON",0.5x0.625 deg,daily,VALID,OBSERVED
IN-TN-CHE,Chennai,13.0827,80.2707,nasa_power_prectotcorr_daily,PRECTOTCORR,precipitation,4.41,mm/day,2021-07-31T00:00:00Z,NASA POWER (MERRA-2),"https://power.larc.nasa.gov/api/temporal/daily/point?parameters=T2M,PRECTOTCORR&community=RE&longitude=80.2707&latitude=13.0827&start=20210101&end=20241231&format=JSON",0.5x0.625 deg,daily,VALID,OBSERVED
IN-TN-CHE,Chennai,13.0827,80.2707,nasa_power_t2m_daily,T2M,temperature_2m,28.93,C,2021-08-01T00:00:00Z,NASA POWER (MERRA-2),"https://power.larc.nasa.gov/api/temporal/daily/point?parameters=T2M,PRECTOTCORR&community=RE&longitude=80.2707&latitude=13.0827&start=20210101&end=20241231&format=JSON",0.5x0.625 deg,daily,VALID,OBSERVED
IN-TN-CHE,Chennai,13.0827,80.2707,nasa_power_prectotcorr_daily,PRECTOTCORR,precipitation,1.9,mm/day,2021-08-01T00:00:00Z,NASA POWER (MERRA-2),"https://power.larc.nasa.gov/api/temporal/daily/point?parameters=T2M,PRECTOTCORR&community=RE&longitude=80.2707&latitude=13.0827&start=20210101&end=20241231&format=JSON",0.5x0.625 deg,daily,VALID,OBSERVED
IN-TN-CHE,Chennai,13.0827,80.2707,nasa_power_t2m_daily,T2M,temperature_2m,29.41,C,2021-08-02T00:00:00Z,NASA POWER (MERRA-2),"https://power.larc.nasa.gov/api/temporal/daily/point?parameters=T2M,PRECTOTCORR&community=RE&longitude=80.2707&latitude=13.0827&start=20210101&end=20241231&format=JSON",0.5x0.625 deg,daily,VALID,OBSERVED
IN-TN-CHE,Chennai,13.0827,80.2707,nasa_power_prectotcorr_daily,PRECTOTCORR,precipitation,0.66,mm/day,2021-08-02T00:00:00Z,NASA POWER (MERRA-2),"https://power.larc.nasa.gov/api/temporal/daily/point?parameters=T2M,PRECTOTCORR&community=RE&longitude=80.2707&latitude=13.0827&start=20210101&end=20241231&format=JSON",0.5x0.625 deg,daily,VALID,OBSERVED
IN-TN-CHE,Chennai,13.0827,80.2707,nasa_power_t2m_daily,T2M,temperature_2m,29.44,C,2021-08-03T00:00:00Z,NASA POWER (MERRA-2),"https://power.larc.nasa.gov/api/temporal/daily/point?parameters=T2M,PRECTOTCORR&community=RE&longitude=80.2707&latitude=13.0827&start=20210101&end=20241231&format=JSON",0.5x0.625 deg,daily,VALID,OBSERVED
IN-TN-CHE,Chennai,13.0827,80.2707,nasa_power_prectotcorr_daily,PRECTOTCORR,precipitation,0.6,mm/day,2021-08-03T00:00:00Z,NASA POWER (MERRA-2),"https://power.larc.nasa.gov/api/temporal/daily/point?parameters=T2M,PRECTOTCORR&community=RE&longitude=80.2707&latitude=13.0827&start=20210101&end=20241231&format=JSON",0.5x0.625 deg,daily,VALID,OBSERVED
IN-TN-CHE,Chennai,13.0827,80.2707,nasa_power_t2m_daily,T2M,temperature_2m,29.77,C,2021-08-04T00:00:00Z,NASA POWER (MERRA-2),"https://power.larc.nasa.gov/api/temporal/daily/point?parameters=T2M,PRECTOTCORR&community=RE&longitude=80.2707&latitude=13.0827&start=20210101&end=20241231&format=JSON",0.5x0.625 deg,daily,VALID,OBSERVED
IN-TN-CHE,Chennai,13.0827,80.2707,nasa_power_prectotcorr_daily,PRECTOTCORR,precipitation,0.5,mm/day,2021-08-04T00:00:00Z,NASA POWER (MERRA-2),"https://power.larc.nasa.gov/api/temporal/daily/point?parameters=T2M,PRECTOTCORR&community=RE&longitude=80.2707&latitude=13.0827&start=20210101&end=20241231&format=JSON",0.5x0.625 deg,daily,VALID,OBSERVED
IN-TN-CHE,Chennai,13.0827,80.2707,nasa_power_t2m_daily,T2M,temperature_2m,30.08,C,2021-08-05T00:00:00Z,NASA POWER (MERRA-2),"https://power.larc.nasa.gov/api/temporal/daily/point?parameters=T2M,PRECTOTCORR&community=RE&longitude=80.2707&latitude=13.0827&start=20210101&end=20241231&format=JSON",0.5x0.625 deg,daily,VALID,OBSERVED
IN-TN-CHE,Chennai,13.0827,80.2707,nasa_power_prectotcorr_daily,PRECTOTCORR,precipitation,2.46,mm/day,2021-08-05T00:00:00Z,NASA POWER (MERRA-2),"https://power.larc.nasa.gov/api/temporal/daily/point?parameters=T2M,PRECTOTCORR&community=RE&longitude=80.2707&latitude=13.0827&start=20210101&end=20241231&format=JSON",0.5x0.625 deg,daily,VALID,OBSERVED
IN-TN-CHE,Chennai,13.0827,80.2707,nasa_power_t2m_daily,T2M,temperature_2m,29.7,C,2021-08-06T00:00:00Z,NASA POWER (MERRA-2),"https://power.larc.nasa.gov/api/temporal/daily/point?parameters=T2M,PRECTOTCORR&community=RE&longitude=80.2707&latitude=13.0827&start=20210101&end=20241231&format=JSON",0.5x0.625 deg,daily,VALID,OBSERVED
IN-TN-CHE,Chennai,13.0827,80.2707,nasa_power_prectotcorr_daily,PRECTOTCORR,precipitation,2.42,mm/day,2021-08-06T00:00:00Z,NASA POWER (MERRA-2),"https://power.larc.nasa.gov/api/temporal/daily/point?parameters=T2M,PRECTOTCORR&community=RE&longitude=80.2707&latitude=13.0827&start=20210101&end=20241231&format=JSON",0.5x0.625 deg,daily,VALID,OBSERVED
IN-TN-CHE,Chennai,13.0827,80.2707,nasa_power_t2m_daily,T2M,temperature_2m,29.57,C,2021-08-07T00:00:00Z,NASA POWER (MERRA-2),"https://power.larc.nasa.gov/api/temporal/daily/point?parameters=T2M,PRECTOTCORR&community=RE&longitude=80.2707&latitude=13.0827&start=20210101&end=20241231&format=JSON",0.5x0.625 deg,daily,VALID,OBSERVED
IN-TN-CHE,Chennai,13.0827,80.2707,nasa_power_prectotcorr_daily,PRECTOTCORR,precipitation,4.07,mm/day,2021-08-07T00:00:00Z,NASA POWER (MERRA-2),"https://power.larc.nasa.gov/api/temporal/daily/point?parameters=T2M,PRECTOTCORR&community=RE&longitude=80.2707&latitude=13.0827&start=20210101&end=20241231&format=JSON",0.5x0.625 deg,daily,VALID,OBSERVED
IN-TN-CHE,Chennai,13.0827,80.2707,nasa_power_t2m_daily,T2M,temperature_2m,29.64,C,2021-08-08T00:00:00Z,NASA POWER (MERRA-2),"https://power.larc.nasa.gov/api/temporal/daily/point?parameters=T2M,PRECTOTCORR&community=RE&longitude=80.2707&latitude=13.0827&start=20210101&end=20241231&format=JSON",0.5x0.625 deg,daily,VALID,OBSERVED
IN-TN-CHE,Chennai,13.0827,80.2707,nasa_power_prectotcorr_daily,PRECTOTCORR,precipitation,3.13,mm/day,2021-08-08T00:00:00Z,NASA POWER (MERRA-2),"https://power.larc.nasa.gov/api/temporal/daily/point?parameters=T2M,PRECTOTCORR&community=RE&longitude=80.2707&latitude=13.0827&start=20210101&end=20241231&format=JSON",0.5x0.625 deg,daily,VALID,OBSERVED
IN-TN-CHE,Chennai,13.0827,80.2707,nasa_power_t2m_daily,T2M,temperature_2m,29.76,C,2021-08-09T00:00:00Z,NASA POWER (MERRA-2),"https://power.larc.nasa.gov/api/temporal/daily/point?parameters=T2M,PRECTOTCORR&community=RE&longitude=80.2707&latitude=13.0827&start=20210101&end=20241231&format=JSON",0.5x0.625 deg,daily,VALID,OBSERVED
IN-TN-CHE,Chennai,13.0827,80.2707,nasa_power_prectotcorr_daily,PRECTOTCORR,precipitation,8.96,mm/day,2021-08-09T00:00:00Z,NASA POWER (MERRA-2),"https://power.larc.nasa.gov/api/temporal/daily/point?parameters=T2M,PRECTOTCORR&community=RE&longitude=80.2707&latitude=13.0827&start=20210101&end=20241231&format=JSON",0.5x0.625 deg,daily,VALID,OBSERVED
IN-TN-CHE,Chennai,13.0827,80.2707,nasa_power_t2m_daily,T2M,temperature_2m,28.37,C,2021-08-10T00:00:00Z,NASA POWER (MERRA-2),"https://power.larc.nasa.gov/api/temporal/daily/point?parameters=T2M,PRECTOTCORR&community=RE&longitude=80.2707&latitude=13.0827&start=20210101&end=20241231&format=JSON",0.5x0.625 deg,daily,VALID,OBSERVED
IN-TN-CHE,Chennai,13.0827,80.2707,nasa_power_prectotcorr_daily,PRECTOTCORR,precipitation,5.9,mm/day,2021-08-10T00:00:00Z,NASA POWER (MERRA-2),"https://power.larc.nasa.gov/api/temporal/daily/point?parameters=T2M,PRECTOTCORR&community=RE&longitude=80.2707&latitude=13.0827&start=20210101&end=20241231&format=JSON",0.5x0.625 deg,daily,VALID,OBSERVED
IN-TN-CHE,Chennai,13.0827,80.2707,nasa_power_t2m_daily,T2M,temperature_2m,27.04,C,2021-08-11T00:00:00Z,NASA POWER (MERRA-2),"https://power.larc.nasa.gov/api/temporal/daily/point?parameters=T2M,PRECTOTCORR&community=RE&longitude=80.2707&latitude=13.0827&start=20210101&end=20241231&format=JSON",0.5x0.625 deg,daily,VALID,OBSERVED
IN-TN-CHE,Chennai,13.0827,80.2707,nasa_power_prectotcorr_daily,PRECTOTCORR,precipitation,2.64,mm/day,2021-08-11T00:00:00Z,NASA POWER (MERRA-2),"https://power.larc.nasa.gov/api/temporal/daily/point?parameters=T2M,PRECTOTCORR&community=RE&longitude=80.2707&latitude=13.0827&start=20210101&end=20241231&format=JSON",0.5x0.625 deg,daily,VALID,OBSERVED
IN-TN-CHE,Chennai,13.0827,80.2707,nasa_power_t2m_daily,T2M,temperature_2m,27.5,C,2021-08-12T00:00:00Z,NASA POWER (MERRA-2),"https://power.larc.nasa.gov/api/temporal/daily/point?parameters=T2M,PRECTOTCORR&community=RE&longitude=80.2707&latitude=13.0827&start=20210101&end=20241231&format=JSON",0.5x0.625 deg,daily,VALID,OBSERVED
IN-TN-CHE,Chennai,13.0827,80.2707,nasa_power_prectotcorr_daily,PRECTOTCORR,precipitation,3.18,mm/day,2021-08-12T00:00:00Z,NASA POWER (MERRA-2),"https://power.larc.nasa.gov/api/temporal/daily/point?parameters=T2M,PRECTOTCORR&community=RE&longitude=80.2707&latitude=13.0827&start=20210101&end=20241231&format=JSON",0.5x0.625 deg,daily,VALID,OBSERVED
IN-TN-CHE,Chennai,13.0827,80.2707,nasa_power_t2m_daily,T2M,temperature_2m,28.27,C,2021-08-13T00:00:00Z,NASA POWER (MERRA-2),"https://power.larc.nasa.gov/api/temporal/daily/point?parameters=T2M,PRECTOTCORR&community=RE&longitude=80.2707&latitude=13.0827&start=20210101&end=20241231&format=JSON",0.5x0.625 deg,daily,VALID,OBSERVED
IN-TN-CHE,Chennai,13.0827,80.2707,nasa_power_prectotcorr_daily,PRECTOTCORR,precipitation,2.72,mm/day,2021-08-13T00:00:00Z,NASA POWER (MERRA-2),"https://power.larc.nasa.gov/api/temporal/daily/point?parameters=T2M,PRECTOTCORR&community=RE&longitude=80.2707&latitude=13.0827&start=20210101&end=20241231&format=JSON",0.5x0.625 deg,daily,VALID,OBSERVED
IN-TN-CHE,Chennai,13.0827,80.2707,nasa_power_t2m_daily,T2M,temperature_2m,28.63,C,2021-08-14T00:00:00Z,NASA POWER (MERRA-2),"https://power.larc.nasa.gov/api/temporal/daily/point?parameters=T2M,PRECTOTCORR&community=RE&longitude=80.2707&latitude=13.0827&start=20210101&end=20241231&format=JSON",0.5x0.625 deg,daily,VALID,OBSERVED
IN-TN-CHE,Chennai,13.0827,80.2707,nasa_power_prectotcorr_daily,PRECTOTCORR,precipitation,1.83,mm/day,2021-08-14T00:00:00Z,NASA POWER (MERRA-2),"https://power.larc.nasa.gov/api/temporal/daily/point?parameters=T2M,PRECTOTCORR&community=RE&longitude=80.2707&latitude=13.0827&start=20210101&end=20241231&format=JSON",0.5x0.625 deg,daily,VALID,OBSERVED
IN-TN-CHE,Chennai,13.0827,80.2707,nasa_power_t2m_daily,T2M,temperature_2m,28.18,C,2021-08-15T00:00:00Z,NASA POWER (MERRA-2),"https://power.larc.nasa.gov/api/temporal/daily/point?parameters=T2M,PRECTOTCORR&community=RE&longitude=80.2707&latitude=13.0827&start=20210101&end=20241231&format=JSON",0.5x0.625 deg,daily,VALID,OBSERVED
IN-TN-CHE,Chennai,13.0827,80.2707,nasa_power_prectotcorr_daily,PRECTOTCORR,precipitation,2.47,mm/day,2021-08-15T00:00:00Z,NASA POWER (MERRA-2),"https://power.larc.nasa.gov/api/temporal/daily/point?parameters=T2M,PRECTOTCORR&community=RE&longitude=80.2707&latitude=13.0827&start=20210101&end=20241231&format=JSON",0.5x0.625 deg,daily,VALID,OBSERVED
IN-TN-CHE,Chennai,13.0827,80.2707,nasa_power_t2m_daily,T2M,temperature_2m,28.91,C,2021-08-16T00:00:00Z,NASA POWER (MERRA-2),"https://power.larc.nasa.gov/api/temporal/daily/point?parameters=T2M,PRECTOTCORR&community=RE&longitude=80.2707&latitude=13.0827&start=20210101&end=20241231&format=JSON",0.5x0.625 deg,daily,VALID,OBSERVED
IN-TN-CHE,Chennai,13.0827,80.2707,nasa_power_prectotcorr_daily,PRECTOTCORR,precipitation,3.57,mm/day,2021-08-16T00:00:00Z,NASA POWER (MERRA-2),"https://power.larc.nasa.gov/api/temporal/daily/point?parameters=T2M,PRECTOTCORR&community=RE&longitude=80.2707&latitude=13.0827&start=20210101&end=20241231&format=JSON",0.5x0.625 deg,daily,VALID,OBSERVED
IN-TN-CHE,Chennai,13.0827,80.2707,nasa_power_t2m_daily,T2M,temperature_2m,28.96,C,2021-08-17T00:00:00Z,NASA POWER (MERRA-2),"https://power.larc.nasa.gov/api/temporal/daily/point?parameters=T2M,PRECTOTCORR&community=RE&longitude=80.2707&latitude=13.0827&start=20210101&end=20241231&format=JSON",0.5x0.625 deg,daily,VALID,OBSERVED
IN-TN-CHE,Chennai,13.0827,80.2707,nasa_power_prectotcorr_daily,PRECTOTCORR,precipitation,2.72,mm/day,2021-08-17T00:00:00Z,NASA POWER (MERRA-2),"https://power.larc.nasa.gov/api/temporal/daily/point?parameters=T2M,PRECTOTCORR&community=RE&longitude=80.2707&latitude=13.0827&start=20210101&end=20241231&format=JSON",0.5x0.625 deg,daily,VALID,OBSERVED
IN-TN-CHE,Chennai,13.0827,80.2707,nasa_power_t2m_daily,T2M,temperature_2m,28.86,C,2021-08-18T00:00:00Z,NASA POWER (MERRA-2),"https://power.larc.nasa.gov/api/temporal/daily/point?parameters=T2M,PRECTOTCORR&community=RE&longitude=80.2707&latitude=13.0827&start=20210101&end=20241231&format=JSON",0.5x0.625 deg,daily,VALID,OBSERVED
IN-TN-CHE,Chennai,13.0827,80.2707,nasa_power_prectotcorr_daily,PRECTOTCORR,precipitation,0.18,mm/day,2021-08-18T00:00:00Z,NASA POWER (MERRA-2),"https://power.larc.nasa.gov/api/temporal/daily/point?parameters=T2M,PRECTOTCORR&community=RE&longitude=80.2707&latitude=13.0827&start=20210101&end=20241231&format=JSON",0.5x0.625 deg,daily,VALID,OBSERVED
IN-TN-CHE,Chennai,13.0827,80.2707,nasa_power_t2m_daily,T2M,temperature_2m,29.18,C,2021-08-19T00:00:00Z,NASA POWER (MERRA-2),"https://power.larc.nasa.gov/api/temporal/daily/point?parameters=T2M,PRECTOTCORR&community=RE&longitude=80.2707&latitude=13.0827&start=20210101&end=20241231&format=JSON",0.5x0.625 deg,daily,VALID,OBSERVED
IN-TN-CHE,Chennai,13.0827,80.2707,nasa_power_prectotcorr_daily,PRECTOTCORR,precipitation,2.56,mm/day,2021-08-19T00:00:00Z,NASA POWER (MERRA-2),"https://power.larc.nasa.gov/api/temporal/daily/point?parameters=T2M,PRECTOTCORR&community=RE&longitude=80.2707&latitude=13.0827&start=20210101&end=20241231&format=JSON",0.5x0.625 deg,daily,VALID,OBSERVED
IN-TN-CHE,Chennai,13.0827,80.2707,nasa_power_t2m_daily,T2M,temperature_2m,28.16,C,2021-08-20T00:00:00Z,NASA POWER (MERRA-2),"https://power.larc.nasa.gov/api/temporal/daily/point?parameters=T2M,PRECTOTCORR&community=RE&longitude=80.2707&latitude=13.0827&start=20210101&end=20241231&format=JSON",0.5x0.625 deg,daily,VALID,OBSERVED
IN-TN-CHE,Chennai,13.0827,80.2707,nasa_power_prectotcorr_daily,PRECTOTCORR,precipitation,3.84,mm/day,2021-08-20T00:00:00Z,NASA POWER (MERRA-2),"https://power.larc.nasa.gov/api/temporal/daily/point?parameters=T2M,PRECTOTCORR&community=RE&longitude=80.2707&latitude=13.0827&start=20210101&end=20241231&format=JSON",0.5x0.625 deg,daily,VALID,OBSERVED
IN-TN-CHE,Chennai,13.0827,80.2707,nasa_power_t2m_daily,T2M,temperature_2m,26.1,C,2021-08-21T00:00:00Z,NASA POWER (MERRA-2),"https://power.larc.nasa.gov/api/temporal/daily/point?parameters=T2M,PRECTOTCORR&community=RE&longitude=80.2707&latitude=13.0827&start=20210101&end=20241231&format=JSON",0.5x0.625 deg,daily,VALID,OBSERVED
IN-TN-CHE,Chennai,13.0827,80.2707,nasa_power_prectotcorr_daily,PRECTOTCORR,precipitation,13.32,mm/day,2021-08-21T00:00:00Z,NASA POWER (MERRA-2),"https://power.larc.nasa.gov/api/temporal/daily/point?parameters=T2M,PRECTOTCORR&community=RE&longitude=80.2707&latitude=13.0827&start=20210101&end=20241231&format=JSON",0.5x0.625 deg,daily,VALID,OBSERVED
IN-TN-CHE,Chennai,13.0827,80.2707,nasa_power_t2m_daily,T2M,temperature_2m,26.74,C,2021-08-22T00:00:00Z,NASA POWER (MERRA-2),"https://power.larc.nasa.gov/api/temporal/daily/point?parameters=T2M,PRECTOTCORR&community=RE&longitude=80.2707&latitude=13.0827&start=20210101&end=20241231&format=JSON",0.5x0.625 deg,daily,VALID,OBSERVED
IN-TN-CHE,Chennai,13.0827,80.2707,nasa_power_prectotcorr_daily,PRECTOTCORR,precipitation,5.64,mm/day,2021-08-22T00:00:00Z,NASA POWER (MERRA-2),"https://power.larc.nasa.gov/api/temporal/daily/point?parameters=T2M,PRECTOTCORR&community=RE&longitude=80.2707&latitude=13.0827&start=20210101&end=20241231&format=JSON",0.5x0.625 deg,daily,VALID,OBSERVED
IN-TN-CHE,Chennai,13.0827,80.2707,nasa_power_t2m_daily,T2M,temperature_2m,27.37,C,2021-08-23T00:00:00Z,NASA POWER (MERRA-2),"https://power.larc.nasa.gov/api/temporal/daily/point?parameters=T2M,PRECTOTCORR&community=RE&longitude=80.2707&latitude=13.0827&start=20210101&end=20241231&format=JSON",0.5x0.625 deg,daily,VALID,OBSERVED
IN-TN-CHE,Chennai,13.0827,80.2707,nasa_power_prectotcorr_daily,PRECTOTCORR,precipitation,1.42,mm/day,2021-08-23T00:00:00Z,NASA POWER (MERRA-2),"https://power.larc.nasa.gov/api/temporal/daily/point?parameters=T2M,PRECTOTCORR&community=RE&longitude=80.2707&latitude=13.0827&start=20210101&end=20241231&format=JSON",0.5x0.625 deg,daily,VALID,OBSERVED
IN-TN-CHE,Chennai,13.0827,80.2707,nasa_power_t2m_daily,T2M,temperature_2m,28.6,C,2021-08-24T00:00:00Z,NASA POWER (MERRA-2),"https://power.larc.nasa.gov/api/temporal/daily/point?parameters=T2M,PRECTOTCORR&community=RE&longitude=80.2707&latitude=13.0827&start=20210101&end=20241231&format=JSON",0.5x0.625 deg,daily,VALID,OBSERVED
IN-TN-CHE,Chennai,13.0827,80.2707,nasa_power_prectotcorr_daily,PRECTOTCORR,precipitation,4.75,mm/day,2021-08-24T00:00:00Z,NASA POWER (MERRA-2),"https://power.larc.nasa.gov/api/temporal/daily/point?parameters=T2M,PRECTOTCORR&community=RE&longitude=80.2707&latitude=13.0827&start=20210101&end=20241231&format=JSON",0.5x0.625 deg,daily,VALID,OBSERVED
IN-TN-CHE,Chennai,13.0827,80.2707,nasa_power_t2m_daily,T2M,temperature_2m,28.65,C,2021-08-25T00:00:00Z,NASA POWER (MERRA-2),"https://power.larc.nasa.gov/api/temporal/daily/point?parameters=T2M,PRECTOTCORR&community=RE&longitude=80.2707&latitude=13.0827&start=20210101&end=20241231&format=JSON",0.5x0.625 deg,daily,VALID,OBSERVED
IN-TN-CHE,Chennai,13.0827,80.2707,nasa_power_prectotcorr_daily,PRECTOTCORR,precipitation,2.59,mm/day,2021-08-25T00:00:00Z,NASA POWER (MERRA-2),"https://power.larc.nasa.gov/api/temporal/daily/point?parameters=T2M,PRECTOTCORR&community=RE&longitude=80.2707&latitude=13.0827&start=20210101&end=20241231&format=JSON",0.5x0.625 deg,daily,VALID,OBSERVED
IN-TN-CHE,Chennai,13.0827,80.2707,nasa_power_t2m_daily,T2M,temperature_2m,28.7,C,2021-08-26T00:00:00Z,NASA POWER (MERRA-2),"https://power.larc.nasa.gov/api/temporal/daily/point?parameters=T2M,PRECTOTCORR&community=RE&longitude=80.2707&latitude=13.0827&start=20210101&end=20241231&format=JSON",0.5x0.625 deg,daily,VALID,OBSERVED
IN-TN-CHE,Chennai,13.0827,80.2707,nasa_power_prectotcorr_daily,PRECTOTCORR,precipitation,3.66,mm/day,2021-08-26T00:00:00Z,NASA POWER (MERRA-2),"https://power.larc.nasa.gov/api/temporal/daily/point?parameters=T2M,PRECTOTCORR&community=RE&longitude=80.2707&latitude=13.0827&start=20210101&end=20241231&format=JSON",0.5x0.625 deg,daily,VALID,OBSERVED
IN-TN-CHE,Chennai,13.0827,80.2707,nasa_power_t2m_daily,T2M,temperature_2m,26.93,C,2021-08-27T00:00:00Z,NASA POWER (MERRA-2),"https://power.larc.nasa.gov/api/temporal/daily/point?parameters=T2M,PRECTOTCORR&community=RE&longitude=80.2707&latitude=13.0827&start=20210101&end=20241231&format=JSON",0.5x0.625 deg,daily,VALID,OBSERVED
IN-TN-CHE,Chennai,13.0827,80.2707,nasa_power_prectotcorr_daily,PRECTOTCORR,precipitation,21.55,mm/day,2021-08-27T00:00:00Z,NASA POWER (MERRA-2),"https://power.larc.nasa.gov/api/temporal/daily/point?parameters=T2M,PRECTOTCORR&community=RE&longitude=80.2707&latitude=13.0827&start=20210101&end=20241231&format=JSON",0.5x0.625 deg,daily,VALID,OBSERVED
IN-TN-CHE,Chennai,13.0827,80.2707,nasa_power_t2m_daily,T2M,temperature_2m,27.5,C,2021-08-28T00:00:00Z,NASA POWER (MERRA-2),"https://power.larc.nasa.gov/api/temporal/daily/point?parameters=T2M,PRECTOTCORR&community=RE&longitude=80.2707&latitude=13.0827&start=20210101&end=20241231&format=JSON",0.5x0.625 deg,daily,VALID,OBSERVED
IN-TN-CHE,Chennai,13.0827,80.2707,nasa_power_prectotcorr_daily,PRECTOTCORR,precipitation,16.04,mm/day,2021-08-28T00:00:00Z,NASA POWER (MERRA-2),"https://power.larc.nasa.gov/api/temporal/daily/point?parameters=T2M,PRECTOTCORR&community=RE&longitude=80.2707&latitude=13.0827&start=20210101&end=20241231&format=JSON",0.5x0.625 deg,daily,VALID,OBSERVED
IN-TN-CHE,Chennai,13.0827,80.2707,nasa_power_t2m_daily,T2M,temperature_2m,27.1,C,2021-08-29T00:00:00Z,NASA POWER (MERRA-2),"https://power.larc.nasa.gov/api/temporal/daily/point?parameters=T2M,PRECTOTCORR&community=RE&longitude=80.2707&latitude=13.0827&start=20210101&end=20241231&format=JSON",0.5x0.625 deg,daily,VALID,OBSERVED
IN-TN-CHE,Chennai,13.0827,80.2707,nasa_power_prectotcorr_daily,PRECTOTCORR,precipitation,8.29,mm/day,2021-08-29T00:00:00Z,NASA POWER (MERRA-2),"https://power.larc.nasa.gov/api/temporal/daily/point?parameters=T2M,PRECTOTCORR&community=RE&longitude=80.2707&latitude=13.0827&start=20210101&end=20241231&format=JSON",0.5x0.625 deg,daily,VALID,OBSERVED
IN-TN-CHE,Chennai,13.0827,80.2707,nasa_power_t2m_daily,T2M,temperature_2m,27.7,C,2021-08-30T00:00:00Z,NASA POWER (MERRA-2),"https://power.larc.nasa.gov/api/temporal/daily/point?parameters=T2M,PRECTOTCORR&community=RE&longitude=80.2707&latitude=13.0827&start=20210101&end=20241231&format=JSON",0.5x0.625 deg,daily,VALID,OBSERVED
IN-TN-CHE,Chennai,13.0827,80.2707,nasa_power_prectotcorr_daily,PRECTOTCORR,precipitation,0.44,mm/day,2021-08-30T00:00:00Z,NASA POWER (MERRA-2),"https://power.larc.nasa.gov/api/temporal/daily/point?parameters=T2M,PRECTOTCORR&community=RE&longitude=80.2707&latitude=13.0827&start=20210101&end=20241231&format=JSON",0.5x0.625 deg,daily,VALID,OBSERVED
IN-TN-CHE,Chennai,13.0827,80.2707,nasa_power_t2m_daily,T2M,temperature_2m,27.87,C,2021-08-31T00:00:00Z,NASA POWER (MERRA-2),"https://power.larc.nasa.gov/api/temporal/daily/point?parameters=T2M,PRECTOTCORR&community=RE&longitude=80.2707&latitude=13.0827&start=20210101&end=20241231&format=JSON",0.5x0.625 deg,daily,VALID,OBSERVED
IN-TN-CHE,Chennai,13.0827,80.2707,nasa_power_prectotcorr_daily,PRECTOTCORR,precipitation,0.99,mm/day,2021-08-31T00:00:00Z,NASA POWER (MERRA-2),"https://power.larc.nasa.gov/api/temporal/daily/point?parameters=T2M,PRECTOTCORR&community=RE&longitude=80.2707&latitude=13.0827&start=20210101&end=20241231&format=JSON",0.5x0.625 deg,daily,VALID,OBSERVED
IN-TN-CHE,Chennai,13.0827,80.2707,nasa_power_t2m_daily,T2M,temperature_2m,27.53,C,2021-09-01T00:00:00Z,NASA POWER (MERRA-2),"https://power.larc.nasa.gov/api/temporal/daily/point?parameters=T2M,PRECTOTCORR&community=RE&longitude=80.2707&latitude=13.0827&start=20210101&end=20241231&format=JSON",0.5x0.625 deg,daily,VALID,OBSERVED
IN-TN-CHE,Chennai,13.0827,80.2707,nasa_power_prectotcorr_daily,PRECTOTCORR,precipitation,1.4,mm/day,2021-09-01T00:00:00Z,NASA POWER (MERRA-2),"https://power.larc.nasa.gov/api/temporal/daily/point?parameters=T2M,PRECTOTCORR&community=RE&longitude=80.2707&latitude=13.0827&start=20210101&end=20241231&format=JSON",0.5x0.625 deg,daily,VALID,OBSERVED
IN-TN-CHE,Chennai,13.0827,80.2707,nasa_power_t2m_daily,T2M,temperature_2m,27.25,C,2021-09-02T00:00:00Z,NASA POWER (MERRA-2),"https://power.larc.nasa.gov/api/temporal/daily/point?parameters=T2M,PRECTOTCORR&community=RE&longitude=80.2707&latitude=13.0827&start=20210101&end=20241231&format=JSON",0.5x0.625 deg,daily,VALID,OBSERVED
IN-TN-CHE,Chennai,13.0827,80.2707,nasa_power_prectotcorr_daily,PRECTOTCORR,precipitation,7.02,mm/day,2021-09-02T00:00:00Z,NASA POWER (MERRA-2),"https://power.larc.nasa.gov/api/temporal/daily/point?parameters=T2M,PRECTOTCORR&community=RE&longitude=80.2707&latitude=13.0827&start=20210101&end=20241231&format=JSON",0.5x0.625 deg,daily,VALID,OBSERVED
IN-TN-CHE,Chennai,13.0827,80.2707,nasa_power_t2m_daily,T2M,temperature_2m,27.14,C,2021-09-03T00:00:00Z,NASA POWER (MERRA-2),"https://power.larc.nasa.gov/api/temporal/daily/point?parameters=T2M,PRECTOTCORR&community=RE&longitude=80.2707&latitude=13.0827&start=20210101&end=20241231&format=JSON",0.5x0.625 deg,daily,VALID,OBSERVED
IN-TN-CHE,Chennai,13.0827,80.2707,nasa_power_prectotcorr_daily,PRECTOTCORR,precipitation,8.8,mm/day,2021-09-03T00:00:00Z,NASA POWER (MERRA-2),"https://power.larc.nasa.gov/api/temporal/daily/point?parameters=T2M,PRECTOTCORR&community=RE&longitude=80.2707&latitude=13.0827&start=20210101&end=20241231&format=JSON",0.5x0.625 deg,daily,VALID,OBSERVED
IN-TN-CHE,Chennai,13.0827,80.2707,nasa_power_t2m_daily,T2M,temperature_2m,26.38,C,2021-09-04T00:00:00Z,NASA POWER (MERRA-2),"https://power.larc.nasa.gov/api/temporal/daily/point?parameters=T2M,PRECTOTCORR&community=RE&longitude=80.2707&latitude=13.0827&start=20210101&end=20241231&format=JSON",0.5x0.625 deg,daily,VALID,OBSERVED
IN-TN-CHE,Chennai,13.0827,80.2707,nasa_power_prectotcorr_daily,PRECTOTCORR,precipitation,12.16,mm/day,2021-09-04T00:00:00Z,NASA POWER (MERRA-2),"https://power.larc.nasa.gov/api/temporal/daily/point?parameters=T2M,PRECTOTCORR&community=RE&longitude=80.2707&latitude=13.0827&start=20210101&end=20241231&format=JSON",0.5x0.625 deg,daily,VALID,OBSERVED
IN-TN-CHE,Chennai,13.0827,80.2707,nasa_power_t2m_daily,T2M,temperature_2m,28.22,C,2021-09-05T00:00:00Z,NASA POWER (MERRA-2),"https://power.larc.nasa.gov/api/temporal/daily/point?parameters=T2M,PRECTOTCORR&community=RE&longitude=80.2707&latitude=13.0827&start=20210101&end=20241231&format=JSON",0.5x0.625 deg,daily,VALID,OBSERVED
IN-TN-CHE,Chennai,13.0827,80.2707,nasa_power_prectotcorr_daily,PRECTOTCORR,precipitation,7.22,mm/day,2021-09-05T00:00:00Z,NASA POWER (MERRA-2),"https://power.larc.nasa.gov/api/temporal/daily/point?parameters=T2M,PRECTOTCORR&community=RE&longitude=80.2707&latitude=13.0827&start=20210101&end=20241231&format=JSON",0.5x0.625 deg,daily,VALID,OBSERVED
IN-TN-CHE,Chennai,13.0827,80.2707,nasa_power_t2m_daily,T2M,temperature_2m,27.37,C,2021-09-06T00:00:00Z,NASA POWER (MERRA-2),"https://power.larc.nasa.gov/api/temporal/daily/point?parameters=T2M,PRECTOTCORR&community=RE&longitude=80.2707&latitude=13.0827&start=20210101&end=20241231&format=JSON",0.5x0.625 deg,daily,VALID,OBSERVED
IN-TN-CHE,Chennai,13.0827,80.2707,nasa_power_prectotcorr_daily,PRECTOTCORR,precipitation,6.91,mm/day,2021-09-06T00:00:00Z,NASA POWER (MERRA-2),"https://power.larc.nasa.gov/api/temporal/daily/point?parameters=T2M,PRECTOTCORR&community=RE&longitude=80.2707&latitude=13.0827&start=20210101&end=20241231&format=JSON",0.5x0.625 deg,daily,VALID,OBSERVED
IN-TN-CHE,Chennai,13.0827,80.2707,nasa_power_t2m_daily,T2M,temperature_2m,26.66,C,2021-09-07T00:00:00Z,NASA POWER (MERRA-2),"https://power.larc.nasa.gov/api/temporal/daily/point?parameters=T2M,PRECTOTCORR&community=RE&longitude=80.2707&latitude=13.0827&start=20210101&end=20241231&format=JSON",0.5x0.625 deg,daily,VALID,OBSERVED
IN-TN-CHE,Chennai,13.0827,80.2707,nasa_power_prectotcorr_daily,PRECTOTCORR,precipitation,0.43,mm/day,2021-09-07T00:00:00Z,NASA POWER (MERRA-2),"https://power.larc.nasa.gov/api/temporal/daily/point?parameters=T2M,PRECTOTCORR&community=RE&longitude=80.2707&latitude=13.0827&start=20210101&end=20241231&format=JSON",0.5x0.625 deg,daily,VALID,OBSERVED
IN-TN-CHE,Chennai,13.0827,80.2707,nasa_power_t2m_daily,T2M,temperature_2m,27.55,C,2021-09-08T00:00:00Z,NASA POWER (MERRA-2),"https://power.larc.nasa.gov/api/temporal/daily/point?parameters=T2M,PRECTOTCORR&community=RE&longitude=80.2707&latitude=13.0827&start=20210101&end=20241231&format=JSON",0.5x0.625 deg,daily,VALID,OBSERVED
IN-TN-CHE,Chennai,13.0827,80.2707,nasa_power_prectotcorr_daily,PRECTOTCORR,precipitation,0.06,mm/day,2021-09-08T00:00:00Z,NASA POWER (MERRA-2),"https://power.larc.nasa.gov/api/temporal/daily/point?parameters=T2M,PRECTOTCORR&community=RE&longitude=80.2707&latitude=13.0827&start=20210101&end=20241231&format=JSON",0.5x0.625 deg,daily,VALID,OBSERVED
IN-TN-CHE,Chennai,13.0827,80.2707,nasa_power_t2m_daily,T2M,temperature_2m,28.13,C,2021-09-09T00:00:00Z,NASA POWER (MERRA-2),"https://power.larc.nasa.gov/api/temporal/daily/point?parameters=T2M,PRECTOTCORR&community=RE&longitude=80.2707&latitude=13.0827&start=20210101&end=20241231&format=JSON",0.5x0.625 deg,daily,VALID,OBSERVED
IN-TN-CHE,Chennai,13.0827,80.2707,nasa_power_prectotcorr_daily,PRECTOTCORR,precipitation,0.15,mm/day,2021-09-09T00:00:00Z,NASA POWER (MERRA-2),"https://power.larc.nasa.gov/api/temporal/daily/point?parameters=T2M,PRECTOTCORR&community=RE&longitude=80.2707&latitude=13.0827&start=20210101&end=20241231&format=JSON",0.5x0.625 deg,daily,VALID,OBSERVED
IN-TN-CHE,Chennai,13.0827,80.2707,nasa_power_t2m_daily,T2M,temperature_2m,28.07,C,2021-09-10T00:00:00Z,NASA POWER (MERRA-2),"https://power.larc.nasa.gov/api/temporal/daily/point?parameters=T2M,PRECTOTCORR&community=RE&longitude=80.2707&latitude=13.0827&start=20210101&end=20241231&format=JSON",0.5x0.625 deg,daily,VALID,OBSERVED
IN-TN-CHE,Chennai,13.0827,80.2707,nasa_power_prectotcorr_daily,PRECTOTCORR,precipitation,0.53,mm/day,2021-09-10T00:00:00Z,NASA POWER (MERRA-2),"https://power.larc.nasa.gov/api/temporal/daily/point?parameters=T2M,PRECTOTCORR&community=RE&longitude=80.2707&latitude=13.0827&start=20210101&end=20241231&format=JSON",0.5x0.625 deg,daily,VALID,OBSERVED
IN-TN-CHE,Chennai,13.0827,80.2707,nasa_power_t2m_daily,T2M,temperature_2m,28.14,C,2021-09-11T00:00:00Z,NASA POWER (MERRA-2),"https://power.larc.nasa.gov/api/temporal/daily/point?parameters=T2M,PRECTOTCORR&community=RE&longitude=80.2707&latitude=13.0827&start=20210101&end=20241231&format=JSON",0.5x0.625 deg,daily,VALID,OBSERVED
IN-TN-CHE,Chennai,13.0827,80.2707,nasa_power_prectotcorr_daily,PRECTOTCORR,precipitation,0.06,mm/day,2021-09-11T00:00:00Z,NASA POWER (MERRA-2),"https://power.larc.nasa.gov/api/temporal/daily/point?parameters=T2M,PRECTOTCORR&community=RE&longitude=80.2707&latitude=13.0827&start=20210101&end=20241231&format=JSON",0.5x0.625 deg,daily,VALID,OBSERVED
IN-TN-CHE,Chennai,13.0827,80.2707,nasa_power_t2m_daily,T2M,temperature_2m,28.09,C,2021-09-12T00:00:00Z,NASA POWER (MERRA-2),"https://power.larc.nasa.gov/api/temporal/daily/point?parameters=T2M,PRECTOTCORR&community=RE&longitude=80.2707&latitude=13.0827&start=20210101&end=20241231&format=JSON",0.5x0.625 deg,daily,VALID,OBSERVED
IN-TN-CHE,Chennai,13.0827,80.2707,nasa_power_prectotcorr_daily,PRECTOTCORR,precipitation,0.17,mm/day,2021-09-12T00:00:00Z,NASA POWER (MERRA-2),"https://power.larc.nasa.gov/api/temporal/daily/point?parameters=T2M,PRECTOTCORR&community=RE&longitude=80.2707&latitude=13.0827&start=20210101&end=20241231&format=JSON",0.5x0.625 deg,daily,VALID,OBSERVED
IN-TN-CHE,Chennai,13.0827,80.2707,nasa_power_t2m_daily,T2M,temperature_2m,28.44,C,2021-09-13T00:00:00Z,NASA POWER (MERRA-2),"https://power.larc.nasa.gov/api/temporal/daily/point?parameters=T2M,PRECTOTCORR&community=RE&longitude=80.2707&latitude=13.0827&start=20210101&end=20241231&format=JSON",0.5x0.625 deg,daily,VALID,OBSERVED
IN-TN-CHE,Chennai,13.0827,80.2707,nasa_power_prectotcorr_daily,PRECTOTCORR,precipitation,0.05,mm/day,2021-09-13T00:00:00Z,NASA POWER (MERRA-2),"https://power.larc.nasa.gov/api/temporal/daily/point?parameters=T2M,PRECTOTCORR&community=RE&longitude=80.2707&latitude=13.0827&start=20210101&end=20241231&format=JSON",0.5x0.625 deg,daily,VALID,OBSERVED
IN-TN-CHE,Chennai,13.0827,80.2707,nasa_power_t2m_daily,T2M,temperature_2m,28.42,C,2021-09-14T00:00:00Z,NASA POWER (MERRA-2),"https://power.larc.nasa.gov/api/temporal/daily/point?parameters=T2M,PRECTOTCORR&community=RE&longitude=80.2707&latitude=13.0827&start=20210101&end=20241231&format=JSON",0.5x0.625 deg,daily,VALID,OBSERVED
IN-TN-CHE,Chennai,13.0827,80.2707,nasa_power_prectotcorr_daily,PRECTOTCORR,precipitation,0.04,mm/day,2021-09-14T00:00:00Z,NASA POWER (MERRA-2),"https://power.larc.nasa.gov/api/temporal/daily/point?parameters=T2M,PRECTOTCORR&community=RE&longitude=80.2707&latitude=13.0827&start=20210101&end=20241231&format=JSON",0.5x0.625 deg,daily,VALID,OBSERVED
IN-TN-CHE,Chennai,13.0827,80.2707,nasa_power_t2m_daily,T2M,temperature_2m,28.82,C,2021-09-15T00:00:00Z,NASA POWER (MERRA-2),"https://power.larc.nasa.gov/api/temporal/daily/point?parameters=T2M,PRECTOTCORR&community=RE&longitude=80.2707&latitude=13.0827&start=20210101&end=20241231&format=JSON",0.5x0.625 deg,daily,VALID,OBSERVED
IN-TN-CHE,Chennai,13.0827,80.2707,nasa_power_prectotcorr_daily,PRECTOTCORR,precipitation,1.77,mm/day,2021-09-15T00:00:00Z,NASA POWER (MERRA-2),"https://power.larc.nasa.gov/api/temporal/daily/point?parameters=T2M,PRECTOTCORR&community=RE&longitude=80.2707&latitude=13.0827&start=20210101&end=20241231&format=JSON",0.5x0.625 deg,daily,VALID,OBSERVED
IN-TN-CHE,Chennai,13.0827,80.2707,nasa_power_t2m_daily,T2M,temperature_2m,27.99,C,2021-09-16T00:00:00Z,NASA POWER (MERRA-2),"https://power.larc.nasa.gov/api/temporal/daily/point?parameters=T2M,PRECTOTCORR&community=RE&longitude=80.2707&latitude=13.0827&start=20210101&end=20241231&format=JSON",0.5x0.625 deg,daily,VALID,OBSERVED
IN-TN-CHE,Chennai,13.0827,80.2707,nasa_power_prectotcorr_daily,PRECTOTCORR,precipitation,2.6,mm/day,2021-09-16T00:00:00Z,NASA POWER (MERRA-2),"https://power.larc.nasa.gov/api/temporal/daily/point?parameters=T2M,PRECTOTCORR&community=RE&longitude=80.2707&latitude=13.0827&start=20210101&end=20241231&format=JSON",0.5x0.625 deg,daily,VALID,OBSERVED
IN-TN-CHE,Chennai,13.0827,80.2707,nasa_power_t2m_daily,T2M,temperature_2m,27.61,C,2021-09-17T00:00:00Z,NASA POWER (MERRA-2),"https://power.larc.nasa.gov/api/temporal/daily/point?parameters=T2M,PRECTOTCORR&community=RE&longitude=80.2707&latitude=13.0827&start=20210101&end=20241231&format=JSON",0.5x0.625 deg,daily,VALID,OBSERVED
IN-TN-CHE,Chennai,13.0827,80.2707,nasa_power_prectotcorr_daily,PRECTOTCORR,precipitation,1.42,mm/day,2021-09-17T00:00:00Z,NASA POWER (MERRA-2),"https://power.larc.nasa.gov/api/temporal/daily/point?parameters=T2M,PRECTOTCORR&community=RE&longitude=80.2707&latitude=13.0827&start=20210101&end=20241231&format=JSON",0.5x0.625 deg,daily,VALID,OBSERVED
IN-TN-CHE,Chennai,13.0827,80.2707,nasa_power_t2m_daily,T2M,temperature_2m,28.29,C,2021-09-18T00:00:00Z,NASA POWER (MERRA-2),"https://power.larc.nasa.gov/api/temporal/daily/point?parameters=T2M,PRECTOTCORR&community=RE&longitude=80.2707&latitude=13.0827&start=20210101&end=20241231&format=JSON",0.5x0.625 deg,daily,VALID,OBSERVED
IN-TN-CHE,Chennai,13.0827,80.2707,nasa_power_prectotcorr_daily,PRECTOTCORR,precipitation,5.01,mm/day,2021-09-18T00:00:00Z,NASA POWER (MERRA-2),"https://power.larc.nasa.gov/api/temporal/daily/point?parameters=T2M,PRECTOTCORR&community=RE&longitude=80.2707&latitude=13.0827&start=20210101&end=20241231&format=JSON",0.5x0.625 deg,daily,VALID,OBSERVED
IN-TN-CHE,Chennai,13.0827,80.2707,nasa_power_t2m_daily,T2M,temperature_2m,28.44,C,2021-09-19T00:00:00Z,NASA POWER (MERRA-2),"https://power.larc.nasa.gov/api/temporal/daily/point?parameters=T2M,PRECTOTCORR&community=RE&longitude=80.2707&latitude=13.0827&start=20210101&end=20241231&format=JSON",0.5x0.625 deg,daily,VALID,OBSERVED
IN-TN-CHE,Chennai,13.0827,80.2707,nasa_power_prectotcorr_daily,PRECTOTCORR,precipitation,6.04,mm/day,2021-09-19T00:00:00Z,NASA POWER (MERRA-2),"https://power.larc.nasa.gov/api/temporal/daily/point?parameters=T2M,PRECTOTCORR&community=RE&longitude=80.2707&latitude=13.0827&start=20210101&end=20241231&format=JSON",0.5x0.625 deg,daily,VALID,OBSERVED
IN-TN-CHE,Chennai,13.0827,80.2707,nasa_power_t2m_daily,T2M,temperature_2m,28.69,C,2021-09-20T00:00:00Z,NASA POWER (MERRA-2),"https://power.larc.nasa.gov/api/temporal/daily/point?parameters=T2M,PRECTOTCORR&community=RE&longitude=80.2707&latitude=13.0827&start=20210101&end=20241231&format=JSON",0.5x0.625 deg,daily,VALID,OBSERVED
IN-TN-CHE,Chennai,13.0827,80.2707,nasa_power_prectotcorr_daily,PRECTOTCORR,precipitation,3.03,mm/day,2021-09-20T00:00:00Z,NASA POWER (MERRA-2),"https://power.larc.nasa.gov/api/temporal/daily/point?parameters=T2M,PRECTOTCORR&community=RE&longitude=80.2707&latitude=13.0827&start=20210101&end=20241231&format=JSON",0.5x0.625 deg,daily,VALID,OBSERVED
IN-TN-CHE,Chennai,13.0827,80.2707,nasa_power_t2m_daily,T2M,temperature_2m,28.26,C,2021-09-21T00:00:00Z,NASA POWER (MERRA-2),"https://power.larc.nasa.gov/api/temporal/daily/point?parameters=T2M,PRECTOTCORR&community=RE&longitude=80.2707&latitude=13.0827&start=20210101&end=20241231&format=JSON",0.5x0.625 deg,daily,VALID,OBSERVED
IN-TN-CHE,Chennai,13.0827,80.2707,nasa_power_prectotcorr_daily,PRECTOTCORR,precipitation,4.59,mm/day,2021-09-21T00:00:00Z,NASA POWER (MERRA-2),"https://power.larc.nasa.gov/api/temporal/daily/point?parameters=T2M,PRECTOTCORR&community=RE&longitude=80.2707&latitude=13.0827&start=20210101&end=20241231&format=JSON",0.5x0.625 deg,daily,VALID,OBSERVED
IN-TN-CHE,Chennai,13.0827,80.2707,nasa_power_t2m_daily,T2M,temperature_2m,28.19,C,2021-09-22T00:00:00Z,NASA POWER (MERRA-2),"https://power.larc.nasa.gov/api/temporal/daily/point?parameters=T2M,PRECTOTCORR&community=RE&longitude=80.2707&latitude=13.0827&start=20210101&end=20241231&format=JSON",0.5x0.625 deg,daily,VALID,OBSERVED
IN-TN-CHE,Chennai,13.0827,80.2707,nasa_power_prectotcorr_daily,PRECTOTCORR,precipitation,21.25,mm/day,2021-09-22T00:00:00Z,NASA POWER (MERRA-2),"https://power.larc.nasa.gov/api/temporal/daily/point?parameters=T2M,PRECTOTCORR&community=RE&longitude=80.2707&latitude=13.0827&start=20210101&end=20241231&format=JSON",0.5x0.625 deg,daily,VALID,OBSERVED
IN-TN-CHE,Chennai,13.0827,80.2707,nasa_power_t2m_daily,T2M,temperature_2m,28.25,C,2021-09-23T00:00:00Z,NASA POWER (MERRA-2),"https://power.larc.nasa.gov/api/temporal/daily/point?parameters=T2M,PRECTOTCORR&community=RE&longitude=80.2707&latitude=13.0827&start=20210101&end=20241231&format=JSON",0.5x0.625 deg,daily,VALID,OBSERVED
IN-TN-CHE,Chennai,13.0827,80.2707,nasa_power_prectotcorr_daily,PRECTOTCORR,precipitation,1.37,mm/day,2021-09-23T00:00:00Z,NASA POWER (MERRA-2),"https://power.larc.nasa.gov/api/temporal/daily/point?parameters=T2M,PRECTOTCORR&community=RE&longitude=80.2707&latitude=13.0827&start=20210101&end=20241231&format=JSON",0.5x0.625 deg,daily,VALID,OBSERVED
IN-TN-CHE,Chennai,13.0827,80.2707,nasa_power_t2m_daily,T2M,temperature_2m,28.12,C,2021-09-24T00:00:00Z,NASA POWER (MERRA-2),"https://power.larc.nasa.gov/api/temporal/daily/point?parameters=T2M,PRECTOTCORR&community=RE&longitude=80.2707&latitude=13.0827&start=20210101&end=20241231&format=JSON",0.5x0.625 deg,daily,VALID,OBSERVED
IN-TN-CHE,Chennai,13.0827,80.2707,nasa_power_prectotcorr_daily,PRECTOTCORR,precipitation,1.87,mm/day,2021-09-24T00:00:00Z,NASA POWER (MERRA-2),"https://power.larc.nasa.gov/api/temporal/daily/point?parameters=T2M,PRECTOTCORR&community=RE&longitude=80.2707&latitude=13.0827&start=20210101&end=20241231&format=JSON",0.5x0.625 deg,daily,VALID,OBSERVED
IN-TN-CHE,Chennai,13.0827,80.2707,nasa_power_t2m_daily,T2M,temperature_2m,28.31,C,2021-09-25T00:00:00Z,NASA POWER (MERRA-2),"https://power.larc.nasa.gov/api/temporal/daily/point?parameters=T2M,PRECTOTCORR&community=RE&longitude=80.2707&latitude=13.0827&start=20210101&end=20241231&format=JSON",0.5x0.625 deg,daily,VALID,OBSERVED
IN-TN-CHE,Chennai,13.0827,80.2707,nasa_power_prectotcorr_daily,PRECTOTCORR,precipitation,7.28,mm/day,2021-09-25T00:00:00Z,NASA POWER (MERRA-2),"https://power.larc.nasa.gov/api/temporal/daily/point?parameters=T2M,PRECTOTCORR&community=RE&longitude=80.2707&latitude=13.0827&start=20210101&end=20241231&format=JSON",0.5x0.625 deg,daily,VALID,OBSERVED
IN-TN-CHE,Chennai,13.0827,80.2707,nasa_power_t2m_daily,T2M,temperature_2m,27.3,C,2021-09-26T00:00:00Z,NASA POWER (MERRA-2),"https://power.larc.nasa.gov/api/temporal/daily/point?parameters=T2M,PRECTOTCORR&community=RE&longitude=80.2707&latitude=13.0827&start=20210101&end=20241231&format=JSON",0.5x0.625 deg,daily,VALID,OBSERVED
IN-TN-CHE,Chennai,13.0827,80.2707,nasa_power_prectotcorr_daily,PRECTOTCORR,precipitation,7.13,mm/day,2021-09-26T00:00:00Z,NASA POWER (MERRA-2),"https://power.larc.nasa.gov/api/temporal/daily/point?parameters=T2M,PRECTOTCORR&community=RE&longitude=80.2707&latitude=13.0827&start=20210101&end=20241231&format=JSON",0.5x0.625 deg,daily,VALID,OBSERVED
IN-TN-CHE,Chennai,13.0827,80.2707,nasa_power_t2m_daily,T2M,temperature_2m,28.63,C,2021-09-27T00:00:00Z,NASA POWER (MERRA-2),"https://power.larc.nasa.gov/api/temporal/daily/point?parameters=T2M,PRECTOTCORR&community=RE&longitude=80.2707&latitude=13.0827&start=20210101&end=20241231&format=JSON",0.5x0.625 deg,daily,VALID,OBSERVED
IN-TN-CHE,Chennai,13.0827,80.2707,nasa_power_prectotcorr_daily,PRECTOTCORR,precipitation,0.08,mm/day,2021-09-27T00:00:00Z,NASA POWER (MERRA-2),"https://power.larc.nasa.gov/api/temporal/daily/point?parameters=T2M,PRECTOTCORR&community=RE&longitude=80.2707&latitude=13.0827&start=20210101&end=20241231&format=JSON",0.5x0.625 deg,daily,VALID,OBSERVED
IN-TN-CHE,Chennai,13.0827,80.2707,nasa_power_t2m_daily,T2M,temperature_2m,27.5,C,2021-09-28T00:00:00Z,NASA POWER (MERRA-2),"https://power.larc.nasa.gov/api/temporal/daily/point?parameters=T2M,PRECTOTCORR&community=RE&longitude=80.2707&latitude=13.0827&start=20210101&end=20241231&format=JSON",0.5x0.625 deg,daily,VALID,OBSERVED
IN-TN-CHE,Chennai,13.0827,80.2707,nasa_power_prectotcorr_daily,PRECTOTCORR,precipitation,2.25,mm/day,2021-09-28T00:00:00Z,NASA POWER (MERRA-2),"https://power.larc.nasa.gov/api/temporal/daily/point?parameters=T2M,PRECTOTCORR&community=RE&longitude=80.2707&latitude=13.0827&start=20210101&end=20241231&format=JSON",0.5x0.625 deg,daily,VALID,OBSERVED
IN-TN-CHE,Chennai,13.0827,80.2707,nasa_power_t2m_daily,T2M,temperature_2m,28.04,C,2021-09-29T00:00:00Z,NASA POWER (MERRA-2),"https://power.larc.nasa.gov/api/temporal/daily/point?parameters=T2M,PRECTOTCORR&community=RE&longitude=80.2707&latitude=13.0827&start=20210101&end=20241231&format=JSON",0.5x0.625 deg,daily,VALID,OBSERVED
IN-TN-CHE,Chennai,13.0827,80.2707,nasa_power_prectotcorr_daily,PRECTOTCORR,precipitation,1.48,mm/day,2021-09-29T00:00:00Z,NASA POWER (MERRA-2),"https://power.larc.nasa.gov/api/temporal/daily/point?parameters=T2M,PRECTOTCORR&community=RE&longitude=80.2707&latitude=13.0827&start=20210101&end=20241231&format=JSON",0.5x0.625 deg,daily,VALID,OBSERVED
IN-TN-CHE,Chennai,13.0827,80.2707,nasa_power_t2m_daily,T2M,temperature_2m,28.16,C,2021-09-30T00:00:00Z,NASA POWER (MERRA-2),"https://power.larc.nasa.gov/api/temporal/daily/point?parameters=T2M,PRECTOTCORR&community=RE&longitude=80.2707&latitude=13.0827&start=20210101&end=20241231&format=JSON",0.5x0.625 deg,daily,VALID,OBSERVED
IN-TN-CHE,Chennai,13.0827,80.2707,nasa_power_prectotcorr_daily,PRECTOTCORR,precipitation,3.93,mm/day,2021-09-30T00:00:00Z,NASA POWER (MERRA-2),"https://power.larc.nasa.gov/api/temporal/daily/point?parameters=T2M,PRECTOTCORR&community=RE&longitude=80.2707&latitude=13.0827&start=20210101&end=20241231&format=JSON",0.5x0.625 deg,daily,VALID,OBSERVED
IN-TN-CHE,Chennai,13.0827,80.2707,nasa_power_t2m_daily,T2M,temperature_2m,28.04,C,2021-10-01T00:00:00Z,NASA POWER (MERRA-2),"https://power.larc.nasa.gov/api/temporal/daily/point?parameters=T2M,PRECTOTCORR&community=RE&longitude=80.2707&latitude=13.0827&start=20210101&end=20241231&format=JSON",0.5x0.625 deg,daily,VALID,OBSERVED
IN-TN-CHE,Chennai,13.0827,80.2707,nasa_power_prectotcorr_daily,PRECTOTCORR,precipitation,2.28,mm/day,2021-10-01T00:00:00Z,NASA POWER (MERRA-2),"https://power.larc.nasa.gov/api/temporal/daily/point?parameters=T2M,PRECTOTCORR&community=RE&longitude=80.2707&latitude=13.0827&start=20210101&end=20241231&format=JSON",0.5x0.625 deg,daily,VALID,OBSERVED
IN-TN-CHE,Chennai,13.0827,80.2707,nasa_power_t2m_daily,T2M,temperature_2m,27.43,C,2021-10-02T00:00:00Z,NASA POWER (MERRA-2),"https://power.larc.nasa.gov/api/temporal/daily/point?parameters=T2M,PRECTOTCORR&community=RE&longitude=80.2707&latitude=13.0827&start=20210101&end=20241231&format=JSON",0.5x0.625 deg,daily,VALID,OBSERVED
IN-TN-CHE,Chennai,13.0827,80.2707,nasa_power_prectotcorr_daily,PRECTOTCORR,precipitation,5.59,mm/day,2021-10-02T00:00:00Z,NASA POWER (MERRA-2),"https://power.larc.nasa.gov/api/temporal/daily/point?parameters=T2M,PRECTOTCORR&community=RE&longitude=80.2707&latitude=13.0827&start=20210101&end=20241231&format=JSON",0.5x0.625 deg,daily,VALID,OBSERVED
IN-TN-CHE,Chennai,13.0827,80.2707,nasa_power_t2m_daily,T2M,temperature_2m,27.94,C,2021-10-03T00:00:00Z,NASA POWER (MERRA-2),"https://power.larc.nasa.gov/api/temporal/daily/point?parameters=T2M,PRECTOTCORR&community=RE&longitude=80.2707&latitude=13.0827&start=20210101&end=20241231&format=JSON",0.5x0.625 deg,daily,VALID,OBSERVED
IN-TN-CHE,Chennai,13.0827,80.2707,nasa_power_prectotcorr_daily,PRECTOTCORR,precipitation,4.45,mm/day,2021-10-03T00:00:00Z,NASA POWER (MERRA-2),"https://power.larc.nasa.gov/api/temporal/daily/point?parameters=T2M,PRECTOTCORR&community=RE&longitude=80.2707&latitude=13.0827&start=20210101&end=20241231&format=JSON",0.5x0.625 deg,daily,VALID,OBSERVED
IN-TN-CHE,Chennai,13.0827,80.2707,nasa_power_t2m_daily,T2M,temperature_2m,27.92,C,2021-10-04T00:00:00Z,NASA POWER (MERRA-2),"https://power.larc.nasa.gov/api/temporal/daily/point?parameters=T2M,PRECTOTCORR&community=RE&longitude=80.2707&latitude=13.0827&start=20210101&end=20241231&format=JSON",0.5x0.625 deg,daily,VALID,OBSERVED
IN-TN-CHE,Chennai,13.0827,80.2707,nasa_power_prectotcorr_daily,PRECTOTCORR,precipitation,4.71,mm/day,2021-10-04T00:00:00Z,NASA POWER (MERRA-2),"https://power.larc.nasa.gov/api/temporal/daily/point?parameters=T2M,PRECTOTCORR&community=RE&longitude=80.2707&latitude=13.0827&start=20210101&end=20241231&format=JSON",0.5x0.625 deg,daily,VALID,OBSERVED
IN-TN-CHE,Chennai,13.0827,80.2707,nasa_power_t2m_daily,T2M,temperature_2m,27.14,C,2021-10-05T00:00:00Z,NASA POWER (MERRA-2),"https://power.larc.nasa.gov/api/temporal/daily/point?parameters=T2M,PRECTOTCORR&community=RE&longitude=80.2707&latitude=13.0827&start=20210101&end=20241231&format=JSON",0.5x0.625 deg,daily,VALID,OBSERVED
IN-TN-CHE,Chennai,13.0827,80.2707,nasa_power_prectotcorr_daily,PRECTOTCORR,precipitation,37.11,mm/day,2021-10-05T00:00:00Z,NASA POWER (MERRA-2),"https://power.larc.nasa.gov/api/temporal/daily/point?parameters=T2M,PRECTOTCORR&community=RE&longitude=80.2707&latitude=13.0827&start=20210101&end=20241231&format=JSON",0.5x0.625 deg,daily,VALID,OBSERVED
IN-TN-CHE,Chennai,13.0827,80.2707,nasa_power_t2m_daily,T2M,temperature_2m,27.99,C,2021-10-06T00:00:00Z,NASA POWER (MERRA-2),"https://power.larc.nasa.gov/api/temporal/daily/point?parameters=T2M,PRECTOTCORR&community=RE&longitude=80.2707&latitude=13.0827&start=20210101&end=20241231&format=JSON",0.5x0.625 deg,daily,VALID,OBSERVED
IN-TN-CHE,Chennai,13.0827,80.2707,nasa_power_prectotcorr_daily,PRECTOTCORR,precipitation,8.39,mm/day,2021-10-06T00:00:00Z,NASA POWER (MERRA-2),"https://power.larc.nasa.gov/api/temporal/daily/point?parameters=T2M,PRECTOTCORR&community=RE&longitude=80.2707&latitude=13.0827&start=20210101&end=20241231&format=JSON",0.5x0.625 deg,daily,VALID,OBSERVED
IN-TN-CHE,Chennai,13.0827,80.2707,nasa_power_t2m_daily,T2M,temperature_2m,27.58,C,2021-10-07T00:00:00Z,NASA POWER (MERRA-2),"https://power.larc.nasa.gov/api/temporal/daily/point?parameters=T2M,PRECTOTCORR&community=RE&longitude=80.2707&latitude=13.0827&start=20210101&end=20241231&format=JSON",0.5x0.625 deg,daily,VALID,OBSERVED
IN-TN-CHE,Chennai,13.0827,80.2707,nasa_power_prectotcorr_daily,PRECTOTCORR,precipitation,3.17,mm/day,2021-10-07T00:00:00Z,NASA POWER (MERRA-2),"https://power.larc.nasa.gov/api/temporal/daily/point?parameters=T2M,PRECTOTCORR&community=RE&longitude=80.2707&latitude=13.0827&start=20210101&end=20241231&format=JSON",0.5x0.625 deg,daily,VALID,OBSERVED
IN-TN-CHE,Chennai,13.0827,80.2707,nasa_power_t2m_daily,T2M,temperature_2m,28.44,C,2021-10-08T00:00:00Z,NASA POWER (MERRA-2),"https://power.larc.nasa.gov/api/temporal/daily/point?parameters=T2M,PRECTOTCORR&community=RE&longitude=80.2707&latitude=13.0827&start=20210101&end=20241231&format=JSON",0.5x0.625 deg,daily,VALID,OBSERVED
IN-TN-CHE,Chennai,13.0827,80.2707,nasa_power_prectotcorr_daily,PRECTOTCORR,precipitation,3.81,mm/day,2021-10-08T00:00:00Z,NASA POWER (MERRA-2),"https://power.larc.nasa.gov/api/temporal/daily/point?parameters=T2M,PRECTOTCORR&community=RE&longitude=80.2707&latitude=13.0827&start=20210101&end=20241231&format=JSON",0.5x0.625 deg,daily,VALID,OBSERVED
IN-TN-CHE,Chennai,13.0827,80.2707,nasa_power_t2m_daily,T2M,temperature_2m,27.3,C,2021-10-09T00:00:00Z,NASA POWER (MERRA-2),"https://power.larc.nasa.gov/api/temporal/daily/point?parameters=T2M,PRECTOTCORR&community=RE&longitude=80.2707&latitude=13.0827&start=20210101&end=20241231&format=JSON",0.5x0.625 deg,daily,VALID,OBSERVED
IN-TN-CHE,Chennai,13.0827,80.2707,nasa_power_prectotcorr_daily,PRECTOTCORR,precipitation,5.3,mm/day,2021-10-09T00:00:00Z,NASA POWER (MERRA-2),"https://power.larc.nasa.gov/api/temporal/daily/point?parameters=T2M,PRECTOTCORR&community=RE&longitude=80.2707&latitude=13.0827&start=20210101&end=20241231&format=JSON",0.5x0.625 deg,daily,VALID,OBSERVED
IN-TN-CHE,Chennai,13.0827,80.2707,nasa_power_t2m_daily,T2M,temperature_2m,27.76,C,2021-10-10T00:00:00Z,NASA POWER (MERRA-2),"https://power.larc.nasa.gov/api/temporal/daily/point?parameters=T2M,PRECTOTCORR&community=RE&longitude=80.2707&latitude=13.0827&start=20210101&end=20241231&format=JSON",0.5x0.625 deg,daily,VALID,OBSERVED
IN-TN-CHE,Chennai,13.0827,80.2707,nasa_power_prectotcorr_daily,PRECTOTCORR,precipitation,9.41,mm/day,2021-10-10T00:00:00Z,NASA POWER (MERRA-2),"https://power.larc.nasa.gov/api/temporal/daily/point?parameters=T2M,PRECTOTCORR&community=RE&longitude=80.2707&latitude=13.0827&start=20210101&end=20241231&format=JSON",0.5x0.625 deg,daily,VALID,OBSERVED
IN-TN-CHE,Chennai,13.0827,80.2707,nasa_power_t2m_daily,T2M,temperature_2m,27.07,C,2021-10-11T00:00:00Z,NASA POWER (MERRA-2),"https://power.larc.nasa.gov/api/temporal/daily/point?parameters=T2M,PRECTOTCORR&community=RE&longitude=80.2707&latitude=13.0827&start=20210101&end=20241231&format=JSON",0.5x0.625 deg,daily,VALID,OBSERVED
IN-TN-CHE,Chennai,13.0827,80.2707,nasa_power_prectotcorr_daily,PRECTOTCORR,precipitation,4.31,mm/day,2021-10-11T00:00:00Z,NASA POWER (MERRA-2),"https://power.larc.nasa.gov/api/temporal/daily/point?parameters=T2M,PRECTOTCORR&community=RE&longitude=80.2707&latitude=13.0827&start=20210101&end=20241231&format=JSON",0.5x0.625 deg,daily,VALID,OBSERVED
IN-TN-CHE,Chennai,13.0827,80.2707,nasa_power_t2m_daily,T2M,temperature_2m,27.19,C,2021-10-12T00:00:00Z,NASA POWER (MERRA-2),"https://power.larc.nasa.gov/api/temporal/daily/point?parameters=T2M,PRECTOTCORR&community=RE&longitude=80.2707&latitude=13.0827&start=20210101&end=20241231&format=JSON",0.5x0.625 deg,daily,VALID,OBSERVED
IN-TN-CHE,Chennai,13.0827,80.2707,nasa_power_prectotcorr_daily,PRECTOTCORR,precipitation,4.16,mm/day,2021-10-12T00:00:00Z,NASA POWER (MERRA-2),"https://power.larc.nasa.gov/api/temporal/daily/point?parameters=T2M,PRECTOTCORR&community=RE&longitude=80.2707&latitude=13.0827&start=20210101&end=20241231&format=JSON",0.5x0.625 deg,daily,VALID,OBSERVED
IN-TN-CHE,Chennai,13.0827,80.2707,nasa_power_t2m_daily,T2M,temperature_2m,28.25,C,2021-10-13T00:00:00Z,NASA POWER (MERRA-2),"https://power.larc.nasa.gov/api/temporal/daily/point?parameters=T2M,PRECTOTCORR&community=RE&longitude=80.2707&latitude=13.0827&start=20210101&end=20241231&format=JSON",0.5x0.625 deg,daily,VALID,OBSERVED
IN-TN-CHE,Chennai,13.0827,80.2707,nasa_power_prectotcorr_daily,PRECTOTCORR,precipitation,6.49,mm/day,2021-10-13T00:00:00Z,NASA POWER (MERRA-2),"https://power.larc.nasa.gov/api/temporal/daily/point?parameters=T2M,PRECTOTCORR&community=RE&longitude=80.2707&latitude=13.0827&start=20210101&end=20241231&format=JSON",0.5x0.625 deg,daily,VALID,OBSERVED
IN-TN-CHE,Chennai,13.0827,80.2707,nasa_power_t2m_daily,T2M,temperature_2m,27.8,C,2021-10-14T00:00:00Z,NASA POWER (MERRA-2),"https://power.larc.nasa.gov/api/temporal/daily/point?parameters=T2M,PRECTOTCORR&community=RE&longitude=80.2707&latitude=13.0827&start=20210101&end=20241231&format=JSON",0.5x0.625 deg,daily,VALID,OBSERVED
IN-TN-CHE,Chennai,13.0827,80.2707,nasa_power_prectotcorr_daily,PRECTOTCORR,precipitation,0.24,mm/day,2021-10-14T00:00:00Z,NASA POWER (MERRA-2),"https://power.larc.nasa.gov/api/temporal/daily/point?parameters=T2M,PRECTOTCORR&community=RE&longitude=80.2707&latitude=13.0827&start=20210101&end=20241231&format=JSON",0.5x0.625 deg,daily,VALID,OBSERVED
IN-TN-CHE,Chennai,13.0827,80.2707,nasa_power_t2m_daily,T2M,temperature_2m,28.15,C,2021-10-15T00:00:00Z,NASA POWER (MERRA-2),"https://power.larc.nasa.gov/api/temporal/daily/point?parameters=T2M,PRECTOTCORR&community=RE&longitude=80.2707&latitude=13.0827&start=20210101&end=20241231&format=JSON",0.5x0.625 deg,daily,VALID,OBSERVED
IN-TN-CHE,Chennai,13.0827,80.2707,nasa_power_prectotcorr_daily,PRECTOTCORR,precipitation,2.84,mm/day,2021-10-15T00:00:00Z,NASA POWER (MERRA-2),"https://power.larc.nasa.gov/api/temporal/daily/point?parameters=T2M,PRECTOTCORR&community=RE&longitude=80.2707&latitude=13.0827&start=20210101&end=20241231&format=JSON",0.5x0.625 deg,daily,VALID,OBSERVED
IN-TN-CHE,Chennai,13.0827,80.2707,nasa_power_t2m_daily,T2M,temperature_2m,27.82,C,2021-10-16T00:00:00Z,NASA POWER (MERRA-2),"https://power.larc.nasa.gov/api/temporal/daily/point?parameters=T2M,PRECTOTCORR&community=RE&longitude=80.2707&latitude=13.0827&start=20210101&end=20241231&format=JSON",0.5x0.625 deg,daily,VALID,OBSERVED
IN-TN-CHE,Chennai,13.0827,80.2707,nasa_power_prectotcorr_daily,PRECTOTCORR,precipitation,1.62,mm/day,2021-10-16T00:00:00Z,NASA POWER (MERRA-2),"https://power.larc.nasa.gov/api/temporal/daily/point?parameters=T2M,PRECTOTCORR&community=RE&longitude=80.2707&latitude=13.0827&start=20210101&end=20241231&format=JSON",0.5x0.625 deg,daily,VALID,OBSERVED
IN-TN-CHE,Chennai,13.0827,80.2707,nasa_power_t2m_daily,T2M,temperature_2m,28.06,C,2021-10-17T00:00:00Z,NASA POWER (MERRA-2),"https://power.larc.nasa.gov/api/temporal/daily/point?parameters=T2M,PRECTOTCORR&community=RE&longitude=80.2707&latitude=13.0827&start=20210101&end=20241231&format=JSON",0.5x0.625 deg,daily,VALID,OBSERVED
IN-TN-CHE,Chennai,13.0827,80.2707,nasa_power_prectotcorr_daily,PRECTOTCORR,precipitation,3.02,mm/day,2021-10-17T00:00:00Z,NASA POWER (MERRA-2),"https://power.larc.nasa.gov/api/temporal/daily/point?parameters=T2M,PRECTOTCORR&community=RE&longitude=80.2707&latitude=13.0827&start=20210101&end=20241231&format=JSON",0.5x0.625 deg,daily,VALID,OBSERVED
IN-TN-CHE,Chennai,13.0827,80.2707,nasa_power_t2m_daily,T2M,temperature_2m,28.07,C,2021-10-18T00:00:00Z,NASA POWER (MERRA-2),"https://power.larc.nasa.gov/api/temporal/daily/point?parameters=T2M,PRECTOTCORR&community=RE&longitude=80.2707&latitude=13.0827&start=20210101&end=20241231&format=JSON",0.5x0.625 deg,daily,VALID,OBSERVED
IN-TN-CHE,Chennai,13.0827,80.2707,nasa_power_prectotcorr_daily,PRECTOTCORR,precipitation,0.37,mm/day,2021-10-18T00:00:00Z,NASA POWER (MERRA-2),"https://power.larc.nasa.gov/api/temporal/daily/point?parameters=T2M,PRECTOTCORR&community=RE&longitude=80.2707&latitude=13.0827&start=20210101&end=20241231&format=JSON",0.5x0.625 deg,daily,VALID,OBSERVED
IN-TN-CHE,Chennai,13.0827,80.2707,nasa_power_t2m_daily,T2M,temperature_2m,27.66,C,2021-10-19T00:00:00Z,NASA POWER (MERRA-2),"https://power.larc.nasa.gov/api/temporal/daily/point?parameters=T2M,PRECTOTCORR&community=RE&longitude=80.2707&latitude=13.0827&start=20210101&end=20241231&format=JSON",0.5x0.625 deg,daily,VALID,OBSERVED
IN-TN-CHE,Chennai,13.0827,80.2707,nasa_power_prectotcorr_daily,PRECTOTCORR,precipitation,3.3,mm/day,2021-10-19T00:00:00Z,NASA POWER (MERRA-2),"https://power.larc.nasa.gov/api/temporal/daily/point?parameters=T2M,PRECTOTCORR&community=RE&longitude=80.2707&latitude=13.0827&start=20210101&end=20241231&format=JSON",0.5x0.625 deg,daily,VALID,OBSERVED
IN-TN-CHE,Chennai,13.0827,80.2707,nasa_power_t2m_daily,T2M,temperature_2m,27.49,C,2021-10-20T00:00:00Z,NASA POWER (MERRA-2),"https://power.larc.nasa.gov/api/temporal/daily/point?parameters=T2M,PRECTOTCORR&community=RE&longitude=80.2707&latitude=13.0827&start=20210101&end=20241231&format=JSON",0.5x0.625 deg,daily,VALID,OBSERVED
IN-TN-CHE,Chennai,13.0827,80.2707,nasa_power_prectotcorr_daily,PRECTOTCORR,precipitation,1.74,mm/day,2021-10-20T00:00:00Z,NASA POWER (MERRA-2),"https://power.larc.nasa.gov/api/temporal/daily/point?parameters=T2M,PRECTOTCORR&community=RE&longitude=80.2707&latitude=13.0827&start=20210101&end=20241231&format=JSON",0.5x0.625 deg,daily,VALID,OBSERVED
IN-TN-CHE,Chennai,13.0827,80.2707,nasa_power_t2m_daily,T2M,temperature_2m,27.36,C,2021-10-21T00:00:00Z,NASA POWER (MERRA-2),"https://power.larc.nasa.gov/api/temporal/daily/point?parameters=T2M,PRECTOTCORR&community=RE&longitude=80.2707&latitude=13.0827&start=20210101&end=20241231&format=JSON",0.5x0.625 deg,daily,VALID,OBSERVED
IN-TN-CHE,Chennai,13.0827,80.2707,nasa_power_prectotcorr_daily,PRECTOTCORR,precipitation,1.85,mm/day,2021-10-21T00:00:00Z,NASA POWER (MERRA-2),"https://power.larc.nasa.gov/api/temporal/daily/point?parameters=T2M,PRECTOTCORR&community=RE&longitude=80.2707&latitude=13.0827&start=20210101&end=20241231&format=JSON",0.5x0.625 deg,daily,VALID,OBSERVED
IN-TN-CHE,Chennai,13.0827,80.2707,nasa_power_t2m_daily,T2M,temperature_2m,27.32,C,2021-10-22T00:00:00Z,NASA POWER (MERRA-2),"https://power.larc.nasa.gov/api/temporal/daily/point?parameters=T2M,PRECTOTCORR&community=RE&longitude=80.2707&latitude=13.0827&start=20210101&end=20241231&format=JSON",0.5x0.625 deg,daily,VALID,OBSERVED
IN-TN-CHE,Chennai,13.0827,80.2707,nasa_power_prectotcorr_daily,PRECTOTCORR,precipitation,0.51,mm/day,2021-10-22T00:00:00Z,NASA POWER (MERRA-2),"https://power.larc.nasa.gov/api/temporal/daily/point?parameters=T2M,PRECTOTCORR&community=RE&longitude=80.2707&latitude=13.0827&start=20210101&end=20241231&format=JSON",0.5x0.625 deg,daily,VALID,OBSERVED
IN-TN-CHE,Chennai,13.0827,80.2707,nasa_power_t2m_daily,T2M,temperature_2m,27.19,C,2021-10-23T00:00:00Z,NASA POWER (MERRA-2),"https://power.larc.nasa.gov/api/temporal/daily/point?parameters=T2M,PRECTOTCORR&community=RE&longitude=80.2707&latitude=13.0827&start=20210101&end=20241231&format=JSON",0.5x0.625 deg,daily,VALID,OBSERVED
IN-TN-CHE,Chennai,13.0827,80.2707,nasa_power_prectotcorr_daily,PRECTOTCORR,precipitation,0.54,mm/day,2021-10-23T00:00:00Z,NASA POWER (MERRA-2),"https://power.larc.nasa.gov/api/temporal/daily/point?parameters=T2M,PRECTOTCORR&community=RE&longitude=80.2707&latitude=13.0827&start=20210101&end=20241231&format=JSON",0.5x0.625 deg,daily,VALID,OBSERVED
IN-TN-CHE,Chennai,13.0827,80.2707,nasa_power_t2m_daily,T2M,temperature_2m,27.63,C,2021-10-24T00:00:00Z,NASA POWER (MERRA-2),"https://power.larc.nasa.gov/api/temporal/daily/point?parameters=T2M,PRECTOTCORR&community=RE&longitude=80.2707&latitude=13.0827&start=20210101&end=20241231&format=JSON",0.5x0.625 deg,daily,VALID,OBSERVED
IN-TN-CHE,Chennai,13.0827,80.2707,nasa_power_prectotcorr_daily,PRECTOTCORR,precipitation,5.98,mm/day,2021-10-24T00:00:00Z,NASA POWER (MERRA-2),"https://power.larc.nasa.gov/api/temporal/daily/point?parameters=T2M,PRECTOTCORR&community=RE&longitude=80.2707&latitude=13.0827&start=20210101&end=20241231&format=JSON",0.5x0.625 deg,daily,VALID,OBSERVED
IN-TN-CHE,Chennai,13.0827,80.2707,nasa_power_t2m_daily,T2M,temperature_2m,26.63,C,2021-10-25T00:00:00Z,NASA POWER (MERRA-2),"https://power.larc.nasa.gov/api/temporal/daily/point?parameters=T2M,PRECTOTCORR&community=RE&longitude=80.2707&latitude=13.0827&start=20210101&end=20241231&format=JSON",0.5x0.625 deg,daily,VALID,OBSERVED
IN-TN-CHE,Chennai,13.0827,80.2707,nasa_power_prectotcorr_daily,PRECTOTCORR,precipitation,0.93,mm/day,2021-10-25T00:00:00Z,NASA POWER (MERRA-2),"https://power.larc.nasa.gov/api/temporal/daily/point?parameters=T2M,PRECTOTCORR&community=RE&longitude=80.2707&latitude=13.0827&start=20210101&end=20241231&format=JSON",0.5x0.625 deg,daily,VALID,OBSERVED
IN-TN-CHE,Chennai,13.0827,80.2707,nasa_power_t2m_daily,T2M,temperature_2m,27.14,C,2021-10-26T00:00:00Z,NASA POWER (MERRA-2),"https://power.larc.nasa.gov/api/temporal/daily/point?parameters=T2M,PRECTOTCORR&community=RE&longitude=80.2707&latitude=13.0827&start=20210101&end=20241231&format=JSON",0.5x0.625 deg,daily,VALID,OBSERVED
IN-TN-CHE,Chennai,13.0827,80.2707,nasa_power_prectotcorr_daily,PRECTOTCORR,precipitation,0.98,mm/day,2021-10-26T00:00:00Z,NASA POWER (MERRA-2),"https://power.larc.nasa.gov/api/temporal/daily/point?parameters=T2M,PRECTOTCORR&community=RE&longitude=80.2707&latitude=13.0827&start=20210101&end=20241231&format=JSON",0.5x0.625 deg,daily,VALID,OBSERVED
IN-TN-CHE,Chennai,13.0827,80.2707,nasa_power_t2m_daily,T2M,temperature_2m,26.86,C,2021-10-27T00:00:00Z,NASA POWER (MERRA-2),"https://power.larc.nasa.gov/api/temporal/daily/point?parameters=T2M,PRECTOTCORR&community=RE&longitude=80.2707&latitude=13.0827&start=20210101&end=20241231&format=JSON",0.5x0.625 deg,daily,VALID,OBSERVED
IN-TN-CHE,Chennai,13.0827,80.2707,nasa_power_prectotcorr_daily,PRECTOTCORR,precipitation,0.75,mm/day,2021-10-27T00:00:00Z,NASA POWER (MERRA-2),"https://power.larc.nasa.gov/api/temporal/daily/point?parameters=T2M,PRECTOTCORR&community=RE&longitude=80.2707&latitude=13.0827&start=20210101&end=20241231&format=JSON",0.5x0.625 deg,daily,VALID,OBSERVED
IN-TN-CHE,Chennai,13.0827,80.2707,nasa_power_t2m_daily,T2M,temperature_2m,26.41,C,2021-10-28T00:00:00Z,NASA POWER (MERRA-2),"https://power.larc.nasa.gov/api/temporal/daily/point?parameters=T2M,PRECTOTCORR&community=RE&longitude=80.2707&latitude=13.0827&start=20210101&end=20241231&format=JSON",0.5x0.625 deg,daily,VALID,OBSERVED
IN-TN-CHE,Chennai,13.0827,80.2707,nasa_power_prectotcorr_daily,PRECTOTCORR,precipitation,6.67,mm/day,2021-10-28T00:00:00Z,NASA POWER (MERRA-2),"https://power.larc.nasa.gov/api/temporal/daily/point?parameters=T2M,PRECTOTCORR&community=RE&longitude=80.2707&latitude=13.0827&start=20210101&end=20241231&format=JSON",0.5x0.625 deg,daily,VALID,OBSERVED
IN-TN-CHE,Chennai,13.0827,80.2707,nasa_power_t2m_daily,T2M,temperature_2m,26.71,C,2021-10-29T00:00:00Z,NASA POWER (MERRA-2),"https://power.larc.nasa.gov/api/temporal/daily/point?parameters=T2M,PRECTOTCORR&community=RE&longitude=80.2707&latitude=13.0827&start=20210101&end=20241231&format=JSON",0.5x0.625 deg,daily,VALID,OBSERVED
IN-TN-CHE,Chennai,13.0827,80.2707,nasa_power_prectotcorr_daily,PRECTOTCORR,precipitation,25.07,mm/day,2021-10-29T00:00:00Z,NASA POWER (MERRA-2),"https://power.larc.nasa.gov/api/temporal/daily/point?parameters=T2M,PRECTOTCORR&community=RE&longitude=80.2707&latitude=13.0827&start=20210101&end=20241231&format=JSON",0.5x0.625 deg,daily,VALID,OBSERVED
IN-TN-CHE,Chennai,13.0827,80.2707,nasa_power_t2m_daily,T2M,temperature_2m,26.48,C,2021-10-30T00:00:00Z,NASA POWER (MERRA-2),"https://power.larc.nasa.gov/api/temporal/daily/point?parameters=T2M,PRECTOTCORR&community=RE&longitude=80.2707&latitude=13.0827&start=20210101&end=20241231&format=JSON",0.5x0.625 deg,daily,VALID,OBSERVED
IN-TN-CHE,Chennai,13.0827,80.2707,nasa_power_prectotcorr_daily,PRECTOTCORR,precipitation,17.88,mm/day,2021-10-30T00:00:00Z,NASA POWER (MERRA-2),"https://power.larc.nasa.gov/api/temporal/daily/point?parameters=T2M,PRECTOTCORR&community=RE&longitude=80.2707&latitude=13.0827&start=20210101&end=20241231&format=JSON",0.5x0.625 deg,daily,VALID,OBSERVED
IN-TN-CHE,Chennai,13.0827,80.2707,nasa_power_t2m_daily,T2M,temperature_2m,26.97,C,2021-10-31T00:00:00Z,NASA POWER (MERRA-2),"https://power.larc.nasa.gov/api/temporal/daily/point?parameters=T2M,PRECTOTCORR&community=RE&longitude=80.2707&latitude=13.0827&start=20210101&end=20241231&format=JSON",0.5x0.625 deg,daily,VALID,OBSERVED
IN-TN-CHE,Chennai,13.0827,80.2707,nasa_power_prectotcorr_daily,PRECTOTCORR,precipitation,16.09,mm/day,2021-10-31T00:00:00Z,NASA POWER (MERRA-2),"https://power.larc.nasa.gov/api/temporal/daily/point?parameters=T2M,PRECTOTCORR&community=RE&longitude=80.2707&latitude=13.0827&start=20210101&end=20241231&format=JSON",0.5x0.625 deg,daily,VALID,OBSERVED
IN-TN-CHE,Chennai,13.0827,80.2707,nasa_power_t2m_daily,T2M,temperature_2m,26.41,C,2021-11-01T00:00:00Z,NASA POWER (MERRA-2),"https://power.larc.nasa.gov/api/temporal/daily/point?parameters=T2M,PRECTOTCORR&community=RE&longitude=80.2707&latitude=13.0827&start=20210101&end=20241231&format=JSON",0.5x0.625 deg,daily,VALID,OBSERVED
IN-TN-CHE,Chennai,13.0827,80.2707,nasa_power_prectotcorr_daily,PRECTOTCORR,precipitation,21.37,mm/day,2021-11-01T00:00:00Z,NASA POWER (MERRA-2),"https://power.larc.nasa.gov/api/temporal/daily/point?parameters=T2M,PRECTOTCORR&community=RE&longitude=80.2707&latitude=13.0827&start=20210101&end=20241231&format=JSON",0.5x0.625 deg,daily,VALID,OBSERVED
IN-TN-CHE,Chennai,13.0827,80.2707,nasa_power_t2m_daily,T2M,temperature_2m,26.42,C,2021-11-02T00:00:00Z,NASA POWER (MERRA-2),"https://power.larc.nasa.gov/api/temporal/daily/point?parameters=T2M,PRECTOTCORR&community=RE&longitude=80.2707&latitude=13.0827&start=20210101&end=20241231&format=JSON",0.5x0.625 deg,daily,VALID,OBSERVED
IN-TN-CHE,Chennai,13.0827,80.2707,nasa_power_prectotcorr_daily,PRECTOTCORR,precipitation,23.68,mm/day,2021-11-02T00:00:00Z,NASA POWER (MERRA-2),"https://power.larc.nasa.gov/api/temporal/daily/point?parameters=T2M,PRECTOTCORR&community=RE&longitude=80.2707&latitude=13.0827&start=20210101&end=20241231&format=JSON",0.5x0.625 deg,daily,VALID,OBSERVED
IN-TN-CHE,Chennai,13.0827,80.2707,nasa_power_t2m_daily,T2M,temperature_2m,25.71,C,2021-11-03T00:00:00Z,NASA POWER (MERRA-2),"https://power.larc.nasa.gov/api/temporal/daily/point?parameters=T2M,PRECTOTCORR&community=RE&longitude=80.2707&latitude=13.0827&start=20210101&end=20241231&format=JSON",0.5x0.625 deg,daily,VALID,OBSERVED
IN-TN-CHE,Chennai,13.0827,80.2707,nasa_power_prectotcorr_daily,PRECTOTCORR,precipitation,30.77,mm/day,2021-11-03T00:00:00Z,NASA POWER (MERRA-2),"https://power.larc.nasa.gov/api/temporal/daily/point?parameters=T2M,PRECTOTCORR&community=RE&longitude=80.2707&latitude=13.0827&start=20210101&end=20241231&format=JSON",0.5x0.625 deg,daily,VALID,OBSERVED
IN-TN-CHE,Chennai,13.0827,80.2707,nasa_power_t2m_daily,T2M,temperature_2m,25.87,C,2021-11-04T00:00:00Z,NASA POWER (MERRA-2),"https://power.larc.nasa.gov/api/temporal/daily/point?parameters=T2M,PRECTOTCORR&community=RE&longitude=80.2707&latitude=13.0827&start=20210101&end=20241231&format=JSON",0.5x0.625 deg,daily,VALID,OBSERVED
IN-TN-CHE,Chennai,13.0827,80.2707,nasa_power_prectotcorr_daily,PRECTOTCORR,precipitation,18.47,mm/day,2021-11-04T00:00:00Z,NASA POWER (MERRA-2),"https://power.larc.nasa.gov/api/temporal/daily/point?parameters=T2M,PRECTOTCORR&community=RE&longitude=80.2707&latitude=13.0827&start=20210101&end=20241231&format=JSON",0.5x0.625 deg,daily,VALID,OBSERVED
IN-TN-CHE,Chennai,13.0827,80.2707,nasa_power_t2m_daily,T2M,temperature_2m,25.94,C,2021-11-05T00:00:00Z,NASA POWER (MERRA-2),"https://power.larc.nasa.gov/api/temporal/daily/point?parameters=T2M,PRECTOTCORR&community=RE&longitude=80.2707&latitude=13.0827&start=20210101&end=20241231&format=JSON",0.5x0.625 deg,daily,VALID,OBSERVED
IN-TN-CHE,Chennai,13.0827,80.2707,nasa_power_prectotcorr_daily,PRECTOTCORR,precipitation,16.95,mm/day,2021-11-05T00:00:00Z,NASA POWER (MERRA-2),"https://power.larc.nasa.gov/api/temporal/daily/point?parameters=T2M,PRECTOTCORR&community=RE&longitude=80.2707&latitude=13.0827&start=20210101&end=20241231&format=JSON",0.5x0.625 deg,daily,VALID,OBSERVED
IN-TN-CHE,Chennai,13.0827,80.2707,nasa_power_t2m_daily,T2M,temperature_2m,26.12,C,2021-11-06T00:00:00Z,NASA POWER (MERRA-2),"https://power.larc.nasa.gov/api/temporal/daily/point?parameters=T2M,PRECTOTCORR&community=RE&longitude=80.2707&latitude=13.0827&start=20210101&end=20241231&format=JSON",0.5x0.625 deg,daily,VALID,OBSERVED
IN-TN-CHE,Chennai,13.0827,80.2707,nasa_power_prectotcorr_daily,PRECTOTCORR,precipitation,49.77,mm/day,2021-11-06T00:00:00Z,NASA POWER (MERRA-2),"https://power.larc.nasa.gov/api/temporal/daily/point?parameters=T2M,PRECTOTCORR&community=RE&longitude=80.2707&latitude=13.0827&start=20210101&end=20241231&format=JSON",0.5x0.625 deg,daily,VALID,OBSERVED
IN-TN-CHE,Chennai,13.0827,80.2707,nasa_power_t2m_daily,T2M,temperature_2m,26.64,C,2021-11-07T00:00:00Z,NASA POWER (MERRA-2),"https://power.larc.nasa.gov/api/temporal/daily/point?parameters=T2M,PRECTOTCORR&community=RE&longitude=80.2707&latitude=13.0827&start=20210101&end=20241231&format=JSON",0.5x0.625 deg,daily,VALID,OBSERVED
IN-TN-CHE,Chennai,13.0827,80.2707,nasa_power_prectotcorr_daily,PRECTOTCORR,precipitation,40.64,mm/day,2021-11-07T00:00:00Z,NASA POWER (MERRA-2),"https://power.larc.nasa.gov/api/temporal/daily/point?parameters=T2M,PRECTOTCORR&community=RE&longitude=80.2707&latitude=13.0827&start=20210101&end=20241231&format=JSON",0.5x0.625 deg,daily,VALID,OBSERVED
IN-TN-CHE,Chennai,13.0827,80.2707,nasa_power_t2m_daily,T2M,temperature_2m,26.05,C,2021-11-08T00:00:00Z,NASA POWER (MERRA-2),"https://power.larc.nasa.gov/api/temporal/daily/point?parameters=T2M,PRECTOTCORR&community=RE&longitude=80.2707&latitude=13.0827&start=20210101&end=20241231&format=JSON",0.5x0.625 deg,daily,VALID,OBSERVED
IN-TN-CHE,Chennai,13.0827,80.2707,nasa_power_prectotcorr_daily,PRECTOTCORR,precipitation,36.4,mm/day,2021-11-08T00:00:00Z,NASA POWER (MERRA-2),"https://power.larc.nasa.gov/api/temporal/daily/point?parameters=T2M,PRECTOTCORR&community=RE&longitude=80.2707&latitude=13.0827&start=20210101&end=20241231&format=JSON",0.5x0.625 deg,daily,VALID,OBSERVED
IN-TN-CHE,Chennai,13.0827,80.2707,nasa_power_t2m_daily,T2M,temperature_2m,25.26,C,2021-11-09T00:00:00Z,NASA POWER (MERRA-2),"https://power.larc.nasa.gov/api/temporal/daily/point?parameters=T2M,PRECTOTCORR&community=RE&longitude=80.2707&latitude=13.0827&start=20210101&end=20241231&format=JSON",0.5x0.625 deg,daily,VALID,OBSERVED
IN-TN-CHE,Chennai,13.0827,80.2707,nasa_power_prectotcorr_daily,PRECTOTCORR,precipitation,16.97,mm/day,2021-11-09T00:00:00Z,NASA POWER (MERRA-2),"https://power.larc.nasa.gov/api/temporal/daily/point?parameters=T2M,PRECTOTCORR&community=RE&longitude=80.2707&latitude=13.0827&start=20210101&end=20241231&format=JSON",0.5x0.625 deg,daily,VALID,OBSERVED
IN-TN-CHE,Chennai,13.0827,80.2707,nasa_power_t2m_daily,T2M,temperature_2m,24.09,C,2021-11-10T00:00:00Z,NASA POWER (MERRA-2),"https://power.larc.nasa.gov/api/temporal/daily/point?parameters=T2M,PRECTOTCORR&community=RE&longitude=80.2707&latitude=13.0827&start=20210101&end=20241231&format=JSON",0.5x0.625 deg,daily,VALID,OBSERVED
IN-TN-CHE,Chennai,13.0827,80.2707,nasa_power_prectotcorr_daily,PRECTOTCORR,precipitation,84.05,mm/day,2021-11-10T00:00:00Z,NASA POWER (MERRA-2),"https://power.larc.nasa.gov/api/temporal/daily/point?parameters=T2M,PRECTOTCORR&community=RE&longitude=80.2707&latitude=13.0827&start=20210101&end=20241231&format=JSON",0.5x0.625 deg,daily,VALID,OBSERVED
IN-TN-CHE,Chennai,13.0827,80.2707,nasa_power_t2m_daily,T2M,temperature_2m,24.83,C,2021-11-11T00:00:00Z,NASA POWER (MERRA-2),"https://power.larc.nasa.gov/api/temporal/daily/point?parameters=T2M,PRECTOTCORR&community=RE&longitude=80.2707&latitude=13.0827&start=20210101&end=20241231&format=JSON",0.5x0.625 deg,daily,VALID,OBSERVED
IN-TN-CHE,Chennai,13.0827,80.2707,nasa_power_prectotcorr_daily,PRECTOTCORR,precipitation,75.19,mm/day,2021-11-11T00:00:00Z,NASA POWER (MERRA-2),"https://power.larc.nasa.gov/api/temporal/daily/point?parameters=T2M,PRECTOTCORR&community=RE&longitude=80.2707&latitude=13.0827&start=20210101&end=20241231&format=JSON",0.5x0.625 deg,daily,VALID,OBSERVED
IN-TN-CHE,Chennai,13.0827,80.2707,nasa_power_t2m_daily,T2M,temperature_2m,26.11,C,2021-11-12T00:00:00Z,NASA POWER (MERRA-2),"https://power.larc.nasa.gov/api/temporal/daily/point?parameters=T2M,PRECTOTCORR&community=RE&longitude=80.2707&latitude=13.0827&start=20210101&end=20241231&format=JSON",0.5x0.625 deg,daily,VALID,OBSERVED
IN-TN-CHE,Chennai,13.0827,80.2707,nasa_power_prectotcorr_daily,PRECTOTCORR,precipitation,3.63,mm/day,2021-11-12T00:00:00Z,NASA POWER (MERRA-2),"https://power.larc.nasa.gov/api/temporal/daily/point?parameters=T2M,PRECTOTCORR&community=RE&longitude=80.2707&latitude=13.0827&start=20210101&end=20241231&format=JSON",0.5x0.625 deg,daily,VALID,OBSERVED
IN-TN-CHE,Chennai,13.0827,80.2707,nasa_power_t2m_daily,T2M,temperature_2m,26.85,C,2021-11-13T00:00:00Z,NASA POWER (MERRA-2),"https://power.larc.nasa.gov/api/temporal/daily/point?parameters=T2M,PRECTOTCORR&community=RE&longitude=80.2707&latitude=13.0827&start=20210101&end=20241231&format=JSON",0.5x0.625 deg,daily,VALID,OBSERVED
IN-TN-CHE,Chennai,13.0827,80.2707,nasa_power_prectotcorr_daily,PRECTOTCORR,precipitation,3.72,mm/day,2021-11-13T00:00:00Z,NASA POWER (MERRA-2),"https://power.larc.nasa.gov/api/temporal/daily/point?parameters=T2M,PRECTOTCORR&community=RE&longitude=80.2707&latitude=13.0827&start=20210101&end=20241231&format=JSON",0.5x0.625 deg,daily,VALID,OBSERVED
IN-TN-CHE,Chennai,13.0827,80.2707,nasa_power_t2m_daily,T2M,temperature_2m,26.53,C,2021-11-14T00:00:00Z,NASA POWER (MERRA-2),"https://power.larc.nasa.gov/api/temporal/daily/point?parameters=T2M,PRECTOTCORR&community=RE&longitude=80.2707&latitude=13.0827&start=20210101&end=20241231&format=JSON",0.5x0.625 deg,daily,VALID,OBSERVED
IN-TN-CHE,Chennai,13.0827,80.2707,nasa_power_prectotcorr_daily,PRECTOTCORR,precipitation,4.74,mm/day,2021-11-14T00:00:00Z,NASA POWER (MERRA-2),"https://power.larc.nasa.gov/api/temporal/daily/point?parameters=T2M,PRECTOTCORR&community=RE&longitude=80.2707&latitude=13.0827&start=20210101&end=20241231&format=JSON",0.5x0.625 deg,daily,VALID,OBSERVED
IN-TN-CHE,Chennai,13.0827,80.2707,nasa_power_t2m_daily,T2M,temperature_2m,26.59,C,2021-11-15T00:00:00Z,NASA POWER (MERRA-2),"https://power.larc.nasa.gov/api/temporal/daily/point?parameters=T2M,PRECTOTCORR&community=RE&longitude=80.2707&latitude=13.0827&start=20210101&end=20241231&format=JSON",0.5x0.625 deg,daily,VALID,OBSERVED
IN-TN-CHE,Chennai,13.0827,80.2707,nasa_power_prectotcorr_daily,PRECTOTCORR,precipitation,4.57,mm/day,2021-11-15T00:00:00Z,NASA POWER (MERRA-2),"https://power.larc.nasa.gov/api/temporal/daily/point?parameters=T2M,PRECTOTCORR&community=RE&longitude=80.2707&latitude=13.0827&start=20210101&end=20241231&format=JSON",0.5x0.625 deg,daily,VALID,OBSERVED
IN-TN-CHE,Chennai,13.0827,80.2707,nasa_power_t2m_daily,T2M,temperature_2m,26.83,C,2021-11-16T00:00:00Z,NASA POWER (MERRA-2),"https://power.larc.nasa.gov/api/temporal/daily/point?parameters=T2M,PRECTOTCORR&community=RE&longitude=80.2707&latitude=13.0827&start=20210101&end=20241231&format=JSON",0.5x0.625 deg,daily,VALID,OBSERVED
IN-TN-CHE,Chennai,13.0827,80.2707,nasa_power_prectotcorr_daily,PRECTOTCORR,precipitation,2.4,mm/day,2021-11-16T00:00:00Z,NASA POWER (MERRA-2),"https://power.larc.nasa.gov/api/temporal/daily/point?parameters=T2M,PRECTOTCORR&community=RE&longitude=80.2707&latitude=13.0827&start=20210101&end=20241231&format=JSON",0.5x0.625 deg,daily,VALID,OBSERVED
IN-TN-CHE,Chennai,13.0827,80.2707,nasa_power_t2m_daily,T2M,temperature_2m,26.46,C,2021-11-17T00:00:00Z,NASA POWER (MERRA-2),"https://power.larc.nasa.gov/api/temporal/daily/point?parameters=T2M,PRECTOTCORR&community=RE&longitude=80.2707&latitude=13.0827&start=20210101&end=20241231&format=JSON",0.5x0.625 deg,daily,VALID,OBSERVED
IN-TN-CHE,Chennai,13.0827,80.2707,nasa_power_prectotcorr_daily,PRECTOTCORR,precipitation,11.0,mm/day,2021-11-17T00:00:00Z,NASA POWER (MERRA-2),"https://power.larc.nasa.gov/api/temporal/daily/point?parameters=T2M,PRECTOTCORR&community=RE&longitude=80.2707&latitude=13.0827&start=20210101&end=20241231&format=JSON",0.5x0.625 deg,daily,VALID,OBSERVED
IN-TN-CHE,Chennai,13.0827,80.2707,nasa_power_t2m_daily,T2M,temperature_2m,26.52,C,2021-11-18T00:00:00Z,NASA POWER (MERRA-2),"https://power.larc.nasa.gov/api/temporal/daily/point?parameters=T2M,PRECTOTCORR&community=RE&longitude=80.2707&latitude=13.0827&start=20210101&end=20241231&format=JSON",0.5x0.625 deg,daily,VALID,OBSERVED
IN-TN-CHE,Chennai,13.0827,80.2707,nasa_power_prectotcorr_daily,PRECTOTCORR,precipitation,74.21,mm/day,2021-11-18T00:00:00Z,NASA POWER (MERRA-2),"https://power.larc.nasa.gov/api/temporal/daily/point?parameters=T2M,PRECTOTCORR&community=RE&longitude=80.2707&latitude=13.0827&start=20210101&end=20241231&format=JSON",0.5x0.625 deg,daily,VALID,OBSERVED
IN-TN-CHE,Chennai,13.0827,80.2707,nasa_power_t2m_daily,T2M,temperature_2m,26.72,C,2021-11-19T00:00:00Z,NASA POWER (MERRA-2),"https://power.larc.nasa.gov/api/temporal/daily/point?parameters=T2M,PRECTOTCORR&community=RE&longitude=80.2707&latitude=13.0827&start=20210101&end=20241231&format=JSON",0.5x0.625 deg,daily,VALID,OBSERVED
IN-TN-CHE,Chennai,13.0827,80.2707,nasa_power_prectotcorr_daily,PRECTOTCORR,precipitation,20.62,mm/day,2021-11-19T00:00:00Z,NASA POWER (MERRA-2),"https://power.larc.nasa.gov/api/temporal/daily/point?parameters=T2M,PRECTOTCORR&community=RE&longitude=80.2707&latitude=13.0827&start=20210101&end=20241231&format=JSON",0.5x0.625 deg,daily,VALID,OBSERVED
IN-TN-CHE,Chennai,13.0827,80.2707,nasa_power_t2m_daily,T2M,temperature_2m,26.91,C,2021-11-20T00:00:00Z,NASA POWER (MERRA-2),"https://power.larc.nasa.gov/api/temporal/daily/point?parameters=T2M,PRECTOTCORR&community=RE&longitude=80.2707&latitude=13.0827&start=20210101&end=20241231&format=JSON",0.5x0.625 deg,daily,VALID,OBSERVED
IN-TN-CHE,Chennai,13.0827,80.2707,nasa_power_prectotcorr_daily,PRECTOTCORR,precipitation,16.63,mm/day,2021-11-20T00:00:00Z,NASA POWER (MERRA-2),"https://power.larc.nasa.gov/api/temporal/daily/point?parameters=T2M,PRECTOTCORR&community=RE&longitude=80.2707&latitude=13.0827&start=20210101&end=20241231&format=JSON",0.5x0.625 deg,daily,VALID,OBSERVED
IN-TN-CHE,Chennai,13.0827,80.2707,nasa_power_t2m_daily,T2M,temperature_2m,26.66,C,2021-11-21T00:00:00Z,NASA POWER (MERRA-2),"https://power.larc.nasa.gov/api/temporal/daily/point?parameters=T2M,PRECTOTCORR&community=RE&longitude=80.2707&latitude=13.0827&start=20210101&end=20241231&format=JSON",0.5x0.625 deg,daily,VALID,OBSERVED
IN-TN-CHE,Chennai,13.0827,80.2707,nasa_power_prectotcorr_daily,PRECTOTCORR,precipitation,7.5,mm/day,2021-11-21T00:00:00Z,NASA POWER (MERRA-2),"https://power.larc.nasa.gov/api/temporal/daily/point?parameters=T2M,PRECTOTCORR&community=RE&longitude=80.2707&latitude=13.0827&start=20210101&end=20241231&format=JSON",0.5x0.625 deg,daily,VALID,OBSERVED
IN-TN-CHE,Chennai,13.0827,80.2707,nasa_power_t2m_daily,T2M,temperature_2m,26.3,C,2021-11-22T00:00:00Z,NASA POWER (MERRA-2),"https://power.larc.nasa.gov/api/temporal/daily/point?parameters=T2M,PRECTOTCORR&community=RE&longitude=80.2707&latitude=13.0827&start=20210101&end=20241231&format=JSON",0.5x0.625 deg,daily,VALID,OBSERVED
IN-TN-CHE,Chennai,13.0827,80.2707,nasa_power_prectotcorr_daily,PRECTOTCORR,precipitation,5.0,mm/day,2021-11-22T00:00:00Z,NASA POWER (MERRA-2),"https://power.larc.nasa.gov/api/temporal/daily/point?parameters=T2M,PRECTOTCORR&community=RE&longitude=80.2707&latitude=13.0827&start=20210101&end=20241231&format=JSON",0.5x0.625 deg,daily,VALID,OBSERVED
IN-TN-CHE,Chennai,13.0827,80.2707,nasa_power_t2m_daily,T2M,temperature_2m,26.64,C,2021-11-23T00:00:00Z,NASA POWER (MERRA-2),"https://power.larc.nasa.gov/api/temporal/daily/point?parameters=T2M,PRECTOTCORR&community=RE&longitude=80.2707&latitude=13.0827&start=20210101&end=20241231&format=JSON",0.5x0.625 deg,daily,VALID,OBSERVED
IN-TN-CHE,Chennai,13.0827,80.2707,nasa_power_prectotcorr_daily,PRECTOTCORR,precipitation,2.29,mm/day,2021-11-23T00:00:00Z,NASA POWER (MERRA-2),"https://power.larc.nasa.gov/api/temporal/daily/point?parameters=T2M,PRECTOTCORR&community=RE&longitude=80.2707&latitude=13.0827&start=20210101&end=20241231&format=JSON",0.5x0.625 deg,daily,VALID,OBSERVED
IN-TN-CHE,Chennai,13.0827,80.2707,nasa_power_t2m_daily,T2M,temperature_2m,26.34,C,2021-11-24T00:00:00Z,NASA POWER (MERRA-2),"https://power.larc.nasa.gov/api/temporal/daily/point?parameters=T2M,PRECTOTCORR&community=RE&longitude=80.2707&latitude=13.0827&start=20210101&end=20241231&format=JSON",0.5x0.625 deg,daily,VALID,OBSERVED
IN-TN-CHE,Chennai,13.0827,80.2707,nasa_power_prectotcorr_daily,PRECTOTCORR,precipitation,2.87,mm/day,2021-11-24T00:00:00Z,NASA POWER (MERRA-2),"https://power.larc.nasa.gov/api/temporal/daily/point?parameters=T2M,PRECTOTCORR&community=RE&longitude=80.2707&latitude=13.0827&start=20210101&end=20241231&format=JSON",0.5x0.625 deg,daily,VALID,OBSERVED
IN-TN-CHE,Chennai,13.0827,80.2707,nasa_power_t2m_daily,T2M,temperature_2m,26.46,C,2021-11-25T00:00:00Z,NASA POWER (MERRA-2),"https://power.larc.nasa.gov/api/temporal/daily/point?parameters=T2M,PRECTOTCORR&community=RE&longitude=80.2707&latitude=13.0827&start=20210101&end=20241231&format=JSON",0.5x0.625 deg,daily,VALID,OBSERVED
IN-TN-CHE,Chennai,13.0827,80.2707,nasa_power_prectotcorr_daily,PRECTOTCORR,precipitation,18.25,mm/day,2021-11-25T00:00:00Z,NASA POWER (MERRA-2),"https://power.larc.nasa.gov/api/temporal/daily/point?parameters=T2M,PRECTOTCORR&community=RE&longitude=80.2707&latitude=13.0827&start=20210101&end=20241231&format=JSON",0.5x0.625 deg,daily,VALID,OBSERVED
IN-TN-CHE,Chennai,13.0827,80.2707,nasa_power_t2m_daily,T2M,temperature_2m,26.09,C,2021-11-26T00:00:00Z,NASA POWER (MERRA-2),"https://power.larc.nasa.gov/api/temporal/daily/point?parameters=T2M,PRECTOTCORR&community=RE&longitude=80.2707&latitude=13.0827&start=20210101&end=20241231&format=JSON",0.5x0.625 deg,daily,VALID,OBSERVED
IN-TN-CHE,Chennai,13.0827,80.2707,nasa_power_prectotcorr_daily,PRECTOTCORR,precipitation,58.61,mm/day,2021-11-26T00:00:00Z,NASA POWER (MERRA-2),"https://power.larc.nasa.gov/api/temporal/daily/point?parameters=T2M,PRECTOTCORR&community=RE&longitude=80.2707&latitude=13.0827&start=20210101&end=20241231&format=JSON",0.5x0.625 deg,daily,VALID,OBSERVED
IN-TN-CHE,Chennai,13.0827,80.2707,nasa_power_t2m_daily,T2M,temperature_2m,25.83,C,2021-11-27T00:00:00Z,NASA POWER (MERRA-2),"https://power.larc.nasa.gov/api/temporal/daily/point?parameters=T2M,PRECTOTCORR&community=RE&longitude=80.2707&latitude=13.0827&start=20210101&end=20241231&format=JSON",0.5x0.625 deg,daily,VALID,OBSERVED
IN-TN-CHE,Chennai,13.0827,80.2707,nasa_power_prectotcorr_daily,PRECTOTCORR,precipitation,29.98,mm/day,2021-11-27T00:00:00Z,NASA POWER (MERRA-2),"https://power.larc.nasa.gov/api/temporal/daily/point?parameters=T2M,PRECTOTCORR&community=RE&longitude=80.2707&latitude=13.0827&start=20210101&end=20241231&format=JSON",0.5x0.625 deg,daily,VALID,OBSERVED
IN-TN-CHE,Chennai,13.0827,80.2707,nasa_power_t2m_daily,T2M,temperature_2m,25.53,C,2021-11-28T00:00:00Z,NASA POWER (MERRA-2),"https://power.larc.nasa.gov/api/temporal/daily/point?parameters=T2M,PRECTOTCORR&community=RE&longitude=80.2707&latitude=13.0827&start=20210101&end=20241231&format=JSON",0.5x0.625 deg,daily,VALID,OBSERVED
IN-TN-CHE,Chennai,13.0827,80.2707,nasa_power_prectotcorr_daily,PRECTOTCORR,precipitation,61.12,mm/day,2021-11-28T00:00:00Z,NASA POWER (MERRA-2),"https://power.larc.nasa.gov/api/temporal/daily/point?parameters=T2M,PRECTOTCORR&community=RE&longitude=80.2707&latitude=13.0827&start=20210101&end=20241231&format=JSON",0.5x0.625 deg,daily,VALID,OBSERVED
IN-TN-CHE,Chennai,13.0827,80.2707,nasa_power_t2m_daily,T2M,temperature_2m,25.44,C,2021-11-29T00:00:00Z,NASA POWER (MERRA-2),"https://power.larc.nasa.gov/api/temporal/daily/point?parameters=T2M,PRECTOTCORR&community=RE&longitude=80.2707&latitude=13.0827&start=20210101&end=20241231&format=JSON",0.5x0.625 deg,daily,VALID,OBSERVED
IN-TN-CHE,Chennai,13.0827,80.2707,nasa_power_prectotcorr_daily,PRECTOTCORR,precipitation,12.76,mm/day,2021-11-29T00:00:00Z,NASA POWER (MERRA-2),"https://power.larc.nasa.gov/api/temporal/daily/point?parameters=T2M,PRECTOTCORR&community=RE&longitude=80.2707&latitude=13.0827&start=20210101&end=20241231&format=JSON",0.5x0.625 deg,daily,VALID,OBSERVED
IN-TN-CHE,Chennai,13.0827,80.2707,nasa_power_t2m_daily,T2M,temperature_2m,26.06,C,2021-11-30T00:00:00Z,NASA POWER (MERRA-2),"https://power.larc.nasa.gov/api/temporal/daily/point?parameters=T2M,PRECTOTCORR&community=RE&longitude=80.2707&latitude=13.0827&start=20210101&end=20241231&format=JSON",0.5x0.625 deg,daily,VALID,OBSERVED
IN-TN-CHE,Chennai,13.0827,80.2707,nasa_power_prectotcorr_daily,PRECTOTCORR,precipitation,9.8,mm/day,2021-11-30T00:00:00Z,NASA POWER (MERRA-2),"https://power.larc.nasa.gov/api/temporal/daily/point?parameters=T2M,PRECTOTCORR&community=RE&longitude=80.2707&latitude=13.0827&start=20210101&end=20241231&format=JSON",0.5x0.625 deg,daily,VALID,OBSERVED
IN-TN-CHE,Chennai,13.0827,80.2707,nasa_power_t2m_daily,T2M,temperature_2m,26.09,C,2021-12-01T00:00:00Z,NASA POWER (MERRA-2),"https://power.larc.nasa.gov/api/temporal/daily/point?parameters=T2M,PRECTOTCORR&community=RE&longitude=80.2707&latitude=13.0827&start=20210101&end=20241231&format=JSON",0.5x0.625 deg,daily,VALID,OBSERVED
IN-TN-CHE,Chennai,13.0827,80.2707,nasa_power_prectotcorr_daily,PRECTOTCORR,precipitation,1.22,mm/day,2021-12-01T00:00:00Z,NASA POWER (MERRA-2),"https://power.larc.nasa.gov/api/temporal/daily/point?parameters=T2M,PRECTOTCORR&community=RE&longitude=80.2707&latitude=13.0827&start=20210101&end=20241231&format=JSON",0.5x0.625 deg,daily,VALID,OBSERVED
IN-TN-CHE,Chennai,13.0827,80.2707,nasa_power_t2m_daily,T2M,temperature_2m,24.96,C,2021-12-02T00:00:00Z,NASA POWER (MERRA-2),"https://power.larc.nasa.gov/api/temporal/daily/point?parameters=T2M,PRECTOTCORR&community=RE&longitude=80.2707&latitude=13.0827&start=20210101&end=20241231&format=JSON",0.5x0.625 deg,daily,VALID,OBSERVED
IN-TN-CHE,Chennai,13.0827,80.2707,nasa_power_prectotcorr_daily,PRECTOTCORR,precipitation,0.03,mm/day,2021-12-02T00:00:00Z,NASA POWER (MERRA-2),"https://power.larc.nasa.gov/api/temporal/daily/point?parameters=T2M,PRECTOTCORR&community=RE&longitude=80.2707&latitude=13.0827&start=20210101&end=20241231&format=JSON",0.5x0.625 deg,daily,VALID,OBSERVED
IN-TN-CHE,Chennai,13.0827,80.2707,nasa_power_t2m_daily,T2M,temperature_2m,24.43,C,2021-12-03T00:00:00Z,NASA POWER (MERRA-2),"https://power.larc.nasa.gov/api/temporal/daily/point?parameters=T2M,PRECTOTCORR&community=RE&longitude=80.2707&latitude=13.0827&start=20210101&end=20241231&format=JSON",0.5x0.625 deg,daily,VALID,OBSERVED
IN-TN-CHE,Chennai,13.0827,80.2707,nasa_power_prectotcorr_daily,PRECTOTCORR,precipitation,0.14,mm/day,2021-12-03T00:00:00Z,NASA POWER (MERRA-2),"https://power.larc.nasa.gov/api/temporal/daily/point?parameters=T2M,PRECTOTCORR&community=RE&longitude=80.2707&latitude=13.0827&start=20210101&end=20241231&format=JSON",0.5x0.625 deg,daily,VALID,OBSERVED
IN-TN-CHE,Chennai,13.0827,80.2707,nasa_power_t2m_daily,T2M,temperature_2m,26.0,C,2021-12-04T00:00:00Z,NASA POWER (MERRA-2),"https://power.larc.nasa.gov/api/temporal/daily/point?parameters=T2M,PRECTOTCORR&community=RE&longitude=80.2707&latitude=13.0827&start=20210101&end=20241231&format=JSON",0.5x0.625 deg,daily,VALID,OBSERVED
IN-TN-CHE,Chennai,13.0827,80.2707,nasa_power_prectotcorr_daily,PRECTOTCORR,precipitation,0.01,mm/day,2021-12-04T00:00:00Z,NASA POWER (MERRA-2),"https://power.larc.nasa.gov/api/temporal/daily/point?parameters=T2M,PRECTOTCORR&community=RE&longitude=80.2707&latitude=13.0827&start=20210101&end=20241231&format=JSON",0.5x0.625 deg,daily,VALID,OBSERVED
IN-TN-CHE,Chennai,13.0827,80.2707,nasa_power_t2m_daily,T2M,temperature_2m,26.58,C,2021-12-05T00:00:00Z,NASA POWER (MERRA-2),"https://power.larc.nasa.gov/api/temporal/daily/point?parameters=T2M,PRECTOTCORR&community=RE&longitude=80.2707&latitude=13.0827&start=20210101&end=20241231&format=JSON",0.5x0.625 deg,daily,VALID,OBSERVED
IN-TN-CHE,Chennai,13.0827,80.2707,nasa_power_prectotcorr_daily,PRECTOTCORR,precipitation,0.15,mm/day,2021-12-05T00:00:00Z,NASA POWER (MERRA-2),"https://power.larc.nasa.gov/api/temporal/daily/point?parameters=T2M,PRECTOTCORR&community=RE&longitude=80.2707&latitude=13.0827&start=20210101&end=20241231&format=JSON",0.5x0.625 deg,daily,VALID,OBSERVED
IN-TN-CHE,Chennai,13.0827,80.2707,nasa_power_t2m_daily,T2M,temperature_2m,26.55,C,2021-12-06T00:00:00Z,NASA POWER (MERRA-2),"https://power.larc.nasa.gov/api/temporal/daily/point?parameters=T2M,PRECTOTCORR&community=RE&longitude=80.2707&latitude=13.0827&start=20210101&end=20241231&format=JSON",0.5x0.625 deg,daily,VALID,OBSERVED
IN-TN-CHE,Chennai,13.0827,80.2707,nasa_power_prectotcorr_daily,PRECTOTCORR,precipitation,1.22,mm/day,2021-12-06T00:00:00Z,NASA POWER (MERRA-2),"https://power.larc.nasa.gov/api/temporal/daily/point?parameters=T2M,PRECTOTCORR&community=RE&longitude=80.2707&latitude=13.0827&start=20210101&end=20241231&format=JSON",0.5x0.625 deg,daily,VALID,OBSERVED
IN-TN-CHE,Chennai,13.0827,80.2707,nasa_power_t2m_daily,T2M,temperature_2m,25.87,C,2021-12-07T00:00:00Z,NASA POWER (MERRA-2),"https://power.larc.nasa.gov/api/temporal/daily/point?parameters=T2M,PRECTOTCORR&community=RE&longitude=80.2707&latitude=13.0827&start=20210101&end=20241231&format=JSON",0.5x0.625 deg,daily,VALID,OBSERVED
IN-TN-CHE,Chennai,13.0827,80.2707,nasa_power_prectotcorr_daily,PRECTOTCORR,precipitation,0.09,mm/day,2021-12-07T00:00:00Z,NASA POWER (MERRA-2),"https://power.larc.nasa.gov/api/temporal/daily/point?parameters=T2M,PRECTOTCORR&community=RE&longitude=80.2707&latitude=13.0827&start=20210101&end=20241231&format=JSON",0.5x0.625 deg,daily,VALID,OBSERVED
IN-TN-CHE,Chennai,13.0827,80.2707,nasa_power_t2m_daily,T2M,temperature_2m,25.65,C,2021-12-08T00:00:00Z,NASA POWER (MERRA-2),"https://power.larc.nasa.gov/api/temporal/daily/point?parameters=T2M,PRECTOTCORR&community=RE&longitude=80.2707&latitude=13.0827&start=20210101&end=20241231&format=JSON",0.5x0.625 deg,daily,VALID,OBSERVED
IN-TN-CHE,Chennai,13.0827,80.2707,nasa_power_prectotcorr_daily,PRECTOTCORR,precipitation,0.38,mm/day,2021-12-08T00:00:00Z,NASA POWER (MERRA-2),"https://power.larc.nasa.gov/api/temporal/daily/point?parameters=T2M,PRECTOTCORR&community=RE&longitude=80.2707&latitude=13.0827&start=20210101&end=20241231&format=JSON",0.5x0.625 deg,daily,VALID,OBSERVED
IN-TN-CHE,Chennai,13.0827,80.2707,nasa_power_t2m_daily,T2M,temperature_2m,25.84,C,2021-12-09T00:00:00Z,NASA POWER (MERRA-2),"https://power.larc.nasa.gov/api/temporal/daily/point?parameters=T2M,PRECTOTCORR&community=RE&longitude=80.2707&latitude=13.0827&start=20210101&end=20241231&format=JSON",0.5x0.625 deg,daily,VALID,OBSERVED
IN-TN-CHE,Chennai,13.0827,80.2707,nasa_power_prectotcorr_daily,PRECTOTCORR,precipitation,3.98,mm/day,2021-12-09T00:00:00Z,NASA POWER (MERRA-2),"https://power.larc.nasa.gov/api/temporal/daily/point?parameters=T2M,PRECTOTCORR&community=RE&longitude=80.2707&latitude=13.0827&start=20210101&end=20241231&format=JSON",0.5x0.625 deg,daily,VALID,OBSERVED
IN-TN-CHE,Chennai,13.0827,80.2707,nasa_power_t2m_daily,T2M,temperature_2m,25.77,C,2021-12-10T00:00:00Z,NASA POWER (MERRA-2),"https://power.larc.nasa.gov/api/temporal/daily/point?parameters=T2M,PRECTOTCORR&community=RE&longitude=80.2707&latitude=13.0827&start=20210101&end=20241231&format=JSON",0.5x0.625 deg,daily,VALID,OBSERVED
IN-TN-CHE,Chennai,13.0827,80.2707,nasa_power_prectotcorr_daily,PRECTOTCORR,precipitation,2.35,mm/day,2021-12-10T00:00:00Z,NASA POWER (MERRA-2),"https://power.larc.nasa.gov/api/temporal/daily/point?parameters=T2M,PRECTOTCORR&community=RE&longitude=80.2707&latitude=13.0827&start=20210101&end=20241231&format=JSON",0.5x0.625 deg,daily,VALID,OBSERVED
IN-TN-CHE,Chennai,13.0827,80.2707,nasa_power_t2m_daily,T2M,temperature_2m,25.88,C,2021-12-11T00:00:00Z,NASA POWER (MERRA-2),"https://power.larc.nasa.gov/api/temporal/daily/point?parameters=T2M,PRECTOTCORR&community=RE&longitude=80.2707&latitude=13.0827&start=20210101&end=20241231&format=JSON",0.5x0.625 deg,daily,VALID,OBSERVED
IN-TN-CHE,Chennai,13.0827,80.2707,nasa_power_prectotcorr_daily,PRECTOTCORR,precipitation,3.71,mm/day,2021-12-11T00:00:00Z,NASA POWER (MERRA-2),"https://power.larc.nasa.gov/api/temporal/daily/point?parameters=T2M,PRECTOTCORR&community=RE&longitude=80.2707&latitude=13.0827&start=20210101&end=20241231&format=JSON",0.5x0.625 deg,daily,VALID,OBSERVED
IN-TN-CHE,Chennai,13.0827,80.2707,nasa_power_t2m_daily,T2M,temperature_2m,25.7,C,2021-12-12T00:00:00Z,NASA POWER (MERRA-2),"https://power.larc.nasa.gov/api/temporal/daily/point?parameters=T2M,PRECTOTCORR&community=RE&longitude=80.2707&latitude=13.0827&start=20210101&end=20241231&format=JSON",0.5x0.625 deg,daily,VALID,OBSERVED
IN-TN-CHE,Chennai,13.0827,80.2707,nasa_power_prectotcorr_daily,PRECTOTCORR,precipitation,6.0,mm/day,2021-12-12T00:00:00Z,NASA POWER (MERRA-2),"https://power.larc.nasa.gov/api/temporal/daily/point?parameters=T2M,PRECTOTCORR&community=RE&longitude=80.2707&latitude=13.0827&start=20210101&end=20241231&format=JSON",0.5x0.625 deg,daily,VALID,OBSERVED
IN-TN-CHE,Chennai,13.0827,80.2707,nasa_power_t2m_daily,T2M,temperature_2m,25.99,C,2021-12-13T00:00:00Z,NASA POWER (MERRA-2),"https://power.larc.nasa.gov/api/temporal/daily/point?parameters=T2M,PRECTOTCORR&community=RE&longitude=80.2707&latitude=13.0827&start=20210101&end=20241231&format=JSON",0.5x0.625 deg,daily,VALID,OBSERVED
IN-TN-CHE,Chennai,13.0827,80.2707,nasa_power_prectotcorr_daily,PRECTOTCORR,precipitation,6.87,mm/day,2021-12-13T00:00:00Z,NASA POWER (MERRA-2),"https://power.larc.nasa.gov/api/temporal/daily/point?parameters=T2M,PRECTOTCORR&community=RE&longitude=80.2707&latitude=13.0827&start=20210101&end=20241231&format=JSON",0.5x0.625 deg,daily,VALID,OBSERVED
IN-TN-CHE,Chennai,13.0827,80.2707,nasa_power_t2m_daily,T2M,temperature_2m,25.32,C,2021-12-14T00:00:00Z,NASA POWER (MERRA-2),"https://power.larc.nasa.gov/api/temporal/daily/point?parameters=T2M,PRECTOTCORR&community=RE&longitude=80.2707&latitude=13.0827&start=20210101&end=20241231&format=JSON",0.5x0.625 deg,daily,VALID,OBSERVED
IN-TN-CHE,Chennai,13.0827,80.2707,nasa_power_prectotcorr_daily,PRECTOTCORR,precipitation,2.34,mm/day,2021-12-14T00:00:00Z,NASA POWER (MERRA-2),"https://power.larc.nasa.gov/api/temporal/daily/point?parameters=T2M,PRECTOTCORR&community=RE&longitude=80.2707&latitude=13.0827&start=20210101&end=20241231&format=JSON",0.5x0.625 deg,daily,VALID,OBSERVED
IN-TN-CHE,Chennai,13.0827,80.2707,nasa_power_t2m_daily,T2M,temperature_2m,24.96,C,2021-12-15T00:00:00Z,NASA POWER (MERRA-2),"https://power.larc.nasa.gov/api/temporal/daily/point?parameters=T2M,PRECTOTCORR&community=RE&longitude=80.2707&latitude=13.0827&start=20210101&end=20241231&format=JSON",0.5x0.625 deg,daily,VALID,OBSERVED
IN-TN-CHE,Chennai,13.0827,80.2707,nasa_power_prectotcorr_daily,PRECTOTCORR,precipitation,1.6,mm/day,2021-12-15T00:00:00Z,NASA POWER (MERRA-2),"https://power.larc.nasa.gov/api/temporal/daily/point?parameters=T2M,PRECTOTCORR&community=RE&longitude=80.2707&latitude=13.0827&start=20210101&end=20241231&format=JSON",0.5x0.625 deg,daily,VALID,OBSERVED
IN-TN-CHE,Chennai,13.0827,80.2707,nasa_power_t2m_daily,T2M,temperature_2m,24.66,C,2021-12-16T00:00:00Z,NASA POWER (MERRA-2),"https://power.larc.nasa.gov/api/temporal/daily/point?parameters=T2M,PRECTOTCORR&community=RE&longitude=80.2707&latitude=13.0827&start=20210101&end=20241231&format=JSON",0.5x0.625 deg,daily,VALID,OBSERVED
IN-TN-CHE,Chennai,13.0827,80.2707,nasa_power_prectotcorr_daily,PRECTOTCORR,precipitation,0.48,mm/day,2021-12-16T00:00:00Z,NASA POWER (MERRA-2),"https://power.larc.nasa.gov/api/temporal/daily/point?parameters=T2M,PRECTOTCORR&community=RE&longitude=80.2707&latitude=13.0827&start=20210101&end=20241231&format=JSON",0.5x0.625 deg,daily,VALID,OBSERVED
IN-TN-CHE,Chennai,13.0827,80.2707,nasa_power_t2m_daily,T2M,temperature_2m,24.2,C,2021-12-17T00:00:00Z,NASA POWER (MERRA-2),"https://power.larc.nasa.gov/api/temporal/daily/point?parameters=T2M,PRECTOTCORR&community=RE&longitude=80.2707&latitude=13.0827&start=20210101&end=20241231&format=JSON",0.5x0.625 deg,daily,VALID,OBSERVED
IN-TN-CHE,Chennai,13.0827,80.2707,nasa_power_prectotcorr_daily,PRECTOTCORR,precipitation,0.15,mm/day,2021-12-17T00:00:00Z,NASA POWER (MERRA-2),"https://power.larc.nasa.gov/api/temporal/daily/point?parameters=T2M,PRECTOTCORR&community=RE&longitude=80.2707&latitude=13.0827&start=20210101&end=20241231&format=JSON",0.5x0.625 deg,daily,VALID,OBSERVED
IN-TN-CHE,Chennai,13.0827,80.2707,nasa_power_t2m_daily,T2M,temperature_2m,23.89,C,2021-12-18T00:00:00Z,NASA POWER (MERRA-2),"https://power.larc.nasa.gov/api/temporal/daily/point?parameters=T2M,PRECTOTCORR&community=RE&longitude=80.2707&latitude=13.0827&start=20210101&end=20241231&format=JSON",0.5x0.625 deg,daily,VALID,OBSERVED
IN-TN-CHE,Chennai,13.0827,80.2707,nasa_power_prectotcorr_daily,PRECTOTCORR,precipitation,0.0,mm/day,2021-12-18T00:00:00Z,NASA POWER (MERRA-2),"https://power.larc.nasa.gov/api/temporal/daily/point?parameters=T2M,PRECTOTCORR&community=RE&longitude=80.2707&latitude=13.0827&start=20210101&end=20241231&format=JSON",0.5x0.625 deg,daily,VALID,OBSERVED
IN-TN-CHE,Chennai,13.0827,80.2707,nasa_power_t2m_daily,T2M,temperature_2m,23.5,C,2021-12-19T00:00:00Z,NASA POWER (MERRA-2),"https://power.larc.nasa.gov/api/temporal/daily/point?parameters=T2M,PRECTOTCORR&community=RE&longitude=80.2707&latitude=13.0827&start=20210101&end=20241231&format=JSON",0.5x0.625 deg,daily,VALID,OBSERVED
IN-TN-CHE,Chennai,13.0827,80.2707,nasa_power_prectotcorr_daily,PRECTOTCORR,precipitation,0.0,mm/day,2021-12-19T00:00:00Z,NASA POWER (MERRA-2),"https://power.larc.nasa.gov/api/temporal/daily/point?parameters=T2M,PRECTOTCORR&community=RE&longitude=80.2707&latitude=13.0827&start=20210101&end=20241231&format=JSON",0.5x0.625 deg,daily,VALID,OBSERVED
IN-TN-CHE,Chennai,13.0827,80.2707,nasa_power_t2m_daily,T2M,temperature_2m,23.58,C,2021-12-20T00:00:00Z,NASA POWER (MERRA-2),"https://power.larc.nasa.gov/api/temporal/daily/point?parameters=T2M,PRECTOTCORR&community=RE&longitude=80.2707&latitude=13.0827&start=20210101&end=20241231&format=JSON",0.5x0.625 deg,daily,VALID,OBSERVED
IN-TN-CHE,Chennai,13.0827,80.2707,nasa_power_prectotcorr_daily,PRECTOTCORR,precipitation,0.0,mm/day,2021-12-20T00:00:00Z,NASA POWER (MERRA-2),"https://power.larc.nasa.gov/api/temporal/daily/point?parameters=T2M,PRECTOTCORR&community=RE&longitude=80.2707&latitude=13.0827&start=20210101&end=20241231&format=JSON",0.5x0.625 deg,daily,VALID,OBSERVED
IN-TN-CHE,Chennai,13.0827,80.2707,nasa_power_t2m_daily,T2M,temperature_2m,23.25,C,2021-12-21T00:00:00Z,NASA POWER (MERRA-2),"https://power.larc.nasa.gov/api/temporal/daily/point?parameters=T2M,PRECTOTCORR&community=RE&longitude=80.2707&latitude=13.0827&start=20210101&end=20241231&format=JSON",0.5x0.625 deg,daily,VALID,OBSERVED
IN-TN-CHE,Chennai,13.0827,80.2707,nasa_power_prectotcorr_daily,PRECTOTCORR,precipitation,0.0,mm/day,2021-12-21T00:00:00Z,NASA POWER (MERRA-2),"https://power.larc.nasa.gov/api/temporal/daily/point?parameters=T2M,PRECTOTCORR&community=RE&longitude=80.2707&latitude=13.0827&start=20210101&end=20241231&format=JSON",0.5x0.625 deg,daily,VALID,OBSERVED
IN-TN-CHE,Chennai,13.0827,80.2707,nasa_power_t2m_daily,T2M,temperature_2m,22.74,C,2021-12-22T00:00:00Z,NASA POWER (MERRA-2),"https://power.larc.nasa.gov/api/temporal/daily/point?parameters=T2M,PRECTOTCORR&community=RE&longitude=80.2707&latitude=13.0827&start=20210101&end=20241231&format=JSON",0.5x0.625 deg,daily,VALID,OBSERVED
IN-TN-CHE,Chennai,13.0827,80.2707,nasa_power_prectotcorr_daily,PRECTOTCORR,precipitation,0.0,mm/day,2021-12-22T00:00:00Z,NASA POWER (MERRA-2),"https://power.larc.nasa.gov/api/temporal/daily/point?parameters=T2M,PRECTOTCORR&community=RE&longitude=80.2707&latitude=13.0827&start=20210101&end=20241231&format=JSON",0.5x0.625 deg,daily,VALID,OBSERVED
IN-TN-CHE,Chennai,13.0827,80.2707,nasa_power_t2m_daily,T2M,temperature_2m,22.4,C,2021-12-23T00:00:00Z,NASA POWER (MERRA-2),"https://power.larc.nasa.gov/api/temporal/daily/point?parameters=T2M,PRECTOTCORR&community=RE&longitude=80.2707&latitude=13.0827&start=20210101&end=20241231&format=JSON",0.5x0.625 deg,daily,VALID,OBSERVED
IN-TN-CHE,Chennai,13.0827,80.2707,nasa_power_prectotcorr_daily,PRECTOTCORR,precipitation,0.0,mm/day,2021-12-23T00:00:00Z,NASA POWER (MERRA-2),"https://power.larc.nasa.gov/api/temporal/daily/point?parameters=T2M,PRECTOTCORR&community=RE&longitude=80.2707&latitude=13.0827&start=20210101&end=20241231&format=JSON",0.5x0.625 deg,daily,VALID,OBSERVED
IN-TN-CHE,Chennai,13.0827,80.2707,nasa_power_t2m_daily,T2M,temperature_2m,23.46,C,2021-12-24T00:00:00Z,NASA POWER (MERRA-2),"https://power.larc.nasa.gov/api/temporal/daily/point?parameters=T2M,PRECTOTCORR&community=RE&longitude=80.2707&latitude=13.0827&start=20210101&end=20241231&format=JSON",0.5x0.625 deg,daily,VALID,OBSERVED
IN-TN-CHE,Chennai,13.0827,80.2707,nasa_power_prectotcorr_daily,PRECTOTCORR,precipitation,0.0,mm/day,2021-12-24T00:00:00Z,NASA POWER (MERRA-2),"https://power.larc.nasa.gov/api/temporal/daily/point?parameters=T2M,PRECTOTCORR&community=RE&longitude=80.2707&latitude=13.0827&start=20210101&end=20241231&format=JSON",0.5x0.625 deg,daily,VALID,OBSERVED
IN-TN-CHE,Chennai,13.0827,80.2707,nasa_power_t2m_daily,T2M,temperature_2m,23.62,C,2021-12-25T00:00:00Z,NASA POWER (MERRA-2),"https://power.larc.nasa.gov/api/temporal/daily/point?parameters=T2M,PRECTOTCORR&community=RE&longitude=80.2707&latitude=13.0827&start=20210101&end=20241231&format=JSON",0.5x0.625 deg,daily,VALID,OBSERVED
IN-TN-CHE,Chennai,13.0827,80.2707,nasa_power_prectotcorr_daily,PRECTOTCORR,precipitation,0.0,mm/day,2021-12-25T00:00:00Z,NASA POWER (MERRA-2),"https://power.larc.nasa.gov/api/temporal/daily/point?parameters=T2M,PRECTOTCORR&community=RE&longitude=80.2707&latitude=13.0827&start=20210101&end=20241231&format=JSON",0.5x0.625 deg,daily,VALID,OBSERVED
IN-TN-CHE,Chennai,13.0827,80.2707,nasa_power_t2m_daily,T2M,temperature_2m,23.94,C,2021-12-26T00:00:00Z,NASA POWER (MERRA-2),"https://power.larc.nasa.gov/api/temporal/daily/point?parameters=T2M,PRECTOTCORR&community=RE&longitude=80.2707&latitude=13.0827&start=20210101&end=20241231&format=JSON",0.5x0.625 deg,daily,VALID,OBSERVED
IN-TN-CHE,Chennai,13.0827,80.2707,nasa_power_prectotcorr_daily,PRECTOTCORR,precipitation,0.0,mm/day,2021-12-26T00:00:00Z,NASA POWER (MERRA-2),"https://power.larc.nasa.gov/api/temporal/daily/point?parameters=T2M,PRECTOTCORR&community=RE&longitude=80.2707&latitude=13.0827&start=20210101&end=20241231&format=JSON",0.5x0.625 deg,daily,VALID,OBSERVED
IN-TN-CHE,Chennai,13.0827,80.2707,nasa_power_t2m_daily,T2M,temperature_2m,24.25,C,2021-12-27T00:00:00Z,NASA POWER (MERRA-2),"https://power.larc.nasa.gov/api/temporal/daily/point?parameters=T2M,PRECTOTCORR&community=RE&longitude=80.2707&latitude=13.0827&start=20210101&end=20241231&format=JSON",0.5x0.625 deg,daily,VALID,OBSERVED
IN-TN-CHE,Chennai,13.0827,80.2707,nasa_power_prectotcorr_daily,PRECTOTCORR,precipitation,0.41,mm/day,2021-12-27T00:00:00Z,NASA POWER (MERRA-2),"https://power.larc.nasa.gov/api/temporal/daily/point?parameters=T2M,PRECTOTCORR&community=RE&longitude=80.2707&latitude=13.0827&start=20210101&end=20241231&format=JSON",0.5x0.625 deg,daily,VALID,OBSERVED
IN-TN-CHE,Chennai,13.0827,80.2707,nasa_power_t2m_daily,T2M,temperature_2m,24.0,C,2021-12-28T00:00:00Z,NASA POWER (MERRA-2),"https://power.larc.nasa.gov/api/temporal/daily/point?parameters=T2M,PRECTOTCORR&community=RE&longitude=80.2707&latitude=13.0827&start=20210101&end=20241231&format=JSON",0.5x0.625 deg,daily,VALID,OBSERVED
IN-TN-CHE,Chennai,13.0827,80.2707,nasa_power_prectotcorr_daily,PRECTOTCORR,precipitation,0.87,mm/day,2021-12-28T00:00:00Z,NASA POWER (MERRA-2),"https://power.larc.nasa.gov/api/temporal/daily/point?parameters=T2M,PRECTOTCORR&community=RE&longitude=80.2707&latitude=13.0827&start=20210101&end=20241231&format=JSON",0.5x0.625 deg,daily,VALID,OBSERVED
IN-TN-CHE,Chennai,13.0827,80.2707,nasa_power_t2m_daily,T2M,temperature_2m,24.37,C,2021-12-29T00:00:00Z,NASA POWER (MERRA-2),"https://power.larc.nasa.gov/api/temporal/daily/point?parameters=T2M,PRECTOTCORR&community=RE&longitude=80.2707&latitude=13.0827&start=20210101&end=20241231&format=JSON",0.5x0.625 deg,daily,VALID,OBSERVED
IN-TN-CHE,Chennai,13.0827,80.2707,nasa_power_prectotcorr_daily,PRECTOTCORR,precipitation,0.92,mm/day,2021-12-29T00:00:00Z,NASA POWER (MERRA-2),"https://power.larc.nasa.gov/api/temporal/daily/point?parameters=T2M,PRECTOTCORR&community=RE&longitude=80.2707&latitude=13.0827&start=20210101&end=20241231&format=JSON",0.5x0.625 deg,daily,VALID,OBSERVED
IN-TN-CHE,Chennai,13.0827,80.2707,nasa_power_t2m_daily,T2M,temperature_2m,24.55,C,2021-12-30T00:00:00Z,NASA POWER (MERRA-2),"https://power.larc.nasa.gov/api/temporal/daily/point?parameters=T2M,PRECTOTCORR&community=RE&longitude=80.2707&latitude=13.0827&start=20210101&end=20241231&format=JSON",0.5x0.625 deg,daily,VALID,OBSERVED
IN-TN-CHE,Chennai,13.0827,80.2707,nasa_power_prectotcorr_daily,PRECTOTCORR,precipitation,55.65,mm/day,2021-12-30T00:00:00Z,NASA POWER (MERRA-2),"https://power.larc.nasa.gov/api/temporal/daily/point?parameters=T2M,PRECTOTCORR&community=RE&longitude=80.2707&latitude=13.0827&start=20210101&end=20241231&format=JSON",0.5x0.625 deg,daily,VALID,OBSERVED
IN-TN-CHE,Chennai,13.0827,80.2707,nasa_power_t2m_daily,T2M,temperature_2m,25.22,C,2021-12-31T00:00:00Z,NASA POWER (MERRA-2),"https://power.larc.nasa.gov/api/temporal/daily/point?parameters=T2M,PRECTOTCORR&community=RE&longitude=80.2707&latitude=13.0827&start=20210101&end=20241231&format=JSON",0.5x0.625 deg,daily,VALID,OBSERVED
IN-TN-CHE,Chennai,13.0827,80.2707,nasa_power_prectotcorr_daily,PRECTOTCORR,precipitation,42.52,mm/day,2021-12-31T00:00:00Z,NASA POWER (MERRA-2),"https://power.larc.nasa.gov/api/temporal/daily/point?parameters=T2M,PRECTOTCORR&community=RE&longitude=80.2707&latitude=13.0827&start=20210101&end=20241231&format=JSON",0.5x0.625 deg,daily,VALID,OBSERVED
IN-TN-CHE,Chennai,13.0827,80.2707,nasa_power_t2m_daily,T2M,temperature_2m,25.03,C,2022-01-01T00:00:00Z,NASA POWER (MERRA-2),"https://power.larc.nasa.gov/api/temporal/daily/point?parameters=T2M,PRECTOTCORR&community=RE&longitude=80.2707&latitude=13.0827&start=20210101&end=20241231&format=JSON",0.5x0.625 deg,daily,VALID,OBSERVED
IN-TN-CHE,Chennai,13.0827,80.2707,nasa_power_prectotcorr_daily,PRECTOTCORR,precipitation,8.69,mm/day,2022-01-01T00:00:00Z,NASA POWER (MERRA-2),"https://power.larc.nasa.gov/api/temporal/daily/point?parameters=T2M,PRECTOTCORR&community=RE&longitude=80.2707&latitude=13.0827&start=20210101&end=20241231&format=JSON",0.5x0.625 deg,daily,VALID,OBSERVED
IN-TN-CHE,Chennai,13.0827,80.2707,nasa_power_t2m_daily,T2M,temperature_2m,24.61,C,2022-01-02T00:00:00Z,NASA POWER (MERRA-2),"https://power.larc.nasa.gov/api/temporal/daily/point?parameters=T2M,PRECTOTCORR&community=RE&longitude=80.2707&latitude=13.0827&start=20210101&end=20241231&format=JSON",0.5x0.625 deg,daily,VALID,OBSERVED
IN-TN-CHE,Chennai,13.0827,80.2707,nasa_power_prectotcorr_daily,PRECTOTCORR,precipitation,0.5,mm/day,2022-01-02T00:00:00Z,NASA POWER (MERRA-2),"https://power.larc.nasa.gov/api/temporal/daily/point?parameters=T2M,PRECTOTCORR&community=RE&longitude=80.2707&latitude=13.0827&start=20210101&end=20241231&format=JSON",0.5x0.625 deg,daily,VALID,OBSERVED
IN-TN-CHE,Chennai,13.0827,80.2707,nasa_power_t2m_daily,T2M,temperature_2m,24.37,C,2022-01-03T00:00:00Z,NASA POWER (MERRA-2),"https://power.larc.nasa.gov/api/temporal/daily/point?parameters=T2M,PRECTOTCORR&community=RE&longitude=80.2707&latitude=13.0827&start=20210101&end=20241231&format=JSON",0.5x0.625 deg,daily,VALID,OBSERVED
IN-TN-CHE,Chennai,13.0827,80.2707,nasa_power_prectotcorr_daily,PRECTOTCORR,precipitation,0.02,mm/day,2022-01-03T00:00:00Z,NASA POWER (MERRA-2),"https://power.larc.nasa.gov/api/temporal/daily/point?parameters=T2M,PRECTOTCORR&community=RE&longitude=80.2707&latitude=13.0827&start=20210101&end=20241231&format=JSON",0.5x0.625 deg,daily,VALID,OBSERVED
IN-TN-CHE,Chennai,13.0827,80.2707,nasa_power_t2m_daily,T2M,temperature_2m,23.36,C,2022-01-04T00:00:00Z,NASA POWER (MERRA-2),"https://power.larc.nasa.gov/api/temporal/daily/point?parameters=T2M,PRECTOTCORR&community=RE&longitude=80.2707&latitude=13.0827&start=20210101&end=20241231&format=JSON",0.5x0.625 deg,daily,VALID,OBSERVED
IN-TN-CHE,Chennai,13.0827,80.2707,nasa_power_prectotcorr_daily,PRECTOTCORR,precipitation,0.01,mm/day,2022-01-04T00:00:00Z,NASA POWER (MERRA-2),"https://power.larc.nasa.gov/api/temporal/daily/point?parameters=T2M,PRECTOTCORR&community=RE&longitude=80.2707&latitude=13.0827&start=20210101&end=20241231&format=JSON",0.5x0.625 deg,daily,VALID,OBSERVED
IN-TN-CHE,Chennai,13.0827,80.2707,nasa_power_t2m_daily,T2M,temperature_2m,23.6,C,2022-01-05T00:00:00Z,NASA POWER (MERRA-2),"https://power.larc.nasa.gov/api/temporal/daily/point?parameters=T2M,PRECTOTCORR&community=RE&longitude=80.2707&latitude=13.0827&start=20210101&end=20241231&format=JSON",0.5x0.625 deg,daily,VALID,OBSERVED
IN-TN-CHE,Chennai,13.0827,80.2707,nasa_power_prectotcorr_daily,PRECTOTCORR,precipitation,0.02,mm/day,2022-01-05T00:00:00Z,NASA POWER (MERRA-2),"https://power.larc.nasa.gov/api/temporal/daily/point?parameters=T2M,PRECTOTCORR&community=RE&longitude=80.2707&latitude=13.0827&start=20210101&end=20241231&format=JSON",0.5x0.625 deg,daily,VALID,OBSERVED
IN-TN-CHE,Chennai,13.0827,80.2707,nasa_power_t2m_daily,T2M,temperature_2m,23.94,C,2022-01-06T00:00:00Z,NASA POWER (MERRA-2),"https://power.larc.nasa.gov/api/temporal/daily/point?parameters=T2M,PRECTOTCORR&community=RE&longitude=80.2707&latitude=13.0827&start=20210101&end=20241231&format=JSON",0.5x0.625 deg,daily,VALID,OBSERVED
IN-TN-CHE,Chennai,13.0827,80.2707,nasa_power_prectotcorr_daily,PRECTOTCORR,precipitation,0.04,mm/day,2022-01-06T00:00:00Z,NASA POWER (MERRA-2),"https://power.larc.nasa.gov/api/temporal/daily/point?parameters=T2M,PRECTOTCORR&community=RE&longitude=80.2707&latitude=13.0827&start=20210101&end=20241231&format=JSON",0.5x0.625 deg,daily,VALID,OBSERVED
IN-TN-CHE,Chennai,13.0827,80.2707,nasa_power_t2m_daily,T2M,temperature_2m,24.16,C,2022-01-07T00:00:00Z,NASA POWER (MERRA-2),"https://power.larc.nasa.gov/api/temporal/daily/point?parameters=T2M,PRECTOTCORR&community=RE&longitude=80.2707&latitude=13.0827&start=20210101&end=20241231&format=JSON",0.5x0.625 deg,daily,VALID,OBSERVED
IN-TN-CHE,Chennai,13.0827,80.2707,nasa_power_prectotcorr_daily,PRECTOTCORR,precipitation,0.03,mm/day,2022-01-07T00:00:00Z,NASA POWER (MERRA-2),"https://power.larc.nasa.gov/api/temporal/daily/point?parameters=T2M,PRECTOTCORR&community=RE&longitude=80.2707&latitude=13.0827&start=20210101&end=20241231&format=JSON",0.5x0.625 deg,daily,VALID,OBSERVED
IN-TN-CHE,Chennai,13.0827,80.2707,nasa_power_t2m_daily,T2M,temperature_2m,24.29,C,2022-01-08T00:00:00Z,NASA POWER (MERRA-2),"https://power.larc.nasa.gov/api/temporal/daily/point?parameters=T2M,PRECTOTCORR&community=RE&longitude=80.2707&latitude=13.0827&start=20210101&end=20241231&format=JSON",0.5x0.625 deg,daily,VALID,OBSERVED
IN-TN-CHE,Chennai,13.0827,80.2707,nasa_power_prectotcorr_daily,PRECTOTCORR,precipitation,0.0,mm/day,2022-01-08T00:00:00Z,NASA POWER (MERRA-2),"https://power.larc.nasa.gov/api/temporal/daily/point?parameters=T2M,PRECTOTCORR&community=RE&longitude=80.2707&latitude=13.0827&start=20210101&end=20241231&format=JSON",0.5x0.625 deg,daily,VALID,OBSERVED
IN-TN-CHE,Chennai,13.0827,80.2707,nasa_power_t2m_daily,T2M,temperature_2m,24.23,C,2022-01-09T00:00:00Z,NASA POWER (MERRA-2),"https://power.larc.nasa.gov/api/temporal/daily/point?parameters=T2M,PRECTOTCORR&community=RE&longitude=80.2707&latitude=13.0827&start=20210101&end=20241231&format=JSON",0.5x0.625 deg,daily,VALID,OBSERVED
IN-TN-CHE,Chennai,13.0827,80.2707,nasa_power_prectotcorr_daily,PRECTOTCORR,precipitation,0.0,mm/day,2022-01-09T00:00:00Z,NASA POWER (MERRA-2),"https://power.larc.nasa.gov/api/temporal/daily/point?parameters=T2M,PRECTOTCORR&community=RE&longitude=80.2707&latitude=13.0827&start=20210101&end=20241231&format=JSON",0.5x0.625 deg,daily,VALID,OBSERVED
IN-TN-CHE,Chennai,13.0827,80.2707,nasa_power_t2m_daily,T2M,temperature_2m,24.65,C,2022-01-10T00:00:00Z,NASA POWER (MERRA-2),"https://power.larc.nasa.gov/api/temporal/daily/point?parameters=T2M,PRECTOTCORR&community=RE&longitude=80.2707&latitude=13.0827&start=20210101&end=20241231&format=JSON",0.5x0.625 deg,daily,VALID,OBSERVED
IN-TN-CHE,Chennai,13.0827,80.2707,nasa_power_prectotcorr_daily,PRECTOTCORR,precipitation,0.0,mm/day,2022-01-10T00:00:00Z,NASA POWER (MERRA-2),"https://power.larc.nasa.gov/api/temporal/daily/point?parameters=T2M,PRECTOTCORR&community=RE&longitude=80.2707&latitude=13.0827&start=20210101&end=20241231&format=JSON",0.5x0.625 deg,daily,VALID,OBSERVED
IN-TN-CHE,Chennai,13.0827,80.2707,nasa_power_t2m_daily,T2M,temperature_2m,25.14,C,2022-01-11T00:00:00Z,NASA POWER (MERRA-2),"https://power.larc.nasa.gov/api/temporal/daily/point?parameters=T2M,PRECTOTCORR&community=RE&longitude=80.2707&latitude=13.0827&start=20210101&end=20241231&format=JSON",0.5x0.625 deg,daily,VALID,OBSERVED
IN-TN-CHE,Chennai,13.0827,80.2707,nasa_power_prectotcorr_daily,PRECTOTCORR,precipitation,0.02,mm/day,2022-01-11T00:00:00Z,NASA POWER (MERRA-2),"https://power.larc.nasa.gov/api/temporal/daily/point?parameters=T2M,PRECTOTCORR&community=RE&longitude=80.2707&latitude=13.0827&start=20210101&end=20241231&format=JSON",0.5x0.625 deg,daily,VALID,OBSERVED
IN-TN-CHE,Chennai,13.0827,80.2707,nasa_power_t2m_daily,T2M,temperature_2m,25.29,C,2022-01-12T00:00:00Z,NASA POWER (MERRA-2),"https://power.larc.nasa.gov/api/temporal/daily/point?parameters=T2M,PRECTOTCORR&community=RE&longitude=80.2707&latitude=13.0827&start=20210101&end=20241231&format=JSON",0.5x0.625 deg,daily,VALID,OBSERVED
IN-TN-CHE,Chennai,13.0827,80.2707,nasa_power_prectotcorr_daily,PRECTOTCORR,precipitation,0.14,mm/day,2022-01-12T00:00:00Z,NASA POWER (MERRA-2),"https://power.larc.nasa.gov/api/temporal/daily/point?parameters=T2M,PRECTOTCORR&community=RE&longitude=80.2707&latitude=13.0827&start=20210101&end=20241231&format=JSON",0.5x0.625 deg,daily,VALID,OBSERVED
IN-TN-CHE,Chennai,13.0827,80.2707,nasa_power_t2m_daily,T2M,temperature_2m,25.63,C,2022-01-13T00:00:00Z,NASA POWER (MERRA-2),"https://power.larc.nasa.gov/api/temporal/daily/point?parameters=T2M,PRECTOTCORR&community=RE&longitude=80.2707&latitude=13.0827&start=20210101&end=20241231&format=JSON",0.5x0.625 deg,daily,VALID,OBSERVED
IN-TN-CHE,Chennai,13.0827,80.2707,nasa_power_prectotcorr_daily,PRECTOTCORR,precipitation,0.95,mm/day,2022-01-13T00:00:00Z,NASA POWER (MERRA-2),"https://power.larc.nasa.gov/api/temporal/daily/point?parameters=T2M,PRECTOTCORR&community=RE&longitude=80.2707&latitude=13.0827&start=20210101&end=20241231&format=JSON",0.5x0.625 deg,daily,VALID,OBSERVED
IN-TN-CHE,Chennai,13.0827,80.2707,nasa_power_t2m_daily,T2M,temperature_2m,25.84,C,2022-01-14T00:00:00Z,NASA POWER (MERRA-2),"https://power.larc.nasa.gov/api/temporal/daily/point?parameters=T2M,PRECTOTCORR&community=RE&longitude=80.2707&latitude=13.0827&start=20210101&end=20241231&format=JSON",0.5x0.625 deg,daily,VALID,OBSERVED
IN-TN-CHE,Chennai,13.0827,80.2707,nasa_power_prectotcorr_daily,PRECTOTCORR,precipitation,0.68,mm/day,2022-01-14T00:00:00Z,NASA POWER (MERRA-2),"https://power.larc.nasa.gov/api/temporal/daily/point?parameters=T2M,PRECTOTCORR&community=RE&longitude=80.2707&latitude=13.0827&start=20210101&end=20241231&format=JSON",0.5x0.625 deg,daily,VALID,OBSERVED
IN-TN-CHE,Chennai,13.0827,80.2707,nasa_power_t2m_daily,T2M,temperature_2m,25.44,C,2022-01-15T00:00:00Z,NASA POWER (MERRA-2),"https://power.larc.nasa.gov/api/temporal/daily/point?parameters=T2M,PRECTOTCORR&community=RE&longitude=80.2707&latitude=13.0827&start=20210101&end=20241231&format=JSON",0.5x0.625 deg,daily,VALID,OBSERVED
IN-TN-CHE,Chennai,13.0827,80.2707,nasa_power_prectotcorr_daily,PRECTOTCORR,precipitation,0.64,mm/day,2022-01-15T00:00:00Z,NASA POWER (MERRA-2),"https://power.larc.nasa.gov/api/temporal/daily/point?parameters=T2M,PRECTOTCORR&community=RE&longitude=80.2707&latitude=13.0827&start=20210101&end=20241231&format=JSON",0.5x0.625 deg,daily,VALID,OBSERVED
IN-TN-CHE,Chennai,13.0827,80.2707,nasa_power_t2m_daily,T2M,temperature_2m,25.15,C,2022-01-16T00:00:00Z,NASA POWER (MERRA-2),"https://power.larc.nasa.gov/api/temporal/daily/point?parameters=T2M,PRECTOTCORR&community=RE&longitude=80.2707&latitude=13.0827&start=20210101&end=20241231&format=JSON",0.5x0.625 deg,daily,VALID,OBSERVED
IN-TN-CHE,Chennai,13.0827,80.2707,nasa_power_prectotcorr_daily,PRECTOTCORR,precipitation,5.86,mm/day,2022-01-16T00:00:00Z,NASA POWER (MERRA-2),"https://power.larc.nasa.gov/api/temporal/daily/point?parameters=T2M,PRECTOTCORR&community=RE&longitude=80.2707&latitude=13.0827&start=20210101&end=20241231&format=JSON",0.5x0.625 deg,daily,VALID,OBSERVED
IN-TN-CHE,Chennai,13.0827,80.2707,nasa_power_t2m_daily,T2M,temperature_2m,25.03,C,2022-01-17T00:00:00Z,NASA POWER (MERRA-2),"https://power.larc.nasa.gov/api/temporal/daily/point?parameters=T2M,PRECTOTCORR&community=RE&longitude=80.2707&latitude=13.0827&start=20210101&end=20241231&format=JSON",0.5x0.625 deg,daily,VALID,OBSERVED
IN-TN-CHE,Chennai,13.0827,80.2707,nasa_power_prectotcorr_daily,PRECTOTCORR,precipitation,6.17,mm/day,2022-01-17T00:00:00Z,NASA POWER (MERRA-2),"https://power.larc.nasa.gov/api/temporal/daily/point?parameters=T2M,PRECTOTCORR&community=RE&longitude=80.2707&latitude=13.0827&start=20210101&end=20241231&format=JSON",0.5x0.625 deg,daily,VALID,OBSERVED
IN-TN-CHE,Chennai,13.0827,80.2707,nasa_power_t2m_daily,T2M,temperature_2m,24.18,C,2022-01-18T00:00:00Z,NASA POWER (MERRA-2),"https://power.larc.nasa.gov/api/temporal/daily/point?parameters=T2M,PRECTOTCORR&community=RE&longitude=80.2707&latitude=13.0827&start=20210101&end=20241231&format=JSON",0.5x0.625 deg,daily,VALID,OBSERVED
IN-TN-CHE,Chennai,13.0827,80.2707,nasa_power_prectotcorr_daily,PRECTOTCORR,precipitation,1.52,mm/day,2022-01-18T00:00:00Z,NASA POWER (MERRA-2),"https://power.larc.nasa.gov/api/temporal/daily/point?parameters=T2M,PRECTOTCORR&community=RE&longitude=80.2707&latitude=13.0827&start=20210101&end=20241231&format=JSON",0.5x0.625 deg,daily,VALID,OBSERVED
IN-TN-CHE,Chennai,13.0827,80.2707,nasa_power_t2m_daily,T2M,temperature_2m,23.85,C,2022-01-19T00:00:00Z,NASA POWER (MERRA-2),"https://power.larc.nasa.gov/api/temporal/daily/point?parameters=T2M,PRECTOTCORR&community=RE&longitude=80.2707&latitude=13.0827&start=20210101&end=20241231&format=JSON",0.5x0.625 deg,daily,VALID,OBSERVED
IN-TN-CHE,Chennai,13.0827,80.2707,nasa_power_prectotcorr_daily,PRECTOTCORR,precipitation,0.47,mm/day,2022-01-19T00:00:00Z,NASA POWER (MERRA-2),"https://power.larc.nasa.gov/api/temporal/daily/point?parameters=T2M,PRECTOTCORR&community=RE&longitude=80.2707&latitude=13.0827&start=20210101&end=20241231&format=JSON",0.5x0.625 deg,daily,VALID,OBSERVED
IN-TN-CHE,Chennai,13.0827,80.2707,nasa_power_t2m_daily,T2M,temperature_2m,23.8,C,2022-01-20T00:00:00Z,NASA POWER (MERRA-2),"https://power.larc.nasa.gov/api/temporal/daily/point?parameters=T2M,PRECTOTCORR&community=RE&longitude=80.2707&latitude=13.0827&start=20210101&end=20241231&format=JSON",0.5x0.625 deg,daily,VALID,OBSERVED
IN-TN-CHE,Chennai,13.0827,80.2707,nasa_power_prectotcorr_daily,PRECTOTCORR,precipitation,0.0,mm/day,2022-01-20T00:00:00Z,NASA POWER (MERRA-2),"https://power.larc.nasa.gov/api/temporal/daily/point?parameters=T2M,PRECTOTCORR&community=RE&longitude=80.2707&latitude=13.0827&start=20210101&end=20241231&format=JSON",0.5x0.625 deg,daily,VALID,OBSERVED
IN-TN-CHE,Chennai,13.0827,80.2707,nasa_power_t2m_daily,T2M,temperature_2m,24.17,C,2022-01-21T00:00:00Z,NASA POWER (MERRA-2),"https://power.larc.nasa.gov/api/temporal/daily/point?parameters=T2M,PRECTOTCORR&community=RE&longitude=80.2707&latitude=13.0827&start=20210101&end=20241231&format=JSON",0.5x0.625 deg,daily,VALID,OBSERVED
IN-TN-CHE,Chennai,13.0827,80.2707,nasa_power_prectotcorr_daily,PRECTOTCORR,precipitation,0.0,mm/day,2022-01-21T00:00:00Z,NASA POWER (MERRA-2),"https://power.larc.nasa.gov/api/temporal/daily/point?parameters=T2M,PRECTOTCORR&community=RE&longitude=80.2707&latitude=13.0827&start=20210101&end=20241231&format=JSON",0.5x0.625 deg,daily,VALID,OBSERVED
IN-TN-CHE,Chennai,13.0827,80.2707,nasa_power_t2m_daily,T2M,temperature_2m,25.02,C,2022-01-22T00:00:00Z,NASA POWER (MERRA-2),"https://power.larc.nasa.gov/api/temporal/daily/point?parameters=T2M,PRECTOTCORR&community=RE&longitude=80.2707&latitude=13.0827&start=20210101&end=20241231&format=JSON",0.5x0.625 deg,daily,VALID,OBSERVED
IN-TN-CHE,Chennai,13.0827,80.2707,nasa_power_prectotcorr_daily,PRECTOTCORR,precipitation,0.0,mm/day,2022-01-22T00:00:00Z,NASA POWER (MERRA-2),"https://power.larc.nasa.gov/api/temporal/daily/point?parameters=T2M,PRECTOTCORR&community=RE&longitude=80.2707&latitude=13.0827&start=20210101&end=20241231&format=JSON",0.5x0.625 deg,daily,VALID,OBSERVED
IN-TN-CHE,Chennai,13.0827,80.2707,nasa_power_t2m_daily,T2M,temperature_2m,25.48,C,2022-01-23T00:00:00Z,NASA POWER (MERRA-2),"https://power.larc.nasa.gov/api/temporal/daily/point?parameters=T2M,PRECTOTCORR&community=RE&longitude=80.2707&latitude=13.0827&start=20210101&end=20241231&format=JSON",0.5x0.625 deg,daily,VALID,OBSERVED
IN-TN-CHE,Chennai,13.0827,80.2707,nasa_power_prectotcorr_daily,PRECTOTCORR,precipitation,0.59,mm/day,2022-01-23T00:00:00Z,NASA POWER (MERRA-2),"https://power.larc.nasa.gov/api/temporal/daily/point?parameters=T2M,PRECTOTCORR&community=RE&longitude=80.2707&latitude=13.0827&start=20210101&end=20241231&format=JSON",0.5x0.625 deg,daily,VALID,OBSERVED
IN-TN-CHE,Chennai,13.0827,80.2707,nasa_power_t2m_daily,T2M,temperature_2m,25.37,C,2022-01-24T00:00:00Z,NASA POWER (MERRA-2),"https://power.larc.nasa.gov/api/temporal/daily/point?parameters=T2M,PRECTOTCORR&community=RE&longitude=80.2707&latitude=13.0827&start=20210101&end=20241231&format=JSON",0.5x0.625 deg,daily,VALID,OBSERVED
IN-TN-CHE,Chennai,13.0827,80.2707,nasa_power_prectotcorr_daily,PRECTOTCORR,precipitation,3.1,mm/day,2022-01-24T00:00:00Z,NASA POWER (MERRA-2),"https://power.larc.nasa.gov/api/temporal/daily/point?parameters=T2M,PRECTOTCORR&community=RE&longitude=80.2707&latitude=13.0827&start=20210101&end=20241231&format=JSON",0.5x0.625 deg,daily,VALID,OBSERVED
IN-TN-CHE,Chennai,13.0827,80.2707,nasa_power_t2m_daily,T2M,temperature_2m,25.15,C,2022-01-25T00:00:00Z,NASA POWER (MERRA-2),"https://power.larc.nasa.gov/api/temporal/daily/point?parameters=T2M,PRECTOTCORR&community=RE&longitude=80.2707&latitude=13.0827&start=20210101&end=20241231&format=JSON",0.5x0.625 deg,daily,VALID,OBSERVED
IN-TN-CHE,Chennai,13.0827,80.2707,nasa_power_prectotcorr_daily,PRECTOTCORR,precipitation,1.19,mm/day,2022-01-25T00:00:00Z,NASA POWER (MERRA-2),"https://power.larc.nasa.gov/api/temporal/daily/point?parameters=T2M,PRECTOTCORR&community=RE&longitude=80.2707&latitude=13.0827&start=20210101&end=20241231&format=JSON",0.5x0.625 deg,daily,VALID,OBSERVED
IN-TN-CHE,Chennai,13.0827,80.2707,nasa_power_t2m_daily,T2M,temperature_2m,24.8,C,2022-01-26T00:00:00Z,NASA POWER (MERRA-2),"https://power.larc.nasa.gov/api/temporal/daily/point?parameters=T2M,PRECTOTCORR&community=RE&longitude=80.2707&latitude=13.0827&start=20210101&end=20241231&format=JSON",0.5x0.625 deg,daily,VALID,OBSERVED
IN-TN-CHE,Chennai,13.0827,80.2707,nasa_power_prectotcorr_daily,PRECTOTCORR,precipitation,0.7,mm/day,2022-01-26T00:00:00Z,NASA POWER (MERRA-2),"https://power.larc.nasa.gov/api/temporal/daily/point?parameters=T2M,PRECTOTCORR&community=RE&longitude=80.2707&latitude=13.0827&start=20210101&end=20241231&format=JSON",0.5x0.625 deg,daily,VALID,OBSERVED
IN-TN-CHE,Chennai,13.0827,80.2707,nasa_power_t2m_daily,T2M,temperature_2m,24.84,C,2022-01-27T00:00:00Z,NASA POWER (MERRA-2),"https://power.larc.nasa.gov/api/temporal/daily/point?parameters=T2M,PRECTOTCORR&community=RE&longitude=80.2707&latitude=13.0827&start=20210101&end=20241231&format=JSON",0.5x0.625 deg,daily,VALID,OBSERVED
IN-TN-CHE,Chennai,13.0827,80.2707,nasa_power_prectotcorr_daily,PRECTOTCORR,precipitation,0.19,mm/day,2022-01-27T00:00:00Z,NASA POWER (MERRA-2),"https://power.larc.nasa.gov/api/temporal/daily/point?parameters=T2M,PRECTOTCORR&community=RE&longitude=80.2707&latitude=13.0827&start=20210101&end=20241231&format=JSON",0.5x0.625 deg,daily,VALID,OBSERVED
IN-TN-CHE,Chennai,13.0827,80.2707,nasa_power_t2m_daily,T2M,temperature_2m,24.43,C,2022-01-28T00:00:00Z,NASA POWER (MERRA-2),"https://power.larc.nasa.gov/api/temporal/daily/point?parameters=T2M,PRECTOTCORR&community=RE&longitude=80.2707&latitude=13.0827&start=20210101&end=20241231&format=JSON",0.5x0.625 deg,daily,VALID,OBSERVED
IN-TN-CHE,Chennai,13.0827,80.2707,nasa_power_prectotcorr_daily,PRECTOTCORR,precipitation,0.26,mm/day,2022-01-28T00:00:00Z,NASA POWER (MERRA-2),"https://power.larc.nasa.gov/api/temporal/daily/point?parameters=T2M,PRECTOTCORR&community=RE&longitude=80.2707&latitude=13.0827&start=20210101&end=20241231&format=JSON",0.5x0.625 deg,daily,VALID,OBSERVED
IN-TN-CHE,Chennai,13.0827,80.2707,nasa_power_t2m_daily,T2M,temperature_2m,24.64,C,2022-01-29T00:00:00Z,NASA POWER (MERRA-2),"https://power.larc.nasa.gov/api/temporal/daily/point?parameters=T2M,PRECTOTCORR&community=RE&longitude=80.2707&latitude=13.0827&start=20210101&end=20241231&format=JSON",0.5x0.625 deg,daily,VALID,OBSERVED
IN-TN-CHE,Chennai,13.0827,80.2707,nasa_power_prectotcorr_daily,PRECTOTCORR,precipitation,0.08,mm/day,2022-01-29T00:00:00Z,NASA POWER (MERRA-2),"https://power.larc.nasa.gov/api/temporal/daily/point?parameters=T2M,PRECTOTCORR&community=RE&longitude=80.2707&latitude=13.0827&start=20210101&end=20241231&format=JSON",0.5x0.625 deg,daily,VALID,OBSERVED
IN-TN-CHE,Chennai,13.0827,80.2707,nasa_power_t2m_daily,T2M,temperature_2m,24.52,C,2022-01-30T00:00:00Z,NASA POWER (MERRA-2),"https://power.larc.nasa.gov/api/temporal/daily/point?parameters=T2M,PRECTOTCORR&community=RE&longitude=80.2707&latitude=13.0827&start=20210101&end=20241231&format=JSON",0.5x0.625 deg,daily,VALID,OBSERVED
IN-TN-CHE,Chennai,13.0827,80.2707,nasa_power_prectotcorr_daily,PRECTOTCORR,precipitation,0.0,mm/day,2022-01-30T00:00:00Z,NASA POWER (MERRA-2),"https://power.larc.nasa.gov/api/temporal/daily/point?parameters=T2M,PRECTOTCORR&community=RE&longitude=80.2707&latitude=13.0827&start=20210101&end=20241231&format=JSON",0.5x0.625 deg,daily,VALID,OBSERVED
IN-TN-CHE,Chennai,13.0827,80.2707,nasa_power_t2m_daily,T2M,temperature_2m,24.98,C,2022-01-31T00:00:00Z,NASA POWER (MERRA-2),"https://power.larc.nasa.gov/api/temporal/daily/point?parameters=T2M,PRECTOTCORR&community=RE&longitude=80.2707&latitude=13.0827&start=20210101&end=20241231&format=JSON",0.5x0.625 deg,daily,VALID,OBSERVED
IN-TN-CHE,Chennai,13.0827,80.2707,nasa_power_prectotcorr_daily,PRECTOTCORR,precipitation,0.0,mm/day,2022-01-31T00:00:00Z,NASA POWER (MERRA-2),"https://power.larc.nasa.gov/api/temporal/daily/point?parameters=T2M,PRECTOTCORR&community=RE&longitude=80.2707&latitude=13.0827&start=20210101&end=20241231&format=JSON",0.5x0.625 deg,daily,VALID,OBSERVED
IN-TN-CHE,Chennai,13.0827,80.2707,nasa_power_t2m_daily,T2M,temperature_2m,24.13,C,2022-02-01T00:00:00Z,NASA POWER (MERRA-2),"https://power.larc.nasa.gov/api/temporal/daily/point?parameters=T2M,PRECTOTCORR&community=RE&longitude=80.2707&latitude=13.0827&start=20210101&end=20241231&format=JSON",0.5x0.625 deg,daily,VALID,OBSERVED
IN-TN-CHE,Chennai,13.0827,80.2707,nasa_power_prectotcorr_daily,PRECTOTCORR,precipitation,0.0,mm/day,2022-02-01T00:00:00Z,NASA POWER (MERRA-2),"https://power.larc.nasa.gov/api/temporal/daily/point?parameters=T2M,PRECTOTCORR&community=RE&longitude=80.2707&latitude=13.0827&start=20210101&end=20241231&format=JSON",0.5x0.625 deg,daily,VALID,OBSERVED
IN-TN-CHE,Chennai,13.0827,80.2707,nasa_power_t2m_daily,T2M,temperature_2m,23.63,C,2022-02-02T00:00:00Z,NASA POWER (MERRA-2),"https://power.larc.nasa.gov/api/temporal/daily/point?parameters=T2M,PRECTOTCORR&community=RE&longitude=80.2707&latitude=13.0827&start=20210101&end=20241231&format=JSON",0.5x0.625 deg,daily,VALID,OBSERVED
IN-TN-CHE,Chennai,13.0827,80.2707,nasa_power_prectotcorr_daily,PRECTOTCORR,precipitation,0.0,mm/day,2022-02-02T00:00:00Z,NASA POWER (MERRA-2),"https://power.larc.nasa.gov/api/temporal/daily/point?parameters=T2M,PRECTOTCORR&community=RE&longitude=80.2707&latitude=13.0827&start=20210101&end=20241231&format=JSON",0.5x0.625 deg,daily,VALID,OBSERVED
IN-TN-CHE,Chennai,13.0827,80.2707,nasa_power_t2m_daily,T2M,temperature_2m,23.78,C,2022-02-03T00:00:00Z,NASA POWER (MERRA-2),"https://power.larc.nasa.gov/api/temporal/daily/point?parameters=T2M,PRECTOTCORR&community=RE&longitude=80.2707&latitude=13.0827&start=20210101&end=20241231&format=JSON",0.5x0.625 deg,daily,VALID,OBSERVED
IN-TN-CHE,Chennai,13.0827,80.2707,nasa_power_prectotcorr_daily,PRECTOTCORR,precipitation,0.0,mm/day,2022-02-03T00:00:00Z,NASA POWER (MERRA-2),"https://power.larc.nasa.gov/api/temporal/daily/point?parameters=T2M,PRECTOTCORR&community=RE&longitude=80.2707&latitude=13.0827&start=20210101&end=20241231&format=JSON",0.5x0.625 deg,daily,VALID,OBSERVED
IN-TN-CHE,Chennai,13.0827,80.2707,nasa_power_t2m_daily,T2M,temperature_2m,25.03,C,2022-02-04T00:00:00Z,NASA POWER (MERRA-2),"https://power.larc.nasa.gov/api/temporal/daily/point?parameters=T2M,PRECTOTCORR&community=RE&longitude=80.2707&latitude=13.0827&start=20210101&end=20241231&format=JSON",0.5x0.625 deg,daily,VALID,OBSERVED
IN-TN-CHE,Chennai,13.0827,80.2707,nasa_power_prectotcorr_daily,PRECTOTCORR,precipitation,0.0,mm/day,2022-02-04T00:00:00Z,NASA POWER (MERRA-2),"https://power.larc.nasa.gov/api/temporal/daily/point?parameters=T2M,PRECTOTCORR&community=RE&longitude=80.2707&latitude=13.0827&start=20210101&end=20241231&format=JSON",0.5x0.625 deg,daily,VALID,OBSERVED
IN-TN-CHE,Chennai,13.0827,80.2707,nasa_power_t2m_daily,T2M,temperature_2m,25.45,C,2022-02-05T00:00:00Z,NASA POWER (MERRA-2),"https://power.larc.nasa.gov/api/temporal/daily/point?parameters=T2M,PRECTOTCORR&community=RE&longitude=80.2707&latitude=13.0827&start=20210101&end=20241231&format=JSON",0.5x0.625 deg,daily,VALID,OBSERVED
IN-TN-CHE,Chennai,13.0827,80.2707,nasa_power_prectotcorr_daily,PRECTOTCORR,precipitation,0.04,mm/day,2022-02-05T00:00:00Z,NASA POWER (MERRA-2),"https://power.larc.nasa.gov/api/temporal/daily/point?parameters=T2M,PRECTOTCORR&community=RE&longitude=80.2707&latitude=13.0827&start=20210101&end=20241231&format=JSON",0.5x0.625 deg,daily,VALID,OBSERVED
IN-TN-CHE,Chennai,13.0827,80.2707,nasa_power_t2m_daily,T2M,temperature_2m,25.08,C,2022-02-06T00:00:00Z,NASA POWER (MERRA-2),"https://power.larc.nasa.gov/api/temporal/daily/point?parameters=T2M,PRECTOTCORR&community=RE&longitude=80.2707&latitude=13.0827&start=20210101&end=20241231&format=JSON",0.5x0.625 deg,daily,VALID,OBSERVED
IN-TN-CHE,Chennai,13.0827,80.2707,nasa_power_prectotcorr_daily,PRECTOTCORR,precipitation,0.0,mm/day,2022-02-06T00:00:00Z,NASA POWER (MERRA-2),"https://power.larc.nasa.gov/api/temporal/daily/point?parameters=T2M,PRECTOTCORR&community=RE&longitude=80.2707&latitude=13.0827&start=20210101&end=20241231&format=JSON",0.5x0.625 deg,daily,VALID,OBSERVED
IN-TN-CHE,Chennai,13.0827,80.2707,nasa_power_t2m_daily,T2M,temperature_2m,24.4,C,2022-02-07T00:00:00Z,NASA POWER (MERRA-2),"https://power.larc.nasa.gov/api/temporal/daily/point?parameters=T2M,PRECTOTCORR&community=RE&longitude=80.2707&latitude=13.0827&start=20210101&end=20241231&format=JSON",0.5x0.625 deg,daily,VALID,OBSERVED
IN-TN-CHE,Chennai,13.0827,80.2707,nasa_power_prectotcorr_daily,PRECTOTCORR,precipitation,0.0,mm/day,2022-02-07T00:00:00Z,NASA POWER (MERRA-2),"https://power.larc.nasa.gov/api/temporal/daily/point?parameters=T2M,PRECTOTCORR&community=RE&longitude=80.2707&latitude=13.0827&start=20210101&end=20241231&format=JSON",0.5x0.625 deg,daily,VALID,OBSERVED
IN-TN-CHE,Chennai,13.0827,80.2707,nasa_power_t2m_daily,T2M,temperature_2m,23.98,C,2022-02-08T00:00:00Z,NASA POWER (MERRA-2),"https://power.larc.nasa.gov/api/temporal/daily/point?parameters=T2M,PRECTOTCORR&community=RE&longitude=80.2707&latitude=13.0827&start=20210101&end=20241231&format=JSON",0.5x0.625 deg,daily,VALID,OBSERVED
IN-TN-CHE,Chennai,13.0827,80.2707,nasa_power_prectotcorr_daily,PRECTOTCORR,precipitation,0.0,mm/day,2022-02-08T00:00:00Z,NASA POWER (MERRA-2),"https://power.larc.nasa.gov/api/temporal/daily/point?parameters=T2M,PRECTOTCORR&community=RE&longitude=80.2707&latitude=13.0827&start=20210101&end=20241231&format=JSON",0.5x0.625 deg,daily,VALID,OBSERVED
IN-TN-CHE,Chennai,13.0827,80.2707,nasa_power_t2m_daily,T2M,temperature_2m,23.72,C,2022-02-09T00:00:00Z,NASA POWER (MERRA-2),"https://power.larc.nasa.gov/api/temporal/daily/point?parameters=T2M,PRECTOTCORR&community=RE&longitude=80.2707&latitude=13.0827&start=20210101&end=20241231&format=JSON",0.5x0.625 deg,daily,VALID,OBSERVED
IN-TN-CHE,Chennai,13.0827,80.2707,nasa_power_prectotcorr_daily,PRECTOTCORR,precipitation,0.0,mm/day,2022-02-09T00:00:00Z,NASA POWER (MERRA-2),"https://power.larc.nasa.gov/api/temporal/daily/point?parameters=T2M,PRECTOTCORR&community=RE&longitude=80.2707&latitude=13.0827&start=20210101&end=20241231&format=JSON",0.5x0.625 deg,daily,VALID,OBSERVED
IN-TN-CHE,Chennai,13.0827,80.2707,nasa_power_t2m_daily,T2M,temperature_2m,24.2,C,2022-02-10T00:00:00Z,NASA POWER (MERRA-2),"https://power.larc.nasa.gov/api/temporal/daily/point?parameters=T2M,PRECTOTCORR&community=RE&longitude=80.2707&latitude=13.0827&start=20210101&end=20241231&format=JSON",0.5x0.625 deg,daily,VALID,OBSERVED
IN-TN-CHE,Chennai,13.0827,80.2707,nasa_power_prectotcorr_daily,PRECTOTCORR,precipitation,0.13,mm/day,2022-02-10T00:00:00Z,NASA POWER (MERRA-2),"https://power.larc.nasa.gov/api/temporal/daily/point?parameters=T2M,PRECTOTCORR&community=RE&longitude=80.2707&latitude=13.0827&start=20210101&end=20241231&format=JSON",0.5x0.625 deg,daily,VALID,OBSERVED
IN-TN-CHE,Chennai,13.0827,80.2707,nasa_power_t2m_daily,T2M,temperature_2m,24.9,C,2022-02-11T00:00:00Z,NASA POWER (MERRA-2),"https://power.larc.nasa.gov/api/temporal/daily/point?parameters=T2M,PRECTOTCORR&community=RE&longitude=80.2707&latitude=13.0827&start=20210101&end=20241231&format=JSON",0.5x0.625 deg,daily,VALID,OBSERVED
IN-TN-CHE,Chennai,13.0827,80.2707,nasa_power_prectotcorr_daily,PRECTOTCORR,precipitation,0.25,mm/day,2022-02-11T00:00:00Z,NASA POWER (MERRA-2),"https://power.larc.nasa.gov/api/temporal/daily/point?parameters=T2M,PRECTOTCORR&community=RE&longitude=80.2707&latitude=13.0827&start=20210101&end=20241231&format=JSON",0.5x0.625 deg,daily,VALID,OBSERVED
IN-TN-CHE,Chennai,13.0827,80.2707,nasa_power_t2m_daily,T2M,temperature_2m,25.15,C,2022-02-12T00:00:00Z,NASA POWER (MERRA-2),"https://power.larc.nasa.gov/api/temporal/daily/point?parameters=T2M,PRECTOTCORR&community=RE&longitude=80.2707&latitude=13.0827&start=20210101&end=20241231&format=JSON",0.5x0.625 deg,daily,VALID,OBSERVED
IN-TN-CHE,Chennai,13.0827,80.2707,nasa_power_prectotcorr_daily,PRECTOTCORR,precipitation,0.07,mm/day,2022-02-12T00:00:00Z,NASA POWER (MERRA-2),"https://power.larc.nasa.gov/api/temporal/daily/point?parameters=T2M,PRECTOTCORR&community=RE&longitude=80.2707&latitude=13.0827&start=20210101&end=20241231&format=JSON",0.5x0.625 deg,daily,VALID,OBSERVED
IN-TN-CHE,Chennai,13.0827,80.2707,nasa_power_t2m_daily,T2M,temperature_2m,24.62,C,2022-02-13T00:00:00Z,NASA POWER (MERRA-2),"https://power.larc.nasa.gov/api/temporal/daily/point?parameters=T2M,PRECTOTCORR&community=RE&longitude=80.2707&latitude=13.0827&start=20210101&end=20241231&format=JSON",0.5x0.625 deg,daily,VALID,OBSERVED
IN-TN-CHE,Chennai,13.0827,80.2707,nasa_power_prectotcorr_daily,PRECTOTCORR,precipitation,0.0,mm/day,2022-02-13T00:00:00Z,NASA POWER (MERRA-2),"https://power.larc.nasa.gov/api/temporal/daily/point?parameters=T2M,PRECTOTCORR&community=RE&longitude=80.2707&latitude=13.0827&start=20210101&end=20241231&format=JSON",0.5x0.625 deg,daily,VALID,OBSERVED
IN-TN-CHE,Chennai,13.0827,80.2707,nasa_power_t2m_daily,T2M,temperature_2m,24.73,C,2022-02-14T00:00:00Z,NASA POWER (MERRA-2),"https://power.larc.nasa.gov/api/temporal/daily/point?parameters=T2M,PRECTOTCORR&community=RE&longitude=80.2707&latitude=13.0827&start=20210101&end=20241231&format=JSON",0.5x0.625 deg,daily,VALID,OBSERVED
IN-TN-CHE,Chennai,13.0827,80.2707,nasa_power_prectotcorr_daily,PRECTOTCORR,precipitation,0.03,mm/day,2022-02-14T00:00:00Z,NASA POWER (MERRA-2),"https://power.larc.nasa.gov/api/temporal/daily/point?parameters=T2M,PRECTOTCORR&community=RE&longitude=80.2707&latitude=13.0827&start=20210101&end=20241231&format=JSON",0.5x0.625 deg,daily,VALID,OBSERVED
IN-TN-CHE,Chennai,13.0827,80.2707,nasa_power_t2m_daily,T2M,temperature_2m,24.13,C,2022-02-15T00:00:00Z,NASA POWER (MERRA-2),"https://power.larc.nasa.gov/api/temporal/daily/point?parameters=T2M,PRECTOTCORR&community=RE&longitude=80.2707&latitude=13.0827&start=20210101&end=20241231&format=JSON",0.5x0.625 deg,daily,VALID,OBSERVED
IN-TN-CHE,Chennai,13.0827,80.2707,nasa_power_prectotcorr_daily,PRECTOTCORR,precipitation,0.01,mm/day,2022-02-15T00:00:00Z,NASA POWER (MERRA-2),"https://power.larc.nasa.gov/api/temporal/daily/point?parameters=T2M,PRECTOTCORR&community=RE&longitude=80.2707&latitude=13.0827&start=20210101&end=20241231&format=JSON",0.5x0.625 deg,daily,VALID,OBSERVED
IN-TN-CHE,Chennai,13.0827,80.2707,nasa_power_t2m_daily,T2M,temperature_2m,24.34,C,2022-02-16T00:00:00Z,NASA POWER (MERRA-2),"https://power.larc.nasa.gov/api/temporal/daily/point?parameters=T2M,PRECTOTCORR&community=RE&longitude=80.2707&latitude=13.0827&start=20210101&end=20241231&format=JSON",0.5x0.625 deg,daily,VALID,OBSERVED
IN-TN-CHE,Chennai,13.0827,80.2707,nasa_power_prectotcorr_daily,PRECTOTCORR,precipitation,0.0,mm/day,2022-02-16T00:00:00Z,NASA POWER (MERRA-2),"https://power.larc.nasa.gov/api/temporal/daily/point?parameters=T2M,PRECTOTCORR&community=RE&longitude=80.2707&latitude=13.0827&start=20210101&end=20241231&format=JSON",0.5x0.625 deg,daily,VALID,OBSERVED
IN-TN-CHE,Chennai,13.0827,80.2707,nasa_power_t2m_daily,T2M,temperature_2m,24.73,C,2022-02-17T00:00:00Z,NASA POWER (MERRA-2),"https://power.larc.nasa.gov/api/temporal/daily/point?parameters=T2M,PRECTOTCORR&community=RE&longitude=80.2707&latitude=13.0827&start=20210101&end=20241231&format=JSON",0.5x0.625 deg,daily,VALID,OBSERVED
IN-TN-CHE,Chennai,13.0827,80.2707,nasa_power_prectotcorr_daily,PRECTOTCORR,precipitation,0.0,mm/day,2022-02-17T00:00:00Z,NASA POWER (MERRA-2),"https://power.larc.nasa.gov/api/temporal/daily/point?parameters=T2M,PRECTOTCORR&community=RE&longitude=80.2707&latitude=13.0827&start=20210101&end=20241231&format=JSON",0.5x0.625 deg,daily,VALID,OBSERVED
IN-TN-CHE,Chennai,13.0827,80.2707,nasa_power_t2m_daily,T2M,temperature_2m,25.13,C,2022-02-18T00:00:00Z,NASA POWER (MERRA-2),"https://power.larc.nasa.gov/api/temporal/daily/point?parameters=T2M,PRECTOTCORR&community=RE&longitude=80.2707&latitude=13.0827&start=20210101&end=20241231&format=JSON",0.5x0.625 deg,daily,VALID,OBSERVED
IN-TN-CHE,Chennai,13.0827,80.2707,nasa_power_prectotcorr_daily,PRECTOTCORR,precipitation,0.0,mm/day,2022-02-18T00:00:00Z,NASA POWER (MERRA-2),"https://power.larc.nasa.gov/api/temporal/daily/point?parameters=T2M,PRECTOTCORR&community=RE&longitude=80.2707&latitude=13.0827&start=20210101&end=20241231&format=JSON",0.5x0.625 deg,daily,VALID,OBSERVED
IN-TN-CHE,Chennai,13.0827,80.2707,nasa_power_t2m_daily,T2M,temperature_2m,25.37,C,2022-02-19T00:00:00Z,NASA POWER (MERRA-2),"https://power.larc.nasa.gov/api/temporal/daily/point?parameters=T2M,PRECTOTCORR&community=RE&longitude=80.2707&latitude=13.0827&start=20210101&end=20241231&format=JSON",0.5x0.625 deg,daily,VALID,OBSERVED
IN-TN-CHE,Chennai,13.0827,80.2707,nasa_power_prectotcorr_daily,PRECTOTCORR,precipitation,0.0,mm/day,2022-02-19T00:00:00Z,NASA POWER (MERRA-2),"https://power.larc.nasa.gov/api/temporal/daily/point?parameters=T2M,PRECTOTCORR&community=RE&longitude=80.2707&latitude=13.0827&start=20210101&end=20241231&format=JSON",0.5x0.625 deg,daily,VALID,OBSERVED
IN-TN-CHE,Chennai,13.0827,80.2707,nasa_power_t2m_daily,T2M,temperature_2m,25.9,C,2022-02-20T00:00:00Z,NASA POWER (MERRA-2),"https://power.larc.nasa.gov/api/temporal/daily/point?parameters=T2M,PRECTOTCORR&community=RE&longitude=80.2707&latitude=13.0827&start=20210101&end=20241231&format=JSON",0.5x0.625 deg,daily,VALID,OBSERVED
IN-TN-CHE,Chennai,13.0827,80.2707,nasa_power_prectotcorr_daily,PRECTOTCORR,precipitation,0.0,mm/day,2022-02-20T00:00:00Z,NASA POWER (MERRA-2),"https://power.larc.nasa.gov/api/temporal/daily/point?parameters=T2M,PRECTOTCORR&community=RE&longitude=80.2707&latitude=13.0827&start=20210101&end=20241231&format=JSON",0.5x0.625 deg,daily,VALID,OBSERVED
IN-TN-CHE,Chennai,13.0827,80.2707,nasa_power_t2m_daily,T2M,temperature_2m,26.3,C,2022-02-21T00:00:00Z,NASA POWER (MERRA-2),"https://power.larc.nasa.gov/api/temporal/daily/point?parameters=T2M,PRECTOTCORR&community=RE&longitude=80.2707&latitude=13.0827&start=20210101&end=20241231&format=JSON",0.5x0.625 deg,daily,VALID,OBSERVED
IN-TN-CHE,Chennai,13.0827,80.2707,nasa_power_prectotcorr_daily,PRECTOTCORR,precipitation,0.0,mm/day,2022-02-21T00:00:00Z,NASA POWER (MERRA-2),"https://power.larc.nasa.gov/api/temporal/daily/point?parameters=T2M,PRECTOTCORR&community=RE&longitude=80.2707&latitude=13.0827&start=20210101&end=20241231&format=JSON",0.5x0.625 deg,daily,VALID,OBSERVED
IN-TN-CHE,Chennai,13.0827,80.2707,nasa_power_t2m_daily,T2M,temperature_2m,26.59,C,2022-02-22T00:00:00Z,NASA POWER (MERRA-2),"https://power.larc.nasa.gov/api/temporal/daily/point?parameters=T2M,PRECTOTCORR&community=RE&longitude=80.2707&latitude=13.0827&start=20210101&end=20241231&format=JSON",0.5x0.625 deg,daily,VALID,OBSERVED
IN-TN-CHE,Chennai,13.0827,80.2707,nasa_power_prectotcorr_daily,PRECTOTCORR,precipitation,0.03,mm/day,2022-02-22T00:00:00Z,NASA POWER (MERRA-2),"https://power.larc.nasa.gov/api/temporal/daily/point?parameters=T2M,PRECTOTCORR&community=RE&longitude=80.2707&latitude=13.0827&start=20210101&end=20241231&format=JSON",0.5x0.625 deg,daily,VALID,OBSERVED
IN-TN-CHE,Chennai,13.0827,80.2707,nasa_power_t2m_daily,T2M,temperature_2m,25.98,C,2022-02-23T00:00:00Z,NASA POWER (MERRA-2),"https://power.larc.nasa.gov/api/temporal/daily/point?parameters=T2M,PRECTOTCORR&community=RE&longitude=80.2707&latitude=13.0827&start=20210101&end=20241231&format=JSON",0.5x0.625 deg,daily,VALID,OBSERVED
IN-TN-CHE,Chennai,13.0827,80.2707,nasa_power_prectotcorr_daily,PRECTOTCORR,precipitation,0.0,mm/day,2022-02-23T00:00:00Z,NASA POWER (MERRA-2),"https://power.larc.nasa.gov/api/temporal/daily/point?parameters=T2M,PRECTOTCORR&community=RE&longitude=80.2707&latitude=13.0827&start=20210101&end=20241231&format=JSON",0.5x0.625 deg,daily,VALID,OBSERVED
IN-TN-CHE,Chennai,13.0827,80.2707,nasa_power_t2m_daily,T2M,temperature_2m,25.46,C,2022-02-24T00:00:00Z,NASA POWER (MERRA-2),"https://power.larc.nasa.gov/api/temporal/daily/point?parameters=T2M,PRECTOTCORR&community=RE&longitude=80.2707&latitude=13.0827&start=20210101&end=20241231&format=JSON",0.5x0.625 deg,daily,VALID,OBSERVED
IN-TN-CHE,Chennai,13.0827,80.2707,nasa_power_prectotcorr_daily,PRECTOTCORR,precipitation,0.0,mm/day,2022-02-24T00:00:00Z,NASA POWER (MERRA-2),"https://power.larc.nasa.gov/api/temporal/daily/point?parameters=T2M,PRECTOTCORR&community=RE&longitude=80.2707&latitude=13.0827&start=20210101&end=20241231&format=JSON",0.5x0.625 deg,daily,VALID,OBSERVED
IN-TN-CHE,Chennai,13.0827,80.2707,nasa_power_t2m_daily,T2M,temperature_2m,24.43,C,2022-02-25T00:00:00Z,NASA POWER (MERRA-2),"https://power.larc.nasa.gov/api/temporal/daily/point?parameters=T2M,PRECTOTCORR&community=RE&longitude=80.2707&latitude=13.0827&start=20210101&end=20241231&format=JSON",0.5x0.625 deg,daily,VALID,OBSERVED
IN-TN-CHE,Chennai,13.0827,80.2707,nasa_power_prectotcorr_daily,PRECTOTCORR,precipitation,0.0,mm/day,2022-02-25T00:00:00Z,NASA POWER (MERRA-2),"https://power.larc.nasa.gov/api/temporal/daily/point?parameters=T2M,PRECTOTCORR&community=RE&longitude=80.2707&latitude=13.0827&start=20210101&end=20241231&format=JSON",0.5x0.625 deg,daily,VALID,OBSERVED
IN-TN-CHE,Chennai,13.0827,80.2707,nasa_power_t2m_daily,T2M,temperature_2m,25.33,C,2022-02-26T00:00:00Z,NASA POWER (MERRA-2),"https://power.larc.nasa.gov/api/temporal/daily/point?parameters=T2M,PRECTOTCORR&community=RE&longitude=80.2707&latitude=13.0827&start=20210101&end=20241231&format=JSON",0.5x0.625 deg,daily,VALID,OBSERVED
IN-TN-CHE,Chennai,13.0827,80.2707,nasa_power_prectotcorr_daily,PRECTOTCORR,precipitation,0.01,mm/day,2022-02-26T00:00:00Z,NASA POWER (MERRA-2),"https://power.larc.nasa.gov/api/temporal/daily/point?parameters=T2M,PRECTOTCORR&community=RE&longitude=80.2707&latitude=13.0827&start=20210101&end=20241231&format=JSON",0.5x0.625 deg,daily,VALID,OBSERVED
IN-TN-CHE,Chennai,13.0827,80.2707,nasa_power_t2m_daily,T2M,temperature_2m,25.72,C,2022-02-27T00:00:00Z,NASA POWER (MERRA-2),"https://power.larc.nasa.gov/api/temporal/daily/point?parameters=T2M,PRECTOTCORR&community=RE&longitude=80.2707&latitude=13.0827&start=20210101&end=20241231&format=JSON",0.5x0.625 deg,daily,VALID,OBSERVED
IN-TN-CHE,Chennai,13.0827,80.2707,nasa_power_prectotcorr_daily,PRECTOTCORR,precipitation,0.0,mm/day,2022-02-27T00:00:00Z,NASA POWER (MERRA-2),"https://power.larc.nasa.gov/api/temporal/daily/point?parameters=T2M,PRECTOTCORR&community=RE&longitude=80.2707&latitude=13.0827&start=20210101&end=20241231&format=JSON",0.5x0.625 deg,daily,VALID,OBSERVED
IN-TN-CHE,Chennai,13.0827,80.2707,nasa_power_t2m_daily,T2M,temperature_2m,26.06,C,2022-02-28T00:00:00Z,NASA POWER (MERRA-2),"https://power.larc.nasa.gov/api/temporal/daily/point?parameters=T2M,PRECTOTCORR&community=RE&longitude=80.2707&latitude=13.0827&start=20210101&end=20241231&format=JSON",0.5x0.625 deg,daily,VALID,OBSERVED
IN-TN-CHE,Chennai,13.0827,80.2707,nasa_power_prectotcorr_daily,PRECTOTCORR,precipitation,0.0,mm/day,2022-02-28T00:00:00Z,NASA POWER (MERRA-2),"https://power.larc.nasa.gov/api/temporal/daily/point?parameters=T2M,PRECTOTCORR&community=RE&longitude=80.2707&latitude=13.0827&start=20210101&end=20241231&format=JSON",0.5x0.625 deg,daily,VALID,OBSERVED
IN-TN-CHE,Chennai,13.0827,80.2707,nasa_power_t2m_daily,T2M,temperature_2m,26.31,C,2022-03-01T00:00:00Z,NASA POWER (MERRA-2),"https://power.larc.nasa.gov/api/temporal/daily/point?parameters=T2M,PRECTOTCORR&community=RE&longitude=80.2707&latitude=13.0827&start=20210101&end=20241231&format=JSON",0.5x0.625 deg,daily,VALID,OBSERVED
IN-TN-CHE,Chennai,13.0827,80.2707,nasa_power_prectotcorr_daily,PRECTOTCORR,precipitation,0.0,mm/day,2022-03-01T00:00:00Z,NASA POWER (MERRA-2),"https://power.larc.nasa.gov/api/temporal/daily/point?parameters=T2M,PRECTOTCORR&community=RE&longitude=80.2707&latitude=13.0827&start=20210101&end=20241231&format=JSON",0.5x0.625 deg,daily,VALID,OBSERVED
IN-TN-CHE,Chennai,13.0827,80.2707,nasa_power_t2m_daily,T2M,temperature_2m,25.89,C,2022-03-02T00:00:00Z,NASA POWER (MERRA-2),"https://power.larc.nasa.gov/api/temporal/daily/point?parameters=T2M,PRECTOTCORR&community=RE&longitude=80.2707&latitude=13.0827&start=20210101&end=20241231&format=JSON",0.5x0.625 deg,daily,VALID,OBSERVED
IN-TN-CHE,Chennai,13.0827,80.2707,nasa_power_prectotcorr_daily,PRECTOTCORR,precipitation,0.0,mm/day,2022-03-02T00:00:00Z,NASA POWER (MERRA-2),"https://power.larc.nasa.gov/api/temporal/daily/point?parameters=T2M,PRECTOTCORR&community=RE&longitude=80.2707&latitude=13.0827&start=20210101&end=20241231&format=JSON",0.5x0.625 deg,daily,VALID,OBSERVED
IN-TN-CHE,Chennai,13.0827,80.2707,nasa_power_t2m_daily,T2M,temperature_2m,26.0,C,2022-03-03T00:00:00Z,NASA POWER (MERRA-2),"https://power.larc.nasa.gov/api/temporal/daily/point?parameters=T2M,PRECTOTCORR&community=RE&longitude=80.2707&latitude=13.0827&start=20210101&end=20241231&format=JSON",0.5x0.625 deg,daily,VALID,OBSERVED
IN-TN-CHE,Chennai,13.0827,80.2707,nasa_power_prectotcorr_daily,PRECTOTCORR,precipitation,0.0,mm/day,2022-03-03T00:00:00Z,NASA POWER (MERRA-2),"https://power.larc.nasa.gov/api/temporal/daily/point?parameters=T2M,PRECTOTCORR&community=RE&longitude=80.2707&latitude=13.0827&start=20210101&end=20241231&format=JSON",0.5x0.625 deg,daily,VALID,OBSERVED
IN-TN-CHE,Chennai,13.0827,80.2707,nasa_power_t2m_daily,T2M,temperature_2m,26.86,C,2022-03-04T00:00:00Z,NASA POWER (MERRA-2),"https://power.larc.nasa.gov/api/temporal/daily/point?parameters=T2M,PRECTOTCORR&community=RE&longitude=80.2707&latitude=13.0827&start=20210101&end=20241231&format=JSON",0.5x0.625 deg,daily,VALID,OBSERVED
IN-TN-CHE,Chennai,13.0827,80.2707,nasa_power_prectotcorr_daily,PRECTOTCORR,precipitation,0.06,mm/day,2022-03-04T00:00:00Z,NASA POWER (MERRA-2),"https://power.larc.nasa.gov/api/temporal/daily/point?parameters=T2M,PRECTOTCORR&community=RE&longitude=80.2707&latitude=13.0827&start=20210101&end=20241231&format=JSON",0.5x0.625 deg,daily,VALID,OBSERVED
IN-TN-CHE,Chennai,13.0827,80.2707,nasa_power_t2m_daily,T2M,temperature_2m,26.68,C,2022-03-05T00:00:00Z,NASA POWER (MERRA-2),"https://power.larc.nasa.gov/api/temporal/daily/point?parameters=T2M,PRECTOTCORR&community=RE&longitude=80.2707&latitude=13.0827&start=20210101&end=20241231&format=JSON",0.5x0.625 deg,daily,VALID,OBSERVED
IN-TN-CHE,Chennai,13.0827,80.2707,nasa_power_prectotcorr_daily,PRECTOTCORR,precipitation,0.01,mm/day,2022-03-05T00:00:00Z,NASA POWER (MERRA-2),"https://power.larc.nasa.gov/api/temporal/daily/point?parameters=T2M,PRECTOTCORR&community=RE&longitude=80.2707&latitude=13.0827&start=20210101&end=20241231&format=JSON",0.5x0.625 deg,daily,VALID,OBSERVED
IN-TN-CHE,Chennai,13.0827,80.2707,nasa_power_t2m_daily,T2M,temperature_2m,26.69,C,2022-03-06T00:00:00Z,NASA POWER (MERRA-2),"https://power.larc.nasa.gov/api/temporal/daily/point?parameters=T2M,PRECTOTCORR&community=RE&longitude=80.2707&latitude=13.0827&start=20210101&end=20241231&format=JSON",0.5x0.625 deg,daily,VALID,OBSERVED
IN-TN-CHE,Chennai,13.0827,80.2707,nasa_power_prectotcorr_daily,PRECTOTCORR,precipitation,0.89,mm/day,2022-03-06T00:00:00Z,NASA POWER (MERRA-2),"https://power.larc.nasa.gov/api/temporal/daily/point?parameters=T2M,PRECTOTCORR&community=RE&longitude=80.2707&latitude=13.0827&start=20210101&end=20241231&format=JSON",0.5x0.625 deg,daily,VALID,OBSERVED
IN-TN-CHE,Chennai,13.0827,80.2707,nasa_power_t2m_daily,T2M,temperature_2m,27.01,C,2022-03-07T00:00:00Z,NASA POWER (MERRA-2),"https://power.larc.nasa.gov/api/temporal/daily/point?parameters=T2M,PRECTOTCORR&community=RE&longitude=80.2707&latitude=13.0827&start=20210101&end=20241231&format=JSON",0.5x0.625 deg,daily,VALID,OBSERVED
IN-TN-CHE,Chennai,13.0827,80.2707,nasa_power_prectotcorr_daily,PRECTOTCORR,precipitation,0.21,mm/day,2022-03-07T00:00:00Z,NASA POWER (MERRA-2),"https://power.larc.nasa.gov/api/temporal/daily/point?parameters=T2M,PRECTOTCORR&community=RE&longitude=80.2707&latitude=13.0827&start=20210101&end=20241231&format=JSON",0.5x0.625 deg,daily,VALID,OBSERVED
IN-TN-CHE,Chennai,13.0827,80.2707,nasa_power_t2m_daily,T2M,temperature_2m,27.16,C,2022-03-08T00:00:00Z,NASA POWER (MERRA-2),"https://power.larc.nasa.gov/api/temporal/daily/point?parameters=T2M,PRECTOTCORR&community=RE&longitude=80.2707&latitude=13.0827&start=20210101&end=20241231&format=JSON",0.5x0.625 deg,daily,VALID,OBSERVED
IN-TN-CHE,Chennai,13.0827,80.2707,nasa_power_prectotcorr_daily,PRECTOTCORR,precipitation,0.0,mm/day,2022-03-08T00:00:00Z,NASA POWER (MERRA-2),"https://power.larc.nasa.gov/api/temporal/daily/point?parameters=T2M,PRECTOTCORR&community=RE&longitude=80.2707&latitude=13.0827&start=20210101&end=20241231&format=JSON",0.5x0.625 deg,daily,VALID,OBSERVED
IN-TN-CHE,Chennai,13.0827,80.2707,nasa_power_t2m_daily,T2M,temperature_2m,27.19,C,2022-03-09T00:00:00Z,NASA POWER (MERRA-2),"https://power.larc.nasa.gov/api/temporal/daily/point?parameters=T2M,PRECTOTCORR&community=RE&longitude=80.2707&latitude=13.0827&start=20210101&end=20241231&format=JSON",0.5x0.625 deg,daily,VALID,OBSERVED
IN-TN-CHE,Chennai,13.0827,80.2707,nasa_power_prectotcorr_daily,PRECTOTCORR,precipitation,0.0,mm/day,2022-03-09T00:00:00Z,NASA POWER (MERRA-2),"https://power.larc.nasa.gov/api/temporal/daily/point?parameters=T2M,PRECTOTCORR&community=RE&longitude=80.2707&latitude=13.0827&start=20210101&end=20241231&format=JSON",0.5x0.625 deg,daily,VALID,OBSERVED
IN-TN-CHE,Chennai,13.0827,80.2707,nasa_power_t2m_daily,T2M,temperature_2m,26.85,C,2022-03-10T00:00:00Z,NASA POWER (MERRA-2),"https://power.larc.nasa.gov/api/temporal/daily/point?parameters=T2M,PRECTOTCORR&community=RE&longitude=80.2707&latitude=13.0827&start=20210101&end=20241231&format=JSON",0.5x0.625 deg,daily,VALID,OBSERVED
IN-TN-CHE,Chennai,13.0827,80.2707,nasa_power_prectotcorr_daily,PRECTOTCORR,precipitation,0.0,mm/day,2022-03-10T00:00:00Z,NASA POWER (MERRA-2),"https://power.larc.nasa.gov/api/temporal/daily/point?parameters=T2M,PRECTOTCORR&community=RE&longitude=80.2707&latitude=13.0827&start=20210101&end=20241231&format=JSON",0.5x0.625 deg,daily,VALID,OBSERVED
IN-TN-CHE,Chennai,13.0827,80.2707,nasa_power_t2m_daily,T2M,temperature_2m,26.67,C,2022-03-11T00:00:00Z,NASA POWER (MERRA-2),"https://power.larc.nasa.gov/api/temporal/daily/point?parameters=T2M,PRECTOTCORR&community=RE&longitude=80.2707&latitude=13.0827&start=20210101&end=20241231&format=JSON",0.5x0.625 deg,daily,VALID,OBSERVED
IN-TN-CHE,Chennai,13.0827,80.2707,nasa_power_prectotcorr_daily,PRECTOTCORR,precipitation,0.0,mm/day,2022-03-11T00:00:00Z,NASA POWER (MERRA-2),"https://power.larc.nasa.gov/api/temporal/daily/point?parameters=T2M,PRECTOTCORR&community=RE&longitude=80.2707&latitude=13.0827&start=20210101&end=20241231&format=JSON",0.5x0.625 deg,daily,VALID,OBSERVED
IN-TN-CHE,Chennai,13.0827,80.2707,nasa_power_t2m_daily,T2M,temperature_2m,26.85,C,2022-03-12T00:00:00Z,NASA POWER (MERRA-2),"https://power.larc.nasa.gov/api/temporal/daily/point?parameters=T2M,PRECTOTCORR&community=RE&longitude=80.2707&latitude=13.0827&start=20210101&end=20241231&format=JSON",0.5x0.625 deg,daily,VALID,OBSERVED
IN-TN-CHE,Chennai,13.0827,80.2707,nasa_power_prectotcorr_daily,PRECTOTCORR,precipitation,0.0,mm/day,2022-03-12T00:00:00Z,NASA POWER (MERRA-2),"https://power.larc.nasa.gov/api/temporal/daily/point?parameters=T2M,PRECTOTCORR&community=RE&longitude=80.2707&latitude=13.0827&start=20210101&end=20241231&format=JSON",0.5x0.625 deg,daily,VALID,OBSERVED
IN-TN-CHE,Chennai,13.0827,80.2707,nasa_power_t2m_daily,T2M,temperature_2m,27.08,C,2022-03-13T00:00:00Z,NASA POWER (MERRA-2),"https://power.larc.nasa.gov/api/temporal/daily/point?parameters=T2M,PRECTOTCORR&community=RE&longitude=80.2707&latitude=13.0827&start=20210101&end=20241231&format=JSON",0.5x0.625 deg,daily,VALID,OBSERVED
IN-TN-CHE,Chennai,13.0827,80.2707,nasa_power_prectotcorr_daily,PRECTOTCORR,precipitation,0.01,mm/day,2022-03-13T00:00:00Z,NASA POWER (MERRA-2),"https://power.larc.nasa.gov/api/temporal/daily/point?parameters=T2M,PRECTOTCORR&community=RE&longitude=80.2707&latitude=13.0827&start=20210101&end=20241231&format=JSON",0.5x0.625 deg,daily,VALID,OBSERVED
IN-TN-CHE,Chennai,13.0827,80.2707,nasa_power_t2m_daily,T2M,temperature_2m,27.78,C,2022-03-14T00:00:00Z,NASA POWER (MERRA-2),"https://power.larc.nasa.gov/api/temporal/daily/point?parameters=T2M,PRECTOTCORR&community=RE&longitude=80.2707&latitude=13.0827&start=20210101&end=20241231&format=JSON",0.5x0.625 deg,daily,VALID,OBSERVED
IN-TN-CHE,Chennai,13.0827,80.2707,nasa_power_prectotcorr_daily,PRECTOTCORR,precipitation,0.0,mm/day,2022-03-14T00:00:00Z,NASA POWER (MERRA-2),"https://power.larc.nasa.gov/api/temporal/daily/point?parameters=T2M,PRECTOTCORR&community=RE&longitude=80.2707&latitude=13.0827&start=20210101&end=20241231&format=JSON",0.5x0.625 deg,daily,VALID,OBSERVED
IN-TN-CHE,Chennai,13.0827,80.2707,nasa_power_t2m_daily,T2M,temperature_2m,27.68,C,2022-03-15T00:00:00Z,NASA POWER (MERRA-2),"https://power.larc.nasa.gov/api/temporal/daily/point?parameters=T2M,PRECTOTCORR&community=RE&longitude=80.2707&latitude=13.0827&start=20210101&end=20241231&format=JSON",0.5x0.625 deg,daily,VALID,OBSERVED
IN-TN-CHE,Chennai,13.0827,80.2707,nasa_power_prectotcorr_daily,PRECTOTCORR,precipitation,0.0,mm/day,2022-03-15T00:00:00Z,NASA POWER (MERRA-2),"https://power.larc.nasa.gov/api/temporal/daily/point?parameters=T2M,PRECTOTCORR&community=RE&longitude=80.2707&latitude=13.0827&start=20210101&end=20241231&format=JSON",0.5x0.625 deg,daily,VALID,OBSERVED
IN-TN-CHE,Chennai,13.0827,80.2707,nasa_power_t2m_daily,T2M,temperature_2m,28.08,C,2022-03-16T00:00:00Z,NASA POWER (MERRA-2),"https://power.larc.nasa.gov/api/temporal/daily/point?parameters=T2M,PRECTOTCORR&community=RE&longitude=80.2707&latitude=13.0827&start=20210101&end=20241231&format=JSON",0.5x0.625 deg,daily,VALID,OBSERVED
IN-TN-CHE,Chennai,13.0827,80.2707,nasa_power_prectotcorr_daily,PRECTOTCORR,precipitation,0.0,mm/day,2022-03-16T00:00:00Z,NASA POWER (MERRA-2),"https://power.larc.nasa.gov/api/temporal/daily/point?parameters=T2M,PRECTOTCORR&community=RE&longitude=80.2707&latitude=13.0827&start=20210101&end=20241231&format=JSON",0.5x0.625 deg,daily,VALID,OBSERVED
IN-TN-CHE,Chennai,13.0827,80.2707,nasa_power_t2m_daily,T2M,temperature_2m,28.36,C,2022-03-17T00:00:00Z,NASA POWER (MERRA-2),"https://power.larc.nasa.gov/api/temporal/daily/point?parameters=T2M,PRECTOTCORR&community=RE&longitude=80.2707&latitude=13.0827&start=20210101&end=20241231&format=JSON",0.5x0.625 deg,daily,VALID,OBSERVED
IN-TN-CHE,Chennai,13.0827,80.2707,nasa_power_prectotcorr_daily,PRECTOTCORR,precipitation,0.0,mm/day,2022-03-17T00:00:00Z,NASA POWER (MERRA-2),"https://power.larc.nasa.gov/api/temporal/daily/point?parameters=T2M,PRECTOTCORR&community=RE&longitude=80.2707&latitude=13.0827&start=20210101&end=20241231&format=JSON",0.5x0.625 deg,daily,VALID,OBSERVED
IN-TN-CHE,Chennai,13.0827,80.2707,nasa_power_t2m_daily,T2M,temperature_2m,28.51,C,2022-03-18T00:00:00Z,NASA POWER (MERRA-2),"https://power.larc.nasa.gov/api/temporal/daily/point?parameters=T2M,PRECTOTCORR&community=RE&longitude=80.2707&latitude=13.0827&start=20210101&end=20241231&format=JSON",0.5x0.625 deg,daily,VALID,OBSERVED
IN-TN-CHE,Chennai,13.0827,80.2707,nasa_power_prectotcorr_daily,PRECTOTCORR,precipitation,0.0,mm/day,2022-03-18T00:00:00Z,NASA POWER (MERRA-2),"https://power.larc.nasa.gov/api/temporal/daily/point?parameters=T2M,PRECTOTCORR&community=RE&longitude=80.2707&latitude=13.0827&start=20210101&end=20241231&format=JSON",0.5x0.625 deg,daily,VALID,OBSERVED
IN-TN-CHE,Chennai,13.0827,80.2707,nasa_power_t2m_daily,T2M,temperature_2m,29.0,C,2022-03-19T00:00:00Z,NASA POWER (MERRA-2),"https://power.larc.nasa.gov/api/temporal/daily/point?parameters=T2M,PRECTOTCORR&community=RE&longitude=80.2707&latitude=13.0827&start=20210101&end=20241231&format=JSON",0.5x0.625 deg,daily,VALID,OBSERVED
IN-TN-CHE,Chennai,13.0827,80.2707,nasa_power_prectotcorr_daily,PRECTOTCORR,precipitation,0.01,mm/day,2022-03-19T00:00:00Z,NASA POWER (MERRA-2),"https://power.larc.nasa.gov/api/temporal/daily/point?parameters=T2M,PRECTOTCORR&community=RE&longitude=80.2707&latitude=13.0827&start=20210101&end=20241231&format=JSON",0.5x0.625 deg,daily,VALID,OBSERVED
IN-TN-CHE,Chennai,13.0827,80.2707,nasa_power_t2m_daily,T2M,temperature_2m,30.19,C,2022-03-20T00:00:00Z,NASA POWER (MERRA-2),"https://power.larc.nasa.gov/api/temporal/daily/point?parameters=T2M,PRECTOTCORR&community=RE&longitude=80.2707&latitude=13.0827&start=20210101&end=20241231&format=JSON",0.5x0.625 deg,daily,VALID,OBSERVED
IN-TN-CHE,Chennai,13.0827,80.2707,nasa_power_prectotcorr_daily,PRECTOTCORR,precipitation,0.08,mm/day,2022-03-20T00:00:00Z,NASA POWER (MERRA-2),"https://power.larc.nasa.gov/api/temporal/daily/point?parameters=T2M,PRECTOTCORR&community=RE&longitude=80.2707&latitude=13.0827&start=20210101&end=20241231&format=JSON",0.5x0.625 deg,daily,VALID,OBSERVED
IN-TN-CHE,Chennai,13.0827,80.2707,nasa_power_t2m_daily,T2M,temperature_2m,30.81,C,2022-03-21T00:00:00Z,NASA POWER (MERRA-2),"https://power.larc.nasa.gov/api/temporal/daily/point?parameters=T2M,PRECTOTCORR&community=RE&longitude=80.2707&latitude=13.0827&start=20210101&end=20241231&format=JSON",0.5x0.625 deg,daily,VALID,OBSERVED
IN-TN-CHE,Chennai,13.0827,80.2707,nasa_power_prectotcorr_daily,PRECTOTCORR,precipitation,0.49,mm/day,2022-03-21T00:00:00Z,NASA POWER (MERRA-2),"https://power.larc.nasa.gov/api/temporal/daily/point?parameters=T2M,PRECTOTCORR&community=RE&longitude=80.2707&latitude=13.0827&start=20210101&end=20241231&format=JSON",0.5x0.625 deg,daily,VALID,OBSERVED
IN-TN-CHE,Chennai,13.0827,80.2707,nasa_power_t2m_daily,T2M,temperature_2m,30.41,C,2022-03-22T00:00:00Z,NASA POWER (MERRA-2),"https://power.larc.nasa.gov/api/temporal/daily/point?parameters=T2M,PRECTOTCORR&community=RE&longitude=80.2707&latitude=13.0827&start=20210101&end=20241231&format=JSON",0.5x0.625 deg,daily,VALID,OBSERVED
IN-TN-CHE,Chennai,13.0827,80.2707,nasa_power_prectotcorr_daily,PRECTOTCORR,precipitation,0.87,mm/day,2022-03-22T00:00:00Z,NASA POWER (MERRA-2),"https://power.larc.nasa.gov/api/temporal/daily/point?parameters=T2M,PRECTOTCORR&community=RE&longitude=80.2707&latitude=13.0827&start=20210101&end=20241231&format=JSON",0.5x0.625 deg,daily,VALID,OBSERVED
IN-TN-CHE,Chennai,13.0827,80.2707,nasa_power_t2m_daily,T2M,temperature_2m,30.09,C,2022-03-23T00:00:00Z,NASA POWER (MERRA-2),"https://power.larc.nasa.gov/api/temporal/daily/point?parameters=T2M,PRECTOTCORR&community=RE&longitude=80.2707&latitude=13.0827&start=20210101&end=20241231&format=JSON",0.5x0.625 deg,daily,VALID,OBSERVED
IN-TN-CHE,Chennai,13.0827,80.2707,nasa_power_prectotcorr_daily,PRECTOTCORR,precipitation,0.01,mm/day,2022-03-23T00:00:00Z,NASA POWER (MERRA-2),"https://power.larc.nasa.gov/api/temporal/daily/point?parameters=T2M,PRECTOTCORR&community=RE&longitude=80.2707&latitude=13.0827&start=20210101&end=20241231&format=JSON",0.5x0.625 deg,daily,VALID,OBSERVED
IN-TN-CHE,Chennai,13.0827,80.2707,nasa_power_t2m_daily,T2M,temperature_2m,29.75,C,2022-03-24T00:00:00Z,NASA POWER (MERRA-2),"https://power.larc.nasa.gov/api/temporal/daily/point?parameters=T2M,PRECTOTCORR&community=RE&longitude=80.2707&latitude=13.0827&start=20210101&end=20241231&format=JSON",0.5x0.625 deg,daily,VALID,OBSERVED
IN-TN-CHE,Chennai,13.0827,80.2707,nasa_power_prectotcorr_daily,PRECTOTCORR,precipitation,0.01,mm/day,2022-03-24T00:00:00Z,NASA POWER (MERRA-2),"https://power.larc.nasa.gov/api/temporal/daily/point?parameters=T2M,PRECTOTCORR&community=RE&longitude=80.2707&latitude=13.0827&start=20210101&end=20241231&format=JSON",0.5x0.625 deg,daily,VALID,OBSERVED
IN-TN-CHE,Chennai,13.0827,80.2707,nasa_power_t2m_daily,T2M,temperature_2m,29.46,C,2022-03-25T00:00:00Z,NASA POWER (MERRA-2),"https://power.larc.nasa.gov/api/temporal/daily/point?parameters=T2M,PRECTOTCORR&community=RE&longitude=80.2707&latitude=13.0827&start=20210101&end=20241231&format=JSON",0.5x0.625 deg,daily,VALID,OBSERVED
IN-TN-CHE,Chennai,13.0827,80.2707,nasa_power_prectotcorr_daily,PRECTOTCORR,precipitation,0.0,mm/day,2022-03-25T00:00:00Z,NASA POWER (MERRA-2),"https://power.larc.nasa.gov/api/temporal/daily/point?parameters=T2M,PRECTOTCORR&community=RE&longitude=80.2707&latitude=13.0827&start=20210101&end=20241231&format=JSON",0.5x0.625 deg,daily,VALID,OBSERVED
IN-TN-CHE,Chennai,13.0827,80.2707,nasa_power_t2m_daily,T2M,temperature_2m,29.66,C,2022-03-26T00:00:00Z,NASA POWER (MERRA-2),"https://power.larc.nasa.gov/api/temporal/daily/point?parameters=T2M,PRECTOTCORR&community=RE&longitude=80.2707&latitude=13.0827&start=20210101&end=20241231&format=JSON",0.5x0.625 deg,daily,VALID,OBSERVED
IN-TN-CHE,Chennai,13.0827,80.2707,nasa_power_prectotcorr_daily,PRECTOTCORR,precipitation,0.0,mm/day,2022-03-26T00:00:00Z,NASA POWER (MERRA-2),"https://power.larc.nasa.gov/api/temporal/daily/point?parameters=T2M,PRECTOTCORR&community=RE&longitude=80.2707&latitude=13.0827&start=20210101&end=20241231&format=JSON",0.5x0.625 deg,daily,VALID,OBSERVED
IN-TN-CHE,Chennai,13.0827,80.2707,nasa_power_t2m_daily,T2M,temperature_2m,29.98,C,2022-03-27T00:00:00Z,NASA POWER (MERRA-2),"https://power.larc.nasa.gov/api/temporal/daily/point?parameters=T2M,PRECTOTCORR&community=RE&longitude=80.2707&latitude=13.0827&start=20210101&end=20241231&format=JSON",0.5x0.625 deg,daily,VALID,OBSERVED
IN-TN-CHE,Chennai,13.0827,80.2707,nasa_power_prectotcorr_daily,PRECTOTCORR,precipitation,0.0,mm/day,2022-03-27T00:00:00Z,NASA POWER (MERRA-2),"https://power.larc.nasa.gov/api/temporal/daily/point?parameters=T2M,PRECTOTCORR&community=RE&longitude=80.2707&latitude=13.0827&start=20210101&end=20241231&format=JSON",0.5x0.625 deg,daily,VALID,OBSERVED
IN-TN-CHE,Chennai,13.0827,80.2707,nasa_power_t2m_daily,T2M,temperature_2m,30.17,C,2022-03-28T00:00:00Z,NASA POWER (MERRA-2),"https://power.larc.nasa.gov/api/temporal/daily/point?parameters=T2M,PRECTOTCORR&community=RE&longitude=80.2707&latitude=13.0827&start=20210101&end=20241231&format=JSON",0.5x0.625 deg,daily,VALID,OBSERVED
IN-TN-CHE,Chennai,13.0827,80.2707,nasa_power_prectotcorr_daily,PRECTOTCORR,precipitation,0.0,mm/day,2022-03-28T00:00:00Z,NASA POWER (MERRA-2),"https://power.larc.nasa.gov/api/temporal/daily/point?parameters=T2M,PRECTOTCORR&community=RE&longitude=80.2707&latitude=13.0827&start=20210101&end=20241231&format=JSON",0.5x0.625 deg,daily,VALID,OBSERVED
IN-TN-CHE,Chennai,13.0827,80.2707,nasa_power_t2m_daily,T2M,temperature_2m,30.24,C,2022-03-29T00:00:00Z,NASA POWER (MERRA-2),"https://power.larc.nasa.gov/api/temporal/daily/point?parameters=T2M,PRECTOTCORR&community=RE&longitude=80.2707&latitude=13.0827&start=20210101&end=20241231&format=JSON",0.5x0.625 deg,daily,VALID,OBSERVED
IN-TN-CHE,Chennai,13.0827,80.2707,nasa_power_prectotcorr_daily,PRECTOTCORR,precipitation,0.0,mm/day,2022-03-29T00:00:00Z,NASA POWER (MERRA-2),"https://power.larc.nasa.gov/api/temporal/daily/point?parameters=T2M,PRECTOTCORR&community=RE&longitude=80.2707&latitude=13.0827&start=20210101&end=20241231&format=JSON",0.5x0.625 deg,daily,VALID,OBSERVED
IN-TN-CHE,Chennai,13.0827,80.2707,nasa_power_t2m_daily,T2M,temperature_2m,30.39,C,2022-03-30T00:00:00Z,NASA POWER (MERRA-2),"https://power.larc.nasa.gov/api/temporal/daily/point?parameters=T2M,PRECTOTCORR&community=RE&longitude=80.2707&latitude=13.0827&start=20210101&end=20241231&format=JSON",0.5x0.625 deg,daily,VALID,OBSERVED
IN-TN-CHE,Chennai,13.0827,80.2707,nasa_power_prectotcorr_daily,PRECTOTCORR,precipitation,0.0,mm/day,2022-03-30T00:00:00Z,NASA POWER (MERRA-2),"https://power.larc.nasa.gov/api/temporal/daily/point?parameters=T2M,PRECTOTCORR&community=RE&longitude=80.2707&latitude=13.0827&start=20210101&end=20241231&format=JSON",0.5x0.625 deg,daily,VALID,OBSERVED
IN-TN-CHE,Chennai,13.0827,80.2707,nasa_power_t2m_daily,T2M,temperature_2m,30.23,C,2022-03-31T00:00:00Z,NASA POWER (MERRA-2),"https://power.larc.nasa.gov/api/temporal/daily/point?parameters=T2M,PRECTOTCORR&community=RE&longitude=80.2707&latitude=13.0827&start=20210101&end=20241231&format=JSON",0.5x0.625 deg,daily,VALID,OBSERVED
IN-TN-CHE,Chennai,13.0827,80.2707,nasa_power_prectotcorr_daily,PRECTOTCORR,precipitation,0.01,mm/day,2022-03-31T00:00:00Z,NASA POWER (MERRA-2),"https://power.larc.nasa.gov/api/temporal/daily/point?parameters=T2M,PRECTOTCORR&community=RE&longitude=80.2707&latitude=13.0827&start=20210101&end=20241231&format=JSON",0.5x0.625 deg,daily,VALID,OBSERVED
IN-TN-CHE,Chennai,13.0827,80.2707,nasa_power_t2m_daily,T2M,temperature_2m,29.6,C,2022-04-01T00:00:00Z,NASA POWER (MERRA-2),"https://power.larc.nasa.gov/api/temporal/daily/point?parameters=T2M,PRECTOTCORR&community=RE&longitude=80.2707&latitude=13.0827&start=20210101&end=20241231&format=JSON",0.5x0.625 deg,daily,VALID,OBSERVED
IN-TN-CHE,Chennai,13.0827,80.2707,nasa_power_prectotcorr_daily,PRECTOTCORR,precipitation,0.0,mm/day,2022-04-01T00:00:00Z,NASA POWER (MERRA-2),"https://power.larc.nasa.gov/api/temporal/daily/point?parameters=T2M,PRECTOTCORR&community=RE&longitude=80.2707&latitude=13.0827&start=20210101&end=20241231&format=JSON",0.5x0.625 deg,daily,VALID,OBSERVED
IN-TN-CHE,Chennai,13.0827,80.2707,nasa_power_t2m_daily,T2M,temperature_2m,29.99,C,2022-04-02T00:00:00Z,NASA POWER (MERRA-2),"https://power.larc.nasa.gov/api/temporal/daily/point?parameters=T2M,PRECTOTCORR&community=RE&longitude=80.2707&latitude=13.0827&start=20210101&end=20241231&format=JSON",0.5x0.625 deg,daily,VALID,OBSERVED
IN-TN-CHE,Chennai,13.0827,80.2707,nasa_power_prectotcorr_daily,PRECTOTCORR,precipitation,0.01,mm/day,2022-04-02T00:00:00Z,NASA POWER (MERRA-2),"https://power.larc.nasa.gov/api/temporal/daily/point?parameters=T2M,PRECTOTCORR&community=RE&longitude=80.2707&latitude=13.0827&start=20210101&end=20241231&format=JSON",0.5x0.625 deg,daily,VALID,OBSERVED
IN-TN-CHE,Chennai,13.0827,80.2707,nasa_power_t2m_daily,T2M,temperature_2m,29.8,C,2022-04-03T00:00:00Z,NASA POWER (MERRA-2),"https://power.larc.nasa.gov/api/temporal/daily/point?parameters=T2M,PRECTOTCORR&community=RE&longitude=80.2707&latitude=13.0827&start=20210101&end=20241231&format=JSON",0.5x0.625 deg,daily,VALID,OBSERVED
IN-TN-CHE,Chennai,13.0827,80.2707,nasa_power_prectotcorr_daily,PRECTOTCORR,precipitation,0.0,mm/day,2022-04-03T00:00:00Z,NASA POWER (MERRA-2),"https://power.larc.nasa.gov/api/temporal/daily/point?parameters=T2M,PRECTOTCORR&community=RE&longitude=80.2707&latitude=13.0827&start=20210101&end=20241231&format=JSON",0.5x0.625 deg,daily,VALID,OBSERVED
IN-TN-CHE,Chennai,13.0827,80.2707,nasa_power_t2m_daily,T2M,temperature_2m,29.69,C,2022-04-04T00:00:00Z,NASA POWER (MERRA-2),"https://power.larc.nasa.gov/api/temporal/daily/point?parameters=T2M,PRECTOTCORR&community=RE&longitude=80.2707&latitude=13.0827&start=20210101&end=20241231&format=JSON",0.5x0.625 deg,daily,VALID,OBSERVED
IN-TN-CHE,Chennai,13.0827,80.2707,nasa_power_prectotcorr_daily,PRECTOTCORR,precipitation,0.01,mm/day,2022-04-04T00:00:00Z,NASA POWER (MERRA-2),"https://power.larc.nasa.gov/api/temporal/daily/point?parameters=T2M,PRECTOTCORR&community=RE&longitude=80.2707&latitude=13.0827&start=20210101&end=20241231&format=JSON",0.5x0.625 deg,daily,VALID,OBSERVED
IN-TN-CHE,Chennai,13.0827,80.2707,nasa_power_t2m_daily,T2M,temperature_2m,29.78,C,2022-04-05T00:00:00Z,NASA POWER (MERRA-2),"https://power.larc.nasa.gov/api/temporal/daily/point?parameters=T2M,PRECTOTCORR&community=RE&longitude=80.2707&latitude=13.0827&start=20210101&end=20241231&format=JSON",0.5x0.625 deg,daily,VALID,OBSERVED
IN-TN-CHE,Chennai,13.0827,80.2707,nasa_power_prectotcorr_daily,PRECTOTCORR,precipitation,0.0,mm/day,2022-04-05T00:00:00Z,NASA POWER (MERRA-2),"https://power.larc.nasa.gov/api/temporal/daily/point?parameters=T2M,PRECTOTCORR&community=RE&longitude=80.2707&latitude=13.0827&start=20210101&end=20241231&format=JSON",0.5x0.625 deg,daily,VALID,OBSERVED
IN-TN-CHE,Chennai,13.0827,80.2707,nasa_power_t2m_daily,T2M,temperature_2m,29.49,C,2022-04-06T00:00:00Z,NASA POWER (MERRA-2),"https://power.larc.nasa.gov/api/temporal/daily/point?parameters=T2M,PRECTOTCORR&community=RE&longitude=80.2707&latitude=13.0827&start=20210101&end=20241231&format=JSON",0.5x0.625 deg,daily,VALID,OBSERVED
IN-TN-CHE,Chennai,13.0827,80.2707,nasa_power_prectotcorr_daily,PRECTOTCORR,precipitation,0.05,mm/day,2022-04-06T00:00:00Z,NASA POWER (MERRA-2),"https://power.larc.nasa.gov/api/temporal/daily/point?parameters=T2M,PRECTOTCORR&community=RE&longitude=80.2707&latitude=13.0827&start=20210101&end=20241231&format=JSON",0.5x0.625 deg,daily,VALID,OBSERVED
IN-TN-CHE,Chennai,13.0827,80.2707,nasa_power_t2m_daily,T2M,temperature_2m,29.97,C,2022-04-07T00:00:00Z,NASA POWER (MERRA-2),"https://power.larc.nasa.gov/api/temporal/daily/point?parameters=T2M,PRECTOTCORR&community=RE&longitude=80.2707&latitude=13.0827&start=20210101&end=20241231&format=JSON",0.5x0.625 deg,daily,VALID,OBSERVED
IN-TN-CHE,Chennai,13.0827,80.2707,nasa_power_prectotcorr_daily,PRECTOTCORR,precipitation,0.1,mm/day,2022-04-07T00:00:00Z,NASA POWER (MERRA-2),"https://power.larc.nasa.gov/api/temporal/daily/point?parameters=T2M,PRECTOTCORR&community=RE&longitude=80.2707&latitude=13.0827&start=20210101&end=20241231&format=JSON",0.5x0.625 deg,daily,VALID,OBSERVED
IN-TN-CHE,Chennai,13.0827,80.2707,nasa_power_t2m_daily,T2M,temperature_2m,29.98,C,2022-04-08T00:00:00Z,NASA POWER (MERRA-2),"https://power.larc.nasa.gov/api/temporal/daily/point?parameters=T2M,PRECTOTCORR&community=RE&longitude=80.2707&latitude=13.0827&start=20210101&end=20241231&format=JSON",0.5x0.625 deg,daily,VALID,OBSERVED
IN-TN-CHE,Chennai,13.0827,80.2707,nasa_power_prectotcorr_daily,PRECTOTCORR,precipitation,0.14,mm/day,2022-04-08T00:00:00Z,NASA POWER (MERRA-2),"https://power.larc.nasa.gov/api/temporal/daily/point?parameters=T2M,PRECTOTCORR&community=RE&longitude=80.2707&latitude=13.0827&start=20210101&end=20241231&format=JSON",0.5x0.625 deg,daily,VALID,OBSERVED
IN-TN-CHE,Chennai,13.0827,80.2707,nasa_power_t2m_daily,T2M,temperature_2m,29.9,C,2022-04-09T00:00:00Z,NASA POWER (MERRA-2),"https://power.larc.nasa.gov/api/temporal/daily/point?parameters=T2M,PRECTOTCORR&community=RE&longitude=80.2707&latitude=13.0827&start=20210101&end=20241231&format=JSON",0.5x0.625 deg,daily,VALID,OBSERVED
IN-TN-CHE,Chennai,13.0827,80.2707,nasa_power_prectotcorr_daily,PRECTOTCORR,precipitation,0.14,mm/day,2022-04-09T00:00:00Z,NASA POWER (MERRA-2),"https://power.larc.nasa.gov/api/temporal/daily/point?parameters=T2M,PRECTOTCORR&community=RE&longitude=80.2707&latitude=13.0827&start=20210101&end=20241231&format=JSON",0.5x0.625 deg,daily,VALID,OBSERVED
IN-TN-CHE,Chennai,13.0827,80.2707,nasa_power_t2m_daily,T2M,temperature_2m,29.9,C,2022-04-10T00:00:00Z,NASA POWER (MERRA-2),"https://power.larc.nasa.gov/api/temporal/daily/point?parameters=T2M,PRECTOTCORR&community=RE&longitude=80.2707&latitude=13.0827&start=20210101&end=20241231&format=JSON",0.5x0.625 deg,daily,VALID,OBSERVED
IN-TN-CHE,Chennai,13.0827,80.2707,nasa_power_prectotcorr_daily,PRECTOTCORR,precipitation,0.66,mm/day,2022-04-10T00:00:00Z,NASA POWER (MERRA-2),"https://power.larc.nasa.gov/api/temporal/daily/point?parameters=T2M,PRECTOTCORR&community=RE&longitude=80.2707&latitude=13.0827&start=20210101&end=20241231&format=JSON",0.5x0.625 deg,daily,VALID,OBSERVED
IN-TN-CHE,Chennai,13.0827,80.2707,nasa_power_t2m_daily,T2M,temperature_2m,29.78,C,2022-04-11T00:00:00Z,NASA POWER (MERRA-2),"https://power.larc.nasa.gov/api/temporal/daily/point?parameters=T2M,PRECTOTCORR&community=RE&longitude=80.2707&latitude=13.0827&start=20210101&end=20241231&format=JSON",0.5x0.625 deg,daily,VALID,OBSERVED
IN-TN-CHE,Chennai,13.0827,80.2707,nasa_power_prectotcorr_daily,PRECTOTCORR,precipitation,0.26,mm/day,2022-04-11T00:00:00Z,NASA POWER (MERRA-2),"https://power.larc.nasa.gov/api/temporal/daily/point?parameters=T2M,PRECTOTCORR&community=RE&longitude=80.2707&latitude=13.0827&start=20210101&end=20241231&format=JSON",0.5x0.625 deg,daily,VALID,OBSERVED
IN-TN-CHE,Chennai,13.0827,80.2707,nasa_power_t2m_daily,T2M,temperature_2m,29.12,C,2022-04-12T00:00:00Z,NASA POWER (MERRA-2),"https://power.larc.nasa.gov/api/temporal/daily/point?parameters=T2M,PRECTOTCORR&community=RE&longitude=80.2707&latitude=13.0827&start=20210101&end=20241231&format=JSON",0.5x0.625 deg,daily,VALID,OBSERVED
IN-TN-CHE,Chennai,13.0827,80.2707,nasa_power_prectotcorr_daily,PRECTOTCORR,precipitation,0.07,mm/day,2022-04-12T00:00:00Z,NASA POWER (MERRA-2),"https://power.larc.nasa.gov/api/temporal/daily/point?parameters=T2M,PRECTOTCORR&community=RE&longitude=80.2707&latitude=13.0827&start=20210101&end=20241231&format=JSON",0.5x0.625 deg,daily,VALID,OBSERVED
IN-TN-CHE,Chennai,13.0827,80.2707,nasa_power_t2m_daily,T2M,temperature_2m,29.6,C,2022-04-13T00:00:00Z,NASA POWER (MERRA-2),"https://power.larc.nasa.gov/api/temporal/daily/point?parameters=T2M,PRECTOTCORR&community=RE&longitude=80.2707&latitude=13.0827&start=20210101&end=20241231&format=JSON",0.5x0.625 deg,daily,VALID,OBSERVED
IN-TN-CHE,Chennai,13.0827,80.2707,nasa_power_prectotcorr_daily,PRECTOTCORR,precipitation,0.11,mm/day,2022-04-13T00:00:00Z,NASA POWER (MERRA-2),"https://power.larc.nasa.gov/api/temporal/daily/point?parameters=T2M,PRECTOTCORR&community=RE&longitude=80.2707&latitude=13.0827&start=20210101&end=20241231&format=JSON",0.5x0.625 deg,daily,VALID,OBSERVED
IN-TN-CHE,Chennai,13.0827,80.2707,nasa_power_t2m_daily,T2M,temperature_2m,30.35,C,2022-04-14T00:00:00Z,NASA POWER (MERRA-2),"https://power.larc.nasa.gov/api/temporal/daily/point?parameters=T2M,PRECTOTCORR&community=RE&longitude=80.2707&latitude=13.0827&start=20210101&end=20241231&format=JSON",0.5x0.625 deg,daily,VALID,OBSERVED
IN-TN-CHE,Chennai,13.0827,80.2707,nasa_power_prectotcorr_daily,PRECTOTCORR,precipitation,0.02,mm/day,2022-04-14T00:00:00Z,NASA POWER (MERRA-2),"https://power.larc.nasa.gov/api/temporal/daily/point?parameters=T2M,PRECTOTCORR&community=RE&longitude=80.2707&latitude=13.0827&start=20210101&end=20241231&format=JSON",0.5x0.625 deg,daily,VALID,OBSERVED
IN-TN-CHE,Chennai,13.0827,80.2707,nasa_power_t2m_daily,T2M,temperature_2m,31.24,C,2022-04-15T00:00:00Z,NASA POWER (MERRA-2),"https://power.larc.nasa.gov/api/temporal/daily/point?parameters=T2M,PRECTOTCORR&community=RE&longitude=80.2707&latitude=13.0827&start=20210101&end=20241231&format=JSON",0.5x0.625 deg,daily,VALID,OBSERVED
IN-TN-CHE,Chennai,13.0827,80.2707,nasa_power_prectotcorr_daily,PRECTOTCORR,precipitation,0.02,mm/day,2022-04-15T00:00:00Z,NASA POWER (MERRA-2),"https://power.larc.nasa.gov/api/temporal/daily/point?parameters=T2M,PRECTOTCORR&community=RE&longitude=80.2707&latitude=13.0827&start=20210101&end=20241231&format=JSON",0.5x0.625 deg,daily,VALID,OBSERVED
IN-TN-CHE,Chennai,13.0827,80.2707,nasa_power_t2m_daily,T2M,temperature_2m,31.33,C,2022-04-16T00:00:00Z,NASA POWER (MERRA-2),"https://power.larc.nasa.gov/api/temporal/daily/point?parameters=T2M,PRECTOTCORR&community=RE&longitude=80.2707&latitude=13.0827&start=20210101&end=20241231&format=JSON",0.5x0.625 deg,daily,VALID,OBSERVED
IN-TN-CHE,Chennai,13.0827,80.2707,nasa_power_prectotcorr_daily,PRECTOTCORR,precipitation,0.03,mm/day,2022-04-16T00:00:00Z,NASA POWER (MERRA-2),"https://power.larc.nasa.gov/api/temporal/daily/point?parameters=T2M,PRECTOTCORR&community=RE&longitude=80.2707&latitude=13.0827&start=20210101&end=20241231&format=JSON",0.5x0.625 deg,daily,VALID,OBSERVED
IN-TN-CHE,Chennai,13.0827,80.2707,nasa_power_t2m_daily,T2M,temperature_2m,31.29,C,2022-04-17T00:00:00Z,NASA POWER (MERRA-2),"https://power.larc.nasa.gov/api/temporal/daily/point?parameters=T2M,PRECTOTCORR&community=RE&longitude=80.2707&latitude=13.0827&start=20210101&end=20241231&format=JSON",0.5x0.625 deg,daily,VALID,OBSERVED
IN-TN-CHE,Chennai,13.0827,80.2707,nasa_power_prectotcorr_daily,PRECTOTCORR,precipitation,0.42,mm/day,2022-04-17T00:00:00Z,NASA POWER (MERRA-2),"https://power.larc.nasa.gov/api/temporal/daily/point?parameters=T2M,PRECTOTCORR&community=RE&longitude=80.2707&latitude=13.0827&start=20210101&end=20241231&format=JSON",0.5x0.625 deg,daily,VALID,OBSERVED
IN-TN-CHE,Chennai,13.0827,80.2707,nasa_power_t2m_daily,T2M,temperature_2m,30.48,C,2022-04-18T00:00:00Z,NASA POWER (MERRA-2),"https://power.larc.nasa.gov/api/temporal/daily/point?parameters=T2M,PRECTOTCORR&community=RE&longitude=80.2707&latitude=13.0827&start=20210101&end=20241231&format=JSON",0.5x0.625 deg,daily,VALID,OBSERVED
IN-TN-CHE,Chennai,13.0827,80.2707,nasa_power_prectotcorr_daily,PRECTOTCORR,precipitation,0.33,mm/day,2022-04-18T00:00:00Z,NASA POWER (MERRA-2),"https://power.larc.nasa.gov/api/temporal/daily/point?parameters=T2M,PRECTOTCORR&community=RE&longitude=80.2707&latitude=13.0827&start=20210101&end=20241231&format=JSON",0.5x0.625 deg,daily,VALID,OBSERVED
IN-TN-CHE,Chennai,13.0827,80.2707,nasa_power_t2m_daily,T2M,temperature_2m,30.64,C,2022-04-19T00:00:00Z,NASA POWER (MERRA-2),"https://power.larc.nasa.gov/api/temporal/daily/point?parameters=T2M,PRECTOTCORR&community=RE&longitude=80.2707&latitude=13.0827&start=20210101&end=20241231&format=JSON",0.5x0.625 deg,daily,VALID,OBSERVED
IN-TN-CHE,Chennai,13.0827,80.2707,nasa_power_prectotcorr_daily,PRECTOTCORR,precipitation,0.03,mm/day,2022-04-19T00:00:00Z,NASA POWER (MERRA-2),"https://power.larc.nasa.gov/api/temporal/daily/point?parameters=T2M,PRECTOTCORR&community=RE&longitude=80.2707&latitude=13.0827&start=20210101&end=20241231&format=JSON",0.5x0.625 deg,daily,VALID,OBSERVED
IN-TN-CHE,Chennai,13.0827,80.2707,nasa_power_t2m_daily,T2M,temperature_2m,30.61,C,2022-04-20T00:00:00Z,NASA POWER (MERRA-2),"https://power.larc.nasa.gov/api/temporal/daily/point?parameters=T2M,PRECTOTCORR&community=RE&longitude=80.2707&latitude=13.0827&start=20210101&end=20241231&format=JSON",0.5x0.625 deg,daily,VALID,OBSERVED
IN-TN-CHE,Chennai,13.0827,80.2707,nasa_power_prectotcorr_daily,PRECTOTCORR,precipitation,0.02,mm/day,2022-04-20T00:00:00Z,NASA POWER (MERRA-2),"https://power.larc.nasa.gov/api/temporal/daily/point?parameters=T2M,PRECTOTCORR&community=RE&longitude=80.2707&latitude=13.0827&start=20210101&end=20241231&format=JSON",0.5x0.625 deg,daily,VALID,OBSERVED
IN-TN-CHE,Chennai,13.0827,80.2707,nasa_power_t2m_daily,T2M,temperature_2m,30.29,C,2022-04-21T00:00:00Z,NASA POWER (MERRA-2),"https://power.larc.nasa.gov/api/temporal/daily/point?parameters=T2M,PRECTOTCORR&community=RE&longitude=80.2707&latitude=13.0827&start=20210101&end=20241231&format=JSON",0.5x0.625 deg,daily,VALID,OBSERVED
IN-TN-CHE,Chennai,13.0827,80.2707,nasa_power_prectotcorr_daily,PRECTOTCORR,precipitation,0.01,mm/day,2022-04-21T00:00:00Z,NASA POWER (MERRA-2),"https://power.larc.nasa.gov/api/temporal/daily/point?parameters=T2M,PRECTOTCORR&community=RE&longitude=80.2707&latitude=13.0827&start=20210101&end=20241231&format=JSON",0.5x0.625 deg,daily,VALID,OBSERVED
IN-TN-CHE,Chennai,13.0827,80.2707,nasa_power_t2m_daily,T2M,temperature_2m,30.9,C,2022-04-22T00:00:00Z,NASA POWER (MERRA-2),"https://power.larc.nasa.gov/api/temporal/daily/point?parameters=T2M,PRECTOTCORR&community=RE&longitude=80.2707&latitude=13.0827&start=20210101&end=20241231&format=JSON",0.5x0.625 deg,daily,VALID,OBSERVED
IN-TN-CHE,Chennai,13.0827,80.2707,nasa_power_prectotcorr_daily,PRECTOTCORR,precipitation,0.02,mm/day,2022-04-22T00:00:00Z,NASA POWER (MERRA-2),"https://power.larc.nasa.gov/api/temporal/daily/point?parameters=T2M,PRECTOTCORR&community=RE&longitude=80.2707&latitude=13.0827&start=20210101&end=20241231&format=JSON",0.5x0.625 deg,daily,VALID,OBSERVED
IN-TN-CHE,Chennai,13.0827,80.2707,nasa_power_t2m_daily,T2M,temperature_2m,30.28,C,2022-04-23T00:00:00Z,NASA POWER (MERRA-2),"https://power.larc.nasa.gov/api/temporal/daily/point?parameters=T2M,PRECTOTCORR&community=RE&longitude=80.2707&latitude=13.0827&start=20210101&end=20241231&format=JSON",0.5x0.625 deg,daily,VALID,OBSERVED
IN-TN-CHE,Chennai,13.0827,80.2707,nasa_power_prectotcorr_daily,PRECTOTCORR,precipitation,0.04,mm/day,2022-04-23T00:00:00Z,NASA POWER (MERRA-2),"https://power.larc.nasa.gov/api/temporal/daily/point?parameters=T2M,PRECTOTCORR&community=RE&longitude=80.2707&latitude=13.0827&start=20210101&end=20241231&format=JSON",0.5x0.625 deg,daily,VALID,OBSERVED
IN-TN-CHE,Chennai,13.0827,80.2707,nasa_power_t2m_daily,T2M,temperature_2m,31.79,C,2022-04-24T00:00:00Z,NASA POWER (MERRA-2),"https://power.larc.nasa.gov/api/temporal/daily/point?parameters=T2M,PRECTOTCORR&community=RE&longitude=80.2707&latitude=13.0827&start=20210101&end=20241231&format=JSON",0.5x0.625 deg,daily,VALID,OBSERVED
IN-TN-CHE,Chennai,13.0827,80.2707,nasa_power_prectotcorr_daily,PRECTOTCORR,precipitation,0.0,mm/day,2022-04-24T00:00:00Z,NASA POWER (MERRA-2),"https://power.larc.nasa.gov/api/temporal/daily/point?parameters=T2M,PRECTOTCORR&community=RE&longitude=80.2707&latitude=13.0827&start=20210101&end=20241231&format=JSON",0.5x0.625 deg,daily,VALID,OBSERVED
IN-TN-CHE,Chennai,13.0827,80.2707,nasa_power_t2m_daily,T2M,temperature_2m,31.23,C,2022-04-25T00:00:00Z,NASA POWER (MERRA-2),"https://power.larc.nasa.gov/api/temporal/daily/point?parameters=T2M,PRECTOTCORR&community=RE&longitude=80.2707&latitude=13.0827&start=20210101&end=20241231&format=JSON",0.5x0.625 deg,daily,VALID,OBSERVED
IN-TN-CHE,Chennai,13.0827,80.2707,nasa_power_prectotcorr_daily,PRECTOTCORR,precipitation,0.0,mm/day,2022-04-25T00:00:00Z,NASA POWER (MERRA-2),"https://power.larc.nasa.gov/api/temporal/daily/point?parameters=T2M,PRECTOTCORR&community=RE&longitude=80.2707&latitude=13.0827&start=20210101&end=20241231&format=JSON",0.5x0.625 deg,daily,VALID,OBSERVED
IN-TN-CHE,Chennai,13.0827,80.2707,nasa_power_t2m_daily,T2M,temperature_2m,31.01,C,2022-04-26T00:00:00Z,NASA POWER (MERRA-2),"https://power.larc.nasa.gov/api/temporal/daily/point?parameters=T2M,PRECTOTCORR&community=RE&longitude=80.2707&latitude=13.0827&start=20210101&end=20241231&format=JSON",0.5x0.625 deg,daily,VALID,OBSERVED
IN-TN-CHE,Chennai,13.0827,80.2707,nasa_power_prectotcorr_daily,PRECTOTCORR,precipitation,0.0,mm/day,2022-04-26T00:00:00Z,NASA POWER (MERRA-2),"https://power.larc.nasa.gov/api/temporal/daily/point?parameters=T2M,PRECTOTCORR&community=RE&longitude=80.2707&latitude=13.0827&start=20210101&end=20241231&format=JSON",0.5x0.625 deg,daily,VALID,OBSERVED
IN-TN-CHE,Chennai,13.0827,80.2707,nasa_power_t2m_daily,T2M,temperature_2m,31.26,C,2022-04-27T00:00:00Z,NASA POWER (MERRA-2),"https://power.larc.nasa.gov/api/temporal/daily/point?parameters=T2M,PRECTOTCORR&community=RE&longitude=80.2707&latitude=13.0827&start=20210101&end=20241231&format=JSON",0.5x0.625 deg,daily,VALID,OBSERVED
IN-TN-CHE,Chennai,13.0827,80.2707,nasa_power_prectotcorr_daily,PRECTOTCORR,precipitation,0.0,mm/day,2022-04-27T00:00:00Z,NASA POWER (MERRA-2),"https://power.larc.nasa.gov/api/temporal/daily/point?parameters=T2M,PRECTOTCORR&community=RE&longitude=80.2707&latitude=13.0827&start=20210101&end=20241231&format=JSON",0.5x0.625 deg,daily,VALID,OBSERVED
IN-TN-CHE,Chennai,13.0827,80.2707,nasa_power_t2m_daily,T2M,temperature_2m,31.23,C,2022-04-28T00:00:00Z,NASA POWER (MERRA-2),"https://power.larc.nasa.gov/api/temporal/daily/point?parameters=T2M,PRECTOTCORR&community=RE&longitude=80.2707&latitude=13.0827&start=20210101&end=20241231&format=JSON",0.5x0.625 deg,daily,VALID,OBSERVED
IN-TN-CHE,Chennai,13.0827,80.2707,nasa_power_prectotcorr_daily,PRECTOTCORR,precipitation,0.0,mm/day,2022-04-28T00:00:00Z,NASA POWER (MERRA-2),"https://power.larc.nasa.gov/api/temporal/daily/point?parameters=T2M,PRECTOTCORR&community=RE&longitude=80.2707&latitude=13.0827&start=20210101&end=20241231&format=JSON",0.5x0.625 deg,daily,VALID,OBSERVED
IN-TN-CHE,Chennai,13.0827,80.2707,nasa_power_t2m_daily,T2M,temperature_2m,31.46,C,2022-04-29T00:00:00Z,NASA POWER (MERRA-2),"https://power.larc.nasa.gov/api/temporal/daily/point?parameters=T2M,PRECTOTCORR&community=RE&longitude=80.2707&latitude=13.0827&start=20210101&end=20241231&format=JSON",0.5x0.625 deg,daily,VALID,OBSERVED
IN-TN-CHE,Chennai,13.0827,80.2707,nasa_power_prectotcorr_daily,PRECTOTCORR,precipitation,0.02,mm/day,2022-04-29T00:00:00Z,NASA POWER (MERRA-2),"https://power.larc.nasa.gov/api/temporal/daily/point?parameters=T2M,PRECTOTCORR&community=RE&longitude=80.2707&latitude=13.0827&start=20210101&end=20241231&format=JSON",0.5x0.625 deg,daily,VALID,OBSERVED
IN-TN-CHE,Chennai,13.0827,80.2707,nasa_power_t2m_daily,T2M,temperature_2m,32.25,C,2022-04-30T00:00:00Z,NASA POWER (MERRA-2),"https://power.larc.nasa.gov/api/temporal/daily/point?parameters=T2M,PRECTOTCORR&community=RE&longitude=80.2707&latitude=13.0827&start=20210101&end=20241231&format=JSON",0.5x0.625 deg,daily,VALID,OBSERVED
IN-TN-CHE,Chennai,13.0827,80.2707,nasa_power_prectotcorr_daily,PRECTOTCORR,precipitation,0.01,mm/day,2022-04-30T00:00:00Z,NASA POWER (MERRA-2),"https://power.larc.nasa.gov/api/temporal/daily/point?parameters=T2M,PRECTOTCORR&community=RE&longitude=80.2707&latitude=13.0827&start=20210101&end=20241231&format=JSON",0.5x0.625 deg,daily,VALID,OBSERVED
IN-TN-CHE,Chennai,13.0827,80.2707,nasa_power_t2m_daily,T2M,temperature_2m,31.53,C,2022-05-01T00:00:00Z,NASA POWER (MERRA-2),"https://power.larc.nasa.gov/api/temporal/daily/point?parameters=T2M,PRECTOTCORR&community=RE&longitude=80.2707&latitude=13.0827&start=20210101&end=20241231&format=JSON",0.5x0.625 deg,daily,VALID,OBSERVED
IN-TN-CHE,Chennai,13.0827,80.2707,nasa_power_prectotcorr_daily,PRECTOTCORR,precipitation,0.38,mm/day,2022-05-01T00:00:00Z,NASA POWER (MERRA-2),"https://power.larc.nasa.gov/api/temporal/daily/point?parameters=T2M,PRECTOTCORR&community=RE&longitude=80.2707&latitude=13.0827&start=20210101&end=20241231&format=JSON",0.5x0.625 deg,daily,VALID,OBSERVED
IN-TN-CHE,Chennai,13.0827,80.2707,nasa_power_t2m_daily,T2M,temperature_2m,31.16,C,2022-05-02T00:00:00Z,NASA POWER (MERRA-2),"https://power.larc.nasa.gov/api/temporal/daily/point?parameters=T2M,PRECTOTCORR&community=RE&longitude=80.2707&latitude=13.0827&start=20210101&end=20241231&format=JSON",0.5x0.625 deg,daily,VALID,OBSERVED
IN-TN-CHE,Chennai,13.0827,80.2707,nasa_power_prectotcorr_daily,PRECTOTCORR,precipitation,0.99,mm/day,2022-05-02T00:00:00Z,NASA POWER (MERRA-2),"https://power.larc.nasa.gov/api/temporal/daily/point?parameters=T2M,PRECTOTCORR&community=RE&longitude=80.2707&latitude=13.0827&start=20210101&end=20241231&format=JSON",0.5x0.625 deg,daily,VALID,OBSERVED
IN-TN-CHE,Chennai,13.0827,80.2707,nasa_power_t2m_daily,T2M,temperature_2m,30.69,C,2022-05-03T00:00:00Z,NASA POWER (MERRA-2),"https://power.larc.nasa.gov/api/temporal/daily/point?parameters=T2M,PRECTOTCORR&community=RE&longitude=80.2707&latitude=13.0827&start=20210101&end=20241231&format=JSON",0.5x0.625 deg,daily,VALID,OBSERVED
IN-TN-CHE,Chennai,13.0827,80.2707,nasa_power_prectotcorr_daily,PRECTOTCORR,precipitation,0.48,mm/day,2022-05-03T00:00:00Z,NASA POWER (MERRA-2),"https://power.larc.nasa.gov/api/temporal/daily/point?parameters=T2M,PRECTOTCORR&community=RE&longitude=80.2707&latitude=13.0827&start=20210101&end=20241231&format=JSON",0.5x0.625 deg,daily,VALID,OBSERVED
IN-TN-CHE,Chennai,13.0827,80.2707,nasa_power_t2m_daily,T2M,temperature_2m,30.28,C,2022-05-04T00:00:00Z,NASA POWER (MERRA-2),"https://power.larc.nasa.gov/api/temporal/daily/point?parameters=T2M,PRECTOTCORR&community=RE&longitude=80.2707&latitude=13.0827&start=20210101&end=20241231&format=JSON",0.5x0.625 deg,daily,VALID,OBSERVED
IN-TN-CHE,Chennai,13.0827,80.2707,nasa_power_prectotcorr_daily,PRECTOTCORR,precipitation,1.98,mm/day,2022-05-04T00:00:00Z,NASA POWER (MERRA-2),"https://power.larc.nasa.gov/api/temporal/daily/point?parameters=T2M,PRECTOTCORR&community=RE&longitude=80.2707&latitude=13.0827&start=20210101&end=20241231&format=JSON",0.5x0.625 deg,daily,VALID,OBSERVED
IN-TN-CHE,Chennai,13.0827,80.2707,nasa_power_t2m_daily,T2M,temperature_2m,30.56,C,2022-05-05T00:00:00Z,NASA POWER (MERRA-2),"https://power.larc.nasa.gov/api/temporal/daily/point?parameters=T2M,PRECTOTCORR&community=RE&longitude=80.2707&latitude=13.0827&start=20210101&end=20241231&format=JSON",0.5x0.625 deg,daily,VALID,OBSERVED
IN-TN-CHE,Chennai,13.0827,80.2707,nasa_power_prectotcorr_daily,PRECTOTCORR,precipitation,1.93,mm/day,2022-05-05T00:00:00Z,NASA POWER (MERRA-2),"https://power.larc.nasa.gov/api/temporal/daily/point?parameters=T2M,PRECTOTCORR&community=RE&longitude=80.2707&latitude=13.0827&start=20210101&end=20241231&format=JSON",0.5x0.625 deg,daily,VALID,OBSERVED
IN-TN-CHE,Chennai,13.0827,80.2707,nasa_power_t2m_daily,T2M,temperature_2m,31.06,C,2022-05-06T00:00:00Z,NASA POWER (MERRA-2),"https://power.larc.nasa.gov/api/temporal/daily/point?parameters=T2M,PRECTOTCORR&community=RE&longitude=80.2707&latitude=13.0827&start=20210101&end=20241231&format=JSON",0.5x0.625 deg,daily,VALID,OBSERVED
IN-TN-CHE,Chennai,13.0827,80.2707,nasa_power_prectotcorr_daily,PRECTOTCORR,precipitation,4.02,mm/day,2022-05-06T00:00:00Z,NASA POWER (MERRA-2),"https://power.larc.nasa.gov/api/temporal/daily/point?parameters=T2M,PRECTOTCORR&community=RE&longitude=80.2707&latitude=13.0827&start=20210101&end=20241231&format=JSON",0.5x0.625 deg,daily,VALID,OBSERVED
IN-TN-CHE,Chennai,13.0827,80.2707,nasa_power_t2m_daily,T2M,temperature_2m,30.73,C,2022-05-07T00:00:00Z,NASA POWER (MERRA-2),"https://power.larc.nasa.gov/api/temporal/daily/point?parameters=T2M,PRECTOTCORR&community=RE&longitude=80.2707&latitude=13.0827&start=20210101&end=20241231&format=JSON",0.5x0.625 deg,daily,VALID,OBSERVED
IN-TN-CHE,Chennai,13.0827,80.2707,nasa_power_prectotcorr_daily,PRECTOTCORR,precipitation,8.16,mm/day,2022-05-07T00:00:00Z,NASA POWER (MERRA-2),"https://power.larc.nasa.gov/api/temporal/daily/point?parameters=T2M,PRECTOTCORR&community=RE&longitude=80.2707&latitude=13.0827&start=20210101&end=20241231&format=JSON",0.5x0.625 deg,daily,VALID,OBSERVED
IN-TN-CHE,Chennai,13.0827,80.2707,nasa_power_t2m_daily,T2M,temperature_2m,31.12,C,2022-05-08T00:00:00Z,NASA POWER (MERRA-2),"https://power.larc.nasa.gov/api/temporal/daily/point?parameters=T2M,PRECTOTCORR&community=RE&longitude=80.2707&latitude=13.0827&start=20210101&end=20241231&format=JSON",0.5x0.625 deg,daily,VALID,OBSERVED
IN-TN-CHE,Chennai,13.0827,80.2707,nasa_power_prectotcorr_daily,PRECTOTCORR,precipitation,0.52,mm/day,2022-05-08T00:00:00Z,NASA POWER (MERRA-2),"https://power.larc.nasa.gov/api/temporal/daily/point?parameters=T2M,PRECTOTCORR&community=RE&longitude=80.2707&latitude=13.0827&start=20210101&end=20241231&format=JSON",0.5x0.625 deg,daily,VALID,OBSERVED
IN-TN-CHE,Chennai,13.0827,80.2707,nasa_power_t2m_daily,T2M,temperature_2m,30.63,C,2022-05-09T00:00:00Z,NASA POWER (MERRA-2),"https://power.larc.nasa.gov/api/temporal/daily/point?parameters=T2M,PRECTOTCORR&community=RE&longitude=80.2707&latitude=13.0827&start=20210101&end=20241231&format=JSON",0.5x0.625 deg,daily,VALID,OBSERVED
IN-TN-CHE,Chennai,13.0827,80.2707,nasa_power_prectotcorr_daily,PRECTOTCORR,precipitation,1.28,mm/day,2022-05-09T00:00:00Z,NASA POWER (MERRA-2),"https://power.larc.nasa.gov/api/temporal/daily/point?parameters=T2M,PRECTOTCORR&community=RE&longitude=80.2707&latitude=13.0827&start=20210101&end=20241231&format=JSON",0.5x0.625 deg,daily,VALID,OBSERVED
IN-TN-CHE,Chennai,13.0827,80.2707,nasa_power_t2m_daily,T2M,temperature_2m,29.78,C,2022-05-10T00:00:00Z,NASA POWER (MERRA-2),"https://power.larc.nasa.gov/api/temporal/daily/point?parameters=T2M,PRECTOTCORR&community=RE&longitude=80.2707&latitude=13.0827&start=20210101&end=20241231&format=JSON",0.5x0.625 deg,daily,VALID,OBSERVED
IN-TN-CHE,Chennai,13.0827,80.2707,nasa_power_prectotcorr_daily,PRECTOTCORR,precipitation,10.74,mm/day,2022-05-10T00:00:00Z,NASA POWER (MERRA-2),"https://power.larc.nasa.gov/api/temporal/daily/point?parameters=T2M,PRECTOTCORR&community=RE&longitude=80.2707&latitude=13.0827&start=20210101&end=20241231&format=JSON",0.5x0.625 deg,daily,VALID,OBSERVED
IN-TN-CHE,Chennai,13.0827,80.2707,nasa_power_t2m_daily,T2M,temperature_2m,30.39,C,2022-05-11T00:00:00Z,NASA POWER (MERRA-2),"https://power.larc.nasa.gov/api/temporal/daily/point?parameters=T2M,PRECTOTCORR&community=RE&longitude=80.2707&latitude=13.0827&start=20210101&end=20241231&format=JSON",0.5x0.625 deg,daily,VALID,OBSERVED
IN-TN-CHE,Chennai,13.0827,80.2707,nasa_power_prectotcorr_daily,PRECTOTCORR,precipitation,6.44,mm/day,2022-05-11T00:00:00Z,NASA POWER (MERRA-2),"https://power.larc.nasa.gov/api/temporal/daily/point?parameters=T2M,PRECTOTCORR&community=RE&longitude=80.2707&latitude=13.0827&start=20210101&end=20241231&format=JSON",0.5x0.625 deg,daily,VALID,OBSERVED
IN-TN-CHE,Chennai,13.0827,80.2707,nasa_power_t2m_daily,T2M,temperature_2m,29.95,C,2022-05-12T00:00:00Z,NASA POWER (MERRA-2),"https://power.larc.nasa.gov/api/temporal/daily/point?parameters=T2M,PRECTOTCORR&community=RE&longitude=80.2707&latitude=13.0827&start=20210101&end=20241231&format=JSON",0.5x0.625 deg,daily,VALID,OBSERVED
IN-TN-CHE,Chennai,13.0827,80.2707,nasa_power_prectotcorr_daily,PRECTOTCORR,precipitation,8.99,mm/day,2022-05-12T00:00:00Z,NASA POWER (MERRA-2),"https://power.larc.nasa.gov/api/temporal/daily/point?parameters=T2M,PRECTOTCORR&community=RE&longitude=80.2707&latitude=13.0827&start=20210101&end=20241231&format=JSON",0.5x0.625 deg,daily,VALID,OBSERVED
IN-TN-CHE,Chennai,13.0827,80.2707,nasa_power_t2m_daily,T2M,temperature_2m,28.94,C,2022-05-13T00:00:00Z,NASA POWER (MERRA-2),"https://power.larc.nasa.gov/api/temporal/daily/point?parameters=T2M,PRECTOTCORR&community=RE&longitude=80.2707&latitude=13.0827&start=20210101&end=20241231&format=JSON",0.5x0.625 deg,daily,VALID,OBSERVED
IN-TN-CHE,Chennai,13.0827,80.2707,nasa_power_prectotcorr_daily,PRECTOTCORR,precipitation,1.16,mm/day,2022-05-13T00:00:00Z,NASA POWER (MERRA-2),"https://power.larc.nasa.gov/api/temporal/daily/point?parameters=T2M,PRECTOTCORR&community=RE&longitude=80.2707&latitude=13.0827&start=20210101&end=20241231&format=JSON",0.5x0.625 deg,daily,VALID,OBSERVED
IN-TN-CHE,Chennai,13.0827,80.2707,nasa_power_t2m_daily,T2M,temperature_2m,30.42,C,2022-05-14T00:00:00Z,NASA POWER (MERRA-2),"https://power.larc.nasa.gov/api/temporal/daily/point?parameters=T2M,PRECTOTCORR&community=RE&longitude=80.2707&latitude=13.0827&start=20210101&end=20241231&format=JSON",0.5x0.625 deg,daily,VALID,OBSERVED
IN-TN-CHE,Chennai,13.0827,80.2707,nasa_power_prectotcorr_daily,PRECTOTCORR,precipitation,1.15,mm/day,2022-05-14T00:00:00Z,NASA POWER (MERRA-2),"https://power.larc.nasa.gov/api/temporal/daily/point?parameters=T2M,PRECTOTCORR&community=RE&longitude=80.2707&latitude=13.0827&start=20210101&end=20241231&format=JSON",0.5x0.625 deg,daily,VALID,OBSERVED
IN-TN-CHE,Chennai,13.0827,80.2707,nasa_power_t2m_daily,T2M,temperature_2m,28.6,C,2022-05-15T00:00:00Z,NASA POWER (MERRA-2),"https://power.larc.nasa.gov/api/temporal/daily/point?parameters=T2M,PRECTOTCORR&community=RE&longitude=80.2707&latitude=13.0827&start=20210101&end=20241231&format=JSON",0.5x0.625 deg,daily,VALID,OBSERVED
IN-TN-CHE,Chennai,13.0827,80.2707,nasa_power_prectotcorr_daily,PRECTOTCORR,precipitation,7.5,mm/day,2022-05-15T00:00:00Z,NASA POWER (MERRA-2),"https://power.larc.nasa.gov/api/temporal/daily/point?parameters=T2M,PRECTOTCORR&community=RE&longitude=80.2707&latitude=13.0827&start=20210101&end=20241231&format=JSON",0.5x0.625 deg,daily,VALID,OBSERVED
IN-TN-CHE,Chennai,13.0827,80.2707,nasa_power_t2m_daily,T2M,temperature_2m,29.29,C,2022-05-16T00:00:00Z,NASA POWER (MERRA-2),"https://power.larc.nasa.gov/api/temporal/daily/point?parameters=T2M,PRECTOTCORR&community=RE&longitude=80.2707&latitude=13.0827&start=20210101&end=20241231&format=JSON",0.5x0.625 deg,daily,VALID,OBSERVED
IN-TN-CHE,Chennai,13.0827,80.2707,nasa_power_prectotcorr_daily,PRECTOTCORR,precipitation,6.12,mm/day,2022-05-16T00:00:00Z,NASA POWER (MERRA-2),"https://power.larc.nasa.gov/api/temporal/daily/point?parameters=T2M,PRECTOTCORR&community=RE&longitude=80.2707&latitude=13.0827&start=20210101&end=20241231&format=JSON",0.5x0.625 deg,daily,VALID,OBSERVED
IN-TN-CHE,Chennai,13.0827,80.2707,nasa_power_t2m_daily,T2M,temperature_2m,29.08,C,2022-05-17T00:00:00Z,NASA POWER (MERRA-2),"https://power.larc.nasa.gov/api/temporal/daily/point?parameters=T2M,PRECTOTCORR&community=RE&longitude=80.2707&latitude=13.0827&start=20210101&end=20241231&format=JSON",0.5x0.625 deg,daily,VALID,OBSERVED
IN-TN-CHE,Chennai,13.0827,80.2707,nasa_power_prectotcorr_daily,PRECTOTCORR,precipitation,2.55,mm/day,2022-05-17T00:00:00Z,NASA POWER (MERRA-2),"https://power.larc.nasa.gov/api/temporal/daily/point?parameters=T2M,PRECTOTCORR&community=RE&longitude=80.2707&latitude=13.0827&start=20210101&end=20241231&format=JSON",0.5x0.625 deg,daily,VALID,OBSERVED
IN-TN-CHE,Chennai,13.0827,80.2707,nasa_power_t2m_daily,T2M,temperature_2m,29.3,C,2022-05-18T00:00:00Z,NASA POWER (MERRA-2),"https://power.larc.nasa.gov/api/temporal/daily/point?parameters=T2M,PRECTOTCORR&community=RE&longitude=80.2707&latitude=13.0827&start=20210101&end=20241231&format=JSON",0.5x0.625 deg,daily,VALID,OBSERVED
IN-TN-CHE,Chennai,13.0827,80.2707,nasa_power_prectotcorr_daily,PRECTOTCORR,precipitation,1.4,mm/day,2022-05-18T00:00:00Z,NASA POWER (MERRA-2),"https://power.larc.nasa.gov/api/temporal/daily/point?parameters=T2M,PRECTOTCORR&community=RE&longitude=80.2707&latitude=13.0827&start=20210101&end=20241231&format=JSON",0.5x0.625 deg,daily,VALID,OBSERVED
IN-TN-CHE,Chennai,13.0827,80.2707,nasa_power_t2m_daily,T2M,temperature_2m,29.28,C,2022-05-19T00:00:00Z,NASA POWER (MERRA-2),"https://power.larc.nasa.gov/api/temporal/daily/point?parameters=T2M,PRECTOTCORR&community=RE&longitude=80.2707&latitude=13.0827&start=20210101&end=20241231&format=JSON",0.5x0.625 deg,daily,VALID,OBSERVED
IN-TN-CHE,Chennai,13.0827,80.2707,nasa_power_prectotcorr_daily,PRECTOTCORR,precipitation,0.45,mm/day,2022-05-19T00:00:00Z,NASA POWER (MERRA-2),"https://power.larc.nasa.gov/api/temporal/daily/point?parameters=T2M,PRECTOTCORR&community=RE&longitude=80.2707&latitude=13.0827&start=20210101&end=20241231&format=JSON",0.5x0.625 deg,daily,VALID,OBSERVED
IN-TN-CHE,Chennai,13.0827,80.2707,nasa_power_t2m_daily,T2M,temperature_2m,28.45,C,2022-05-20T00:00:00Z,NASA POWER (MERRA-2),"https://power.larc.nasa.gov/api/temporal/daily/point?parameters=T2M,PRECTOTCORR&community=RE&longitude=80.2707&latitude=13.0827&start=20210101&end=20241231&format=JSON",0.5x0.625 deg,daily,VALID,OBSERVED
IN-TN-CHE,Chennai,13.0827,80.2707,nasa_power_prectotcorr_daily,PRECTOTCORR,precipitation,0.4,mm/day,2022-05-20T00:00:00Z,NASA POWER (MERRA-2),"https://power.larc.nasa.gov/api/temporal/daily/point?parameters=T2M,PRECTOTCORR&community=RE&longitude=80.2707&latitude=13.0827&start=20210101&end=20241231&format=JSON",0.5x0.625 deg,daily,VALID,OBSERVED
IN-TN-CHE,Chennai,13.0827,80.2707,nasa_power_t2m_daily,T2M,temperature_2m,30.58,C,2022-05-21T00:00:00Z,NASA POWER (MERRA-2),"https://power.larc.nasa.gov/api/temporal/daily/point?parameters=T2M,PRECTOTCORR&community=RE&longitude=80.2707&latitude=13.0827&start=20210101&end=20241231&format=JSON",0.5x0.625 deg,daily,VALID,OBSERVED
IN-TN-CHE,Chennai,13.0827,80.2707,nasa_power_prectotcorr_daily,PRECTOTCORR,precipitation,0.02,mm/day,2022-05-21T00:00:00Z,NASA POWER (MERRA-2),"https://power.larc.nasa.gov/api/temporal/daily/point?parameters=T2M,PRECTOTCORR&community=RE&longitude=80.2707&latitude=13.0827&start=20210101&end=20241231&format=JSON",0.5x0.625 deg,daily,VALID,OBSERVED
IN-TN-CHE,Chennai,13.0827,80.2707,nasa_power_t2m_daily,T2M,temperature_2m,31.38,C,2022-05-22T00:00:00Z,NASA POWER (MERRA-2),"https://power.larc.nasa.gov/api/temporal/daily/point?parameters=T2M,PRECTOTCORR&community=RE&longitude=80.2707&latitude=13.0827&start=20210101&end=20241231&format=JSON",0.5x0.625 deg,daily,VALID,OBSERVED
IN-TN-CHE,Chennai,13.0827,80.2707,nasa_power_prectotcorr_daily,PRECTOTCORR,precipitation,0.03,mm/day,2022-05-22T00:00:00Z,NASA POWER (MERRA-2),"https://power.larc.nasa.gov/api/temporal/daily/point?parameters=T2M,PRECTOTCORR&community=RE&longitude=80.2707&latitude=13.0827&start=20210101&end=20241231&format=JSON",0.5x0.625 deg,daily,VALID,OBSERVED
IN-TN-CHE,Chennai,13.0827,80.2707,nasa_power_t2m_daily,T2M,temperature_2m,31.94,C,2022-05-23T00:00:00Z,NASA POWER (MERRA-2),"https://power.larc.nasa.gov/api/temporal/daily/point?parameters=T2M,PRECTOTCORR&community=RE&longitude=80.2707&latitude=13.0827&start=20210101&end=20241231&format=JSON",0.5x0.625 deg,daily,VALID,OBSERVED
IN-TN-CHE,Chennai,13.0827,80.2707,nasa_power_prectotcorr_daily,PRECTOTCORR,precipitation,0.01,mm/day,2022-05-23T00:00:00Z,NASA POWER (MERRA-2),"https://power.larc.nasa.gov/api/temporal/daily/point?parameters=T2M,PRECTOTCORR&community=RE&longitude=80.2707&latitude=13.0827&start=20210101&end=20241231&format=JSON",0.5x0.625 deg,daily,VALID,OBSERVED
IN-TN-CHE,Chennai,13.0827,80.2707,nasa_power_t2m_daily,T2M,temperature_2m,32.05,C,2022-05-24T00:00:00Z,NASA POWER (MERRA-2),"https://power.larc.nasa.gov/api/temporal/daily/point?parameters=T2M,PRECTOTCORR&community=RE&longitude=80.2707&latitude=13.0827&start=20210101&end=20241231&format=JSON",0.5x0.625 deg,daily,VALID,OBSERVED
IN-TN-CHE,Chennai,13.0827,80.2707,nasa_power_prectotcorr_daily,PRECTOTCORR,precipitation,0.07,mm/day,2022-05-24T00:00:00Z,NASA POWER (MERRA-2),"https://power.larc.nasa.gov/api/temporal/daily/point?parameters=T2M,PRECTOTCORR&community=RE&longitude=80.2707&latitude=13.0827&start=20210101&end=20241231&format=JSON",0.5x0.625 deg,daily,VALID,OBSERVED
IN-TN-CHE,Chennai,13.0827,80.2707,nasa_power_t2m_daily,T2M,temperature_2m,31.23,C,2022-05-25T00:00:00Z,NASA POWER (MERRA-2),"https://power.larc.nasa.gov/api/temporal/daily/point?parameters=T2M,PRECTOTCORR&community=RE&longitude=80.2707&latitude=13.0827&start=20210101&end=20241231&format=JSON",0.5x0.625 deg,daily,VALID,OBSERVED
IN-TN-CHE,Chennai,13.0827,80.2707,nasa_power_prectotcorr_daily,PRECTOTCORR,precipitation,2.43,mm/day,2022-05-25T00:00:00Z,NASA POWER (MERRA-2),"https://power.larc.nasa.gov/api/temporal/daily/point?parameters=T2M,PRECTOTCORR&community=RE&longitude=80.2707&latitude=13.0827&start=20210101&end=20241231&format=JSON",0.5x0.625 deg,daily,VALID,OBSERVED
IN-TN-CHE,Chennai,13.0827,80.2707,nasa_power_t2m_daily,T2M,temperature_2m,30.34,C,2022-05-26T00:00:00Z,NASA POWER (MERRA-2),"https://power.larc.nasa.gov/api/temporal/daily/point?parameters=T2M,PRECTOTCORR&community=RE&longitude=80.2707&latitude=13.0827&start=20210101&end=20241231&format=JSON",0.5x0.625 deg,daily,VALID,OBSERVED
IN-TN-CHE,Chennai,13.0827,80.2707,nasa_power_prectotcorr_daily,PRECTOTCORR,precipitation,3.13,mm/day,2022-05-26T00:00:00Z,NASA POWER (MERRA-2),"https://power.larc.nasa.gov/api/temporal/daily/point?parameters=T2M,PRECTOTCORR&community=RE&longitude=80.2707&latitude=13.0827&start=20210101&end=20241231&format=JSON",0.5x0.625 deg,daily,VALID,OBSERVED
IN-TN-CHE,Chennai,13.0827,80.2707,nasa_power_t2m_daily,T2M,temperature_2m,30.33,C,2022-05-27T00:00:00Z,NASA POWER (MERRA-2),"https://power.larc.nasa.gov/api/temporal/daily/point?parameters=T2M,PRECTOTCORR&community=RE&longitude=80.2707&latitude=13.0827&start=20210101&end=20241231&format=JSON",0.5x0.625 deg,daily,VALID,OBSERVED
IN-TN-CHE,Chennai,13.0827,80.2707,nasa_power_prectotcorr_daily,PRECTOTCORR,precipitation,1.93,mm/day,2022-05-27T00:00:00Z,NASA POWER (MERRA-2),"https://power.larc.nasa.gov/api/temporal/daily/point?parameters=T2M,PRECTOTCORR&community=RE&longitude=80.2707&latitude=13.0827&start=20210101&end=20241231&format=JSON",0.5x0.625 deg,daily,VALID,OBSERVED
IN-TN-CHE,Chennai,13.0827,80.2707,nasa_power_t2m_daily,T2M,temperature_2m,30.67,C,2022-05-28T00:00:00Z,NASA POWER (MERRA-2),"https://power.larc.nasa.gov/api/temporal/daily/point?parameters=T2M,PRECTOTCORR&community=RE&longitude=80.2707&latitude=13.0827&start=20210101&end=20241231&format=JSON",0.5x0.625 deg,daily,VALID,OBSERVED
IN-TN-CHE,Chennai,13.0827,80.2707,nasa_power_prectotcorr_daily,PRECTOTCORR,precipitation,0.08,mm/day,2022-05-28T00:00:00Z,NASA POWER (MERRA-2),"https://power.larc.nasa.gov/api/temporal/daily/point?parameters=T2M,PRECTOTCORR&community=RE&longitude=80.2707&latitude=13.0827&start=20210101&end=20241231&format=JSON",0.5x0.625 deg,daily,VALID,OBSERVED
IN-TN-CHE,Chennai,13.0827,80.2707,nasa_power_t2m_daily,T2M,temperature_2m,30.83,C,2022-05-29T00:00:00Z,NASA POWER (MERRA-2),"https://power.larc.nasa.gov/api/temporal/daily/point?parameters=T2M,PRECTOTCORR&community=RE&longitude=80.2707&latitude=13.0827&start=20210101&end=20241231&format=JSON",0.5x0.625 deg,daily,VALID,OBSERVED
IN-TN-CHE,Chennai,13.0827,80.2707,nasa_power_prectotcorr_daily,PRECTOTCORR,precipitation,0.13,mm/day,2022-05-29T00:00:00Z,NASA POWER (MERRA-2),"https://power.larc.nasa.gov/api/temporal/daily/point?parameters=T2M,PRECTOTCORR&community=RE&longitude=80.2707&latitude=13.0827&start=20210101&end=20241231&format=JSON",0.5x0.625 deg,daily,VALID,OBSERVED
IN-TN-CHE,Chennai,13.0827,80.2707,nasa_power_t2m_daily,T2M,temperature_2m,31.03,C,2022-05-30T00:00:00Z,NASA POWER (MERRA-2),"https://power.larc.nasa.gov/api/temporal/daily/point?parameters=T2M,PRECTOTCORR&community=RE&longitude=80.2707&latitude=13.0827&start=20210101&end=20241231&format=JSON",0.5x0.625 deg,daily,VALID,OBSERVED
IN-TN-CHE,Chennai,13.0827,80.2707,nasa_power_prectotcorr_daily,PRECTOTCORR,precipitation,0.09,mm/day,2022-05-30T00:00:00Z,NASA POWER (MERRA-2),"https://power.larc.nasa.gov/api/temporal/daily/point?parameters=T2M,PRECTOTCORR&community=RE&longitude=80.2707&latitude=13.0827&start=20210101&end=20241231&format=JSON",0.5x0.625 deg,daily,VALID,OBSERVED
IN-TN-CHE,Chennai,13.0827,80.2707,nasa_power_t2m_daily,T2M,temperature_2m,31.0,C,2022-05-31T00:00:00Z,NASA POWER (MERRA-2),"https://power.larc.nasa.gov/api/temporal/daily/point?parameters=T2M,PRECTOTCORR&community=RE&longitude=80.2707&latitude=13.0827&start=20210101&end=20241231&format=JSON",0.5x0.625 deg,daily,VALID,OBSERVED
IN-TN-CHE,Chennai,13.0827,80.2707,nasa_power_prectotcorr_daily,PRECTOTCORR,precipitation,0.03,mm/day,2022-05-31T00:00:00Z,NASA POWER (MERRA-2),"https://power.larc.nasa.gov/api/temporal/daily/point?parameters=T2M,PRECTOTCORR&community=RE&longitude=80.2707&latitude=13.0827&start=20210101&end=20241231&format=JSON",0.5x0.625 deg,daily,VALID,OBSERVED
IN-TN-CHE,Chennai,13.0827,80.2707,nasa_power_t2m_daily,T2M,temperature_2m,31.01,C,2022-06-01T00:00:00Z,NASA POWER (MERRA-2),"https://power.larc.nasa.gov/api/temporal/daily/point?parameters=T2M,PRECTOTCORR&community=RE&longitude=80.2707&latitude=13.0827&start=20210101&end=20241231&format=JSON",0.5x0.625 deg,daily,VALID,OBSERVED
IN-TN-CHE,Chennai,13.0827,80.2707,nasa_power_prectotcorr_daily,PRECTOTCORR,precipitation,0.01,mm/day,2022-06-01T00:00:00Z,NASA POWER (MERRA-2),"https://power.larc.nasa.gov/api/temporal/daily/point?parameters=T2M,PRECTOTCORR&community=RE&longitude=80.2707&latitude=13.0827&start=20210101&end=20241231&format=JSON",0.5x0.625 deg,daily,VALID,OBSERVED
IN-TN-CHE,Chennai,13.0827,80.2707,nasa_power_t2m_daily,T2M,temperature_2m,31.0,C,2022-06-02T00:00:00Z,NASA POWER (MERRA-2),"https://power.larc.nasa.gov/api/temporal/daily/point?parameters=T2M,PRECTOTCORR&community=RE&longitude=80.2707&latitude=13.0827&start=20210101&end=20241231&format=JSON",0.5x0.625 deg,daily,VALID,OBSERVED
IN-TN-CHE,Chennai,13.0827,80.2707,nasa_power_prectotcorr_daily,PRECTOTCORR,precipitation,0.0,mm/day,2022-06-02T00:00:00Z,NASA POWER (MERRA-2),"https://power.larc.nasa.gov/api/temporal/daily/point?parameters=T2M,PRECTOTCORR&community=RE&longitude=80.2707&latitude=13.0827&start=20210101&end=20241231&format=JSON",0.5x0.625 deg,daily,VALID,OBSERVED
IN-TN-CHE,Chennai,13.0827,80.2707,nasa_power_t2m_daily,T2M,temperature_2m,31.22,C,2022-06-03T00:00:00Z,NASA POWER (MERRA-2),"https://power.larc.nasa.gov/api/temporal/daily/point?parameters=T2M,PRECTOTCORR&community=RE&longitude=80.2707&latitude=13.0827&start=20210101&end=20241231&format=JSON",0.5x0.625 deg,daily,VALID,OBSERVED
IN-TN-CHE,Chennai,13.0827,80.2707,nasa_power_prectotcorr_daily,PRECTOTCORR,precipitation,0.01,mm/day,2022-06-03T00:00:00Z,NASA POWER (MERRA-2),"https://power.larc.nasa.gov/api/temporal/daily/point?parameters=T2M,PRECTOTCORR&community=RE&longitude=80.2707&latitude=13.0827&start=20210101&end=20241231&format=JSON",0.5x0.625 deg,daily,VALID,OBSERVED
IN-TN-CHE,Chennai,13.0827,80.2707,nasa_power_t2m_daily,T2M,temperature_2m,29.71,C,2022-06-04T00:00:00Z,NASA POWER (MERRA-2),"https://power.larc.nasa.gov/api/temporal/daily/point?parameters=T2M,PRECTOTCORR&community=RE&longitude=80.2707&latitude=13.0827&start=20210101&end=20241231&format=JSON",0.5x0.625 deg,daily,VALID,OBSERVED
IN-TN-CHE,Chennai,13.0827,80.2707,nasa_power_prectotcorr_daily,PRECTOTCORR,precipitation,0.01,mm/day,2022-06-04T00:00:00Z,NASA POWER (MERRA-2),"https://power.larc.nasa.gov/api/temporal/daily/point?parameters=T2M,PRECTOTCORR&community=RE&longitude=80.2707&latitude=13.0827&start=20210101&end=20241231&format=JSON",0.5x0.625 deg,daily,VALID,OBSERVED
IN-TN-CHE,Chennai,13.0827,80.2707,nasa_power_t2m_daily,T2M,temperature_2m,30.59,C,2022-06-05T00:00:00Z,NASA POWER (MERRA-2),"https://power.larc.nasa.gov/api/temporal/daily/point?parameters=T2M,PRECTOTCORR&community=RE&longitude=80.2707&latitude=13.0827&start=20210101&end=20241231&format=JSON",0.5x0.625 deg,daily,VALID,OBSERVED
IN-TN-CHE,Chennai,13.0827,80.2707,nasa_power_prectotcorr_daily,PRECTOTCORR,precipitation,1.81,mm/day,2022-06-05T00:00:00Z,NASA POWER (MERRA-2),"https://power.larc.nasa.gov/api/temporal/daily/point?parameters=T2M,PRECTOTCORR&community=RE&longitude=80.2707&latitude=13.0827&start=20210101&end=20241231&format=JSON",0.5x0.625 deg,daily,VALID,OBSERVED
IN-TN-CHE,Chennai,13.0827,80.2707,nasa_power_t2m_daily,T2M,temperature_2m,29.17,C,2022-06-06T00:00:00Z,NASA POWER (MERRA-2),"https://power.larc.nasa.gov/api/temporal/daily/point?parameters=T2M,PRECTOTCORR&community=RE&longitude=80.2707&latitude=13.0827&start=20210101&end=20241231&format=JSON",0.5x0.625 deg,daily,VALID,OBSERVED
IN-TN-CHE,Chennai,13.0827,80.2707,nasa_power_prectotcorr_daily,PRECTOTCORR,precipitation,3.7,mm/day,2022-06-06T00:00:00Z,NASA POWER (MERRA-2),"https://power.larc.nasa.gov/api/temporal/daily/point?parameters=T2M,PRECTOTCORR&community=RE&longitude=80.2707&latitude=13.0827&start=20210101&end=20241231&format=JSON",0.5x0.625 deg,daily,VALID,OBSERVED
IN-TN-CHE,Chennai,13.0827,80.2707,nasa_power_t2m_daily,T2M,temperature_2m,29.96,C,2022-06-07T00:00:00Z,NASA POWER (MERRA-2),"https://power.larc.nasa.gov/api/temporal/daily/point?parameters=T2M,PRECTOTCORR&community=RE&longitude=80.2707&latitude=13.0827&start=20210101&end=20241231&format=JSON",0.5x0.625 deg,daily,VALID,OBSERVED
IN-TN-CHE,Chennai,13.0827,80.2707,nasa_power_prectotcorr_daily,PRECTOTCORR,precipitation,2.57,mm/day,2022-06-07T00:00:00Z,NASA POWER (MERRA-2),"https://power.larc.nasa.gov/api/temporal/daily/point?parameters=T2M,PRECTOTCORR&community=RE&longitude=80.2707&latitude=13.0827&start=20210101&end=20241231&format=JSON",0.5x0.625 deg,daily,VALID,OBSERVED
IN-TN-CHE,Chennai,13.0827,80.2707,nasa_power_t2m_daily,T2M,temperature_2m,30.65,C,2022-06-08T00:00:00Z,NASA POWER (MERRA-2),"https://power.larc.nasa.gov/api/temporal/daily/point?parameters=T2M,PRECTOTCORR&community=RE&longitude=80.2707&latitude=13.0827&start=20210101&end=20241231&format=JSON",0.5x0.625 deg,daily,VALID,OBSERVED
IN-TN-CHE,Chennai,13.0827,80.2707,nasa_power_prectotcorr_daily,PRECTOTCORR,precipitation,0.38,mm/day,2022-06-08T00:00:00Z,NASA POWER (MERRA-2),"https://power.larc.nasa.gov/api/temporal/daily/point?parameters=T2M,PRECTOTCORR&community=RE&longitude=80.2707&latitude=13.0827&start=20210101&end=20241231&format=JSON",0.5x0.625 deg,daily,VALID,OBSERVED
IN-TN-CHE,Chennai,13.0827,80.2707,nasa_power_t2m_daily,T2M,temperature_2m,30.33,C,2022-06-09T00:00:00Z,NASA POWER (MERRA-2),"https://power.larc.nasa.gov/api/temporal/daily/point?parameters=T2M,PRECTOTCORR&community=RE&longitude=80.2707&latitude=13.0827&start=20210101&end=20241231&format=JSON",0.5x0.625 deg,daily,VALID,OBSERVED
IN-TN-CHE,Chennai,13.0827,80.2707,nasa_power_prectotcorr_daily,PRECTOTCORR,precipitation,0.26,mm/day,2022-06-09T00:00:00Z,NASA POWER (MERRA-2),"https://power.larc.nasa.gov/api/temporal/daily/point?parameters=T2M,PRECTOTCORR&community=RE&longitude=80.2707&latitude=13.0827&start=20210101&end=20241231&format=JSON",0.5x0.625 deg,daily,VALID,OBSERVED
IN-TN-CHE,Chennai,13.0827,80.2707,nasa_power_t2m_daily,T2M,temperature_2m,30.45,C,2022-06-10T00:00:00Z,NASA POWER (MERRA-2),"https://power.larc.nasa.gov/api/temporal/daily/point?parameters=T2M,PRECTOTCORR&community=RE&longitude=80.2707&latitude=13.0827&start=20210101&end=20241231&format=JSON",0.5x0.625 deg,daily,VALID,OBSERVED
IN-TN-CHE,Chennai,13.0827,80.2707,nasa_power_prectotcorr_daily,PRECTOTCORR,precipitation,0.21,mm/day,2022-06-10T00:00:00Z,NASA POWER (MERRA-2),"https://power.larc.nasa.gov/api/temporal/daily/point?parameters=T2M,PRECTOTCORR&community=RE&longitude=80.2707&latitude=13.0827&start=20210101&end=20241231&format=JSON",0.5x0.625 deg,daily,VALID,OBSERVED
IN-TN-CHE,Chennai,13.0827,80.2707,nasa_power_t2m_daily,T2M,temperature_2m,30.27,C,2022-06-11T00:00:00Z,NASA POWER (MERRA-2),"https://power.larc.nasa.gov/api/temporal/daily/point?parameters=T2M,PRECTOTCORR&community=RE&longitude=80.2707&latitude=13.0827&start=20210101&end=20241231&format=JSON",0.5x0.625 deg,daily,VALID,OBSERVED
IN-TN-CHE,Chennai,13.0827,80.2707,nasa_power_prectotcorr_daily,PRECTOTCORR,precipitation,1.31,mm/day,2022-06-11T00:00:00Z,NASA POWER (MERRA-2),"https://power.larc.nasa.gov/api/temporal/daily/point?parameters=T2M,PRECTOTCORR&community=RE&longitude=80.2707&latitude=13.0827&start=20210101&end=20241231&format=JSON",0.5x0.625 deg,daily,VALID,OBSERVED
IN-TN-CHE,Chennai,13.0827,80.2707,nasa_power_t2m_daily,T2M,temperature_2m,30.7,C,2022-06-12T00:00:00Z,NASA POWER (MERRA-2),"https://power.larc.nasa.gov/api/temporal/daily/point?parameters=T2M,PRECTOTCORR&community=RE&longitude=80.2707&latitude=13.0827&start=20210101&end=20241231&format=JSON",0.5x0.625 deg,daily,VALID,OBSERVED
IN-TN-CHE,Chennai,13.0827,80.2707,nasa_power_prectotcorr_daily,PRECTOTCORR,precipitation,1.97,mm/day,2022-06-12T00:00:00Z,NASA POWER (MERRA-2),"https://power.larc.nasa.gov/api/temporal/daily/point?parameters=T2M,PRECTOTCORR&community=RE&longitude=80.2707&latitude=13.0827&start=20210101&end=20241231&format=JSON",0.5x0.625 deg,daily,VALID,OBSERVED
IN-TN-CHE,Chennai,13.0827,80.2707,nasa_power_t2m_daily,T2M,temperature_2m,30.57,C,2022-06-13T00:00:00Z,NASA POWER (MERRA-2),"https://power.larc.nasa.gov/api/temporal/daily/point?parameters=T2M,PRECTOTCORR&community=RE&longitude=80.2707&latitude=13.0827&start=20210101&end=20241231&format=JSON",0.5x0.625 deg,daily,VALID,OBSERVED
IN-TN-CHE,Chennai,13.0827,80.2707,nasa_power_prectotcorr_daily,PRECTOTCORR,precipitation,1.48,mm/day,2022-06-13T00:00:00Z,NASA POWER (MERRA-2),"https://power.larc.nasa.gov/api/temporal/daily/point?parameters=T2M,PRECTOTCORR&community=RE&longitude=80.2707&latitude=13.0827&start=20210101&end=20241231&format=JSON",0.5x0.625 deg,daily,VALID,OBSERVED
IN-TN-CHE,Chennai,13.0827,80.2707,nasa_power_t2m_daily,T2M,temperature_2m,30.66,C,2022-06-14T00:00:00Z,NASA POWER (MERRA-2),"https://power.larc.nasa.gov/api/temporal/daily/point?parameters=T2M,PRECTOTCORR&community=RE&longitude=80.2707&latitude=13.0827&start=20210101&end=20241231&format=JSON",0.5x0.625 deg,daily,VALID,OBSERVED
IN-TN-CHE,Chennai,13.0827,80.2707,nasa_power_prectotcorr_daily,PRECTOTCORR,precipitation,1.54,mm/day,2022-06-14T00:00:00Z,NASA POWER (MERRA-2),"https://power.larc.nasa.gov/api/temporal/daily/point?parameters=T2M,PRECTOTCORR&community=RE&longitude=80.2707&latitude=13.0827&start=20210101&end=20241231&format=JSON",0.5x0.625 deg,daily,VALID,OBSERVED
IN-TN-CHE,Chennai,13.0827,80.2707,nasa_power_t2m_daily,T2M,temperature_2m,29.77,C,2022-06-15T00:00:00Z,NASA POWER (MERRA-2),"https://power.larc.nasa.gov/api/temporal/daily/point?parameters=T2M,PRECTOTCORR&community=RE&longitude=80.2707&latitude=13.0827&start=20210101&end=20241231&format=JSON",0.5x0.625 deg,daily,VALID,OBSERVED
IN-TN-CHE,Chennai,13.0827,80.2707,nasa_power_prectotcorr_daily,PRECTOTCORR,precipitation,8.16,mm/day,2022-06-15T00:00:00Z,NASA POWER (MERRA-2),"https://power.larc.nasa.gov/api/temporal/daily/point?parameters=T2M,PRECTOTCORR&community=RE&longitude=80.2707&latitude=13.0827&start=20210101&end=20241231&format=JSON",0.5x0.625 deg,daily,VALID,OBSERVED
IN-TN-CHE,Chennai,13.0827,80.2707,nasa_power_t2m_daily,T2M,temperature_2m,28.98,C,2022-06-16T00:00:00Z,NASA POWER (MERRA-2),"https://power.larc.nasa.gov/api/temporal/daily/point?parameters=T2M,PRECTOTCORR&community=RE&longitude=80.2707&latitude=13.0827&start=20210101&end=20241231&format=JSON",0.5x0.625 deg,daily,VALID,OBSERVED
IN-TN-CHE,Chennai,13.0827,80.2707,nasa_power_prectotcorr_daily,PRECTOTCORR,precipitation,8.64,mm/day,2022-06-16T00:00:00Z,NASA POWER (MERRA-2),"https://power.larc.nasa.gov/api/temporal/daily/point?parameters=T2M,PRECTOTCORR&community=RE&longitude=80.2707&latitude=13.0827&start=20210101&end=20241231&format=JSON",0.5x0.625 deg,daily,VALID,OBSERVED
IN-TN-CHE,Chennai,13.0827,80.2707,nasa_power_t2m_daily,T2M,temperature_2m,29.22,C,2022-06-17T00:00:00Z,NASA POWER (MERRA-2),"https://power.larc.nasa.gov/api/temporal/daily/point?parameters=T2M,PRECTOTCORR&community=RE&longitude=80.2707&latitude=13.0827&start=20210101&end=20241231&format=JSON",0.5x0.625 deg,daily,VALID,OBSERVED
IN-TN-CHE,Chennai,13.0827,80.2707,nasa_power_prectotcorr_daily,PRECTOTCORR,precipitation,7.47,mm/day,2022-06-17T00:00:00Z,NASA POWER (MERRA-2),"https://power.larc.nasa.gov/api/temporal/daily/point?parameters=T2M,PRECTOTCORR&community=RE&longitude=80.2707&latitude=13.0827&start=20210101&end=20241231&format=JSON",0.5x0.625 deg,daily,VALID,OBSERVED
IN-TN-CHE,Chennai,13.0827,80.2707,nasa_power_t2m_daily,T2M,temperature_2m,29.32,C,2022-06-18T00:00:00Z,NASA POWER (MERRA-2),"https://power.larc.nasa.gov/api/temporal/daily/point?parameters=T2M,PRECTOTCORR&community=RE&longitude=80.2707&latitude=13.0827&start=20210101&end=20241231&format=JSON",0.5x0.625 deg,daily,VALID,OBSERVED
IN-TN-CHE,Chennai,13.0827,80.2707,nasa_power_prectotcorr_daily,PRECTOTCORR,precipitation,4.74,mm/day,2022-06-18T00:00:00Z,NASA POWER (MERRA-2),"https://power.larc.nasa.gov/api/temporal/daily/point?parameters=T2M,PRECTOTCORR&community=RE&longitude=80.2707&latitude=13.0827&start=20210101&end=20241231&format=JSON",0.5x0.625 deg,daily,VALID,OBSERVED
IN-TN-CHE,Chennai,13.0827,80.2707,nasa_power_t2m_daily,T2M,temperature_2m,28.87,C,2022-06-19T00:00:00Z,NASA POWER (MERRA-2),"https://power.larc.nasa.gov/api/temporal/daily/point?parameters=T2M,PRECTOTCORR&community=RE&longitude=80.2707&latitude=13.0827&start=20210101&end=20241231&format=JSON",0.5x0.625 deg,daily,VALID,OBSERVED
IN-TN-CHE,Chennai,13.0827,80.2707,nasa_power_prectotcorr_daily,PRECTOTCORR,precipitation,28.85,mm/day,2022-06-19T00:00:00Z,NASA POWER (MERRA-2),"https://power.larc.nasa.gov/api/temporal/daily/point?parameters=T2M,PRECTOTCORR&community=RE&longitude=80.2707&latitude=13.0827&start=20210101&end=20241231&format=JSON",0.5x0.625 deg,daily,VALID,OBSERVED
IN-TN-CHE,Chennai,13.0827,80.2707,nasa_power_t2m_daily,T2M,temperature_2m,28.7,C,2022-06-20T00:00:00Z,NASA POWER (MERRA-2),"https://power.larc.nasa.gov/api/temporal/daily/point?parameters=T2M,PRECTOTCORR&community=RE&longitude=80.2707&latitude=13.0827&start=20210101&end=20241231&format=JSON",0.5x0.625 deg,daily,VALID,OBSERVED
IN-TN-CHE,Chennai,13.0827,80.2707,nasa_power_prectotcorr_daily,PRECTOTCORR,precipitation,18.31,mm/day,2022-06-20T00:00:00Z,NASA POWER (MERRA-2),"https://power.larc.nasa.gov/api/temporal/daily/point?parameters=T2M,PRECTOTCORR&community=RE&longitude=80.2707&latitude=13.0827&start=20210101&end=20241231&format=JSON",0.5x0.625 deg,daily,VALID,OBSERVED
IN-TN-CHE,Chennai,13.0827,80.2707,nasa_power_t2m_daily,T2M,temperature_2m,28.77,C,2022-06-21T00:00:00Z,NASA POWER (MERRA-2),"https://power.larc.nasa.gov/api/temporal/daily/point?parameters=T2M,PRECTOTCORR&community=RE&longitude=80.2707&latitude=13.0827&start=20210101&end=20241231&format=JSON",0.5x0.625 deg,daily,VALID,OBSERVED
IN-TN-CHE,Chennai,13.0827,80.2707,nasa_power_prectotcorr_daily,PRECTOTCORR,precipitation,23.54,mm/day,2022-06-21T00:00:00Z,NASA POWER (MERRA-2),"https://power.larc.nasa.gov/api/temporal/daily/point?parameters=T2M,PRECTOTCORR&community=RE&longitude=80.2707&latitude=13.0827&start=20210101&end=20241231&format=JSON",0.5x0.625 deg,daily,VALID,OBSERVED
IN-TN-CHE,Chennai,13.0827,80.2707,nasa_power_t2m_daily,T2M,temperature_2m,28.39,C,2022-06-22T00:00:00Z,NASA POWER (MERRA-2),"https://power.larc.nasa.gov/api/temporal/daily/point?parameters=T2M,PRECTOTCORR&community=RE&longitude=80.2707&latitude=13.0827&start=20210101&end=20241231&format=JSON",0.5x0.625 deg,daily,VALID,OBSERVED
IN-TN-CHE,Chennai,13.0827,80.2707,nasa_power_prectotcorr_daily,PRECTOTCORR,precipitation,9.51,mm/day,2022-06-22T00:00:00Z,NASA POWER (MERRA-2),"https://power.larc.nasa.gov/api/temporal/daily/point?parameters=T2M,PRECTOTCORR&community=RE&longitude=80.2707&latitude=13.0827&start=20210101&end=20241231&format=JSON",0.5x0.625 deg,daily,VALID,OBSERVED
IN-TN-CHE,Chennai,13.0827,80.2707,nasa_power_t2m_daily,T2M,temperature_2m,28.65,C,2022-06-23T00:00:00Z,NASA POWER (MERRA-2),"https://power.larc.nasa.gov/api/temporal/daily/point?parameters=T2M,PRECTOTCORR&community=RE&longitude=80.2707&latitude=13.0827&start=20210101&end=20241231&format=JSON",0.5x0.625 deg,daily,VALID,OBSERVED
IN-TN-CHE,Chennai,13.0827,80.2707,nasa_power_prectotcorr_daily,PRECTOTCORR,precipitation,3.63,mm/day,2022-06-23T00:00:00Z,NASA POWER (MERRA-2),"https://power.larc.nasa.gov/api/temporal/daily/point?parameters=T2M,PRECTOTCORR&community=RE&longitude=80.2707&latitude=13.0827&start=20210101&end=20241231&format=JSON",0.5x0.625 deg,daily,VALID,OBSERVED
IN-TN-CHE,Chennai,13.0827,80.2707,nasa_power_t2m_daily,T2M,temperature_2m,28.98,C,2022-06-24T00:00:00Z,NASA POWER (MERRA-2),"https://power.larc.nasa.gov/api/temporal/daily/point?parameters=T2M,PRECTOTCORR&community=RE&longitude=80.2707&latitude=13.0827&start=20210101&end=20241231&format=JSON",0.5x0.625 deg,daily,VALID,OBSERVED
IN-TN-CHE,Chennai,13.0827,80.2707,nasa_power_prectotcorr_daily,PRECTOTCORR,precipitation,2.55,mm/day,2022-06-24T00:00:00Z,NASA POWER (MERRA-2),"https://power.larc.nasa.gov/api/temporal/daily/point?parameters=T2M,PRECTOTCORR&community=RE&longitude=80.2707&latitude=13.0827&start=20210101&end=20241231&format=JSON",0.5x0.625 deg,daily,VALID,OBSERVED
IN-TN-CHE,Chennai,13.0827,80.2707,nasa_power_t2m_daily,T2M,temperature_2m,28.63,C,2022-06-25T00:00:00Z,NASA POWER (MERRA-2),"https://power.larc.nasa.gov/api/temporal/daily/point?parameters=T2M,PRECTOTCORR&community=RE&longitude=80.2707&latitude=13.0827&start=20210101&end=20241231&format=JSON",0.5x0.625 deg,daily,VALID,OBSERVED
IN-TN-CHE,Chennai,13.0827,80.2707,nasa_power_prectotcorr_daily,PRECTOTCORR,precipitation,1.99,mm/day,2022-06-25T00:00:00Z,NASA POWER (MERRA-2),"https://power.larc.nasa.gov/api/temporal/daily/point?parameters=T2M,PRECTOTCORR&community=RE&longitude=80.2707&latitude=13.0827&start=20210101&end=20241231&format=JSON",0.5x0.625 deg,daily,VALID,OBSERVED
IN-TN-CHE,Chennai,13.0827,80.2707,nasa_power_t2m_daily,T2M,temperature_2m,28.93,C,2022-06-26T00:00:00Z,NASA POWER (MERRA-2),"https://power.larc.nasa.gov/api/temporal/daily/point?parameters=T2M,PRECTOTCORR&community=RE&longitude=80.2707&latitude=13.0827&start=20210101&end=20241231&format=JSON",0.5x0.625 deg,daily,VALID,OBSERVED
IN-TN-CHE,Chennai,13.0827,80.2707,nasa_power_prectotcorr_daily,PRECTOTCORR,precipitation,0.65,mm/day,2022-06-26T00:00:00Z,NASA POWER (MERRA-2),"https://power.larc.nasa.gov/api/temporal/daily/point?parameters=T2M,PRECTOTCORR&community=RE&longitude=80.2707&latitude=13.0827&start=20210101&end=20241231&format=JSON",0.5x0.625 deg,daily,VALID,OBSERVED
IN-TN-CHE,Chennai,13.0827,80.2707,nasa_power_t2m_daily,T2M,temperature_2m,29.62,C,2022-06-27T00:00:00Z,NASA POWER (MERRA-2),"https://power.larc.nasa.gov/api/temporal/daily/point?parameters=T2M,PRECTOTCORR&community=RE&longitude=80.2707&latitude=13.0827&start=20210101&end=20241231&format=JSON",0.5x0.625 deg,daily,VALID,OBSERVED
IN-TN-CHE,Chennai,13.0827,80.2707,nasa_power_prectotcorr_daily,PRECTOTCORR,precipitation,2.44,mm/day,2022-06-27T00:00:00Z,NASA POWER (MERRA-2),"https://power.larc.nasa.gov/api/temporal/daily/point?parameters=T2M,PRECTOTCORR&community=RE&longitude=80.2707&latitude=13.0827&start=20210101&end=20241231&format=JSON",0.5x0.625 deg,daily,VALID,OBSERVED
IN-TN-CHE,Chennai,13.0827,80.2707,nasa_power_t2m_daily,T2M,temperature_2m,30.28,C,2022-06-28T00:00:00Z,NASA POWER (MERRA-2),"https://power.larc.nasa.gov/api/temporal/daily/point?parameters=T2M,PRECTOTCORR&community=RE&longitude=80.2707&latitude=13.0827&start=20210101&end=20241231&format=JSON",0.5x0.625 deg,daily,VALID,OBSERVED
IN-TN-CHE,Chennai,13.0827,80.2707,nasa_power_prectotcorr_daily,PRECTOTCORR,precipitation,2.59,mm/day,2022-06-28T00:00:00Z,NASA POWER (MERRA-2),"https://power.larc.nasa.gov/api/temporal/daily/point?parameters=T2M,PRECTOTCORR&community=RE&longitude=80.2707&latitude=13.0827&start=20210101&end=20241231&format=JSON",0.5x0.625 deg,daily,VALID,OBSERVED
IN-TN-CHE,Chennai,13.0827,80.2707,nasa_power_t2m_daily,T2M,temperature_2m,30.59,C,2022-06-29T00:00:00Z,NASA POWER (MERRA-2),"https://power.larc.nasa.gov/api/temporal/daily/point?parameters=T2M,PRECTOTCORR&community=RE&longitude=80.2707&latitude=13.0827&start=20210101&end=20241231&format=JSON",0.5x0.625 deg,daily,VALID,OBSERVED
IN-TN-CHE,Chennai,13.0827,80.2707,nasa_power_prectotcorr_daily,PRECTOTCORR,precipitation,5.16,mm/day,2022-06-29T00:00:00Z,NASA POWER (MERRA-2),"https://power.larc.nasa.gov/api/temporal/daily/point?parameters=T2M,PRECTOTCORR&community=RE&longitude=80.2707&latitude=13.0827&start=20210101&end=20241231&format=JSON",0.5x0.625 deg,daily,VALID,OBSERVED
IN-TN-CHE,Chennai,13.0827,80.2707,nasa_power_t2m_daily,T2M,temperature_2m,30.0,C,2022-06-30T00:00:00Z,NASA POWER (MERRA-2),"https://power.larc.nasa.gov/api/temporal/daily/point?parameters=T2M,PRECTOTCORR&community=RE&longitude=80.2707&latitude=13.0827&start=20210101&end=20241231&format=JSON",0.5x0.625 deg,daily,VALID,OBSERVED
IN-TN-CHE,Chennai,13.0827,80.2707,nasa_power_prectotcorr_daily,PRECTOTCORR,precipitation,5.14,mm/day,2022-06-30T00:00:00Z,NASA POWER (MERRA-2),"https://power.larc.nasa.gov/api/temporal/daily/point?parameters=T2M,PRECTOTCORR&community=RE&longitude=80.2707&latitude=13.0827&start=20210101&end=20241231&format=JSON",0.5x0.625 deg,daily,VALID,OBSERVED
IN-TN-CHE,Chennai,13.0827,80.2707,nasa_power_t2m_daily,T2M,temperature_2m,29.98,C,2022-07-01T00:00:00Z,NASA POWER (MERRA-2),"https://power.larc.nasa.gov/api/temporal/daily/point?parameters=T2M,PRECTOTCORR&community=RE&longitude=80.2707&latitude=13.0827&start=20210101&end=20241231&format=JSON",0.5x0.625 deg,daily,VALID,OBSERVED
IN-TN-CHE,Chennai,13.0827,80.2707,nasa_power_prectotcorr_daily,PRECTOTCORR,precipitation,4.5,mm/day,2022-07-01T00:00:00Z,NASA POWER (MERRA-2),"https://power.larc.nasa.gov/api/temporal/daily/point?parameters=T2M,PRECTOTCORR&community=RE&longitude=80.2707&latitude=13.0827&start=20210101&end=20241231&format=JSON",0.5x0.625 deg,daily,VALID,OBSERVED
IN-TN-CHE,Chennai,13.0827,80.2707,nasa_power_t2m_daily,T2M,temperature_2m,29.85,C,2022-07-02T00:00:00Z,NASA POWER (MERRA-2),"https://power.larc.nasa.gov/api/temporal/daily/point?parameters=T2M,PRECTOTCORR&community=RE&longitude=80.2707&latitude=13.0827&start=20210101&end=20241231&format=JSON",0.5x0.625 deg,daily,VALID,OBSERVED
IN-TN-CHE,Chennai,13.0827,80.2707,nasa_power_prectotcorr_daily,PRECTOTCORR,precipitation,3.0,mm/day,2022-07-02T00:00:00Z,NASA POWER (MERRA-2),"https://power.larc.nasa.gov/api/temporal/daily/point?parameters=T2M,PRECTOTCORR&community=RE&longitude=80.2707&latitude=13.0827&start=20210101&end=20241231&format=JSON",0.5x0.625 deg,daily,VALID,OBSERVED
IN-TN-CHE,Chennai,13.0827,80.2707,nasa_power_t2m_daily,T2M,temperature_2m,29.55,C,2022-07-03T00:00:00Z,NASA POWER (MERRA-2),"https://power.larc.nasa.gov/api/temporal/daily/point?parameters=T2M,PRECTOTCORR&community=RE&longitude=80.2707&latitude=13.0827&start=20210101&end=20241231&format=JSON",0.5x0.625 deg,daily,VALID,OBSERVED
IN-TN-CHE,Chennai,13.0827,80.2707,nasa_power_prectotcorr_daily,PRECTOTCORR,precipitation,3.04,mm/day,2022-07-03T00:00:00Z,NASA POWER (MERRA-2),"https://power.larc.nasa.gov/api/temporal/daily/point?parameters=T2M,PRECTOTCORR&community=RE&longitude=80.2707&latitude=13.0827&start=20210101&end=20241231&format=JSON",0.5x0.625 deg,daily,VALID,OBSERVED
IN-TN-CHE,Chennai,13.0827,80.2707,nasa_power_t2m_daily,T2M,temperature_2m,29.68,C,2022-07-04T00:00:00Z,NASA POWER (MERRA-2),"https://power.larc.nasa.gov/api/temporal/daily/point?parameters=T2M,PRECTOTCORR&community=RE&longitude=80.2707&latitude=13.0827&start=20210101&end=20241231&format=JSON",0.5x0.625 deg,daily,VALID,OBSERVED
IN-TN-CHE,Chennai,13.0827,80.2707,nasa_power_prectotcorr_daily,PRECTOTCORR,precipitation,3.24,mm/day,2022-07-04T00:00:00Z,NASA POWER (MERRA-2),"https://power.larc.nasa.gov/api/temporal/daily/point?parameters=T2M,PRECTOTCORR&community=RE&longitude=80.2707&latitude=13.0827&start=20210101&end=20241231&format=JSON",0.5x0.625 deg,daily,VALID,OBSERVED
IN-TN-CHE,Chennai,13.0827,80.2707,nasa_power_t2m_daily,T2M,temperature_2m,28.93,C,2022-07-05T00:00:00Z,NASA POWER (MERRA-2),"https://power.larc.nasa.gov/api/temporal/daily/point?parameters=T2M,PRECTOTCORR&community=RE&longitude=80.2707&latitude=13.0827&start=20210101&end=20241231&format=JSON",0.5x0.625 deg,daily,VALID,OBSERVED
IN-TN-CHE,Chennai,13.0827,80.2707,nasa_power_prectotcorr_daily,PRECTOTCORR,precipitation,6.45,mm/day,2022-07-05T00:00:00Z,NASA POWER (MERRA-2),"https://power.larc.nasa.gov/api/temporal/daily/point?parameters=T2M,PRECTOTCORR&community=RE&longitude=80.2707&latitude=13.0827&start=20210101&end=20241231&format=JSON",0.5x0.625 deg,daily,VALID,OBSERVED
IN-TN-CHE,Chennai,13.0827,80.2707,nasa_power_t2m_daily,T2M,temperature_2m,28.77,C,2022-07-06T00:00:00Z,NASA POWER (MERRA-2),"https://power.larc.nasa.gov/api/temporal/daily/point?parameters=T2M,PRECTOTCORR&community=RE&longitude=80.2707&latitude=13.0827&start=20210101&end=20241231&format=JSON",0.5x0.625 deg,daily,VALID,OBSERVED
IN-TN-CHE,Chennai,13.0827,80.2707,nasa_power_prectotcorr_daily,PRECTOTCORR,precipitation,4.59,mm/day,2022-07-06T00:00:00Z,NASA POWER (MERRA-2),"https://power.larc.nasa.gov/api/temporal/daily/point?parameters=T2M,PRECTOTCORR&community=RE&longitude=80.2707&latitude=13.0827&start=20210101&end=20241231&format=JSON",0.5x0.625 deg,daily,VALID,OBSERVED
IN-TN-CHE,Chennai,13.0827,80.2707,nasa_power_t2m_daily,T2M,temperature_2m,28.59,C,2022-07-07T00:00:00Z,NASA POWER (MERRA-2),"https://power.larc.nasa.gov/api/temporal/daily/point?parameters=T2M,PRECTOTCORR&community=RE&longitude=80.2707&latitude=13.0827&start=20210101&end=20241231&format=JSON",0.5x0.625 deg,daily,VALID,OBSERVED
IN-TN-CHE,Chennai,13.0827,80.2707,nasa_power_prectotcorr_daily,PRECTOTCORR,precipitation,1.75,mm/day,2022-07-07T00:00:00Z,NASA POWER (MERRA-2),"https://power.larc.nasa.gov/api/temporal/daily/point?parameters=T2M,PRECTOTCORR&community=RE&longitude=80.2707&latitude=13.0827&start=20210101&end=20241231&format=JSON",0.5x0.625 deg,daily,VALID,OBSERVED
IN-TN-CHE,Chennai,13.0827,80.2707,nasa_power_t2m_daily,T2M,temperature_2m,28.96,C,2022-07-08T00:00:00Z,NASA POWER (MERRA-2),"https://power.larc.nasa.gov/api/temporal/daily/point?parameters=T2M,PRECTOTCORR&community=RE&longitude=80.2707&latitude=13.0827&start=20210101&end=20241231&format=JSON",0.5x0.625 deg,daily,VALID,OBSERVED
IN-TN-CHE,Chennai,13.0827,80.2707,nasa_power_prectotcorr_daily,PRECTOTCORR,precipitation,3.76,mm/day,2022-07-08T00:00:00Z,NASA POWER (MERRA-2),"https://power.larc.nasa.gov/api/temporal/daily/point?parameters=T2M,PRECTOTCORR&community=RE&longitude=80.2707&latitude=13.0827&start=20210101&end=20241231&format=JSON",0.5x0.625 deg,daily,VALID,OBSERVED
IN-TN-CHE,Chennai,13.0827,80.2707,nasa_power_t2m_daily,T2M,temperature_2m,29.07,C,2022-07-09T00:00:00Z,NASA POWER (MERRA-2),"https://power.larc.nasa.gov/api/temporal/daily/point?parameters=T2M,PRECTOTCORR&community=RE&longitude=80.2707&latitude=13.0827&start=20210101&end=20241231&format=JSON",0.5x0.625 deg,daily,VALID,OBSERVED
IN-TN-CHE,Chennai,13.0827,80.2707,nasa_power_prectotcorr_daily,PRECTOTCORR,precipitation,2.01,mm/day,2022-07-09T00:00:00Z,NASA POWER (MERRA-2),"https://power.larc.nasa.gov/api/temporal/daily/point?parameters=T2M,PRECTOTCORR&community=RE&longitude=80.2707&latitude=13.0827&start=20210101&end=20241231&format=JSON",0.5x0.625 deg,daily,VALID,OBSERVED
IN-TN-CHE,Chennai,13.0827,80.2707,nasa_power_t2m_daily,T2M,temperature_2m,29.1,C,2022-07-10T00:00:00Z,NASA POWER (MERRA-2),"https://power.larc.nasa.gov/api/temporal/daily/point?parameters=T2M,PRECTOTCORR&community=RE&longitude=80.2707&latitude=13.0827&start=20210101&end=20241231&format=JSON",0.5x0.625 deg,daily,VALID,OBSERVED
IN-TN-CHE,Chennai,13.0827,80.2707,nasa_power_prectotcorr_daily,PRECTOTCORR,precipitation,2.79,mm/day,2022-07-10T00:00:00Z,NASA POWER (MERRA-2),"https://power.larc.nasa.gov/api/temporal/daily/point?parameters=T2M,PRECTOTCORR&community=RE&longitude=80.2707&latitude=13.0827&start=20210101&end=20241231&format=JSON",0.5x0.625 deg,daily,VALID,OBSERVED
IN-TN-CHE,Chennai,13.0827,80.2707,nasa_power_t2m_daily,T2M,temperature_2m,29.27,C,2022-07-11T00:00:00Z,NASA POWER (MERRA-2),"https://power.larc.nasa.gov/api/temporal/daily/point?parameters=T2M,PRECTOTCORR&community=RE&longitude=80.2707&latitude=13.0827&start=20210101&end=20241231&format=JSON",0.5x0.625 deg,daily,VALID,OBSERVED
IN-TN-CHE,Chennai,13.0827,80.2707,nasa_power_prectotcorr_daily,PRECTOTCORR,precipitation,1.15,mm/day,2022-07-11T00:00:00Z,NASA POWER (MERRA-2),"https://power.larc.nasa.gov/api/temporal/daily/point?parameters=T2M,PRECTOTCORR&community=RE&longitude=80.2707&latitude=13.0827&start=20210101&end=20241231&format=JSON",0.5x0.625 deg,daily,VALID,OBSERVED
IN-TN-CHE,Chennai,13.0827,80.2707,nasa_power_t2m_daily,T2M,temperature_2m,29.38,C,2022-07-12T00:00:00Z,NASA POWER (MERRA-2),"https://power.larc.nasa.gov/api/temporal/daily/point?parameters=T2M,PRECTOTCORR&community=RE&longitude=80.2707&latitude=13.0827&start=20210101&end=20241231&format=JSON",0.5x0.625 deg,daily,VALID,OBSERVED
IN-TN-CHE,Chennai,13.0827,80.2707,nasa_power_prectotcorr_daily,PRECTOTCORR,precipitation,1.38,mm/day,2022-07-12T00:00:00Z,NASA POWER (MERRA-2),"https://power.larc.nasa.gov/api/temporal/daily/point?parameters=T2M,PRECTOTCORR&community=RE&longitude=80.2707&latitude=13.0827&start=20210101&end=20241231&format=JSON",0.5x0.625 deg,daily,VALID,OBSERVED
IN-TN-CHE,Chennai,13.0827,80.2707,nasa_power_t2m_daily,T2M,temperature_2m,29.21,C,2022-07-13T00:00:00Z,NASA POWER (MERRA-2),"https://power.larc.nasa.gov/api/temporal/daily/point?parameters=T2M,PRECTOTCORR&community=RE&longitude=80.2707&latitude=13.0827&start=20210101&end=20241231&format=JSON",0.5x0.625 deg,daily,VALID,OBSERVED
IN-TN-CHE,Chennai,13.0827,80.2707,nasa_power_prectotcorr_daily,PRECTOTCORR,precipitation,2.29,mm/day,2022-07-13T00:00:00Z,NASA POWER (MERRA-2),"https://power.larc.nasa.gov/api/temporal/daily/point?parameters=T2M,PRECTOTCORR&community=RE&longitude=80.2707&latitude=13.0827&start=20210101&end=20241231&format=JSON",0.5x0.625 deg,daily,VALID,OBSERVED
IN-TN-CHE,Chennai,13.0827,80.2707,nasa_power_t2m_daily,T2M,temperature_2m,29.52,C,2022-07-14T00:00:00Z,NASA POWER (MERRA-2),"https://power.larc.nasa.gov/api/temporal/daily/point?parameters=T2M,PRECTOTCORR&community=RE&longitude=80.2707&latitude=13.0827&start=20210101&end=20241231&format=JSON",0.5x0.625 deg,daily,VALID,OBSERVED
IN-TN-CHE,Chennai,13.0827,80.2707,nasa_power_prectotcorr_daily,PRECTOTCORR,precipitation,0.31,mm/day,2022-07-14T00:00:00Z,NASA POWER (MERRA-2),"https://power.larc.nasa.gov/api/temporal/daily/point?parameters=T2M,PRECTOTCORR&community=RE&longitude=80.2707&latitude=13.0827&start=20210101&end=20241231&format=JSON",0.5x0.625 deg,daily,VALID,OBSERVED
IN-TN-CHE,Chennai,13.0827,80.2707,nasa_power_t2m_daily,T2M,temperature_2m,29.92,C,2022-07-15T00:00:00Z,NASA POWER (MERRA-2),"https://power.larc.nasa.gov/api/temporal/daily/point?parameters=T2M,PRECTOTCORR&community=RE&longitude=80.2707&latitude=13.0827&start=20210101&end=20241231&format=JSON",0.5x0.625 deg,daily,VALID,OBSERVED
IN-TN-CHE,Chennai,13.0827,80.2707,nasa_power_prectotcorr_daily,PRECTOTCORR,precipitation,0.09,mm/day,2022-07-15T00:00:00Z,NASA POWER (MERRA-2),"https://power.larc.nasa.gov/api/temporal/daily/point?parameters=T2M,PRECTOTCORR&community=RE&longitude=80.2707&latitude=13.0827&start=20210101&end=20241231&format=JSON",0.5x0.625 deg,daily,VALID,OBSERVED
IN-TN-CHE,Chennai,13.0827,80.2707,nasa_power_t2m_daily,T2M,temperature_2m,29.97,C,2022-07-16T00:00:00Z,NASA POWER (MERRA-2),"https://power.larc.nasa.gov/api/temporal/daily/point?parameters=T2M,PRECTOTCORR&community=RE&longitude=80.2707&latitude=13.0827&start=20210101&end=20241231&format=JSON",0.5x0.625 deg,daily,VALID,OBSERVED
IN-TN-CHE,Chennai,13.0827,80.2707,nasa_power_prectotcorr_daily,PRECTOTCORR,precipitation,5.09,mm/day,2022-07-16T00:00:00Z,NASA POWER (MERRA-2),"https://power.larc.nasa.gov/api/temporal/daily/point?parameters=T2M,PRECTOTCORR&community=RE&longitude=80.2707&latitude=13.0827&start=20210101&end=20241231&format=JSON",0.5x0.625 deg,daily,VALID,OBSERVED
IN-TN-CHE,Chennai,13.0827,80.2707,nasa_power_t2m_daily,T2M,temperature_2m,29.51,C,2022-07-17T00:00:00Z,NASA POWER (MERRA-2),"https://power.larc.nasa.gov/api/temporal/daily/point?parameters=T2M,PRECTOTCORR&community=RE&longitude=80.2707&latitude=13.0827&start=20210101&end=20241231&format=JSON",0.5x0.625 deg,daily,VALID,OBSERVED
IN-TN-CHE,Chennai,13.0827,80.2707,nasa_power_prectotcorr_daily,PRECTOTCORR,precipitation,9.42,mm/day,2022-07-17T00:00:00Z,NASA POWER (MERRA-2),"https://power.larc.nasa.gov/api/temporal/daily/point?parameters=T2M,PRECTOTCORR&community=RE&longitude=80.2707&latitude=13.0827&start=20210101&end=20241231&format=JSON",0.5x0.625 deg,daily,VALID,OBSERVED
IN-TN-CHE,Chennai,13.0827,80.2707,nasa_power_t2m_daily,T2M,temperature_2m,28.48,C,2022-07-18T00:00:00Z,NASA POWER (MERRA-2),"https://power.larc.nasa.gov/api/temporal/daily/point?parameters=T2M,PRECTOTCORR&community=RE&longitude=80.2707&latitude=13.0827&start=20210101&end=20241231&format=JSON",0.5x0.625 deg,daily,VALID,OBSERVED
IN-TN-CHE,Chennai,13.0827,80.2707,nasa_power_prectotcorr_daily,PRECTOTCORR,precipitation,2.0,mm/day,2022-07-18T00:00:00Z,NASA POWER (MERRA-2),"https://power.larc.nasa.gov/api/temporal/daily/point?parameters=T2M,PRECTOTCORR&community=RE&longitude=80.2707&latitude=13.0827&start=20210101&end=20241231&format=JSON",0.5x0.625 deg,daily,VALID,OBSERVED
IN-TN-CHE,Chennai,13.0827,80.2707,nasa_power_t2m_daily,T2M,temperature_2m,29.5,C,2022-07-19T00:00:00Z,NASA POWER (MERRA-2),"https://power.larc.nasa.gov/api/temporal/daily/point?parameters=T2M,PRECTOTCORR&community=RE&longitude=80.2707&latitude=13.0827&start=20210101&end=20241231&format=JSON",0.5x0.625 deg,daily,VALID,OBSERVED
IN-TN-CHE,Chennai,13.0827,80.2707,nasa_power_prectotcorr_daily,PRECTOTCORR,precipitation,0.94,mm/day,2022-07-19T00:00:00Z,NASA POWER (MERRA-2),"https://power.larc.nasa.gov/api/temporal/daily/point?parameters=T2M,PRECTOTCORR&community=RE&longitude=80.2707&latitude=13.0827&start=20210101&end=20241231&format=JSON",0.5x0.625 deg,daily,VALID,OBSERVED
IN-TN-CHE,Chennai,13.0827,80.2707,nasa_power_t2m_daily,T2M,temperature_2m,28.94,C,2022-07-20T00:00:00Z,NASA POWER (MERRA-2),"https://power.larc.nasa.gov/api/temporal/daily/point?parameters=T2M,PRECTOTCORR&community=RE&longitude=80.2707&latitude=13.0827&start=20210101&end=20241231&format=JSON",0.5x0.625 deg,daily,VALID,OBSERVED
IN-TN-CHE,Chennai,13.0827,80.2707,nasa_power_prectotcorr_daily,PRECTOTCORR,precipitation,10.14,mm/day,2022-07-20T00:00:00Z,NASA POWER (MERRA-2),"https://power.larc.nasa.gov/api/temporal/daily/point?parameters=T2M,PRECTOTCORR&community=RE&longitude=80.2707&latitude=13.0827&start=20210101&end=20241231&format=JSON",0.5x0.625 deg,daily,VALID,OBSERVED
IN-TN-CHE,Chennai,13.0827,80.2707,nasa_power_t2m_daily,T2M,temperature_2m,28.65,C,2022-07-21T00:00:00Z,NASA POWER (MERRA-2),"https://power.larc.nasa.gov/api/temporal/daily/point?parameters=T2M,PRECTOTCORR&community=RE&longitude=80.2707&latitude=13.0827&start=20210101&end=20241231&format=JSON",0.5x0.625 deg,daily,VALID,OBSERVED
IN-TN-CHE,Chennai,13.0827,80.2707,nasa_power_prectotcorr_daily,PRECTOTCORR,precipitation,5.89,mm/day,2022-07-21T00:00:00Z,NASA POWER (MERRA-2),"https://power.larc.nasa.gov/api/temporal/daily/point?parameters=T2M,PRECTOTCORR&community=RE&longitude=80.2707&latitude=13.0827&start=20210101&end=20241231&format=JSON",0.5x0.625 deg,daily,VALID,OBSERVED
IN-TN-CHE,Chennai,13.0827,80.2707,nasa_power_t2m_daily,T2M,temperature_2m,27.1,C,2022-07-22T00:00:00Z,NASA POWER (MERRA-2),"https://power.larc.nasa.gov/api/temporal/daily/point?parameters=T2M,PRECTOTCORR&community=RE&longitude=80.2707&latitude=13.0827&start=20210101&end=20241231&format=JSON",0.5x0.625 deg,daily,VALID,OBSERVED
IN-TN-CHE,Chennai,13.0827,80.2707,nasa_power_prectotcorr_daily,PRECTOTCORR,precipitation,15.58,mm/day,2022-07-22T00:00:00Z,NASA POWER (MERRA-2),"https://power.larc.nasa.gov/api/temporal/daily/point?parameters=T2M,PRECTOTCORR&community=RE&longitude=80.2707&latitude=13.0827&start=20210101&end=20241231&format=JSON",0.5x0.625 deg,daily,VALID,OBSERVED
IN-TN-CHE,Chennai,13.0827,80.2707,nasa_power_t2m_daily,T2M,temperature_2m,28.68,C,2022-07-23T00:00:00Z,NASA POWER (MERRA-2),"https://power.larc.nasa.gov/api/temporal/daily/point?parameters=T2M,PRECTOTCORR&community=RE&longitude=80.2707&latitude=13.0827&start=20210101&end=20241231&format=JSON",0.5x0.625 deg,daily,VALID,OBSERVED
IN-TN-CHE,Chennai,13.0827,80.2707,nasa_power_prectotcorr_daily,PRECTOTCORR,precipitation,1.46,mm/day,2022-07-23T00:00:00Z,NASA POWER (MERRA-2),"https://power.larc.nasa.gov/api/temporal/daily/point?parameters=T2M,PRECTOTCORR&community=RE&longitude=80.2707&latitude=13.0827&start=20210101&end=20241231&format=JSON",0.5x0.625 deg,daily,VALID,OBSERVED
IN-TN-CHE,Chennai,13.0827,80.2707,nasa_power_t2m_daily,T2M,temperature_2m,28.71,C,2022-07-24T00:00:00Z,NASA POWER (MERRA-2),"https://power.larc.nasa.gov/api/temporal/daily/point?parameters=T2M,PRECTOTCORR&community=RE&longitude=80.2707&latitude=13.0827&start=20210101&end=20241231&format=JSON",0.5x0.625 deg,daily,VALID,OBSERVED
IN-TN-CHE,Chennai,13.0827,80.2707,nasa_power_prectotcorr_daily,PRECTOTCORR,precipitation,3.4,mm/day,2022-07-24T00:00:00Z,NASA POWER (MERRA-2),"https://power.larc.nasa.gov/api/temporal/daily/point?parameters=T2M,PRECTOTCORR&community=RE&longitude=80.2707&latitude=13.0827&start=20210101&end=20241231&format=JSON",0.5x0.625 deg,daily,VALID,OBSERVED
IN-TN-CHE,Chennai,13.0827,80.2707,nasa_power_t2m_daily,T2M,temperature_2m,28.45,C,2022-07-25T00:00:00Z,NASA POWER (MERRA-2),"https://power.larc.nasa.gov/api/temporal/daily/point?parameters=T2M,PRECTOTCORR&community=RE&longitude=80.2707&latitude=13.0827&start=20210101&end=20241231&format=JSON",0.5x0.625 deg,daily,VALID,OBSERVED
IN-TN-CHE,Chennai,13.0827,80.2707,nasa_power_prectotcorr_daily,PRECTOTCORR,precipitation,3.46,mm/day,2022-07-25T00:00:00Z,NASA POWER (MERRA-2),"https://power.larc.nasa.gov/api/temporal/daily/point?parameters=T2M,PRECTOTCORR&community=RE&longitude=80.2707&latitude=13.0827&start=20210101&end=20241231&format=JSON",0.5x0.625 deg,daily,VALID,OBSERVED
IN-TN-CHE,Chennai,13.0827,80.2707,nasa_power_t2m_daily,T2M,temperature_2m,27.11,C,2022-07-26T00:00:00Z,NASA POWER (MERRA-2),"https://power.larc.nasa.gov/api/temporal/daily/point?parameters=T2M,PRECTOTCORR&community=RE&longitude=80.2707&latitude=13.0827&start=20210101&end=20241231&format=JSON",0.5x0.625 deg,daily,VALID,OBSERVED
IN-TN-CHE,Chennai,13.0827,80.2707,nasa_power_prectotcorr_daily,PRECTOTCORR,precipitation,7.74,mm/day,2022-07-26T00:00:00Z,NASA POWER (MERRA-2),"https://power.larc.nasa.gov/api/temporal/daily/point?parameters=T2M,PRECTOTCORR&community=RE&longitude=80.2707&latitude=13.0827&start=20210101&end=20241231&format=JSON",0.5x0.625 deg,daily,VALID,OBSERVED
IN-TN-CHE,Chennai,13.0827,80.2707,nasa_power_t2m_daily,T2M,temperature_2m,27.76,C,2022-07-27T00:00:00Z,NASA POWER (MERRA-2),"https://power.larc.nasa.gov/api/temporal/daily/point?parameters=T2M,PRECTOTCORR&community=RE&longitude=80.2707&latitude=13.0827&start=20210101&end=20241231&format=JSON",0.5x0.625 deg,daily,VALID,OBSERVED
IN-TN-CHE,Chennai,13.0827,80.2707,nasa_power_prectotcorr_daily,PRECTOTCORR,precipitation,0.2,mm/day,2022-07-27T00:00:00Z,NASA POWER (MERRA-2),"https://power.larc.nasa.gov/api/temporal/daily/point?parameters=T2M,PRECTOTCORR&community=RE&longitude=80.2707&latitude=13.0827&start=20210101&end=20241231&format=JSON",0.5x0.625 deg,daily,VALID,OBSERVED
IN-TN-CHE,Chennai,13.0827,80.2707,nasa_power_t2m_daily,T2M,temperature_2m,28.1,C,2022-07-28T00:00:00Z,NASA POWER (MERRA-2),"https://power.larc.nasa.gov/api/temporal/daily/point?parameters=T2M,PRECTOTCORR&community=RE&longitude=80.2707&latitude=13.0827&start=20210101&end=20241231&format=JSON",0.5x0.625 deg,daily,VALID,OBSERVED
IN-TN-CHE,Chennai,13.0827,80.2707,nasa_power_prectotcorr_daily,PRECTOTCORR,precipitation,0.75,mm/day,2022-07-28T00:00:00Z,NASA POWER (MERRA-2),"https://power.larc.nasa.gov/api/temporal/daily/point?parameters=T2M,PRECTOTCORR&community=RE&longitude=80.2707&latitude=13.0827&start=20210101&end=20241231&format=JSON",0.5x0.625 deg,daily,VALID,OBSERVED
IN-TN-CHE,Chennai,13.0827,80.2707,nasa_power_t2m_daily,T2M,temperature_2m,28.49,C,2022-07-29T00:00:00Z,NASA POWER (MERRA-2),"https://power.larc.nasa.gov/api/temporal/daily/point?parameters=T2M,PRECTOTCORR&community=RE&longitude=80.2707&latitude=13.0827&start=20210101&end=20241231&format=JSON",0.5x0.625 deg,daily,VALID,OBSERVED
IN-TN-CHE,Chennai,13.0827,80.2707,nasa_power_prectotcorr_daily,PRECTOTCORR,precipitation,0.73,mm/day,2022-07-29T00:00:00Z,NASA POWER (MERRA-2),"https://power.larc.nasa.gov/api/temporal/daily/point?parameters=T2M,PRECTOTCORR&community=RE&longitude=80.2707&latitude=13.0827&start=20210101&end=20241231&format=JSON",0.5x0.625 deg,daily,VALID,OBSERVED
IN-TN-CHE,Chennai,13.0827,80.2707,nasa_power_t2m_daily,T2M,temperature_2m,29.21,C,2022-07-30T00:00:00Z,NASA POWER (MERRA-2),"https://power.larc.nasa.gov/api/temporal/daily/point?parameters=T2M,PRECTOTCORR&community=RE&longitude=80.2707&latitude=13.0827&start=20210101&end=20241231&format=JSON",0.5x0.625 deg,daily,VALID,OBSERVED
IN-TN-CHE,Chennai,13.0827,80.2707,nasa_power_prectotcorr_daily,PRECTOTCORR,precipitation,1.37,mm/day,2022-07-30T00:00:00Z,NASA POWER (MERRA-2),"https://power.larc.nasa.gov/api/temporal/daily/point?parameters=T2M,PRECTOTCORR&community=RE&longitude=80.2707&latitude=13.0827&start=20210101&end=20241231&format=JSON",0.5x0.625 deg,daily,VALID,OBSERVED
IN-TN-CHE,Chennai,13.0827,80.2707,nasa_power_t2m_daily,T2M,temperature_2m,28.87,C,2022-07-31T00:00:00Z,NASA POWER (MERRA-2),"https://power.larc.nasa.gov/api/temporal/daily/point?parameters=T2M,PRECTOTCORR&community=RE&longitude=80.2707&latitude=13.0827&start=20210101&end=20241231&format=JSON",0.5x0.625 deg,daily,VALID,OBSERVED
IN-TN-CHE,Chennai,13.0827,80.2707,nasa_power_prectotcorr_daily,PRECTOTCORR,precipitation,4.17,mm/day,2022-07-31T00:00:00Z,NASA POWER (MERRA-2),"https://power.larc.nasa.gov/api/temporal/daily/point?parameters=T2M,PRECTOTCORR&community=RE&longitude=80.2707&latitude=13.0827&start=20210101&end=20241231&format=JSON",0.5x0.625 deg,daily,VALID,OBSERVED
IN-TN-CHE,Chennai,13.0827,80.2707,nasa_power_t2m_daily,T2M,temperature_2m,29.2,C,2022-08-01T00:00:00Z,NASA POWER (MERRA-2),"https://power.larc.nasa.gov/api/temporal/daily/point?parameters=T2M,PRECTOTCORR&community=RE&longitude=80.2707&latitude=13.0827&start=20210101&end=20241231&format=JSON",0.5x0.625 deg,daily,VALID,OBSERVED
IN-TN-CHE,Chennai,13.0827,80.2707,nasa_power_prectotcorr_daily,PRECTOTCORR,precipitation,8.36,mm/day,2022-08-01T00:00:00Z,NASA POWER (MERRA-2),"https://power.larc.nasa.gov/api/temporal/daily/point?parameters=T2M,PRECTOTCORR&community=RE&longitude=80.2707&latitude=13.0827&start=20210101&end=20241231&format=JSON",0.5x0.625 deg,daily,VALID,OBSERVED
IN-TN-CHE,Chennai,13.0827,80.2707,nasa_power_t2m_daily,T2M,temperature_2m,29.35,C,2022-08-02T00:00:00Z,NASA POWER (MERRA-2),"https://power.larc.nasa.gov/api/temporal/daily/point?parameters=T2M,PRECTOTCORR&community=RE&longitude=80.2707&latitude=13.0827&start=20210101&end=20241231&format=JSON",0.5x0.625 deg,daily,VALID,OBSERVED
IN-TN-CHE,Chennai,13.0827,80.2707,nasa_power_prectotcorr_daily,PRECTOTCORR,precipitation,6.98,mm/day,2022-08-02T00:00:00Z,NASA POWER (MERRA-2),"https://power.larc.nasa.gov/api/temporal/daily/point?parameters=T2M,PRECTOTCORR&community=RE&longitude=80.2707&latitude=13.0827&start=20210101&end=20241231&format=JSON",0.5x0.625 deg,daily,VALID,OBSERVED
IN-TN-CHE,Chennai,13.0827,80.2707,nasa_power_t2m_daily,T2M,temperature_2m,27.64,C,2022-08-03T00:00:00Z,NASA POWER (MERRA-2),"https://power.larc.nasa.gov/api/temporal/daily/point?parameters=T2M,PRECTOTCORR&community=RE&longitude=80.2707&latitude=13.0827&start=20210101&end=20241231&format=JSON",0.5x0.625 deg,daily,VALID,OBSERVED
IN-TN-CHE,Chennai,13.0827,80.2707,nasa_power_prectotcorr_daily,PRECTOTCORR,precipitation,14.47,mm/day,2022-08-03T00:00:00Z,NASA POWER (MERRA-2),"https://power.larc.nasa.gov/api/temporal/daily/point?parameters=T2M,PRECTOTCORR&community=RE&longitude=80.2707&latitude=13.0827&start=20210101&end=20241231&format=JSON",0.5x0.625 deg,daily,VALID,OBSERVED
IN-TN-CHE,Chennai,13.0827,80.2707,nasa_power_t2m_daily,T2M,temperature_2m,27.68,C,2022-08-04T00:00:00Z,NASA POWER (MERRA-2),"https://power.larc.nasa.gov/api/temporal/daily/point?parameters=T2M,PRECTOTCORR&community=RE&longitude=80.2707&latitude=13.0827&start=20210101&end=20241231&format=JSON",0.5x0.625 deg,daily,VALID,OBSERVED
IN-TN-CHE,Chennai,13.0827,80.2707,nasa_power_prectotcorr_daily,PRECTOTCORR,precipitation,6.52,mm/day,2022-08-04T00:00:00Z,NASA POWER (MERRA-2),"https://power.larc.nasa.gov/api/temporal/daily/point?parameters=T2M,PRECTOTCORR&community=RE&longitude=80.2707&latitude=13.0827&start=20210101&end=20241231&format=JSON",0.5x0.625 deg,daily,VALID,OBSERVED
IN-TN-CHE,Chennai,13.0827,80.2707,nasa_power_t2m_daily,T2M,temperature_2m,28.33,C,2022-08-05T00:00:00Z,NASA POWER (MERRA-2),"https://power.larc.nasa.gov/api/temporal/daily/point?parameters=T2M,PRECTOTCORR&community=RE&longitude=80.2707&latitude=13.0827&start=20210101&end=20241231&format=JSON",0.5x0.625 deg,daily,VALID,OBSERVED
IN-TN-CHE,Chennai,13.0827,80.2707,nasa_power_prectotcorr_daily,PRECTOTCORR,precipitation,3.08,mm/day,2022-08-05T00:00:00Z,NASA POWER (MERRA-2),"https://power.larc.nasa.gov/api/temporal/daily/point?parameters=T2M,PRECTOTCORR&community=RE&longitude=80.2707&latitude=13.0827&start=20210101&end=20241231&format=JSON",0.5x0.625 deg,daily,VALID,OBSERVED
IN-TN-CHE,Chennai,13.0827,80.2707,nasa_power_t2m_daily,T2M,temperature_2m,27.99,C,2022-08-06T00:00:00Z,NASA POWER (MERRA-2),"https://power.larc.nasa.gov/api/temporal/daily/point?parameters=T2M,PRECTOTCORR&community=RE&longitude=80.2707&latitude=13.0827&start=20210101&end=20241231&format=JSON",0.5x0.625 deg,daily,VALID,OBSERVED
IN-TN-CHE,Chennai,13.0827,80.2707,nasa_power_prectotcorr_daily,PRECTOTCORR,precipitation,1.04,mm/day,2022-08-06T00:00:00Z,NASA POWER (MERRA-2),"https://power.larc.nasa.gov/api/temporal/daily/point?parameters=T2M,PRECTOTCORR&community=RE&longitude=80.2707&latitude=13.0827&start=20210101&end=20241231&format=JSON",0.5x0.625 deg,daily,VALID,OBSERVED
IN-TN-CHE,Chennai,13.0827,80.2707,nasa_power_t2m_daily,T2M,temperature_2m,28.1,C,2022-08-07T00:00:00Z,NASA POWER (MERRA-2),"https://power.larc.nasa.gov/api/temporal/daily/point?parameters=T2M,PRECTOTCORR&community=RE&longitude=80.2707&latitude=13.0827&start=20210101&end=20241231&format=JSON",0.5x0.625 deg,daily,VALID,OBSERVED
IN-TN-CHE,Chennai,13.0827,80.2707,nasa_power_prectotcorr_daily,PRECTOTCORR,precipitation,0.62,mm/day,2022-08-07T00:00:00Z,NASA POWER (MERRA-2),"https://power.larc.nasa.gov/api/temporal/daily/point?parameters=T2M,PRECTOTCORR&community=RE&longitude=80.2707&latitude=13.0827&start=20210101&end=20241231&format=JSON",0.5x0.625 deg,daily,VALID,OBSERVED
IN-TN-CHE,Chennai,13.0827,80.2707,nasa_power_t2m_daily,T2M,temperature_2m,28.31,C,2022-08-08T00:00:00Z,NASA POWER (MERRA-2),"https://power.larc.nasa.gov/api/temporal/daily/point?parameters=T2M,PRECTOTCORR&community=RE&longitude=80.2707&latitude=13.0827&start=20210101&end=20241231&format=JSON",0.5x0.625 deg,daily,VALID,OBSERVED
IN-TN-CHE,Chennai,13.0827,80.2707,nasa_power_prectotcorr_daily,PRECTOTCORR,precipitation,0.33,mm/day,2022-08-08T00:00:00Z,NASA POWER (MERRA-2),"https://power.larc.nasa.gov/api/temporal/daily/point?parameters=T2M,PRECTOTCORR&community=RE&longitude=80.2707&latitude=13.0827&start=20210101&end=20241231&format=JSON",0.5x0.625 deg,daily,VALID,OBSERVED
IN-TN-CHE,Chennai,13.0827,80.2707,nasa_power_t2m_daily,T2M,temperature_2m,28.67,C,2022-08-09T00:00:00Z,NASA POWER (MERRA-2),"https://power.larc.nasa.gov/api/temporal/daily/point?parameters=T2M,PRECTOTCORR&community=RE&longitude=80.2707&latitude=13.0827&start=20210101&end=20241231&format=JSON",0.5x0.625 deg,daily,VALID,OBSERVED
IN-TN-CHE,Chennai,13.0827,80.2707,nasa_power_prectotcorr_daily,PRECTOTCORR,precipitation,0.02,mm/day,2022-08-09T00:00:00Z,NASA POWER (MERRA-2),"https://power.larc.nasa.gov/api/temporal/daily/point?parameters=T2M,PRECTOTCORR&community=RE&longitude=80.2707&latitude=13.0827&start=20210101&end=20241231&format=JSON",0.5x0.625 deg,daily,VALID,OBSERVED
IN-TN-CHE,Chennai,13.0827,80.2707,nasa_power_t2m_daily,T2M,temperature_2m,28.89,C,2022-08-10T00:00:00Z,NASA POWER (MERRA-2),"https://power.larc.nasa.gov/api/temporal/daily/point?parameters=T2M,PRECTOTCORR&community=RE&longitude=80.2707&latitude=13.0827&start=20210101&end=20241231&format=JSON",0.5x0.625 deg,daily,VALID,OBSERVED
IN-TN-CHE,Chennai,13.0827,80.2707,nasa_power_prectotcorr_daily,PRECTOTCORR,precipitation,0.0,mm/day,2022-08-10T00:00:00Z,NASA POWER (MERRA-2),"https://power.larc.nasa.gov/api/temporal/daily/point?parameters=T2M,PRECTOTCORR&community=RE&longitude=80.2707&latitude=13.0827&start=20210101&end=20241231&format=JSON",0.5x0.625 deg,daily,VALID,OBSERVED
IN-TN-CHE,Chennai,13.0827,80.2707,nasa_power_t2m_daily,T2M,temperature_2m,29.22,C,2022-08-11T00:00:00Z,NASA POWER (MERRA-2),"https://power.larc.nasa.gov/api/temporal/daily/point?parameters=T2M,PRECTOTCORR&community=RE&longitude=80.2707&latitude=13.0827&start=20210101&end=20241231&format=JSON",0.5x0.625 deg,daily,VALID,OBSERVED
IN-TN-CHE,Chennai,13.0827,80.2707,nasa_power_prectotcorr_daily,PRECTOTCORR,precipitation,0.02,mm/day,2022-08-11T00:00:00Z,NASA POWER (MERRA-2),"https://power.larc.nasa.gov/api/temporal/daily/point?parameters=T2M,PRECTOTCORR&community=RE&longitude=80.2707&latitude=13.0827&start=20210101&end=20241231&format=JSON",0.5x0.625 deg,daily,VALID,OBSERVED
IN-TN-CHE,Chennai,13.0827,80.2707,nasa_power_t2m_daily,T2M,temperature_2m,29.83,C,2022-08-12T00:00:00Z,NASA POWER (MERRA-2),"https://power.larc.nasa.gov/api/temporal/daily/point?parameters=T2M,PRECTOTCORR&community=RE&longitude=80.2707&latitude=13.0827&start=20210101&end=20241231&format=JSON",0.5x0.625 deg,daily,VALID,OBSERVED
IN-TN-CHE,Chennai,13.0827,80.2707,nasa_power_prectotcorr_daily,PRECTOTCORR,precipitation,0.02,mm/day,2022-08-12T00:00:00Z,NASA POWER (MERRA-2),"https://power.larc.nasa.gov/api/temporal/daily/point?parameters=T2M,PRECTOTCORR&community=RE&longitude=80.2707&latitude=13.0827&start=20210101&end=20241231&format=JSON",0.5x0.625 deg,daily,VALID,OBSERVED
IN-TN-CHE,Chennai,13.0827,80.2707,nasa_power_t2m_daily,T2M,temperature_2m,29.28,C,2022-08-13T00:00:00Z,NASA POWER (MERRA-2),"https://power.larc.nasa.gov/api/temporal/daily/point?parameters=T2M,PRECTOTCORR&community=RE&longitude=80.2707&latitude=13.0827&start=20210101&end=20241231&format=JSON",0.5x0.625 deg,daily,VALID,OBSERVED
IN-TN-CHE,Chennai,13.0827,80.2707,nasa_power_prectotcorr_daily,PRECTOTCORR,precipitation,0.04,mm/day,2022-08-13T00:00:00Z,NASA POWER (MERRA-2),"https://power.larc.nasa.gov/api/temporal/daily/point?parameters=T2M,PRECTOTCORR&community=RE&longitude=80.2707&latitude=13.0827&start=20210101&end=20241231&format=JSON",0.5x0.625 deg,daily,VALID,OBSERVED
IN-TN-CHE,Chennai,13.0827,80.2707,nasa_power_t2m_daily,T2M,temperature_2m,29.8,C,2022-08-14T00:00:00Z,NASA POWER (MERRA-2),"https://power.larc.nasa.gov/api/temporal/daily/point?parameters=T2M,PRECTOTCORR&community=RE&longitude=80.2707&latitude=13.0827&start=20210101&end=20241231&format=JSON",0.5x0.625 deg,daily,VALID,OBSERVED
IN-TN-CHE,Chennai,13.0827,80.2707,nasa_power_prectotcorr_daily,PRECTOTCORR,precipitation,0.02,mm/day,2022-08-14T00:00:00Z,NASA POWER (MERRA-2),"https://power.larc.nasa.gov/api/temporal/daily/point?parameters=T2M,PRECTOTCORR&community=RE&longitude=80.2707&latitude=13.0827&start=20210101&end=20241231&format=JSON",0.5x0.625 deg,daily,VALID,OBSERVED
IN-TN-CHE,Chennai,13.0827,80.2707,nasa_power_t2m_daily,T2M,temperature_2m,29.36,C,2022-08-15T00:00:00Z,NASA POWER (MERRA-2),"https://power.larc.nasa.gov/api/temporal/daily/point?parameters=T2M,PRECTOTCORR&community=RE&longitude=80.2707&latitude=13.0827&start=20210101&end=20241231&format=JSON",0.5x0.625 deg,daily,VALID,OBSERVED
IN-TN-CHE,Chennai,13.0827,80.2707,nasa_power_prectotcorr_daily,PRECTOTCORR,precipitation,2.09,mm/day,2022-08-15T00:00:00Z,NASA POWER (MERRA-2),"https://power.larc.nasa.gov/api/temporal/daily/point?parameters=T2M,PRECTOTCORR&community=RE&longitude=80.2707&latitude=13.0827&start=20210101&end=20241231&format=JSON",0.5x0.625 deg,daily,VALID,OBSERVED
IN-TN-CHE,Chennai,13.0827,80.2707,nasa_power_t2m_daily,T2M,temperature_2m,28.55,C,2022-08-16T00:00:00Z,NASA POWER (MERRA-2),"https://power.larc.nasa.gov/api/temporal/daily/point?parameters=T2M,PRECTOTCORR&community=RE&longitude=80.2707&latitude=13.0827&start=20210101&end=20241231&format=JSON",0.5x0.625 deg,daily,VALID,OBSERVED
IN-TN-CHE,Chennai,13.0827,80.2707,nasa_power_prectotcorr_daily,PRECTOTCORR,precipitation,8.22,mm/day,2022-08-16T00:00:00Z,NASA POWER (MERRA-2),"https://power.larc.nasa.gov/api/temporal/daily/point?parameters=T2M,PRECTOTCORR&community=RE&longitude=80.2707&latitude=13.0827&start=20210101&end=20241231&format=JSON",0.5x0.625 deg,daily,VALID,OBSERVED
IN-TN-CHE,Chennai,13.0827,80.2707,nasa_power_t2m_daily,T2M,temperature_2m,27.3,C,2022-08-17T00:00:00Z,NASA POWER (MERRA-2),"https://power.larc.nasa.gov/api/temporal/daily/point?parameters=T2M,PRECTOTCORR&community=RE&longitude=80.2707&latitude=13.0827&start=20210101&end=20241231&format=JSON",0.5x0.625 deg,daily,VALID,OBSERVED
IN-TN-CHE,Chennai,13.0827,80.2707,nasa_power_prectotcorr_daily,PRECTOTCORR,precipitation,8.62,mm/day,2022-08-17T00:00:00Z,NASA POWER (MERRA-2),"https://power.larc.nasa.gov/api/temporal/daily/point?parameters=T2M,PRECTOTCORR&community=RE&longitude=80.2707&latitude=13.0827&start=20210101&end=20241231&format=JSON",0.5x0.625 deg,daily,VALID,OBSERVED
IN-TN-CHE,Chennai,13.0827,80.2707,nasa_power_t2m_daily,T2M,temperature_2m,28.0,C,2022-08-18T00:00:00Z,NASA POWER (MERRA-2),"https://power.larc.nasa.gov/api/temporal/daily/point?parameters=T2M,PRECTOTCORR&community=RE&longitude=80.2707&latitude=13.0827&start=20210101&end=20241231&format=JSON",0.5x0.625 deg,daily,VALID,OBSERVED
IN-TN-CHE,Chennai,13.0827,80.2707,nasa_power_prectotcorr_daily,PRECTOTCORR,precipitation,4.21,mm/day,2022-08-18T00:00:00Z,NASA POWER (MERRA-2),"https://power.larc.nasa.gov/api/temporal/daily/point?parameters=T2M,PRECTOTCORR&community=RE&longitude=80.2707&latitude=13.0827&start=20210101&end=20241231&format=JSON",0.5x0.625 deg,daily,VALID,OBSERVED
IN-TN-CHE,Chennai,13.0827,80.2707,nasa_power_t2m_daily,T2M,temperature_2m,27.74,C,2022-08-19T00:00:00Z,NASA POWER (MERRA-2),"https://power.larc.nasa.gov/api/temporal/daily/point?parameters=T2M,PRECTOTCORR&community=RE&longitude=80.2707&latitude=13.0827&start=20210101&end=20241231&format=JSON",0.5x0.625 deg,daily,VALID,OBSERVED
IN-TN-CHE,Chennai,13.0827,80.2707,nasa_power_prectotcorr_daily,PRECTOTCORR,precipitation,4.58,mm/day,2022-08-19T00:00:00Z,NASA POWER (MERRA-2),"https://power.larc.nasa.gov/api/temporal/daily/point?parameters=T2M,PRECTOTCORR&community=RE&longitude=80.2707&latitude=13.0827&start=20210101&end=20241231&format=JSON",0.5x0.625 deg,daily,VALID,OBSERVED
IN-TN-CHE,Chennai,13.0827,80.2707,nasa_power_t2m_daily,T2M,temperature_2m,29.32,C,2022-08-20T00:00:00Z,NASA POWER (MERRA-2),"https://power.larc.nasa.gov/api/temporal/daily/point?parameters=T2M,PRECTOTCORR&community=RE&longitude=80.2707&latitude=13.0827&start=20210101&end=20241231&format=JSON",0.5x0.625 deg,daily,VALID,OBSERVED
IN-TN-CHE,Chennai,13.0827,80.2707,nasa_power_prectotcorr_daily,PRECTOTCORR,precipitation,1.33,mm/day,2022-08-20T00:00:00Z,NASA POWER (MERRA-2),"https://power.larc.nasa.gov/api/temporal/daily/point?parameters=T2M,PRECTOTCORR&community=RE&longitude=80.2707&latitude=13.0827&start=20210101&end=20241231&format=JSON",0.5x0.625 deg,daily,VALID,OBSERVED
IN-TN-CHE,Chennai,13.0827,80.2707,nasa_power_t2m_daily,T2M,temperature_2m,29.3,C,2022-08-21T00:00:00Z,NASA POWER (MERRA-2),"https://power.larc.nasa.gov/api/temporal/daily/point?parameters=T2M,PRECTOTCORR&community=RE&longitude=80.2707&latitude=13.0827&start=20210101&end=20241231&format=JSON",0.5x0.625 deg,daily,VALID,OBSERVED
IN-TN-CHE,Chennai,13.0827,80.2707,nasa_power_prectotcorr_daily,PRECTOTCORR,precipitation,9.65,mm/day,2022-08-21T00:00:00Z,NASA POWER (MERRA-2),"https://power.larc.nasa.gov/api/temporal/daily/point?parameters=T2M,PRECTOTCORR&community=RE&longitude=80.2707&latitude=13.0827&start=20210101&end=20241231&format=JSON",0.5x0.625 deg,daily,VALID,OBSERVED
IN-TN-CHE,Chennai,13.0827,80.2707,nasa_power_t2m_daily,T2M,temperature_2m,29.01,C,2022-08-22T00:00:00Z,NASA POWER (MERRA-2),"https://power.larc.nasa.gov/api/temporal/daily/point?parameters=T2M,PRECTOTCORR&community=RE&longitude=80.2707&latitude=13.0827&start=20210101&end=20241231&format=JSON",0.5x0.625 deg,daily,VALID,OBSERVED
IN-TN-CHE,Chennai,13.0827,80.2707,nasa_power_prectotcorr_daily,PRECTOTCORR,precipitation,10.86,mm/day,2022-08-22T00:00:00Z,NASA POWER (MERRA-2),"https://power.larc.nasa.gov/api/temporal/daily/point?parameters=T2M,PRECTOTCORR&community=RE&longitude=80.2707&latitude=13.0827&start=20210101&end=20241231&format=JSON",0.5x0.625 deg,daily,VALID,OBSERVED
IN-TN-CHE,Chennai,13.0827,80.2707,nasa_power_t2m_daily,T2M,temperature_2m,29.32,C,2022-08-23T00:00:00Z,NASA POWER (MERRA-2),"https://power.larc.nasa.gov/api/temporal/daily/point?parameters=T2M,PRECTOTCORR&community=RE&longitude=80.2707&latitude=13.0827&start=20210101&end=20241231&format=JSON",0.5x0.625 deg,daily,VALID,OBSERVED
IN-TN-CHE,Chennai,13.0827,80.2707,nasa_power_prectotcorr_daily,PRECTOTCORR,precipitation,21.98,mm/day,2022-08-23T00:00:00Z,NASA POWER (MERRA-2),"https://power.larc.nasa.gov/api/temporal/daily/point?parameters=T2M,PRECTOTCORR&community=RE&longitude=80.2707&latitude=13.0827&start=20210101&end=20241231&format=JSON",0.5x0.625 deg,daily,VALID,OBSERVED
IN-TN-CHE,Chennai,13.0827,80.2707,nasa_power_t2m_daily,T2M,temperature_2m,27.76,C,2022-08-24T00:00:00Z,NASA POWER (MERRA-2),"https://power.larc.nasa.gov/api/temporal/daily/point?parameters=T2M,PRECTOTCORR&community=RE&longitude=80.2707&latitude=13.0827&start=20210101&end=20241231&format=JSON",0.5x0.625 deg,daily,VALID,OBSERVED
IN-TN-CHE,Chennai,13.0827,80.2707,nasa_power_prectotcorr_daily,PRECTOTCORR,precipitation,9.93,mm/day,2022-08-24T00:00:00Z,NASA POWER (MERRA-2),"https://power.larc.nasa.gov/api/temporal/daily/point?parameters=T2M,PRECTOTCORR&community=RE&longitude=80.2707&latitude=13.0827&start=20210101&end=20241231&format=JSON",0.5x0.625 deg,daily,VALID,OBSERVED
IN-TN-CHE,Chennai,13.0827,80.2707,nasa_power_t2m_daily,T2M,temperature_2m,28.38,C,2022-08-25T00:00:00Z,NASA POWER (MERRA-2),"https://power.larc.nasa.gov/api/temporal/daily/point?parameters=T2M,PRECTOTCORR&community=RE&longitude=80.2707&latitude=13.0827&start=20210101&end=20241231&format=JSON",0.5x0.625 deg,daily,VALID,OBSERVED
IN-TN-CHE,Chennai,13.0827,80.2707,nasa_power_prectotcorr_daily,PRECTOTCORR,precipitation,9.94,mm/day,2022-08-25T00:00:00Z,NASA POWER (MERRA-2),"https://power.larc.nasa.gov/api/temporal/daily/point?parameters=T2M,PRECTOTCORR&community=RE&longitude=80.2707&latitude=13.0827&start=20210101&end=20241231&format=JSON",0.5x0.625 deg,daily,VALID,OBSERVED
IN-TN-CHE,Chennai,13.0827,80.2707,nasa_power_t2m_daily,T2M,temperature_2m,27.11,C,2022-08-26T00:00:00Z,NASA POWER (MERRA-2),"https://power.larc.nasa.gov/api/temporal/daily/point?parameters=T2M,PRECTOTCORR&community=RE&longitude=80.2707&latitude=13.0827&start=20210101&end=20241231&format=JSON",0.5x0.625 deg,daily,VALID,OBSERVED
IN-TN-CHE,Chennai,13.0827,80.2707,nasa_power_prectotcorr_daily,PRECTOTCORR,precipitation,12.99,mm/day,2022-08-26T00:00:00Z,NASA POWER (MERRA-2),"https://power.larc.nasa.gov/api/temporal/daily/point?parameters=T2M,PRECTOTCORR&community=RE&longitude=80.2707&latitude=13.0827&start=20210101&end=20241231&format=JSON",0.5x0.625 deg,daily,VALID,OBSERVED
IN-TN-CHE,Chennai,13.0827,80.2707,nasa_power_t2m_daily,T2M,temperature_2m,27.81,C,2022-08-27T00:00:00Z,NASA POWER (MERRA-2),"https://power.larc.nasa.gov/api/temporal/daily/point?parameters=T2M,PRECTOTCORR&community=RE&longitude=80.2707&latitude=13.0827&start=20210101&end=20241231&format=JSON",0.5x0.625 deg,daily,VALID,OBSERVED
IN-TN-CHE,Chennai,13.0827,80.2707,nasa_power_prectotcorr_daily,PRECTOTCORR,precipitation,12.65,mm/day,2022-08-27T00:00:00Z,NASA POWER (MERRA-2),"https://power.larc.nasa.gov/api/temporal/daily/point?parameters=T2M,PRECTOTCORR&community=RE&longitude=80.2707&latitude=13.0827&start=20210101&end=20241231&format=JSON",0.5x0.625 deg,daily,VALID,OBSERVED
IN-TN-CHE,Chennai,13.0827,80.2707,nasa_power_t2m_daily,T2M,temperature_2m,28.01,C,2022-08-28T00:00:00Z,NASA POWER (MERRA-2),"https://power.larc.nasa.gov/api/temporal/daily/point?parameters=T2M,PRECTOTCORR&community=RE&longitude=80.2707&latitude=13.0827&start=20210101&end=20241231&format=JSON",0.5x0.625 deg,daily,VALID,OBSERVED
IN-TN-CHE,Chennai,13.0827,80.2707,nasa_power_prectotcorr_daily,PRECTOTCORR,precipitation,8.91,mm/day,2022-08-28T00:00:00Z,NASA POWER (MERRA-2),"https://power.larc.nasa.gov/api/temporal/daily/point?parameters=T2M,PRECTOTCORR&community=RE&longitude=80.2707&latitude=13.0827&start=20210101&end=20241231&format=JSON",0.5x0.625 deg,daily,VALID,OBSERVED
IN-TN-CHE,Chennai,13.0827,80.2707,nasa_power_t2m_daily,T2M,temperature_2m,27.93,C,2022-08-29T00:00:00Z,NASA POWER (MERRA-2),"https://power.larc.nasa.gov/api/temporal/daily/point?parameters=T2M,PRECTOTCORR&community=RE&longitude=80.2707&latitude=13.0827&start=20210101&end=20241231&format=JSON",0.5x0.625 deg,daily,VALID,OBSERVED
IN-TN-CHE,Chennai,13.0827,80.2707,nasa_power_prectotcorr_daily,PRECTOTCORR,precipitation,9.02,mm/day,2022-08-29T00:00:00Z,NASA POWER (MERRA-2),"https://power.larc.nasa.gov/api/temporal/daily/point?parameters=T2M,PRECTOTCORR&community=RE&longitude=80.2707&latitude=13.0827&start=20210101&end=20241231&format=JSON",0.5x0.625 deg,daily,VALID,OBSERVED
IN-TN-CHE,Chennai,13.0827,80.2707,nasa_power_t2m_daily,T2M,temperature_2m,28.09,C,2022-08-30T00:00:00Z,NASA POWER (MERRA-2),"https://power.larc.nasa.gov/api/temporal/daily/point?parameters=T2M,PRECTOTCORR&community=RE&longitude=80.2707&latitude=13.0827&start=20210101&end=20241231&format=JSON",0.5x0.625 deg,daily,VALID,OBSERVED
IN-TN-CHE,Chennai,13.0827,80.2707,nasa_power_prectotcorr_daily,PRECTOTCORR,precipitation,1.29,mm/day,2022-08-30T00:00:00Z,NASA POWER (MERRA-2),"https://power.larc.nasa.gov/api/temporal/daily/point?parameters=T2M,PRECTOTCORR&community=RE&longitude=80.2707&latitude=13.0827&start=20210101&end=20241231&format=JSON",0.5x0.625 deg,daily,VALID,OBSERVED
IN-TN-CHE,Chennai,13.0827,80.2707,nasa_power_t2m_daily,T2M,temperature_2m,27.45,C,2022-08-31T00:00:00Z,NASA POWER (MERRA-2),"https://power.larc.nasa.gov/api/temporal/daily/point?parameters=T2M,PRECTOTCORR&community=RE&longitude=80.2707&latitude=13.0827&start=20210101&end=20241231&format=JSON",0.5x0.625 deg,daily,VALID,OBSERVED
IN-TN-CHE,Chennai,13.0827,80.2707,nasa_power_prectotcorr_daily,PRECTOTCORR,precipitation,10.69,mm/day,2022-08-31T00:00:00Z,NASA POWER (MERRA-2),"https://power.larc.nasa.gov/api/temporal/daily/point?parameters=T2M,PRECTOTCORR&community=RE&longitude=80.2707&latitude=13.0827&start=20210101&end=20241231&format=JSON",0.5x0.625 deg,daily,VALID,OBSERVED
IN-TN-CHE,Chennai,13.0827,80.2707,nasa_power_t2m_daily,T2M,temperature_2m,27.5,C,2022-09-01T00:00:00Z,NASA POWER (MERRA-2),"https://power.larc.nasa.gov/api/temporal/daily/point?parameters=T2M,PRECTOTCORR&community=RE&longitude=80.2707&latitude=13.0827&start=20210101&end=20241231&format=JSON",0.5x0.625 deg,daily,VALID,OBSERVED
IN-TN-CHE,Chennai,13.0827,80.2707,nasa_power_prectotcorr_daily,PRECTOTCORR,precipitation,12.54,mm/day,2022-09-01T00:00:00Z,NASA POWER (MERRA-2),"https://power.larc.nasa.gov/api/temporal/daily/point?parameters=T2M,PRECTOTCORR&community=RE&longitude=80.2707&latitude=13.0827&start=20210101&end=20241231&format=JSON",0.5x0.625 deg,daily,VALID,OBSERVED
IN-TN-CHE,Chennai,13.0827,80.2707,nasa_power_t2m_daily,T2M,temperature_2m,27.39,C,2022-09-02T00:00:00Z,NASA POWER (MERRA-2),"https://power.larc.nasa.gov/api/temporal/daily/point?parameters=T2M,PRECTOTCORR&community=RE&longitude=80.2707&latitude=13.0827&start=20210101&end=20241231&format=JSON",0.5x0.625 deg,daily,VALID,OBSERVED
IN-TN-CHE,Chennai,13.0827,80.2707,nasa_power_prectotcorr_daily,PRECTOTCORR,precipitation,2.58,mm/day,2022-09-02T00:00:00Z,NASA POWER (MERRA-2),"https://power.larc.nasa.gov/api/temporal/daily/point?parameters=T2M,PRECTOTCORR&community=RE&longitude=80.2707&latitude=13.0827&start=20210101&end=20241231&format=JSON",0.5x0.625 deg,daily,VALID,OBSERVED
IN-TN-CHE,Chennai,13.0827,80.2707,nasa_power_t2m_daily,T2M,temperature_2m,28.13,C,2022-09-03T00:00:00Z,NASA POWER (MERRA-2),"https://power.larc.nasa.gov/api/temporal/daily/point?parameters=T2M,PRECTOTCORR&community=RE&longitude=80.2707&latitude=13.0827&start=20210101&end=20241231&format=JSON",0.5x0.625 deg,daily,VALID,OBSERVED
IN-TN-CHE,Chennai,13.0827,80.2707,nasa_power_prectotcorr_daily,PRECTOTCORR,precipitation,0.26,mm/day,2022-09-03T00:00:00Z,NASA POWER (MERRA-2),"https://power.larc.nasa.gov/api/temporal/daily/point?parameters=T2M,PRECTOTCORR&community=RE&longitude=80.2707&latitude=13.0827&start=20210101&end=20241231&format=JSON",0.5x0.625 deg,daily,VALID,OBSERVED
IN-TN-CHE,Chennai,13.0827,80.2707,nasa_power_t2m_daily,T2M,temperature_2m,28.06,C,2022-09-04T00:00:00Z,NASA POWER (MERRA-2),"https://power.larc.nasa.gov/api/temporal/daily/point?parameters=T2M,PRECTOTCORR&community=RE&longitude=80.2707&latitude=13.0827&start=20210101&end=20241231&format=JSON",0.5x0.625 deg,daily,VALID,OBSERVED
IN-TN-CHE,Chennai,13.0827,80.2707,nasa_power_prectotcorr_daily,PRECTOTCORR,precipitation,1.19,mm/day,2022-09-04T00:00:00Z,NASA POWER (MERRA-2),"https://power.larc.nasa.gov/api/temporal/daily/point?parameters=T2M,PRECTOTCORR&community=RE&longitude=80.2707&latitude=13.0827&start=20210101&end=20241231&format=JSON",0.5x0.625 deg,daily,VALID,OBSERVED
IN-TN-CHE,Chennai,13.0827,80.2707,nasa_power_t2m_daily,T2M,temperature_2m,28.31,C,2022-09-05T00:00:00Z,NASA POWER (MERRA-2),"https://power.larc.nasa.gov/api/temporal/daily/point?parameters=T2M,PRECTOTCORR&community=RE&longitude=80.2707&latitude=13.0827&start=20210101&end=20241231&format=JSON",0.5x0.625 deg,daily,VALID,OBSERVED
IN-TN-CHE,Chennai,13.0827,80.2707,nasa_power_prectotcorr_daily,PRECTOTCORR,precipitation,0.73,mm/day,2022-09-05T00:00:00Z,NASA POWER (MERRA-2),"https://power.larc.nasa.gov/api/temporal/daily/point?parameters=T2M,PRECTOTCORR&community=RE&longitude=80.2707&latitude=13.0827&start=20210101&end=20241231&format=JSON",0.5x0.625 deg,daily,VALID,OBSERVED
IN-TN-CHE,Chennai,13.0827,80.2707,nasa_power_t2m_daily,T2M,temperature_2m,28.18,C,2022-09-06T00:00:00Z,NASA POWER (MERRA-2),"https://power.larc.nasa.gov/api/temporal/daily/point?parameters=T2M,PRECTOTCORR&community=RE&longitude=80.2707&latitude=13.0827&start=20210101&end=20241231&format=JSON",0.5x0.625 deg,daily,VALID,OBSERVED
IN-TN-CHE,Chennai,13.0827,80.2707,nasa_power_prectotcorr_daily,PRECTOTCORR,precipitation,11.67,mm/day,2022-09-06T00:00:00Z,NASA POWER (MERRA-2),"https://power.larc.nasa.gov/api/temporal/daily/point?parameters=T2M,PRECTOTCORR&community=RE&longitude=80.2707&latitude=13.0827&start=20210101&end=20241231&format=JSON",0.5x0.625 deg,daily,VALID,OBSERVED
IN-TN-CHE,Chennai,13.0827,80.2707,nasa_power_t2m_daily,T2M,temperature_2m,27.52,C,2022-09-07T00:00:00Z,NASA POWER (MERRA-2),"https://power.larc.nasa.gov/api/temporal/daily/point?parameters=T2M,PRECTOTCORR&community=RE&longitude=80.2707&latitude=13.0827&start=20210101&end=20241231&format=JSON",0.5x0.625 deg,daily,VALID,OBSERVED
IN-TN-CHE,Chennai,13.0827,80.2707,nasa_power_prectotcorr_daily,PRECTOTCORR,precipitation,2.75,mm/day,2022-09-07T00:00:00Z,NASA POWER (MERRA-2),"https://power.larc.nasa.gov/api/temporal/daily/point?parameters=T2M,PRECTOTCORR&community=RE&longitude=80.2707&latitude=13.0827&start=20210101&end=20241231&format=JSON",0.5x0.625 deg,daily,VALID,OBSERVED
IN-TN-CHE,Chennai,13.0827,80.2707,nasa_power_t2m_daily,T2M,temperature_2m,26.86,C,2022-09-08T00:00:00Z,NASA POWER (MERRA-2),"https://power.larc.nasa.gov/api/temporal/daily/point?parameters=T2M,PRECTOTCORR&community=RE&longitude=80.2707&latitude=13.0827&start=20210101&end=20241231&format=JSON",0.5x0.625 deg,daily,VALID,OBSERVED
IN-TN-CHE,Chennai,13.0827,80.2707,nasa_power_prectotcorr_daily,PRECTOTCORR,precipitation,6.67,mm/day,2022-09-08T00:00:00Z,NASA POWER (MERRA-2),"https://power.larc.nasa.gov/api/temporal/daily/point?parameters=T2M,PRECTOTCORR&community=RE&longitude=80.2707&latitude=13.0827&start=20210101&end=20241231&format=JSON",0.5x0.625 deg,daily,VALID,OBSERVED
IN-TN-CHE,Chennai,13.0827,80.2707,nasa_power_t2m_daily,T2M,temperature_2m,28.32,C,2022-09-09T00:00:00Z,NASA POWER (MERRA-2),"https://power.larc.nasa.gov/api/temporal/daily/point?parameters=T2M,PRECTOTCORR&community=RE&longitude=80.2707&latitude=13.0827&start=20210101&end=20241231&format=JSON",0.5x0.625 deg,daily,VALID,OBSERVED
IN-TN-CHE,Chennai,13.0827,80.2707,nasa_power_prectotcorr_daily,PRECTOTCORR,precipitation,1.36,mm/day,2022-09-09T00:00:00Z,NASA POWER (MERRA-2),"https://power.larc.nasa.gov/api/temporal/daily/point?parameters=T2M,PRECTOTCORR&community=RE&longitude=80.2707&latitude=13.0827&start=20210101&end=20241231&format=JSON",0.5x0.625 deg,daily,VALID,OBSERVED
IN-TN-CHE,Chennai,13.0827,80.2707,nasa_power_t2m_daily,T2M,temperature_2m,28.27,C,2022-09-10T00:00:00Z,NASA POWER (MERRA-2),"https://power.larc.nasa.gov/api/temporal/daily/point?parameters=T2M,PRECTOTCORR&community=RE&longitude=80.2707&latitude=13.0827&start=20210101&end=20241231&format=JSON",0.5x0.625 deg,daily,VALID,OBSERVED
IN-TN-CHE,Chennai,13.0827,80.2707,nasa_power_prectotcorr_daily,PRECTOTCORR,precipitation,1.35,mm/day,2022-09-10T00:00:00Z,NASA POWER (MERRA-2),"https://power.larc.nasa.gov/api/temporal/daily/point?parameters=T2M,PRECTOTCORR&community=RE&longitude=80.2707&latitude=13.0827&start=20210101&end=20241231&format=JSON",0.5x0.625 deg,daily,VALID,OBSERVED
IN-TN-CHE,Chennai,13.0827,80.2707,nasa_power_t2m_daily,T2M,temperature_2m,28.06,C,2022-09-11T00:00:00Z,NASA POWER (MERRA-2),"https://power.larc.nasa.gov/api/temporal/daily/point?parameters=T2M,PRECTOTCORR&community=RE&longitude=80.2707&latitude=13.0827&start=20210101&end=20241231&format=JSON",0.5x0.625 deg,daily,VALID,OBSERVED
IN-TN-CHE,Chennai,13.0827,80.2707,nasa_power_prectotcorr_daily,PRECTOTCORR,precipitation,0.42,mm/day,2022-09-11T00:00:00Z,NASA POWER (MERRA-2),"https://power.larc.nasa.gov/api/temporal/daily/point?parameters=T2M,PRECTOTCORR&community=RE&longitude=80.2707&latitude=13.0827&start=20210101&end=20241231&format=JSON",0.5x0.625 deg,daily,VALID,OBSERVED
IN-TN-CHE,Chennai,13.0827,80.2707,nasa_power_t2m_daily,T2M,temperature_2m,27.93,C,2022-09-12T00:00:00Z,NASA POWER (MERRA-2),"https://power.larc.nasa.gov/api/temporal/daily/point?parameters=T2M,PRECTOTCORR&community=RE&longitude=80.2707&latitude=13.0827&start=20210101&end=20241231&format=JSON",0.5x0.625 deg,daily,VALID,OBSERVED
IN-TN-CHE,Chennai,13.0827,80.2707,nasa_power_prectotcorr_daily,PRECTOTCORR,precipitation,0.11,mm/day,2022-09-12T00:00:00Z,NASA POWER (MERRA-2),"https://power.larc.nasa.gov/api/temporal/daily/point?parameters=T2M,PRECTOTCORR&community=RE&longitude=80.2707&latitude=13.0827&start=20210101&end=20241231&format=JSON",0.5x0.625 deg,daily,VALID,OBSERVED
IN-TN-CHE,Chennai,13.0827,80.2707,nasa_power_t2m_daily,T2M,temperature_2m,28.29,C,2022-09-13T00:00:00Z,NASA POWER (MERRA-2),"https://power.larc.nasa.gov/api/temporal/daily/point?parameters=T2M,PRECTOTCORR&community=RE&longitude=80.2707&latitude=13.0827&start=20210101&end=20241231&format=JSON",0.5x0.625 deg,daily,VALID,OBSERVED
IN-TN-CHE,Chennai,13.0827,80.2707,nasa_power_prectotcorr_daily,PRECTOTCORR,precipitation,0.17,mm/day,2022-09-13T00:00:00Z,NASA POWER (MERRA-2),"https://power.larc.nasa.gov/api/temporal/daily/point?parameters=T2M,PRECTOTCORR&community=RE&longitude=80.2707&latitude=13.0827&start=20210101&end=20241231&format=JSON",0.5x0.625 deg,daily,VALID,OBSERVED
IN-TN-CHE,Chennai,13.0827,80.2707,nasa_power_t2m_daily,T2M,temperature_2m,28.57,C,2022-09-14T00:00:00Z,NASA POWER (MERRA-2),"https://power.larc.nasa.gov/api/temporal/daily/point?parameters=T2M,PRECTOTCORR&community=RE&longitude=80.2707&latitude=13.0827&start=20210101&end=20241231&format=JSON",0.5x0.625 deg,daily,VALID,OBSERVED
IN-TN-CHE,Chennai,13.0827,80.2707,nasa_power_prectotcorr_daily,PRECTOTCORR,precipitation,1.25,mm/day,2022-09-14T00:00:00Z,NASA POWER (MERRA-2),"https://power.larc.nasa.gov/api/temporal/daily/point?parameters=T2M,PRECTOTCORR&community=RE&longitude=80.2707&latitude=13.0827&start=20210101&end=20241231&format=JSON",0.5x0.625 deg,daily,VALID,OBSERVED
IN-TN-CHE,Chennai,13.0827,80.2707,nasa_power_t2m_daily,T2M,temperature_2m,27.11,C,2022-09-15T00:00:00Z,NASA POWER (MERRA-2),"https://power.larc.nasa.gov/api/temporal/daily/point?parameters=T2M,PRECTOTCORR&community=RE&longitude=80.2707&latitude=13.0827&start=20210101&end=20241231&format=JSON",0.5x0.625 deg,daily,VALID,OBSERVED
IN-TN-CHE,Chennai,13.0827,80.2707,nasa_power_prectotcorr_daily,PRECTOTCORR,precipitation,2.04,mm/day,2022-09-15T00:00:00Z,NASA POWER (MERRA-2),"https://power.larc.nasa.gov/api/temporal/daily/point?parameters=T2M,PRECTOTCORR&community=RE&longitude=80.2707&latitude=13.0827&start=20210101&end=20241231&format=JSON",0.5x0.625 deg,daily,VALID,OBSERVED
IN-TN-CHE,Chennai,13.0827,80.2707,nasa_power_t2m_daily,T2M,temperature_2m,28.16,C,2022-09-16T00:00:00Z,NASA POWER (MERRA-2),"https://power.larc.nasa.gov/api/temporal/daily/point?parameters=T2M,PRECTOTCORR&community=RE&longitude=80.2707&latitude=13.0827&start=20210101&end=20241231&format=JSON",0.5x0.625 deg,daily,VALID,OBSERVED
IN-TN-CHE,Chennai,13.0827,80.2707,nasa_power_prectotcorr_daily,PRECTOTCORR,precipitation,1.29,mm/day,2022-09-16T00:00:00Z,NASA POWER (MERRA-2),"https://power.larc.nasa.gov/api/temporal/daily/point?parameters=T2M,PRECTOTCORR&community=RE&longitude=80.2707&latitude=13.0827&start=20210101&end=20241231&format=JSON",0.5x0.625 deg,daily,VALID,OBSERVED
IN-TN-CHE,Chennai,13.0827,80.2707,nasa_power_t2m_daily,T2M,temperature_2m,28.64,C,2022-09-17T00:00:00Z,NASA POWER (MERRA-2),"https://power.larc.nasa.gov/api/temporal/daily/point?parameters=T2M,PRECTOTCORR&community=RE&longitude=80.2707&latitude=13.0827&start=20210101&end=20241231&format=JSON",0.5x0.625 deg,daily,VALID,OBSERVED
IN-TN-CHE,Chennai,13.0827,80.2707,nasa_power_prectotcorr_daily,PRECTOTCORR,precipitation,2.85,mm/day,2022-09-17T00:00:00Z,NASA POWER (MERRA-2),"https://power.larc.nasa.gov/api/temporal/daily/point?parameters=T2M,PRECTOTCORR&community=RE&longitude=80.2707&latitude=13.0827&start=20210101&end=20241231&format=JSON",0.5x0.625 deg,daily,VALID,OBSERVED
IN-TN-CHE,Chennai,13.0827,80.2707,nasa_power_t2m_daily,T2M,temperature_2m,28.64,C,2022-09-18T00:00:00Z,NASA POWER (MERRA-2),"https://power.larc.nasa.gov/api/temporal/daily/point?parameters=T2M,PRECTOTCORR&community=RE&longitude=80.2707&latitude=13.0827&start=20210101&end=20241231&format=JSON",0.5x0.625 deg,daily,VALID,OBSERVED
IN-TN-CHE,Chennai,13.0827,80.2707,nasa_power_prectotcorr_daily,PRECTOTCORR,precipitation,1.23,mm/day,2022-09-18T00:00:00Z,NASA POWER (MERRA-2),"https://power.larc.nasa.gov/api/temporal/daily/point?parameters=T2M,PRECTOTCORR&community=RE&longitude=80.2707&latitude=13.0827&start=20210101&end=20241231&format=JSON",0.5x0.625 deg,daily,VALID,OBSERVED
IN-TN-CHE,Chennai,13.0827,80.2707,nasa_power_t2m_daily,T2M,temperature_2m,27.82,C,2022-09-19T00:00:00Z,NASA POWER (MERRA-2),"https://power.larc.nasa.gov/api/temporal/daily/point?parameters=T2M,PRECTOTCORR&community=RE&longitude=80.2707&latitude=13.0827&start=20210101&end=20241231&format=JSON",0.5x0.625 deg,daily,VALID,OBSERVED
IN-TN-CHE,Chennai,13.0827,80.2707,nasa_power_prectotcorr_daily,PRECTOTCORR,precipitation,2.23,mm/day,2022-09-19T00:00:00Z,NASA POWER (MERRA-2),"https://power.larc.nasa.gov/api/temporal/daily/point?parameters=T2M,PRECTOTCORR&community=RE&longitude=80.2707&latitude=13.0827&start=20210101&end=20241231&format=JSON",0.5x0.625 deg,daily,VALID,OBSERVED
IN-TN-CHE,Chennai,13.0827,80.2707,nasa_power_t2m_daily,T2M,temperature_2m,28.01,C,2022-09-20T00:00:00Z,NASA POWER (MERRA-2),"https://power.larc.nasa.gov/api/temporal/daily/point?parameters=T2M,PRECTOTCORR&community=RE&longitude=80.2707&latitude=13.0827&start=20210101&end=20241231&format=JSON",0.5x0.625 deg,daily,VALID,OBSERVED
IN-TN-CHE,Chennai,13.0827,80.2707,nasa_power_prectotcorr_daily,PRECTOTCORR,precipitation,0.78,mm/day,2022-09-20T00:00:00Z,NASA POWER (MERRA-2),"https://power.larc.nasa.gov/api/temporal/daily/point?parameters=T2M,PRECTOTCORR&community=RE&longitude=80.2707&latitude=13.0827&start=20210101&end=20241231&format=JSON",0.5x0.625 deg,daily,VALID,OBSERVED
IN-TN-CHE,Chennai,13.0827,80.2707,nasa_power_t2m_daily,T2M,temperature_2m,27.97,C,2022-09-21T00:00:00Z,NASA POWER (MERRA-2),"https://power.larc.nasa.gov/api/temporal/daily/point?parameters=T2M,PRECTOTCORR&community=RE&longitude=80.2707&latitude=13.0827&start=20210101&end=20241231&format=JSON",0.5x0.625 deg,daily,VALID,OBSERVED
IN-TN-CHE,Chennai,13.0827,80.2707,nasa_power_prectotcorr_daily,PRECTOTCORR,precipitation,0.04,mm/day,2022-09-21T00:00:00Z,NASA POWER (MERRA-2),"https://power.larc.nasa.gov/api/temporal/daily/point?parameters=T2M,PRECTOTCORR&community=RE&longitude=80.2707&latitude=13.0827&start=20210101&end=20241231&format=JSON",0.5x0.625 deg,daily,VALID,OBSERVED
IN-TN-CHE,Chennai,13.0827,80.2707,nasa_power_t2m_daily,T2M,temperature_2m,28.75,C,2022-09-22T00:00:00Z,NASA POWER (MERRA-2),"https://power.larc.nasa.gov/api/temporal/daily/point?parameters=T2M,PRECTOTCORR&community=RE&longitude=80.2707&latitude=13.0827&start=20210101&end=20241231&format=JSON",0.5x0.625 deg,daily,VALID,OBSERVED
IN-TN-CHE,Chennai,13.0827,80.2707,nasa_power_prectotcorr_daily,PRECTOTCORR,precipitation,0.13,mm/day,2022-09-22T00:00:00Z,NASA POWER (MERRA-2),"https://power.larc.nasa.gov/api/temporal/daily/point?parameters=T2M,PRECTOTCORR&community=RE&longitude=80.2707&latitude=13.0827&start=20210101&end=20241231&format=JSON",0.5x0.625 deg,daily,VALID,OBSERVED
IN-TN-CHE,Chennai,13.0827,80.2707,nasa_power_t2m_daily,T2M,temperature_2m,28.48,C,2022-09-23T00:00:00Z,NASA POWER (MERRA-2),"https://power.larc.nasa.gov/api/temporal/daily/point?parameters=T2M,PRECTOTCORR&community=RE&longitude=80.2707&latitude=13.0827&start=20210101&end=20241231&format=JSON",0.5x0.625 deg,daily,VALID,OBSERVED
IN-TN-CHE,Chennai,13.0827,80.2707,nasa_power_prectotcorr_daily,PRECTOTCORR,precipitation,0.14,mm/day,2022-09-23T00:00:00Z,NASA POWER (MERRA-2),"https://power.larc.nasa.gov/api/temporal/daily/point?parameters=T2M,PRECTOTCORR&community=RE&longitude=80.2707&latitude=13.0827&start=20210101&end=20241231&format=JSON",0.5x0.625 deg,daily,VALID,OBSERVED
IN-TN-CHE,Chennai,13.0827,80.2707,nasa_power_t2m_daily,T2M,temperature_2m,28.92,C,2022-09-24T00:00:00Z,NASA POWER (MERRA-2),"https://power.larc.nasa.gov/api/temporal/daily/point?parameters=T2M,PRECTOTCORR&community=RE&longitude=80.2707&latitude=13.0827&start=20210101&end=20241231&format=JSON",0.5x0.625 deg,daily,VALID,OBSERVED
IN-TN-CHE,Chennai,13.0827,80.2707,nasa_power_prectotcorr_daily,PRECTOTCORR,precipitation,0.83,mm/day,2022-09-24T00:00:00Z,NASA POWER (MERRA-2),"https://power.larc.nasa.gov/api/temporal/daily/point?parameters=T2M,PRECTOTCORR&community=RE&longitude=80.2707&latitude=13.0827&start=20210101&end=20241231&format=JSON",0.5x0.625 deg,daily,VALID,OBSERVED
IN-TN-CHE,Chennai,13.0827,80.2707,nasa_power_t2m_daily,T2M,temperature_2m,28.65,C,2022-09-25T00:00:00Z,NASA POWER (MERRA-2),"https://power.larc.nasa.gov/api/temporal/daily/point?parameters=T2M,PRECTOTCORR&community=RE&longitude=80.2707&latitude=13.0827&start=20210101&end=20241231&format=JSON",0.5x0.625 deg,daily,VALID,OBSERVED
IN-TN-CHE,Chennai,13.0827,80.2707,nasa_power_prectotcorr_daily,PRECTOTCORR,precipitation,0.82,mm/day,2022-09-25T00:00:00Z,NASA POWER (MERRA-2),"https://power.larc.nasa.gov/api/temporal/daily/point?parameters=T2M,PRECTOTCORR&community=RE&longitude=80.2707&latitude=13.0827&start=20210101&end=20241231&format=JSON",0.5x0.625 deg,daily,VALID,OBSERVED
IN-TN-CHE,Chennai,13.0827,80.2707,nasa_power_t2m_daily,T2M,temperature_2m,29.05,C,2022-09-26T00:00:00Z,NASA POWER (MERRA-2),"https://power.larc.nasa.gov/api/temporal/daily/point?parameters=T2M,PRECTOTCORR&community=RE&longitude=80.2707&latitude=13.0827&start=20210101&end=20241231&format=JSON",0.5x0.625 deg,daily,VALID,OBSERVED
IN-TN-CHE,Chennai,13.0827,80.2707,nasa_power_prectotcorr_daily,PRECTOTCORR,precipitation,4.23,mm/day,2022-09-26T00:00:00Z,NASA POWER (MERRA-2),"https://power.larc.nasa.gov/api/temporal/daily/point?parameters=T2M,PRECTOTCORR&community=RE&longitude=80.2707&latitude=13.0827&start=20210101&end=20241231&format=JSON",0.5x0.625 deg,daily,VALID,OBSERVED
IN-TN-CHE,Chennai,13.0827,80.2707,nasa_power_t2m_daily,T2M,temperature_2m,28.27,C,2022-09-27T00:00:00Z,NASA POWER (MERRA-2),"https://power.larc.nasa.gov/api/temporal/daily/point?parameters=T2M,PRECTOTCORR&community=RE&longitude=80.2707&latitude=13.0827&start=20210101&end=20241231&format=JSON",0.5x0.625 deg,daily,VALID,OBSERVED
IN-TN-CHE,Chennai,13.0827,80.2707,nasa_power_prectotcorr_daily,PRECTOTCORR,precipitation,9.48,mm/day,2022-09-27T00:00:00Z,NASA POWER (MERRA-2),"https://power.larc.nasa.gov/api/temporal/daily/point?parameters=T2M,PRECTOTCORR&community=RE&longitude=80.2707&latitude=13.0827&start=20210101&end=20241231&format=JSON",0.5x0.625 deg,daily,VALID,OBSERVED
IN-TN-CHE,Chennai,13.0827,80.2707,nasa_power_t2m_daily,T2M,temperature_2m,26.83,C,2022-09-28T00:00:00Z,NASA POWER (MERRA-2),"https://power.larc.nasa.gov/api/temporal/daily/point?parameters=T2M,PRECTOTCORR&community=RE&longitude=80.2707&latitude=13.0827&start=20210101&end=20241231&format=JSON",0.5x0.625 deg,daily,VALID,OBSERVED
IN-TN-CHE,Chennai,13.0827,80.2707,nasa_power_prectotcorr_daily,PRECTOTCORR,precipitation,5.7,mm/day,2022-09-28T00:00:00Z,NASA POWER (MERRA-2),"https://power.larc.nasa.gov/api/temporal/daily/point?parameters=T2M,PRECTOTCORR&community=RE&longitude=80.2707&latitude=13.0827&start=20210101&end=20241231&format=JSON",0.5x0.625 deg,daily,VALID,OBSERVED
IN-TN-CHE,Chennai,13.0827,80.2707,nasa_power_t2m_daily,T2M,temperature_2m,27.5,C,2022-09-29T00:00:00Z,NASA POWER (MERRA-2),"https://power.larc.nasa.gov/api/temporal/daily/point?parameters=T2M,PRECTOTCORR&community=RE&longitude=80.2707&latitude=13.0827&start=20210101&end=20241231&format=JSON",0.5x0.625 deg,daily,VALID,OBSERVED
IN-TN-CHE,Chennai,13.0827,80.2707,nasa_power_prectotcorr_daily,PRECTOTCORR,precipitation,4.56,mm/day,2022-09-29T00:00:00Z,NASA POWER (MERRA-2),"https://power.larc.nasa.gov/api/temporal/daily/point?parameters=T2M,PRECTOTCORR&community=RE&longitude=80.2707&latitude=13.0827&start=20210101&end=20241231&format=JSON",0.5x0.625 deg,daily,VALID,OBSERVED
IN-TN-CHE,Chennai,13.0827,80.2707,nasa_power_t2m_daily,T2M,temperature_2m,26.9,C,2022-09-30T00:00:00Z,NASA POWER (MERRA-2),"https://power.larc.nasa.gov/api/temporal/daily/point?parameters=T2M,PRECTOTCORR&community=RE&longitude=80.2707&latitude=13.0827&start=20210101&end=20241231&format=JSON",0.5x0.625 deg,daily,VALID,OBSERVED
IN-TN-CHE,Chennai,13.0827,80.2707,nasa_power_prectotcorr_daily,PRECTOTCORR,precipitation,5.21,mm/day,2022-09-30T00:00:00Z,NASA POWER (MERRA-2),"https://power.larc.nasa.gov/api/temporal/daily/point?parameters=T2M,PRECTOTCORR&community=RE&longitude=80.2707&latitude=13.0827&start=20210101&end=20241231&format=JSON",0.5x0.625 deg,daily,VALID,OBSERVED
IN-TN-CHE,Chennai,13.0827,80.2707,nasa_power_t2m_daily,T2M,temperature_2m,26.05,C,2022-10-01T00:00:00Z,NASA POWER (MERRA-2),"https://power.larc.nasa.gov/api/temporal/daily/point?parameters=T2M,PRECTOTCORR&community=RE&longitude=80.2707&latitude=13.0827&start=20210101&end=20241231&format=JSON",0.5x0.625 deg,daily,VALID,OBSERVED
IN-TN-CHE,Chennai,13.0827,80.2707,nasa_power_prectotcorr_daily,PRECTOTCORR,precipitation,5.77,mm/day,2022-10-01T00:00:00Z,NASA POWER (MERRA-2),"https://power.larc.nasa.gov/api/temporal/daily/point?parameters=T2M,PRECTOTCORR&community=RE&longitude=80.2707&latitude=13.0827&start=20210101&end=20241231&format=JSON",0.5x0.625 deg,daily,VALID,OBSERVED
IN-TN-CHE,Chennai,13.0827,80.2707,nasa_power_t2m_daily,T2M,temperature_2m,27.05,C,2022-10-02T00:00:00Z,NASA POWER (MERRA-2),"https://power.larc.nasa.gov/api/temporal/daily/point?parameters=T2M,PRECTOTCORR&community=RE&longitude=80.2707&latitude=13.0827&start=20210101&end=20241231&format=JSON",0.5x0.625 deg,daily,VALID,OBSERVED
IN-TN-CHE,Chennai,13.0827,80.2707,nasa_power_prectotcorr_daily,PRECTOTCORR,precipitation,0.6,mm/day,2022-10-02T00:00:00Z,NASA POWER (MERRA-2),"https://power.larc.nasa.gov/api/temporal/daily/point?parameters=T2M,PRECTOTCORR&community=RE&longitude=80.2707&latitude=13.0827&start=20210101&end=20241231&format=JSON",0.5x0.625 deg,daily,VALID,OBSERVED
IN-TN-CHE,Chennai,13.0827,80.2707,nasa_power_t2m_daily,T2M,temperature_2m,27.96,C,2022-10-03T00:00:00Z,NASA POWER (MERRA-2),"https://power.larc.nasa.gov/api/temporal/daily/point?parameters=T2M,PRECTOTCORR&community=RE&longitude=80.2707&latitude=13.0827&start=20210101&end=20241231&format=JSON",0.5x0.625 deg,daily,VALID,OBSERVED
IN-TN-CHE,Chennai,13.0827,80.2707,nasa_power_prectotcorr_daily,PRECTOTCORR,precipitation,0.21,mm/day,2022-10-03T00:00:00Z,NASA POWER (MERRA-2),"https://power.larc.nasa.gov/api/temporal/daily/point?parameters=T2M,PRECTOTCORR&community=RE&longitude=80.2707&latitude=13.0827&start=20210101&end=20241231&format=JSON",0.5x0.625 deg,daily,VALID,OBSERVED
IN-TN-CHE,Chennai,13.0827,80.2707,nasa_power_t2m_daily,T2M,temperature_2m,27.06,C,2022-10-04T00:00:00Z,NASA POWER (MERRA-2),"https://power.larc.nasa.gov/api/temporal/daily/point?parameters=T2M,PRECTOTCORR&community=RE&longitude=80.2707&latitude=13.0827&start=20210101&end=20241231&format=JSON",0.5x0.625 deg,daily,VALID,OBSERVED
IN-TN-CHE,Chennai,13.0827,80.2707,nasa_power_prectotcorr_daily,PRECTOTCORR,precipitation,0.44,mm/day,2022-10-04T00:00:00Z,NASA POWER (MERRA-2),"https://power.larc.nasa.gov/api/temporal/daily/point?parameters=T2M,PRECTOTCORR&community=RE&longitude=80.2707&latitude=13.0827&start=20210101&end=20241231&format=JSON",0.5x0.625 deg,daily,VALID,OBSERVED
IN-TN-CHE,Chennai,13.0827,80.2707,nasa_power_t2m_daily,T2M,temperature_2m,26.19,C,2022-10-05T00:00:00Z,NASA POWER (MERRA-2),"https://power.larc.nasa.gov/api/temporal/daily/point?parameters=T2M,PRECTOTCORR&community=RE&longitude=80.2707&latitude=13.0827&start=20210101&end=20241231&format=JSON",0.5x0.625 deg,daily,VALID,OBSERVED
IN-TN-CHE,Chennai,13.0827,80.2707,nasa_power_prectotcorr_daily,PRECTOTCORR,precipitation,10.79,mm/day,2022-10-05T00:00:00Z,NASA POWER (MERRA-2),"https://power.larc.nasa.gov/api/temporal/daily/point?parameters=T2M,PRECTOTCORR&community=RE&longitude=80.2707&latitude=13.0827&start=20210101&end=20241231&format=JSON",0.5x0.625 deg,daily,VALID,OBSERVED
IN-TN-CHE,Chennai,13.0827,80.2707,nasa_power_t2m_daily,T2M,temperature_2m,26.75,C,2022-10-06T00:00:00Z,NASA POWER (MERRA-2),"https://power.larc.nasa.gov/api/temporal/daily/point?parameters=T2M,PRECTOTCORR&community=RE&longitude=80.2707&latitude=13.0827&start=20210101&end=20241231&format=JSON",0.5x0.625 deg,daily,VALID,OBSERVED
IN-TN-CHE,Chennai,13.0827,80.2707,nasa_power_prectotcorr_daily,PRECTOTCORR,precipitation,22.41,mm/day,2022-10-06T00:00:00Z,NASA POWER (MERRA-2),"https://power.larc.nasa.gov/api/temporal/daily/point?parameters=T2M,PRECTOTCORR&community=RE&longitude=80.2707&latitude=13.0827&start=20210101&end=20241231&format=JSON",0.5x0.625 deg,daily,VALID,OBSERVED
IN-TN-CHE,Chennai,13.0827,80.2707,nasa_power_t2m_daily,T2M,temperature_2m,27.3,C,2022-10-07T00:00:00Z,NASA POWER (MERRA-2),"https://power.larc.nasa.gov/api/temporal/daily/point?parameters=T2M,PRECTOTCORR&community=RE&longitude=80.2707&latitude=13.0827&start=20210101&end=20241231&format=JSON",0.5x0.625 deg,daily,VALID,OBSERVED
IN-TN-CHE,Chennai,13.0827,80.2707,nasa_power_prectotcorr_daily,PRECTOTCORR,precipitation,3.22,mm/day,2022-10-07T00:00:00Z,NASA POWER (MERRA-2),"https://power.larc.nasa.gov/api/temporal/daily/point?parameters=T2M,PRECTOTCORR&community=RE&longitude=80.2707&latitude=13.0827&start=20210101&end=20241231&format=JSON",0.5x0.625 deg,daily,VALID,OBSERVED
IN-TN-CHE,Chennai,13.0827,80.2707,nasa_power_t2m_daily,T2M,temperature_2m,27.5,C,2022-10-08T00:00:00Z,NASA POWER (MERRA-2),"https://power.larc.nasa.gov/api/temporal/daily/point?parameters=T2M,PRECTOTCORR&community=RE&longitude=80.2707&latitude=13.0827&start=20210101&end=20241231&format=JSON",0.5x0.625 deg,daily,VALID,OBSERVED
IN-TN-CHE,Chennai,13.0827,80.2707,nasa_power_prectotcorr_daily,PRECTOTCORR,precipitation,10.59,mm/day,2022-10-08T00:00:00Z,NASA POWER (MERRA-2),"https://power.larc.nasa.gov/api/temporal/daily/point?parameters=T2M,PRECTOTCORR&community=RE&longitude=80.2707&latitude=13.0827&start=20210101&end=20241231&format=JSON",0.5x0.625 deg,daily,VALID,OBSERVED
IN-TN-CHE,Chennai,13.0827,80.2707,nasa_power_t2m_daily,T2M,temperature_2m,27.17,C,2022-10-09T00:00:00Z,NASA POWER (MERRA-2),"https://power.larc.nasa.gov/api/temporal/daily/point?parameters=T2M,PRECTOTCORR&community=RE&longitude=80.2707&latitude=13.0827&start=20210101&end=20241231&format=JSON",0.5x0.625 deg,daily,VALID,OBSERVED
IN-TN-CHE,Chennai,13.0827,80.2707,nasa_power_prectotcorr_daily,PRECTOTCORR,precipitation,17.43,mm/day,2022-10-09T00:00:00Z,NASA POWER (MERRA-2),"https://power.larc.nasa.gov/api/temporal/daily/point?parameters=T2M,PRECTOTCORR&community=RE&longitude=80.2707&latitude=13.0827&start=20210101&end=20241231&format=JSON",0.5x0.625 deg,daily,VALID,OBSERVED
IN-TN-CHE,Chennai,13.0827,80.2707,nasa_power_t2m_daily,T2M,temperature_2m,27.3,C,2022-10-10T00:00:00Z,NASA POWER (MERRA-2),"https://power.larc.nasa.gov/api/temporal/daily/point?parameters=T2M,PRECTOTCORR&community=RE&longitude=80.2707&latitude=13.0827&start=20210101&end=20241231&format=JSON",0.5x0.625 deg,daily,VALID,OBSERVED
IN-TN-CHE,Chennai,13.0827,80.2707,nasa_power_prectotcorr_daily,PRECTOTCORR,precipitation,5.37,mm/day,2022-10-10T00:00:00Z,NASA POWER (MERRA-2),"https://power.larc.nasa.gov/api/temporal/daily/point?parameters=T2M,PRECTOTCORR&community=RE&longitude=80.2707&latitude=13.0827&start=20210101&end=20241231&format=JSON",0.5x0.625 deg,daily,VALID,OBSERVED
IN-TN-CHE,Chennai,13.0827,80.2707,nasa_power_t2m_daily,T2M,temperature_2m,27.46,C,2022-10-11T00:00:00Z,NASA POWER (MERRA-2),"https://power.larc.nasa.gov/api/temporal/daily/point?parameters=T2M,PRECTOTCORR&community=RE&longitude=80.2707&latitude=13.0827&start=20210101&end=20241231&format=JSON",0.5x0.625 deg,daily,VALID,OBSERVED
IN-TN-CHE,Chennai,13.0827,80.2707,nasa_power_prectotcorr_daily,PRECTOTCORR,precipitation,9.35,mm/day,2022-10-11T00:00:00Z,NASA POWER (MERRA-2),"https://power.larc.nasa.gov/api/temporal/daily/point?parameters=T2M,PRECTOTCORR&community=RE&longitude=80.2707&latitude=13.0827&start=20210101&end=20241231&format=JSON",0.5x0.625 deg,daily,VALID,OBSERVED
IN-TN-CHE,Chennai,13.0827,80.2707,nasa_power_t2m_daily,T2M,temperature_2m,27.45,C,2022-10-12T00:00:00Z,NASA POWER (MERRA-2),"https://power.larc.nasa.gov/api/temporal/daily/point?parameters=T2M,PRECTOTCORR&community=RE&longitude=80.2707&latitude=13.0827&start=20210101&end=20241231&format=JSON",0.5x0.625 deg,daily,VALID,OBSERVED
IN-TN-CHE,Chennai,13.0827,80.2707,nasa_power_prectotcorr_daily,PRECTOTCORR,precipitation,2.27,mm/day,2022-10-12T00:00:00Z,NASA POWER (MERRA-2),"https://power.larc.nasa.gov/api/temporal/daily/point?parameters=T2M,PRECTOTCORR&community=RE&longitude=80.2707&latitude=13.0827&start=20210101&end=20241231&format=JSON",0.5x0.625 deg,daily,VALID,OBSERVED
IN-TN-CHE,Chennai,13.0827,80.2707,nasa_power_t2m_daily,T2M,temperature_2m,27.48,C,2022-10-13T00:00:00Z,NASA POWER (MERRA-2),"https://power.larc.nasa.gov/api/temporal/daily/point?parameters=T2M,PRECTOTCORR&community=RE&longitude=80.2707&latitude=13.0827&start=20210101&end=20241231&format=JSON",0.5x0.625 deg,daily,VALID,OBSERVED
IN-TN-CHE,Chennai,13.0827,80.2707,nasa_power_prectotcorr_daily,PRECTOTCORR,precipitation,2.18,mm/day,2022-10-13T00:00:00Z,NASA POWER (MERRA-2),"https://power.larc.nasa.gov/api/temporal/daily/point?parameters=T2M,PRECTOTCORR&community=RE&longitude=80.2707&latitude=13.0827&start=20210101&end=20241231&format=JSON",0.5x0.625 deg,daily,VALID,OBSERVED
IN-TN-CHE,Chennai,13.0827,80.2707,nasa_power_t2m_daily,T2M,temperature_2m,27.59,C,2022-10-14T00:00:00Z,NASA POWER (MERRA-2),"https://power.larc.nasa.gov/api/temporal/daily/point?parameters=T2M,PRECTOTCORR&community=RE&longitude=80.2707&latitude=13.0827&start=20210101&end=20241231&format=JSON",0.5x0.625 deg,daily,VALID,OBSERVED
IN-TN-CHE,Chennai,13.0827,80.2707,nasa_power_prectotcorr_daily,PRECTOTCORR,precipitation,2.34,mm/day,2022-10-14T00:00:00Z,NASA POWER (MERRA-2),"https://power.larc.nasa.gov/api/temporal/daily/point?parameters=T2M,PRECTOTCORR&community=RE&longitude=80.2707&latitude=13.0827&start=20210101&end=20241231&format=JSON",0.5x0.625 deg,daily,VALID,OBSERVED
IN-TN-CHE,Chennai,13.0827,80.2707,nasa_power_t2m_daily,T2M,temperature_2m,27.18,C,2022-10-15T00:00:00Z,NASA POWER (MERRA-2),"https://power.larc.nasa.gov/api/temporal/daily/point?parameters=T2M,PRECTOTCORR&community=RE&longitude=80.2707&latitude=13.0827&start=20210101&end=20241231&format=JSON",0.5x0.625 deg,daily,VALID,OBSERVED
IN-TN-CHE,Chennai,13.0827,80.2707,nasa_power_prectotcorr_daily,PRECTOTCORR,precipitation,4.78,mm/day,2022-10-15T00:00:00Z,NASA POWER (MERRA-2),"https://power.larc.nasa.gov/api/temporal/daily/point?parameters=T2M,PRECTOTCORR&community=RE&longitude=80.2707&latitude=13.0827&start=20210101&end=20241231&format=JSON",0.5x0.625 deg,daily,VALID,OBSERVED
IN-TN-CHE,Chennai,13.0827,80.2707,nasa_power_t2m_daily,T2M,temperature_2m,27.4,C,2022-10-16T00:00:00Z,NASA POWER (MERRA-2),"https://power.larc.nasa.gov/api/temporal/daily/point?parameters=T2M,PRECTOTCORR&community=RE&longitude=80.2707&latitude=13.0827&start=20210101&end=20241231&format=JSON",0.5x0.625 deg,daily,VALID,OBSERVED
IN-TN-CHE,Chennai,13.0827,80.2707,nasa_power_prectotcorr_daily,PRECTOTCORR,precipitation,5.46,mm/day,2022-10-16T00:00:00Z,NASA POWER (MERRA-2),"https://power.larc.nasa.gov/api/temporal/daily/point?parameters=T2M,PRECTOTCORR&community=RE&longitude=80.2707&latitude=13.0827&start=20210101&end=20241231&format=JSON",0.5x0.625 deg,daily,VALID,OBSERVED
IN-TN-CHE,Chennai,13.0827,80.2707,nasa_power_t2m_daily,T2M,temperature_2m,27.86,C,2022-10-17T00:00:00Z,NASA POWER (MERRA-2),"https://power.larc.nasa.gov/api/temporal/daily/point?parameters=T2M,PRECTOTCORR&community=RE&longitude=80.2707&latitude=13.0827&start=20210101&end=20241231&format=JSON",0.5x0.625 deg,daily,VALID,OBSERVED
IN-TN-CHE,Chennai,13.0827,80.2707,nasa_power_prectotcorr_daily,PRECTOTCORR,precipitation,2.69,mm/day,2022-10-17T00:00:00Z,NASA POWER (MERRA-2),"https://power.larc.nasa.gov/api/temporal/daily/point?parameters=T2M,PRECTOTCORR&community=RE&longitude=80.2707&latitude=13.0827&start=20210101&end=20241231&format=JSON",0.5x0.625 deg,daily,VALID,OBSERVED
IN-TN-CHE,Chennai,13.0827,80.2707,nasa_power_t2m_daily,T2M,temperature_2m,27.66,C,2022-10-18T00:00:00Z,NASA POWER (MERRA-2),"https://power.larc.nasa.gov/api/temporal/daily/point?parameters=T2M,PRECTOTCORR&community=RE&longitude=80.2707&latitude=13.0827&start=20210101&end=20241231&format=JSON",0.5x0.625 deg,daily,VALID,OBSERVED
IN-TN-CHE,Chennai,13.0827,80.2707,nasa_power_prectotcorr_daily,PRECTOTCORR,precipitation,6.35,mm/day,2022-10-18T00:00:00Z,NASA POWER (MERRA-2),"https://power.larc.nasa.gov/api/temporal/daily/point?parameters=T2M,PRECTOTCORR&community=RE&longitude=80.2707&latitude=13.0827&start=20210101&end=20241231&format=JSON",0.5x0.625 deg,daily,VALID,OBSERVED
IN-TN-CHE,Chennai,13.0827,80.2707,nasa_power_t2m_daily,T2M,temperature_2m,27.67,C,2022-10-19T00:00:00Z,NASA POWER (MERRA-2),"https://power.larc.nasa.gov/api/temporal/daily/point?parameters=T2M,PRECTOTCORR&community=RE&longitude=80.2707&latitude=13.0827&start=20210101&end=20241231&format=JSON",0.5x0.625 deg,daily,VALID,OBSERVED
IN-TN-CHE,Chennai,13.0827,80.2707,nasa_power_prectotcorr_daily,PRECTOTCORR,precipitation,5.85,mm/day,2022-10-19T00:00:00Z,NASA POWER (MERRA-2),"https://power.larc.nasa.gov/api/temporal/daily/point?parameters=T2M,PRECTOTCORR&community=RE&longitude=80.2707&latitude=13.0827&start=20210101&end=20241231&format=JSON",0.5x0.625 deg,daily,VALID,OBSERVED
IN-TN-CHE,Chennai,13.0827,80.2707,nasa_power_t2m_daily,T2M,temperature_2m,27.17,C,2022-10-20T00:00:00Z,NASA POWER (MERRA-2),"https://power.larc.nasa.gov/api/temporal/daily/point?parameters=T2M,PRECTOTCORR&community=RE&longitude=80.2707&latitude=13.0827&start=20210101&end=20241231&format=JSON",0.5x0.625 deg,daily,VALID,OBSERVED
IN-TN-CHE,Chennai,13.0827,80.2707,nasa_power_prectotcorr_daily,PRECTOTCORR,precipitation,16.88,mm/day,2022-10-20T00:00:00Z,NASA POWER (MERRA-2),"https://power.larc.nasa.gov/api/temporal/daily/point?parameters=T2M,PRECTOTCORR&community=RE&longitude=80.2707&latitude=13.0827&start=20210101&end=20241231&format=JSON",0.5x0.625 deg,daily,VALID,OBSERVED
IN-TN-CHE,Chennai,13.0827,80.2707,nasa_power_t2m_daily,T2M,temperature_2m,27.25,C,2022-10-21T00:00:00Z,NASA POWER (MERRA-2),"https://power.larc.nasa.gov/api/temporal/daily/point?parameters=T2M,PRECTOTCORR&community=RE&longitude=80.2707&latitude=13.0827&start=20210101&end=20241231&format=JSON",0.5x0.625 deg,daily,VALID,OBSERVED
IN-TN-CHE,Chennai,13.0827,80.2707,nasa_power_prectotcorr_daily,PRECTOTCORR,precipitation,6.6,mm/day,2022-10-21T00:00:00Z,NASA POWER (MERRA-2),"https://power.larc.nasa.gov/api/temporal/daily/point?parameters=T2M,PRECTOTCORR&community=RE&longitude=80.2707&latitude=13.0827&start=20210101&end=20241231&format=JSON",0.5x0.625 deg,daily,VALID,OBSERVED
IN-TN-CHE,Chennai,13.0827,80.2707,nasa_power_t2m_daily,T2M,temperature_2m,27.3,C,2022-10-22T00:00:00Z,NASA POWER (MERRA-2),"https://power.larc.nasa.gov/api/temporal/daily/point?parameters=T2M,PRECTOTCORR&community=RE&longitude=80.2707&latitude=13.0827&start=20210101&end=20241231&format=JSON",0.5x0.625 deg,daily,VALID,OBSERVED
IN-TN-CHE,Chennai,13.0827,80.2707,nasa_power_prectotcorr_daily,PRECTOTCORR,precipitation,2.64,mm/day,2022-10-22T00:00:00Z,NASA POWER (MERRA-2),"https://power.larc.nasa.gov/api/temporal/daily/point?parameters=T2M,PRECTOTCORR&community=RE&longitude=80.2707&latitude=13.0827&start=20210101&end=20241231&format=JSON",0.5x0.625 deg,daily,VALID,OBSERVED
IN-TN-CHE,Chennai,13.0827,80.2707,nasa_power_t2m_daily,T2M,temperature_2m,27.44,C,2022-10-23T00:00:00Z,NASA POWER (MERRA-2),"https://power.larc.nasa.gov/api/temporal/daily/point?parameters=T2M,PRECTOTCORR&community=RE&longitude=80.2707&latitude=13.0827&start=20210101&end=20241231&format=JSON",0.5x0.625 deg,daily,VALID,OBSERVED
IN-TN-CHE,Chennai,13.0827,80.2707,nasa_power_prectotcorr_daily,PRECTOTCORR,precipitation,1.41,mm/day,2022-10-23T00:00:00Z,NASA POWER (MERRA-2),"https://power.larc.nasa.gov/api/temporal/daily/point?parameters=T2M,PRECTOTCORR&community=RE&longitude=80.2707&latitude=13.0827&start=20210101&end=20241231&format=JSON",0.5x0.625 deg,daily,VALID,OBSERVED
IN-TN-CHE,Chennai,13.0827,80.2707,nasa_power_t2m_daily,T2M,temperature_2m,26.14,C,2022-10-24T00:00:00Z,NASA POWER (MERRA-2),"https://power.larc.nasa.gov/api/temporal/daily/point?parameters=T2M,PRECTOTCORR&community=RE&longitude=80.2707&latitude=13.0827&start=20210101&end=20241231&format=JSON",0.5x0.625 deg,daily,VALID,OBSERVED
IN-TN-CHE,Chennai,13.0827,80.2707,nasa_power_prectotcorr_daily,PRECTOTCORR,precipitation,0.0,mm/day,2022-10-24T00:00:00Z,NASA POWER (MERRA-2),"https://power.larc.nasa.gov/api/temporal/daily/point?parameters=T2M,PRECTOTCORR&community=RE&longitude=80.2707&latitude=13.0827&start=20210101&end=20241231&format=JSON",0.5x0.625 deg,daily,VALID,OBSERVED
IN-TN-CHE,Chennai,13.0827,80.2707,nasa_power_t2m_daily,T2M,temperature_2m,26.1,C,2022-10-25T00:00:00Z,NASA POWER (MERRA-2),"https://power.larc.nasa.gov/api/temporal/daily/point?parameters=T2M,PRECTOTCORR&community=RE&longitude=80.2707&latitude=13.0827&start=20210101&end=20241231&format=JSON",0.5x0.625 deg,daily,VALID,OBSERVED
IN-TN-CHE,Chennai,13.0827,80.2707,nasa_power_prectotcorr_daily,PRECTOTCORR,precipitation,0.0,mm/day,2022-10-25T00:00:00Z,NASA POWER (MERRA-2),"https://power.larc.nasa.gov/api/temporal/daily/point?parameters=T2M,PRECTOTCORR&community=RE&longitude=80.2707&latitude=13.0827&start=20210101&end=20241231&format=JSON",0.5x0.625 deg,daily,VALID,OBSERVED
IN-TN-CHE,Chennai,13.0827,80.2707,nasa_power_t2m_daily,T2M,temperature_2m,26.31,C,2022-10-26T00:00:00Z,NASA POWER (MERRA-2),"https://power.larc.nasa.gov/api/temporal/daily/point?parameters=T2M,PRECTOTCORR&community=RE&longitude=80.2707&latitude=13.0827&start=20210101&end=20241231&format=JSON",0.5x0.625 deg,daily,VALID,OBSERVED
IN-TN-CHE,Chennai,13.0827,80.2707,nasa_power_prectotcorr_daily,PRECTOTCORR,precipitation,0.02,mm/day,2022-10-26T00:00:00Z,NASA POWER (MERRA-2),"https://power.larc.nasa.gov/api/temporal/daily/point?parameters=T2M,PRECTOTCORR&community=RE&longitude=80.2707&latitude=13.0827&start=20210101&end=20241231&format=JSON",0.5x0.625 deg,daily,VALID,OBSERVED
IN-TN-CHE,Chennai,13.0827,80.2707,nasa_power_t2m_daily,T2M,temperature_2m,26.44,C,2022-10-27T00:00:00Z,NASA POWER (MERRA-2),"https://power.larc.nasa.gov/api/temporal/daily/point?parameters=T2M,PRECTOTCORR&community=RE&longitude=80.2707&latitude=13.0827&start=20210101&end=20241231&format=JSON",0.5x0.625 deg,daily,VALID,OBSERVED
IN-TN-CHE,Chennai,13.0827,80.2707,nasa_power_prectotcorr_daily,PRECTOTCORR,precipitation,2.07,mm/day,2022-10-27T00:00:00Z,NASA POWER (MERRA-2),"https://power.larc.nasa.gov/api/temporal/daily/point?parameters=T2M,PRECTOTCORR&community=RE&longitude=80.2707&latitude=13.0827&start=20210101&end=20241231&format=JSON",0.5x0.625 deg,daily,VALID,OBSERVED
IN-TN-CHE,Chennai,13.0827,80.2707,nasa_power_t2m_daily,T2M,temperature_2m,26.62,C,2022-10-28T00:00:00Z,NASA POWER (MERRA-2),"https://power.larc.nasa.gov/api/temporal/daily/point?parameters=T2M,PRECTOTCORR&community=RE&longitude=80.2707&latitude=13.0827&start=20210101&end=20241231&format=JSON",0.5x0.625 deg,daily,VALID,OBSERVED
IN-TN-CHE,Chennai,13.0827,80.2707,nasa_power_prectotcorr_daily,PRECTOTCORR,precipitation,10.41,mm/day,2022-10-28T00:00:00Z,NASA POWER (MERRA-2),"https://power.larc.nasa.gov/api/temporal/daily/point?parameters=T2M,PRECTOTCORR&community=RE&longitude=80.2707&latitude=13.0827&start=20210101&end=20241231&format=JSON",0.5x0.625 deg,daily,VALID,OBSERVED
IN-TN-CHE,Chennai,13.0827,80.2707,nasa_power_t2m_daily,T2M,temperature_2m,27.01,C,2022-10-29T00:00:00Z,NASA POWER (MERRA-2),"https://power.larc.nasa.gov/api/temporal/daily/point?parameters=T2M,PRECTOTCORR&community=RE&longitude=80.2707&latitude=13.0827&start=20210101&end=20241231&format=JSON",0.5x0.625 deg,daily,VALID,OBSERVED
IN-TN-CHE,Chennai,13.0827,80.2707,nasa_power_prectotcorr_daily,PRECTOTCORR,precipitation,3.87,mm/day,2022-10-29T00:00:00Z,NASA POWER (MERRA-2),"https://power.larc.nasa.gov/api/temporal/daily/point?parameters=T2M,PRECTOTCORR&community=RE&longitude=80.2707&latitude=13.0827&start=20210101&end=20241231&format=JSON",0.5x0.625 deg,daily,VALID,OBSERVED
IN-TN-CHE,Chennai,13.0827,80.2707,nasa_power_t2m_daily,T2M,temperature_2m,26.81,C,2022-10-30T00:00:00Z,NASA POWER (MERRA-2),"https://power.larc.nasa.gov/api/temporal/daily/point?parameters=T2M,PRECTOTCORR&community=RE&longitude=80.2707&latitude=13.0827&start=20210101&end=20241231&format=JSON",0.5x0.625 deg,daily,VALID,OBSERVED
IN-TN-CHE,Chennai,13.0827,80.2707,nasa_power_prectotcorr_daily,PRECTOTCORR,precipitation,7.56,mm/day,2022-10-30T00:00:00Z,NASA POWER (MERRA-2),"https://power.larc.nasa.gov/api/temporal/daily/point?parameters=T2M,PRECTOTCORR&community=RE&longitude=80.2707&latitude=13.0827&start=20210101&end=20241231&format=JSON",0.5x0.625 deg,daily,VALID,OBSERVED
IN-TN-CHE,Chennai,13.0827,80.2707,nasa_power_t2m_daily,T2M,temperature_2m,25.71,C,2022-10-31T00:00:00Z,NASA POWER (MERRA-2),"https://power.larc.nasa.gov/api/temporal/daily/point?parameters=T2M,PRECTOTCORR&community=RE&longitude=80.2707&latitude=13.0827&start=20210101&end=20241231&format=JSON",0.5x0.625 deg,daily,VALID,OBSERVED
IN-TN-CHE,Chennai,13.0827,80.2707,nasa_power_prectotcorr_daily,PRECTOTCORR,precipitation,25.66,mm/day,2022-10-31T00:00:00Z,NASA POWER (MERRA-2),"https://power.larc.nasa.gov/api/temporal/daily/point?parameters=T2M,PRECTOTCORR&community=RE&longitude=80.2707&latitude=13.0827&start=20210101&end=20241231&format=JSON",0.5x0.625 deg,daily,VALID,OBSERVED
IN-TN-CHE,Chennai,13.0827,80.2707,nasa_power_t2m_daily,T2M,temperature_2m,25.65,C,2022-11-01T00:00:00Z,NASA POWER (MERRA-2),"https://power.larc.nasa.gov/api/temporal/daily/point?parameters=T2M,PRECTOTCORR&community=RE&longitude=80.2707&latitude=13.0827&start=20210101&end=20241231&format=JSON",0.5x0.625 deg,daily,VALID,OBSERVED
IN-TN-CHE,Chennai,13.0827,80.2707,nasa_power_prectotcorr_daily,PRECTOTCORR,precipitation,54.46,mm/day,2022-11-01T00:00:00Z,NASA POWER (MERRA-2),"https://power.larc.nasa.gov/api/temporal/daily/point?parameters=T2M,PRECTOTCORR&community=RE&longitude=80.2707&latitude=13.0827&start=20210101&end=20241231&format=JSON",0.5x0.625 deg,daily,VALID,OBSERVED
IN-TN-CHE,Chennai,13.0827,80.2707,nasa_power_t2m_daily,T2M,temperature_2m,25.63,C,2022-11-02T00:00:00Z,NASA POWER (MERRA-2),"https://power.larc.nasa.gov/api/temporal/daily/point?parameters=T2M,PRECTOTCORR&community=RE&longitude=80.2707&latitude=13.0827&start=20210101&end=20241231&format=JSON",0.5x0.625 deg,daily,VALID,OBSERVED
IN-TN-CHE,Chennai,13.0827,80.2707,nasa_power_prectotcorr_daily,PRECTOTCORR,precipitation,28.46,mm/day,2022-11-02T00:00:00Z,NASA POWER (MERRA-2),"https://power.larc.nasa.gov/api/temporal/daily/point?parameters=T2M,PRECTOTCORR&community=RE&longitude=80.2707&latitude=13.0827&start=20210101&end=20241231&format=JSON",0.5x0.625 deg,daily,VALID,OBSERVED
IN-TN-CHE,Chennai,13.0827,80.2707,nasa_power_t2m_daily,T2M,temperature_2m,25.67,C,2022-11-03T00:00:00Z,NASA POWER (MERRA-2),"https://power.larc.nasa.gov/api/temporal/daily/point?parameters=T2M,PRECTOTCORR&community=RE&longitude=80.2707&latitude=13.0827&start=20210101&end=20241231&format=JSON",0.5x0.625 deg,daily,VALID,OBSERVED
IN-TN-CHE,Chennai,13.0827,80.2707,nasa_power_prectotcorr_daily,PRECTOTCORR,precipitation,24.99,mm/day,2022-11-03T00:00:00Z,NASA POWER (MERRA-2),"https://power.larc.nasa.gov/api/temporal/daily/point?parameters=T2M,PRECTOTCORR&community=RE&longitude=80.2707&latitude=13.0827&start=20210101&end=20241231&format=JSON",0.5x0.625 deg,daily,VALID,OBSERVED
IN-TN-CHE,Chennai,13.0827,80.2707,nasa_power_t2m_daily,T2M,temperature_2m,25.79,C,2022-11-04T00:00:00Z,NASA POWER (MERRA-2),"https://power.larc.nasa.gov/api/temporal/daily/point?parameters=T2M,PRECTOTCORR&community=RE&longitude=80.2707&latitude=13.0827&start=20210101&end=20241231&format=JSON",0.5x0.625 deg,daily,VALID,OBSERVED
IN-TN-CHE,Chennai,13.0827,80.2707,nasa_power_prectotcorr_daily,PRECTOTCORR,precipitation,4.36,mm/day,2022-11-04T00:00:00Z,NASA POWER (MERRA-2),"https://power.larc.nasa.gov/api/temporal/daily/point?parameters=T2M,PRECTOTCORR&community=RE&longitude=80.2707&latitude=13.0827&start=20210101&end=20241231&format=JSON",0.5x0.625 deg,daily,VALID,OBSERVED
IN-TN-CHE,Chennai,13.0827,80.2707,nasa_power_t2m_daily,T2M,temperature_2m,26.43,C,2022-11-05T00:00:00Z,NASA POWER (MERRA-2),"https://power.larc.nasa.gov/api/temporal/daily/point?parameters=T2M,PRECTOTCORR&community=RE&longitude=80.2707&latitude=13.0827&start=20210101&end=20241231&format=JSON",0.5x0.625 deg,daily,VALID,OBSERVED
IN-TN-CHE,Chennai,13.0827,80.2707,nasa_power_prectotcorr_daily,PRECTOTCORR,precipitation,3.45,mm/day,2022-11-05T00:00:00Z,NASA POWER (MERRA-2),"https://power.larc.nasa.gov/api/temporal/daily/point?parameters=T2M,PRECTOTCORR&community=RE&longitude=80.2707&latitude=13.0827&start=20210101&end=20241231&format=JSON",0.5x0.625 deg,daily,VALID,OBSERVED
IN-TN-CHE,Chennai,13.0827,80.2707,nasa_power_t2m_daily,T2M,temperature_2m,26.37,C,2022-11-06T00:00:00Z,NASA POWER (MERRA-2),"https://power.larc.nasa.gov/api/temporal/daily/point?parameters=T2M,PRECTOTCORR&community=RE&longitude=80.2707&latitude=13.0827&start=20210101&end=20241231&format=JSON",0.5x0.625 deg,daily,VALID,OBSERVED
IN-TN-CHE,Chennai,13.0827,80.2707,nasa_power_prectotcorr_daily,PRECTOTCORR,precipitation,2.51,mm/day,2022-11-06T00:00:00Z,NASA POWER (MERRA-2),"https://power.larc.nasa.gov/api/temporal/daily/point?parameters=T2M,PRECTOTCORR&community=RE&longitude=80.2707&latitude=13.0827&start=20210101&end=20241231&format=JSON",0.5x0.625 deg,daily,VALID,OBSERVED
IN-TN-CHE,Chennai,13.0827,80.2707,nasa_power_t2m_daily,T2M,temperature_2m,26.06,C,2022-11-07T00:00:00Z,NASA POWER (MERRA-2),"https://power.larc.nasa.gov/api/temporal/daily/point?parameters=T2M,PRECTOTCORR&community=RE&longitude=80.2707&latitude=13.0827&start=20210101&end=20241231&format=JSON",0.5x0.625 deg,daily,VALID,OBSERVED
IN-TN-CHE,Chennai,13.0827,80.2707,nasa_power_prectotcorr_daily,PRECTOTCORR,precipitation,8.51,mm/day,2022-11-07T00:00:00Z,NASA POWER (MERRA-2),"https://power.larc.nasa.gov/api/temporal/daily/point?parameters=T2M,PRECTOTCORR&community=RE&longitude=80.2707&latitude=13.0827&start=20210101&end=20241231&format=JSON",0.5x0.625 deg,daily,VALID,OBSERVED
IN-TN-CHE,Chennai,13.0827,80.2707,nasa_power_t2m_daily,T2M,temperature_2m,26.05,C,2022-11-08T00:00:00Z,NASA POWER (MERRA-2),"https://power.larc.nasa.gov/api/temporal/daily/point?parameters=T2M,PRECTOTCORR&community=RE&longitude=80.2707&latitude=13.0827&start=20210101&end=20241231&format=JSON",0.5x0.625 deg,daily,VALID,OBSERVED
IN-TN-CHE,Chennai,13.0827,80.2707,nasa_power_prectotcorr_daily,PRECTOTCORR,precipitation,4.0,mm/day,2022-11-08T00:00:00Z,NASA POWER (MERRA-2),"https://power.larc.nasa.gov/api/temporal/daily/point?parameters=T2M,PRECTOTCORR&community=RE&longitude=80.2707&latitude=13.0827&start=20210101&end=20241231&format=JSON",0.5x0.625 deg,daily,VALID,OBSERVED
IN-TN-CHE,Chennai,13.0827,80.2707,nasa_power_t2m_daily,T2M,temperature_2m,26.32,C,2022-11-09T00:00:00Z,NASA POWER (MERRA-2),"https://power.larc.nasa.gov/api/temporal/daily/point?parameters=T2M,PRECTOTCORR&community=RE&longitude=80.2707&latitude=13.0827&start=20210101&end=20241231&format=JSON",0.5x0.625 deg,daily,VALID,OBSERVED
IN-TN-CHE,Chennai,13.0827,80.2707,nasa_power_prectotcorr_daily,PRECTOTCORR,precipitation,1.51,mm/day,2022-11-09T00:00:00Z,NASA POWER (MERRA-2),"https://power.larc.nasa.gov/api/temporal/daily/point?parameters=T2M,PRECTOTCORR&community=RE&longitude=80.2707&latitude=13.0827&start=20210101&end=20241231&format=JSON",0.5x0.625 deg,daily,VALID,OBSERVED
IN-TN-CHE,Chennai,13.0827,80.2707,nasa_power_t2m_daily,T2M,temperature_2m,26.27,C,2022-11-10T00:00:00Z,NASA POWER (MERRA-2),"https://power.larc.nasa.gov/api/temporal/daily/point?parameters=T2M,PRECTOTCORR&community=RE&longitude=80.2707&latitude=13.0827&start=20210101&end=20241231&format=JSON",0.5x0.625 deg,daily,VALID,OBSERVED
IN-TN-CHE,Chennai,13.0827,80.2707,nasa_power_prectotcorr_daily,PRECTOTCORR,precipitation,3.84,mm/day,2022-11-10T00:00:00Z,NASA POWER (MERRA-2),"https://power.larc.nasa.gov/api/temporal/daily/point?parameters=T2M,PRECTOTCORR&community=RE&longitude=80.2707&latitude=13.0827&start=20210101&end=20241231&format=JSON",0.5x0.625 deg,daily,VALID,OBSERVED
IN-TN-CHE,Chennai,13.0827,80.2707,nasa_power_t2m_daily,T2M,temperature_2m,26.09,C,2022-11-11T00:00:00Z,NASA POWER (MERRA-2),"https://power.larc.nasa.gov/api/temporal/daily/point?parameters=T2M,PRECTOTCORR&community=RE&longitude=80.2707&latitude=13.0827&start=20210101&end=20241231&format=JSON",0.5x0.625 deg,daily,VALID,OBSERVED
IN-TN-CHE,Chennai,13.0827,80.2707,nasa_power_prectotcorr_daily,PRECTOTCORR,precipitation,67.26,mm/day,2022-11-11T00:00:00Z,NASA POWER (MERRA-2),"https://power.larc.nasa.gov/api/temporal/daily/point?parameters=T2M,PRECTOTCORR&community=RE&longitude=80.2707&latitude=13.0827&start=20210101&end=20241231&format=JSON",0.5x0.625 deg,daily,VALID,OBSERVED
IN-TN-CHE,Chennai,13.0827,80.2707,nasa_power_t2m_daily,T2M,temperature_2m,26.44,C,2022-11-12T00:00:00Z,NASA POWER (MERRA-2),"https://power.larc.nasa.gov/api/temporal/daily/point?parameters=T2M,PRECTOTCORR&community=RE&longitude=80.2707&latitude=13.0827&start=20210101&end=20241231&format=JSON",0.5x0.625 deg,daily,VALID,OBSERVED
IN-TN-CHE,Chennai,13.0827,80.2707,nasa_power_prectotcorr_daily,PRECTOTCORR,precipitation,35.62,mm/day,2022-11-12T00:00:00Z,NASA POWER (MERRA-2),"https://power.larc.nasa.gov/api/temporal/daily/point?parameters=T2M,PRECTOTCORR&community=RE&longitude=80.2707&latitude=13.0827&start=20210101&end=20241231&format=JSON",0.5x0.625 deg,daily,VALID,OBSERVED
IN-TN-CHE,Chennai,13.0827,80.2707,nasa_power_t2m_daily,T2M,temperature_2m,25.77,C,2022-11-13T00:00:00Z,NASA POWER (MERRA-2),"https://power.larc.nasa.gov/api/temporal/daily/point?parameters=T2M,PRECTOTCORR&community=RE&longitude=80.2707&latitude=13.0827&start=20210101&end=20241231&format=JSON",0.5x0.625 deg,daily,VALID,OBSERVED
IN-TN-CHE,Chennai,13.0827,80.2707,nasa_power_prectotcorr_daily,PRECTOTCORR,precipitation,35.91,mm/day,2022-11-13T00:00:00Z,NASA POWER (MERRA-2),"https://power.larc.nasa.gov/api/temporal/daily/point?parameters=T2M,PRECTOTCORR&community=RE&longitude=80.2707&latitude=13.0827&start=20210101&end=20241231&format=JSON",0.5x0.625 deg,daily,VALID,OBSERVED
IN-TN-CHE,Chennai,13.0827,80.2707,nasa_power_t2m_daily,T2M,temperature_2m,26.26,C,2022-11-14T00:00:00Z,NASA POWER (MERRA-2),"https://power.larc.nasa.gov/api/temporal/daily/point?parameters=T2M,PRECTOTCORR&community=RE&longitude=80.2707&latitude=13.0827&start=20210101&end=20241231&format=JSON",0.5x0.625 deg,daily,VALID,OBSERVED
IN-TN-CHE,Chennai,13.0827,80.2707,nasa_power_prectotcorr_daily,PRECTOTCORR,precipitation,7.69,mm/day,2022-11-14T00:00:00Z,NASA POWER (MERRA-2),"https://power.larc.nasa.gov/api/temporal/daily/point?parameters=T2M,PRECTOTCORR&community=RE&longitude=80.2707&latitude=13.0827&start=20210101&end=20241231&format=JSON",0.5x0.625 deg,daily,VALID,OBSERVED
IN-TN-CHE,Chennai,13.0827,80.2707,nasa_power_t2m_daily,T2M,temperature_2m,25.97,C,2022-11-15T00:00:00Z,NASA POWER (MERRA-2),"https://power.larc.nasa.gov/api/temporal/daily/point?parameters=T2M,PRECTOTCORR&community=RE&longitude=80.2707&latitude=13.0827&start=20210101&end=20241231&format=JSON",0.5x0.625 deg,daily,VALID,OBSERVED
IN-TN-CHE,Chennai,13.0827,80.2707,nasa_power_prectotcorr_daily,PRECTOTCORR,precipitation,7.45,mm/day,2022-11-15T00:00:00Z,NASA POWER (MERRA-2),"https://power.larc.nasa.gov/api/temporal/daily/point?parameters=T2M,PRECTOTCORR&community=RE&longitude=80.2707&latitude=13.0827&start=20210101&end=20241231&format=JSON",0.5x0.625 deg,daily,VALID,OBSERVED
IN-TN-CHE,Chennai,13.0827,80.2707,nasa_power_t2m_daily,T2M,temperature_2m,24.62,C,2022-11-16T00:00:00Z,NASA POWER (MERRA-2),"https://power.larc.nasa.gov/api/temporal/daily/point?parameters=T2M,PRECTOTCORR&community=RE&longitude=80.2707&latitude=13.0827&start=20210101&end=20241231&format=JSON",0.5x0.625 deg,daily,VALID,OBSERVED
IN-TN-CHE,Chennai,13.0827,80.2707,nasa_power_prectotcorr_daily,PRECTOTCORR,precipitation,0.01,mm/day,2022-11-16T00:00:00Z,NASA POWER (MERRA-2),"https://power.larc.nasa.gov/api/temporal/daily/point?parameters=T2M,PRECTOTCORR&community=RE&longitude=80.2707&latitude=13.0827&start=20210101&end=20241231&format=JSON",0.5x0.625 deg,daily,VALID,OBSERVED
IN-TN-CHE,Chennai,13.0827,80.2707,nasa_power_t2m_daily,T2M,temperature_2m,24.14,C,2022-11-17T00:00:00Z,NASA POWER (MERRA-2),"https://power.larc.nasa.gov/api/temporal/daily/point?parameters=T2M,PRECTOTCORR&community=RE&longitude=80.2707&latitude=13.0827&start=20210101&end=20241231&format=JSON",0.5x0.625 deg,daily,VALID,OBSERVED
IN-TN-CHE,Chennai,13.0827,80.2707,nasa_power_prectotcorr_daily,PRECTOTCORR,precipitation,0.0,mm/day,2022-11-17T00:00:00Z,NASA POWER (MERRA-2),"https://power.larc.nasa.gov/api/temporal/daily/point?parameters=T2M,PRECTOTCORR&community=RE&longitude=80.2707&latitude=13.0827&start=20210101&end=20241231&format=JSON",0.5x0.625 deg,daily,VALID,OBSERVED
IN-TN-CHE,Chennai,13.0827,80.2707,nasa_power_t2m_daily,T2M,temperature_2m,24.47,C,2022-11-18T00:00:00Z,NASA POWER (MERRA-2),"https://power.larc.nasa.gov/api/temporal/daily/point?parameters=T2M,PRECTOTCORR&community=RE&longitude=80.2707&latitude=13.0827&start=20210101&end=20241231&format=JSON",0.5x0.625 deg,daily,VALID,OBSERVED
IN-TN-CHE,Chennai,13.0827,80.2707,nasa_power_prectotcorr_daily,PRECTOTCORR,precipitation,0.0,mm/day,2022-11-18T00:00:00Z,NASA POWER (MERRA-2),"https://power.larc.nasa.gov/api/temporal/daily/point?parameters=T2M,PRECTOTCORR&community=RE&longitude=80.2707&latitude=13.0827&start=20210101&end=20241231&format=JSON",0.5x0.625 deg,daily,VALID,OBSERVED
IN-TN-CHE,Chennai,13.0827,80.2707,nasa_power_t2m_daily,T2M,temperature_2m,24.13,C,2022-11-19T00:00:00Z,NASA POWER (MERRA-2),"https://power.larc.nasa.gov/api/temporal/daily/point?parameters=T2M,PRECTOTCORR&community=RE&longitude=80.2707&latitude=13.0827&start=20210101&end=20241231&format=JSON",0.5x0.625 deg,daily,VALID,OBSERVED
IN-TN-CHE,Chennai,13.0827,80.2707,nasa_power_prectotcorr_daily,PRECTOTCORR,precipitation,0.0,mm/day,2022-11-19T00:00:00Z,NASA POWER (MERRA-2),"https://power.larc.nasa.gov/api/temporal/daily/point?parameters=T2M,PRECTOTCORR&community=RE&longitude=80.2707&latitude=13.0827&start=20210101&end=20241231&format=JSON",0.5x0.625 deg,daily,VALID,OBSERVED
IN-TN-CHE,Chennai,13.0827,80.2707,nasa_power_t2m_daily,T2M,temperature_2m,23.07,C,2022-11-20T00:00:00Z,NASA POWER (MERRA-2),"https://power.larc.nasa.gov/api/temporal/daily/point?parameters=T2M,PRECTOTCORR&community=RE&longitude=80.2707&latitude=13.0827&start=20210101&end=20241231&format=JSON",0.5x0.625 deg,daily,VALID,OBSERVED
IN-TN-CHE,Chennai,13.0827,80.2707,nasa_power_prectotcorr_daily,PRECTOTCORR,precipitation,0.35,mm/day,2022-11-20T00:00:00Z,NASA POWER (MERRA-2),"https://power.larc.nasa.gov/api/temporal/daily/point?parameters=T2M,PRECTOTCORR&community=RE&longitude=80.2707&latitude=13.0827&start=20210101&end=20241231&format=JSON",0.5x0.625 deg,daily,VALID,OBSERVED
IN-TN-CHE,Chennai,13.0827,80.2707,nasa_power_t2m_daily,T2M,temperature_2m,23.62,C,2022-11-21T00:00:00Z,NASA POWER (MERRA-2),"https://power.larc.nasa.gov/api/temporal/daily/point?parameters=T2M,PRECTOTCORR&community=RE&longitude=80.2707&latitude=13.0827&start=20210101&end=20241231&format=JSON",0.5x0.625 deg,daily,VALID,OBSERVED
IN-TN-CHE,Chennai,13.0827,80.2707,nasa_power_prectotcorr_daily,PRECTOTCORR,precipitation,2.31,mm/day,2022-11-21T00:00:00Z,NASA POWER (MERRA-2),"https://power.larc.nasa.gov/api/temporal/daily/point?parameters=T2M,PRECTOTCORR&community=RE&longitude=80.2707&latitude=13.0827&start=20210101&end=20241231&format=JSON",0.5x0.625 deg,daily,VALID,OBSERVED
IN-TN-CHE,Chennai,13.0827,80.2707,nasa_power_t2m_daily,T2M,temperature_2m,25.39,C,2022-11-22T00:00:00Z,NASA POWER (MERRA-2),"https://power.larc.nasa.gov/api/temporal/daily/point?parameters=T2M,PRECTOTCORR&community=RE&longitude=80.2707&latitude=13.0827&start=20210101&end=20241231&format=JSON",0.5x0.625 deg,daily,VALID,OBSERVED
IN-TN-CHE,Chennai,13.0827,80.2707,nasa_power_prectotcorr_daily,PRECTOTCORR,precipitation,5.68,mm/day,2022-11-22T00:00:00Z,NASA POWER (MERRA-2),"https://power.larc.nasa.gov/api/temporal/daily/point?parameters=T2M,PRECTOTCORR&community=RE&longitude=80.2707&latitude=13.0827&start=20210101&end=20241231&format=JSON",0.5x0.625 deg,daily,VALID,OBSERVED
IN-TN-CHE,Chennai,13.0827,80.2707,nasa_power_t2m_daily,T2M,temperature_2m,26.18,C,2022-11-23T00:00:00Z,NASA POWER (MERRA-2),"https://power.larc.nasa.gov/api/temporal/daily/point?parameters=T2M,PRECTOTCORR&community=RE&longitude=80.2707&latitude=13.0827&start=20210101&end=20241231&format=JSON",0.5x0.625 deg,daily,VALID,OBSERVED
IN-TN-CHE,Chennai,13.0827,80.2707,nasa_power_prectotcorr_daily,PRECTOTCORR,precipitation,9.63,mm/day,2022-11-23T00:00:00Z,NASA POWER (MERRA-2),"https://power.larc.nasa.gov/api/temporal/daily/point?parameters=T2M,PRECTOTCORR&community=RE&longitude=80.2707&latitude=13.0827&start=20210101&end=20241231&format=JSON",0.5x0.625 deg,daily,VALID,OBSERVED
IN-TN-CHE,Chennai,13.0827,80.2707,nasa_power_t2m_daily,T2M,temperature_2m,25.91,C,2022-11-24T00:00:00Z,NASA POWER (MERRA-2),"https://power.larc.nasa.gov/api/temporal/daily/point?parameters=T2M,PRECTOTCORR&community=RE&longitude=80.2707&latitude=13.0827&start=20210101&end=20241231&format=JSON",0.5x0.625 deg,daily,VALID,OBSERVED
IN-TN-CHE,Chennai,13.0827,80.2707,nasa_power_prectotcorr_daily,PRECTOTCORR,precipitation,3.0,mm/day,2022-11-24T00:00:00Z,NASA POWER (MERRA-2),"https://power.larc.nasa.gov/api/temporal/daily/point?parameters=T2M,PRECTOTCORR&community=RE&longitude=80.2707&latitude=13.0827&start=20210101&end=20241231&format=JSON",0.5x0.625 deg,daily,VALID,OBSERVED
IN-TN-CHE,Chennai,13.0827,80.2707,nasa_power_t2m_daily,T2M,temperature_2m,25.54,C,2022-11-25T00:00:00Z,NASA POWER (MERRA-2),"https://power.larc.nasa.gov/api/temporal/daily/point?parameters=T2M,PRECTOTCORR&community=RE&longitude=80.2707&latitude=13.0827&start=20210101&end=20241231&format=JSON",0.5x0.625 deg,daily,VALID,OBSERVED
IN-TN-CHE,Chennai,13.0827,80.2707,nasa_power_prectotcorr_daily,PRECTOTCORR,precipitation,0.3,mm/day,2022-11-25T00:00:00Z,NASA POWER (MERRA-2),"https://power.larc.nasa.gov/api/temporal/daily/point?parameters=T2M,PRECTOTCORR&community=RE&longitude=80.2707&latitude=13.0827&start=20210101&end=20241231&format=JSON",0.5x0.625 deg,daily,VALID,OBSERVED
IN-TN-CHE,Chennai,13.0827,80.2707,nasa_power_t2m_daily,T2M,temperature_2m,25.84,C,2022-11-26T00:00:00Z,NASA POWER (MERRA-2),"https://power.larc.nasa.gov/api/temporal/daily/point?parameters=T2M,PRECTOTCORR&community=RE&longitude=80.2707&latitude=13.0827&start=20210101&end=20241231&format=JSON",0.5x0.625 deg,daily,VALID,OBSERVED
IN-TN-CHE,Chennai,13.0827,80.2707,nasa_power_prectotcorr_daily,PRECTOTCORR,precipitation,0.14,mm/day,2022-11-26T00:00:00Z,NASA POWER (MERRA-2),"https://power.larc.nasa.gov/api/temporal/daily/point?parameters=T2M,PRECTOTCORR&community=RE&longitude=80.2707&latitude=13.0827&start=20210101&end=20241231&format=JSON",0.5x0.625 deg,daily,VALID,OBSERVED
IN-TN-CHE,Chennai,13.0827,80.2707,nasa_power_t2m_daily,T2M,temperature_2m,25.96,C,2022-11-27T00:00:00Z,NASA POWER (MERRA-2),"https://power.larc.nasa.gov/api/temporal/daily/point?parameters=T2M,PRECTOTCORR&community=RE&longitude=80.2707&latitude=13.0827&start=20210101&end=20241231&format=JSON",0.5x0.625 deg,daily,VALID,OBSERVED
IN-TN-CHE,Chennai,13.0827,80.2707,nasa_power_prectotcorr_daily,PRECTOTCORR,precipitation,1.01,mm/day,2022-11-27T00:00:00Z,NASA POWER (MERRA-2),"https://power.larc.nasa.gov/api/temporal/daily/point?parameters=T2M,PRECTOTCORR&community=RE&longitude=80.2707&latitude=13.0827&start=20210101&end=20241231&format=JSON",0.5x0.625 deg,daily,VALID,OBSERVED
IN-TN-CHE,Chennai,13.0827,80.2707,nasa_power_t2m_daily,T2M,temperature_2m,25.71,C,2022-11-28T00:00:00Z,NASA POWER (MERRA-2),"https://power.larc.nasa.gov/api/temporal/daily/point?parameters=T2M,PRECTOTCORR&community=RE&longitude=80.2707&latitude=13.0827&start=20210101&end=20241231&format=JSON",0.5x0.625 deg,daily,VALID,OBSERVED
IN-TN-CHE,Chennai,13.0827,80.2707,nasa_power_prectotcorr_daily,PRECTOTCORR,precipitation,0.05,mm/day,2022-11-28T00:00:00Z,NASA POWER (MERRA-2),"https://power.larc.nasa.gov/api/temporal/daily/point?parameters=T2M,PRECTOTCORR&community=RE&longitude=80.2707&latitude=13.0827&start=20210101&end=20241231&format=JSON",0.5x0.625 deg,daily,VALID,OBSERVED
IN-TN-CHE,Chennai,13.0827,80.2707,nasa_power_t2m_daily,T2M,temperature_2m,24.69,C,2022-11-29T00:00:00Z,NASA POWER (MERRA-2),"https://power.larc.nasa.gov/api/temporal/daily/point?parameters=T2M,PRECTOTCORR&community=RE&longitude=80.2707&latitude=13.0827&start=20210101&end=20241231&format=JSON",0.5x0.625 deg,daily,VALID,OBSERVED
IN-TN-CHE,Chennai,13.0827,80.2707,nasa_power_prectotcorr_daily,PRECTOTCORR,precipitation,0.0,mm/day,2022-11-29T00:00:00Z,NASA POWER (MERRA-2),"https://power.larc.nasa.gov/api/temporal/daily/point?parameters=T2M,PRECTOTCORR&community=RE&longitude=80.2707&latitude=13.0827&start=20210101&end=20241231&format=JSON",0.5x0.625 deg,daily,VALID,OBSERVED
IN-TN-CHE,Chennai,13.0827,80.2707,nasa_power_t2m_daily,T2M,temperature_2m,24.64,C,2022-11-30T00:00:00Z,NASA POWER (MERRA-2),"https://power.larc.nasa.gov/api/temporal/daily/point?parameters=T2M,PRECTOTCORR&community=RE&longitude=80.2707&latitude=13.0827&start=20210101&end=20241231&format=JSON",0.5x0.625 deg,daily,VALID,OBSERVED
IN-TN-CHE,Chennai,13.0827,80.2707,nasa_power_prectotcorr_daily,PRECTOTCORR,precipitation,1.28,mm/day,2022-11-30T00:00:00Z,NASA POWER (MERRA-2),"https://power.larc.nasa.gov/api/temporal/daily/point?parameters=T2M,PRECTOTCORR&community=RE&longitude=80.2707&latitude=13.0827&start=20210101&end=20241231&format=JSON",0.5x0.625 deg,daily,VALID,OBSERVED
IN-TN-CHE,Chennai,13.0827,80.2707,nasa_power_t2m_daily,T2M,temperature_2m,25.96,C,2022-12-01T00:00:00Z,NASA POWER (MERRA-2),"https://power.larc.nasa.gov/api/temporal/daily/point?parameters=T2M,PRECTOTCORR&community=RE&longitude=80.2707&latitude=13.0827&start=20210101&end=20241231&format=JSON",0.5x0.625 deg,daily,VALID,OBSERVED
IN-TN-CHE,Chennai,13.0827,80.2707,nasa_power_prectotcorr_daily,PRECTOTCORR,precipitation,2.14,mm/day,2022-12-01T00:00:00Z,NASA POWER (MERRA-2),"https://power.larc.nasa.gov/api/temporal/daily/point?parameters=T2M,PRECTOTCORR&community=RE&longitude=80.2707&latitude=13.0827&start=20210101&end=20241231&format=JSON",0.5x0.625 deg,daily,VALID,OBSERVED
IN-TN-CHE,Chennai,13.0827,80.2707,nasa_power_t2m_daily,T2M,temperature_2m,26.07,C,2022-12-02T00:00:00Z,NASA POWER (MERRA-2),"https://power.larc.nasa.gov/api/temporal/daily/point?parameters=T2M,PRECTOTCORR&community=RE&longitude=80.2707&latitude=13.0827&start=20210101&end=20241231&format=JSON",0.5x0.625 deg,daily,VALID,OBSERVED
IN-TN-CHE,Chennai,13.0827,80.2707,nasa_power_prectotcorr_daily,PRECTOTCORR,precipitation,0.14,mm/day,2022-12-02T00:00:00Z,NASA POWER (MERRA-2),"https://power.larc.nasa.gov/api/temporal/daily/point?parameters=T2M,PRECTOTCORR&community=RE&longitude=80.2707&latitude=13.0827&start=20210101&end=20241231&format=JSON",0.5x0.625 deg,daily,VALID,OBSERVED
IN-TN-CHE,Chennai,13.0827,80.2707,nasa_power_t2m_daily,T2M,temperature_2m,26.05,C,2022-12-03T00:00:00Z,NASA POWER (MERRA-2),"https://power.larc.nasa.gov/api/temporal/daily/point?parameters=T2M,PRECTOTCORR&community=RE&longitude=80.2707&latitude=13.0827&start=20210101&end=20241231&format=JSON",0.5x0.625 deg,daily,VALID,OBSERVED
IN-TN-CHE,Chennai,13.0827,80.2707,nasa_power_prectotcorr_daily,PRECTOTCORR,precipitation,2.59,mm/day,2022-12-03T00:00:00Z,NASA POWER (MERRA-2),"https://power.larc.nasa.gov/api/temporal/daily/point?parameters=T2M,PRECTOTCORR&community=RE&longitude=80.2707&latitude=13.0827&start=20210101&end=20241231&format=JSON",0.5x0.625 deg,daily,VALID,OBSERVED
IN-TN-CHE,Chennai,13.0827,80.2707,nasa_power_t2m_daily,T2M,temperature_2m,25.82,C,2022-12-04T00:00:00Z,NASA POWER (MERRA-2),"https://power.larc.nasa.gov/api/temporal/daily/point?parameters=T2M,PRECTOTCORR&community=RE&longitude=80.2707&latitude=13.0827&start=20210101&end=20241231&format=JSON",0.5x0.625 deg,daily,VALID,OBSERVED
IN-TN-CHE,Chennai,13.0827,80.2707,nasa_power_prectotcorr_daily,PRECTOTCORR,precipitation,1.1,mm/day,2022-12-04T00:00:00Z,NASA POWER (MERRA-2),"https://power.larc.nasa.gov/api/temporal/daily/point?parameters=T2M,PRECTOTCORR&community=RE&longitude=80.2707&latitude=13.0827&start=20210101&end=20241231&format=JSON",0.5x0.625 deg,daily,VALID,OBSERVED
IN-TN-CHE,Chennai,13.0827,80.2707,nasa_power_t2m_daily,T2M,temperature_2m,25.87,C,2022-12-05T00:00:00Z,NASA POWER (MERRA-2),"https://power.larc.nasa.gov/api/temporal/daily/point?parameters=T2M,PRECTOTCORR&community=RE&longitude=80.2707&latitude=13.0827&start=20210101&end=20241231&format=JSON",0.5x0.625 deg,daily,VALID,OBSERVED
IN-TN-CHE,Chennai,13.0827,80.2707,nasa_power_prectotcorr_daily,PRECTOTCORR,precipitation,0.7,mm/day,2022-12-05T00:00:00Z,NASA POWER (MERRA-2),"https://power.larc.nasa.gov/api/temporal/daily/point?parameters=T2M,PRECTOTCORR&community=RE&longitude=80.2707&latitude=13.0827&start=20210101&end=20241231&format=JSON",0.5x0.625 deg,daily,VALID,OBSERVED
IN-TN-CHE,Chennai,13.0827,80.2707,nasa_power_t2m_daily,T2M,temperature_2m,25.36,C,2022-12-06T00:00:00Z,NASA POWER (MERRA-2),"https://power.larc.nasa.gov/api/temporal/daily/point?parameters=T2M,PRECTOTCORR&community=RE&longitude=80.2707&latitude=13.0827&start=20210101&end=20241231&format=JSON",0.5x0.625 deg,daily,VALID,OBSERVED
IN-TN-CHE,Chennai,13.0827,80.2707,nasa_power_prectotcorr_daily,PRECTOTCORR,precipitation,0.02,mm/day,2022-12-06T00:00:00Z,NASA POWER (MERRA-2),"https://power.larc.nasa.gov/api/temporal/daily/point?parameters=T2M,PRECTOTCORR&community=RE&longitude=80.2707&latitude=13.0827&start=20210101&end=20241231&format=JSON",0.5x0.625 deg,daily,VALID,OBSERVED
IN-TN-CHE,Chennai,13.0827,80.2707,nasa_power_t2m_daily,T2M,temperature_2m,23.77,C,2022-12-07T00:00:00Z,NASA POWER (MERRA-2),"https://power.larc.nasa.gov/api/temporal/daily/point?parameters=T2M,PRECTOTCORR&community=RE&longitude=80.2707&latitude=13.0827&start=20210101&end=20241231&format=JSON",0.5x0.625 deg,daily,VALID,OBSERVED
IN-TN-CHE,Chennai,13.0827,80.2707,nasa_power_prectotcorr_daily,PRECTOTCORR,precipitation,0.01,mm/day,2022-12-07T00:00:00Z,NASA POWER (MERRA-2),"https://power.larc.nasa.gov/api/temporal/daily/point?parameters=T2M,PRECTOTCORR&community=RE&longitude=80.2707&latitude=13.0827&start=20210101&end=20241231&format=JSON",0.5x0.625 deg,daily,VALID,OBSERVED
IN-TN-CHE,Chennai,13.0827,80.2707,nasa_power_t2m_daily,T2M,temperature_2m,22.52,C,2022-12-08T00:00:00Z,NASA POWER (MERRA-2),"https://power.larc.nasa.gov/api/temporal/daily/point?parameters=T2M,PRECTOTCORR&community=RE&longitude=80.2707&latitude=13.0827&start=20210101&end=20241231&format=JSON",0.5x0.625 deg,daily,VALID,OBSERVED
IN-TN-CHE,Chennai,13.0827,80.2707,nasa_power_prectotcorr_daily,PRECTOTCORR,precipitation,14.41,mm/day,2022-12-08T00:00:00Z,NASA POWER (MERRA-2),"https://power.larc.nasa.gov/api/temporal/daily/point?parameters=T2M,PRECTOTCORR&community=RE&longitude=80.2707&latitude=13.0827&start=20210101&end=20241231&format=JSON",0.5x0.625 deg,daily,VALID,OBSERVED
IN-TN-CHE,Chennai,13.0827,80.2707,nasa_power_t2m_daily,T2M,temperature_2m,23.96,C,2022-12-09T00:00:00Z,NASA POWER (MERRA-2),"https://power.larc.nasa.gov/api/temporal/daily/point?parameters=T2M,PRECTOTCORR&community=RE&longitude=80.2707&latitude=13.0827&start=20210101&end=20241231&format=JSON",0.5x0.625 deg,daily,VALID,OBSERVED
IN-TN-CHE,Chennai,13.0827,80.2707,nasa_power_prectotcorr_daily,PRECTOTCORR,precipitation,58.41,mm/day,2022-12-09T00:00:00Z,NASA POWER (MERRA-2),"https://power.larc.nasa.gov/api/temporal/daily/point?parameters=T2M,PRECTOTCORR&community=RE&longitude=80.2707&latitude=13.0827&start=20210101&end=20241231&format=JSON",0.5x0.625 deg,daily,VALID,OBSERVED
IN-TN-CHE,Chennai,13.0827,80.2707,nasa_power_t2m_daily,T2M,temperature_2m,25.03,C,2022-12-10T00:00:00Z,NASA POWER (MERRA-2),"https://power.larc.nasa.gov/api/temporal/daily/point?parameters=T2M,PRECTOTCORR&community=RE&longitude=80.2707&latitude=13.0827&start=20210101&end=20241231&format=JSON",0.5x0.625 deg,daily,VALID,OBSERVED
IN-TN-CHE,Chennai,13.0827,80.2707,nasa_power_prectotcorr_daily,PRECTOTCORR,precipitation,59.93,mm/day,2022-12-10T00:00:00Z,NASA POWER (MERRA-2),"https://power.larc.nasa.gov/api/temporal/daily/point?parameters=T2M,PRECTOTCORR&community=RE&longitude=80.2707&latitude=13.0827&start=20210101&end=20241231&format=JSON",0.5x0.625 deg,daily,VALID,OBSERVED
IN-TN-CHE,Chennai,13.0827,80.2707,nasa_power_t2m_daily,T2M,temperature_2m,25.37,C,2022-12-11T00:00:00Z,NASA POWER (MERRA-2),"https://power.larc.nasa.gov/api/temporal/daily/point?parameters=T2M,PRECTOTCORR&community=RE&longitude=80.2707&latitude=13.0827&start=20210101&end=20241231&format=JSON",0.5x0.625 deg,daily,VALID,OBSERVED
IN-TN-CHE,Chennai,13.0827,80.2707,nasa_power_prectotcorr_daily,PRECTOTCORR,precipitation,14.22,mm/day,2022-12-11T00:00:00Z,NASA POWER (MERRA-2),"https://power.larc.nasa.gov/api/temporal/daily/point?parameters=T2M,PRECTOTCORR&community=RE&longitude=80.2707&latitude=13.0827&start=20210101&end=20241231&format=JSON",0.5x0.625 deg,daily,VALID,OBSERVED
IN-TN-CHE,Chennai,13.0827,80.2707,nasa_power_t2m_daily,T2M,temperature_2m,25.26,C,2022-12-12T00:00:00Z,NASA POWER (MERRA-2),"https://power.larc.nasa.gov/api/temporal/daily/point?parameters=T2M,PRECTOTCORR&community=RE&longitude=80.2707&latitude=13.0827&start=20210101&end=20241231&format=JSON",0.5x0.625 deg,daily,VALID,OBSERVED
IN-TN-CHE,Chennai,13.0827,80.2707,nasa_power_prectotcorr_daily,PRECTOTCORR,precipitation,23.63,mm/day,2022-12-12T00:00:00Z,NASA POWER (MERRA-2),"https://power.larc.nasa.gov/api/temporal/daily/point?parameters=T2M,PRECTOTCORR&community=RE&longitude=80.2707&latitude=13.0827&start=20210101&end=20241231&format=JSON",0.5x0.625 deg,daily,VALID,OBSERVED
IN-TN-CHE,Chennai,13.0827,80.2707,nasa_power_t2m_daily,T2M,temperature_2m,25.5,C,2022-12-13T00:00:00Z,NASA POWER (MERRA-2),"https://power.larc.nasa.gov/api/temporal/daily/point?parameters=T2M,PRECTOTCORR&community=RE&longitude=80.2707&latitude=13.0827&start=20210101&end=20241231&format=JSON",0.5x0.625 deg,daily,VALID,OBSERVED
IN-TN-CHE,Chennai,13.0827,80.2707,nasa_power_prectotcorr_daily,PRECTOTCORR,precipitation,5.64,mm/day,2022-12-13T00:00:00Z,NASA POWER (MERRA-2),"https://power.larc.nasa.gov/api/temporal/daily/point?parameters=T2M,PRECTOTCORR&community=RE&longitude=80.2707&latitude=13.0827&start=20210101&end=20241231&format=JSON",0.5x0.625 deg,daily,VALID,OBSERVED
IN-TN-CHE,Chennai,13.0827,80.2707,nasa_power_t2m_daily,T2M,temperature_2m,25.36,C,2022-12-14T00:00:00Z,NASA POWER (MERRA-2),"https://power.larc.nasa.gov/api/temporal/daily/point?parameters=T2M,PRECTOTCORR&community=RE&longitude=80.2707&latitude=13.0827&start=20210101&end=20241231&format=JSON",0.5x0.625 deg,daily,VALID,OBSERVED
IN-TN-CHE,Chennai,13.0827,80.2707,nasa_power_prectotcorr_daily,PRECTOTCORR,precipitation,0.8,mm/day,2022-12-14T00:00:00Z,NASA POWER (MERRA-2),"https://power.larc.nasa.gov/api/temporal/daily/point?parameters=T2M,PRECTOTCORR&community=RE&longitude=80.2707&latitude=13.0827&start=20210101&end=20241231&format=JSON",0.5x0.625 deg,daily,VALID,OBSERVED
IN-TN-CHE,Chennai,13.0827,80.2707,nasa_power_t2m_daily,T2M,temperature_2m,24.34,C,2022-12-15T00:00:00Z,NASA POWER (MERRA-2),"https://power.larc.nasa.gov/api/temporal/daily/point?parameters=T2M,PRECTOTCORR&community=RE&longitude=80.2707&latitude=13.0827&start=20210101&end=20241231&format=JSON",0.5x0.625 deg,daily,VALID,OBSERVED
IN-TN-CHE,Chennai,13.0827,80.2707,nasa_power_prectotcorr_daily,PRECTOTCORR,precipitation,0.01,mm/day,2022-12-15T00:00:00Z,NASA POWER (MERRA-2),"https://power.larc.nasa.gov/api/temporal/daily/point?parameters=T2M,PRECTOTCORR&community=RE&longitude=80.2707&latitude=13.0827&start=20210101&end=20241231&format=JSON",0.5x0.625 deg,daily,VALID,OBSERVED
IN-TN-CHE,Chennai,13.0827,80.2707,nasa_power_t2m_daily,T2M,temperature_2m,24.39,C,2022-12-16T00:00:00Z,NASA POWER (MERRA-2),"https://power.larc.nasa.gov/api/temporal/daily/point?parameters=T2M,PRECTOTCORR&community=RE&longitude=80.2707&latitude=13.0827&start=20210101&end=20241231&format=JSON",0.5x0.625 deg,daily,VALID,OBSERVED
IN-TN-CHE,Chennai,13.0827,80.2707,nasa_power_prectotcorr_daily,PRECTOTCORR,precipitation,0.03,mm/day,2022-12-16T00:00:00Z,NASA POWER (MERRA-2),"https://power.larc.nasa.gov/api/temporal/daily/point?parameters=T2M,PRECTOTCORR&community=RE&longitude=80.2707&latitude=13.0827&start=20210101&end=20241231&format=JSON",0.5x0.625 deg,daily,VALID,OBSERVED
IN-TN-CHE,Chennai,13.0827,80.2707,nasa_power_t2m_daily,T2M,temperature_2m,25.2,C,2022-12-17T00:00:00Z,NASA POWER (MERRA-2),"https://power.larc.nasa.gov/api/temporal/daily/point?parameters=T2M,PRECTOTCORR&community=RE&longitude=80.2707&latitude=13.0827&start=20210101&end=20241231&format=JSON",0.5x0.625 deg,daily,VALID,OBSERVED
IN-TN-CHE,Chennai,13.0827,80.2707,nasa_power_prectotcorr_daily,PRECTOTCORR,precipitation,0.03,mm/day,2022-12-17T00:00:00Z,NASA POWER (MERRA-2),"https://power.larc.nasa.gov/api/temporal/daily/point?parameters=T2M,PRECTOTCORR&community=RE&longitude=80.2707&latitude=13.0827&start=20210101&end=20241231&format=JSON",0.5x0.625 deg,daily,VALID,OBSERVED
IN-TN-CHE,Chennai,13.0827,80.2707,nasa_power_t2m_daily,T2M,temperature_2m,24.86,C,2022-12-18T00:00:00Z,NASA POWER (MERRA-2),"https://power.larc.nasa.gov/api/temporal/daily/point?parameters=T2M,PRECTOTCORR&community=RE&longitude=80.2707&latitude=13.0827&start=20210101&end=20241231&format=JSON",0.5x0.625 deg,daily,VALID,OBSERVED
IN-TN-CHE,Chennai,13.0827,80.2707,nasa_power_prectotcorr_daily,PRECTOTCORR,precipitation,0.03,mm/day,2022-12-18T00:00:00Z,NASA POWER (MERRA-2),"https://power.larc.nasa.gov/api/temporal/daily/point?parameters=T2M,PRECTOTCORR&community=RE&longitude=80.2707&latitude=13.0827&start=20210101&end=20241231&format=JSON",0.5x0.625 deg,daily,VALID,OBSERVED
IN-TN-CHE,Chennai,13.0827,80.2707,nasa_power_t2m_daily,T2M,temperature_2m,23.97,C,2022-12-19T00:00:00Z,NASA POWER (MERRA-2),"https://power.larc.nasa.gov/api/temporal/daily/point?parameters=T2M,PRECTOTCORR&community=RE&longitude=80.2707&latitude=13.0827&start=20210101&end=20241231&format=JSON",0.5x0.625 deg,daily,VALID,OBSERVED
IN-TN-CHE,Chennai,13.0827,80.2707,nasa_power_prectotcorr_daily,PRECTOTCORR,precipitation,0.04,mm/day,2022-12-19T00:00:00Z,NASA POWER (MERRA-2),"https://power.larc.nasa.gov/api/temporal/daily/point?parameters=T2M,PRECTOTCORR&community=RE&longitude=80.2707&latitude=13.0827&start=20210101&end=20241231&format=JSON",0.5x0.625 deg,daily,VALID,OBSERVED
IN-TN-CHE,Chennai,13.0827,80.2707,nasa_power_t2m_daily,T2M,temperature_2m,24.21,C,2022-12-20T00:00:00Z,NASA POWER (MERRA-2),"https://power.larc.nasa.gov/api/temporal/daily/point?parameters=T2M,PRECTOTCORR&community=RE&longitude=80.2707&latitude=13.0827&start=20210101&end=20241231&format=JSON",0.5x0.625 deg,daily,VALID,OBSERVED
IN-TN-CHE,Chennai,13.0827,80.2707,nasa_power_prectotcorr_daily,PRECTOTCORR,precipitation,0.04,mm/day,2022-12-20T00:00:00Z,NASA POWER (MERRA-2),"https://power.larc.nasa.gov/api/temporal/daily/point?parameters=T2M,PRECTOTCORR&community=RE&longitude=80.2707&latitude=13.0827&start=20210101&end=20241231&format=JSON",0.5x0.625 deg,daily,VALID,OBSERVED
IN-TN-CHE,Chennai,13.0827,80.2707,nasa_power_t2m_daily,T2M,temperature_2m,24.31,C,2022-12-21T00:00:00Z,NASA POWER (MERRA-2),"https://power.larc.nasa.gov/api/temporal/daily/point?parameters=T2M,PRECTOTCORR&community=RE&longitude=80.2707&latitude=13.0827&start=20210101&end=20241231&format=JSON",0.5x0.625 deg,daily,VALID,OBSERVED
IN-TN-CHE,Chennai,13.0827,80.2707,nasa_power_prectotcorr_daily,PRECTOTCORR,precipitation,0.07,mm/day,2022-12-21T00:00:00Z,NASA POWER (MERRA-2),"https://power.larc.nasa.gov/api/temporal/daily/point?parameters=T2M,PRECTOTCORR&community=RE&longitude=80.2707&latitude=13.0827&start=20210101&end=20241231&format=JSON",0.5x0.625 deg,daily,VALID,OBSERVED
IN-TN-CHE,Chennai,13.0827,80.2707,nasa_power_t2m_daily,T2M,temperature_2m,24.32,C,2022-12-22T00:00:00Z,NASA POWER (MERRA-2),"https://power.larc.nasa.gov/api/temporal/daily/point?parameters=T2M,PRECTOTCORR&community=RE&longitude=80.2707&latitude=13.0827&start=20210101&end=20241231&format=JSON",0.5x0.625 deg,daily,VALID,OBSERVED
IN-TN-CHE,Chennai,13.0827,80.2707,nasa_power_prectotcorr_daily,PRECTOTCORR,precipitation,0.52,mm/day,2022-12-22T00:00:00Z,NASA POWER (MERRA-2),"https://power.larc.nasa.gov/api/temporal/daily/point?parameters=T2M,PRECTOTCORR&community=RE&longitude=80.2707&latitude=13.0827&start=20210101&end=20241231&format=JSON",0.5x0.625 deg,daily,VALID,OBSERVED
IN-TN-CHE,Chennai,13.0827,80.2707,nasa_power_t2m_daily,T2M,temperature_2m,24.63,C,2022-12-23T00:00:00Z,NASA POWER (MERRA-2),"https://power.larc.nasa.gov/api/temporal/daily/point?parameters=T2M,PRECTOTCORR&community=RE&longitude=80.2707&latitude=13.0827&start=20210101&end=20241231&format=JSON",0.5x0.625 deg,daily,VALID,OBSERVED
IN-TN-CHE,Chennai,13.0827,80.2707,nasa_power_prectotcorr_daily,PRECTOTCORR,precipitation,0.22,mm/day,2022-12-23T00:00:00Z,NASA POWER (MERRA-2),"https://power.larc.nasa.gov/api/temporal/daily/point?parameters=T2M,PRECTOTCORR&community=RE&longitude=80.2707&latitude=13.0827&start=20210101&end=20241231&format=JSON",0.5x0.625 deg,daily,VALID,OBSERVED
IN-TN-CHE,Chennai,13.0827,80.2707,nasa_power_t2m_daily,T2M,temperature_2m,25.34,C,2022-12-24T00:00:00Z,NASA POWER (MERRA-2),"https://power.larc.nasa.gov/api/temporal/daily/point?parameters=T2M,PRECTOTCORR&community=RE&longitude=80.2707&latitude=13.0827&start=20210101&end=20241231&format=JSON",0.5x0.625 deg,daily,VALID,OBSERVED
IN-TN-CHE,Chennai,13.0827,80.2707,nasa_power_prectotcorr_daily,PRECTOTCORR,precipitation,6.68,mm/day,2022-12-24T00:00:00Z,NASA POWER (MERRA-2),"https://power.larc.nasa.gov/api/temporal/daily/point?parameters=T2M,PRECTOTCORR&community=RE&longitude=80.2707&latitude=13.0827&start=20210101&end=20241231&format=JSON",0.5x0.625 deg,daily,VALID,OBSERVED
IN-TN-CHE,Chennai,13.0827,80.2707,nasa_power_t2m_daily,T2M,temperature_2m,25.88,C,2022-12-25T00:00:00Z,NASA POWER (MERRA-2),"https://power.larc.nasa.gov/api/temporal/daily/point?parameters=T2M,PRECTOTCORR&community=RE&longitude=80.2707&latitude=13.0827&start=20210101&end=20241231&format=JSON",0.5x0.625 deg,daily,VALID,OBSERVED
IN-TN-CHE,Chennai,13.0827,80.2707,nasa_power_prectotcorr_daily,PRECTOTCORR,precipitation,13.2,mm/day,2022-12-25T00:00:00Z,NASA POWER (MERRA-2),"https://power.larc.nasa.gov/api/temporal/daily/point?parameters=T2M,PRECTOTCORR&community=RE&longitude=80.2707&latitude=13.0827&start=20210101&end=20241231&format=JSON",0.5x0.625 deg,daily,VALID,OBSERVED
IN-TN-CHE,Chennai,13.0827,80.2707,nasa_power_t2m_daily,T2M,temperature_2m,25.58,C,2022-12-26T00:00:00Z,NASA POWER (MERRA-2),"https://power.larc.nasa.gov/api/temporal/daily/point?parameters=T2M,PRECTOTCORR&community=RE&longitude=80.2707&latitude=13.0827&start=20210101&end=20241231&format=JSON",0.5x0.625 deg,daily,VALID,OBSERVED
IN-TN-CHE,Chennai,13.0827,80.2707,nasa_power_prectotcorr_daily,PRECTOTCORR,precipitation,3.62,mm/day,2022-12-26T00:00:00Z,NASA POWER (MERRA-2),"https://power.larc.nasa.gov/api/temporal/daily/point?parameters=T2M,PRECTOTCORR&community=RE&longitude=80.2707&latitude=13.0827&start=20210101&end=20241231&format=JSON",0.5x0.625 deg,daily,VALID,OBSERVED
IN-TN-CHE,Chennai,13.0827,80.2707,nasa_power_t2m_daily,T2M,temperature_2m,25.1,C,2022-12-27T00:00:00Z,NASA POWER (MERRA-2),"https://power.larc.nasa.gov/api/temporal/daily/point?parameters=T2M,PRECTOTCORR&community=RE&longitude=80.2707&latitude=13.0827&start=20210101&end=20241231&format=JSON",0.5x0.625 deg,daily,VALID,OBSERVED
IN-TN-CHE,Chennai,13.0827,80.2707,nasa_power_prectotcorr_daily,PRECTOTCORR,precipitation,0.41,mm/day,2022-12-27T00:00:00Z,NASA POWER (MERRA-2),"https://power.larc.nasa.gov/api/temporal/daily/point?parameters=T2M,PRECTOTCORR&community=RE&longitude=80.2707&latitude=13.0827&start=20210101&end=20241231&format=JSON",0.5x0.625 deg,daily,VALID,OBSERVED
IN-TN-CHE,Chennai,13.0827,80.2707,nasa_power_t2m_daily,T2M,temperature_2m,25.59,C,2022-12-28T00:00:00Z,NASA POWER (MERRA-2),"https://power.larc.nasa.gov/api/temporal/daily/point?parameters=T2M,PRECTOTCORR&community=RE&longitude=80.2707&latitude=13.0827&start=20210101&end=20241231&format=JSON",0.5x0.625 deg,daily,VALID,OBSERVED
IN-TN-CHE,Chennai,13.0827,80.2707,nasa_power_prectotcorr_daily,PRECTOTCORR,precipitation,0.02,mm/day,2022-12-28T00:00:00Z,NASA POWER (MERRA-2),"https://power.larc.nasa.gov/api/temporal/daily/point?parameters=T2M,PRECTOTCORR&community=RE&longitude=80.2707&latitude=13.0827&start=20210101&end=20241231&format=JSON",0.5x0.625 deg,daily,VALID,OBSERVED
IN-TN-CHE,Chennai,13.0827,80.2707,nasa_power_t2m_daily,T2M,temperature_2m,25.27,C,2022-12-29T00:00:00Z,NASA POWER (MERRA-2),"https://power.larc.nasa.gov/api/temporal/daily/point?parameters=T2M,PRECTOTCORR&community=RE&longitude=80.2707&latitude=13.0827&start=20210101&end=20241231&format=JSON",0.5x0.625 deg,daily,VALID,OBSERVED
IN-TN-CHE,Chennai,13.0827,80.2707,nasa_power_prectotcorr_daily,PRECTOTCORR,precipitation,0.0,mm/day,2022-12-29T00:00:00Z,NASA POWER (MERRA-2),"https://power.larc.nasa.gov/api/temporal/daily/point?parameters=T2M,PRECTOTCORR&community=RE&longitude=80.2707&latitude=13.0827&start=20210101&end=20241231&format=JSON",0.5x0.625 deg,daily,VALID,OBSERVED
IN-TN-CHE,Chennai,13.0827,80.2707,nasa_power_t2m_daily,T2M,temperature_2m,25.01,C,2022-12-30T00:00:00Z,NASA POWER (MERRA-2),"https://power.larc.nasa.gov/api/temporal/daily/point?parameters=T2M,PRECTOTCORR&community=RE&longitude=80.2707&latitude=13.0827&start=20210101&end=20241231&format=JSON",0.5x0.625 deg,daily,VALID,OBSERVED
IN-TN-CHE,Chennai,13.0827,80.2707,nasa_power_prectotcorr_daily,PRECTOTCORR,precipitation,0.0,mm/day,2022-12-30T00:00:00Z,NASA POWER (MERRA-2),"https://power.larc.nasa.gov/api/temporal/daily/point?parameters=T2M,PRECTOTCORR&community=RE&longitude=80.2707&latitude=13.0827&start=20210101&end=20241231&format=JSON",0.5x0.625 deg,daily,VALID,OBSERVED
IN-TN-CHE,Chennai,13.0827,80.2707,nasa_power_t2m_daily,T2M,temperature_2m,24.7,C,2022-12-31T00:00:00Z,NASA POWER (MERRA-2),"https://power.larc.nasa.gov/api/temporal/daily/point?parameters=T2M,PRECTOTCORR&community=RE&longitude=80.2707&latitude=13.0827&start=20210101&end=20241231&format=JSON",0.5x0.625 deg,daily,VALID,OBSERVED
IN-TN-CHE,Chennai,13.0827,80.2707,nasa_power_prectotcorr_daily,PRECTOTCORR,precipitation,0.0,mm/day,2022-12-31T00:00:00Z,NASA POWER (MERRA-2),"https://power.larc.nasa.gov/api/temporal/daily/point?parameters=T2M,PRECTOTCORR&community=RE&longitude=80.2707&latitude=13.0827&start=20210101&end=20241231&format=JSON",0.5x0.625 deg,daily,VALID,OBSERVED
IN-TN-CHE,Chennai,13.0827,80.2707,nasa_power_t2m_daily,T2M,temperature_2m,24.36,C,2023-01-01T00:00:00Z,NASA POWER (MERRA-2),"https://power.larc.nasa.gov/api/temporal/daily/point?parameters=T2M,PRECTOTCORR&community=RE&longitude=80.2707&latitude=13.0827&start=20210101&end=20241231&format=JSON",0.5x0.625 deg,daily,VALID,OBSERVED
IN-TN-CHE,Chennai,13.0827,80.2707,nasa_power_prectotcorr_daily,PRECTOTCORR,precipitation,0.0,mm/day,2023-01-01T00:00:00Z,NASA POWER (MERRA-2),"https://power.larc.nasa.gov/api/temporal/daily/point?parameters=T2M,PRECTOTCORR&community=RE&longitude=80.2707&latitude=13.0827&start=20210101&end=20241231&format=JSON",0.5x0.625 deg,daily,VALID,OBSERVED
IN-TN-CHE,Chennai,13.0827,80.2707,nasa_power_t2m_daily,T2M,temperature_2m,24.74,C,2023-01-02T00:00:00Z,NASA POWER (MERRA-2),"https://power.larc.nasa.gov/api/temporal/daily/point?parameters=T2M,PRECTOTCORR&community=RE&longitude=80.2707&latitude=13.0827&start=20210101&end=20241231&format=JSON",0.5x0.625 deg,daily,VALID,OBSERVED
IN-TN-CHE,Chennai,13.0827,80.2707,nasa_power_prectotcorr_daily,PRECTOTCORR,precipitation,0.0,mm/day,2023-01-02T00:00:00Z,NASA POWER (MERRA-2),"https://power.larc.nasa.gov/api/temporal/daily/point?parameters=T2M,PRECTOTCORR&community=RE&longitude=80.2707&latitude=13.0827&start=20210101&end=20241231&format=JSON",0.5x0.625 deg,daily,VALID,OBSERVED
IN-TN-CHE,Chennai,13.0827,80.2707,nasa_power_t2m_daily,T2M,temperature_2m,24.67,C,2023-01-03T00:00:00Z,NASA POWER (MERRA-2),"https://power.larc.nasa.gov/api/temporal/daily/point?parameters=T2M,PRECTOTCORR&community=RE&longitude=80.2707&latitude=13.0827&start=20210101&end=20241231&format=JSON",0.5x0.625 deg,daily,VALID,OBSERVED
IN-TN-CHE,Chennai,13.0827,80.2707,nasa_power_prectotcorr_daily,PRECTOTCORR,precipitation,0.01,mm/day,2023-01-03T00:00:00Z,NASA POWER (MERRA-2),"https://power.larc.nasa.gov/api/temporal/daily/point?parameters=T2M,PRECTOTCORR&community=RE&longitude=80.2707&latitude=13.0827&start=20210101&end=20241231&format=JSON",0.5x0.625 deg,daily,VALID,OBSERVED
IN-TN-CHE,Chennai,13.0827,80.2707,nasa_power_t2m_daily,T2M,temperature_2m,24.68,C,2023-01-04T00:00:00Z,NASA POWER (MERRA-2),"https://power.larc.nasa.gov/api/temporal/daily/point?parameters=T2M,PRECTOTCORR&community=RE&longitude=80.2707&latitude=13.0827&start=20210101&end=20241231&format=JSON",0.5x0.625 deg,daily,VALID,OBSERVED
IN-TN-CHE,Chennai,13.0827,80.2707,nasa_power_prectotcorr_daily,PRECTOTCORR,precipitation,0.0,mm/day,2023-01-04T00:00:00Z,NASA POWER (MERRA-2),"https://power.larc.nasa.gov/api/temporal/daily/point?parameters=T2M,PRECTOTCORR&community=RE&longitude=80.2707&latitude=13.0827&start=20210101&end=20241231&format=JSON",0.5x0.625 deg,daily,VALID,OBSERVED
IN-TN-CHE,Chennai,13.0827,80.2707,nasa_power_t2m_daily,T2M,temperature_2m,24.6,C,2023-01-05T00:00:00Z,NASA POWER (MERRA-2),"https://power.larc.nasa.gov/api/temporal/daily/point?parameters=T2M,PRECTOTCORR&community=RE&longitude=80.2707&latitude=13.0827&start=20210101&end=20241231&format=JSON",0.5x0.625 deg,daily,VALID,OBSERVED
IN-TN-CHE,Chennai,13.0827,80.2707,nasa_power_prectotcorr_daily,PRECTOTCORR,precipitation,0.01,mm/day,2023-01-05T00:00:00Z,NASA POWER (MERRA-2),"https://power.larc.nasa.gov/api/temporal/daily/point?parameters=T2M,PRECTOTCORR&community=RE&longitude=80.2707&latitude=13.0827&start=20210101&end=20241231&format=JSON",0.5x0.625 deg,daily,VALID,OBSERVED
IN-TN-CHE,Chennai,13.0827,80.2707,nasa_power_t2m_daily,T2M,temperature_2m,24.69,C,2023-01-06T00:00:00Z,NASA POWER (MERRA-2),"https://power.larc.nasa.gov/api/temporal/daily/point?parameters=T2M,PRECTOTCORR&community=RE&longitude=80.2707&latitude=13.0827&start=20210101&end=20241231&format=JSON",0.5x0.625 deg,daily,VALID,OBSERVED
IN-TN-CHE,Chennai,13.0827,80.2707,nasa_power_prectotcorr_daily,PRECTOTCORR,precipitation,0.01,mm/day,2023-01-06T00:00:00Z,NASA POWER (MERRA-2),"https://power.larc.nasa.gov/api/temporal/daily/point?parameters=T2M,PRECTOTCORR&community=RE&longitude=80.2707&latitude=13.0827&start=20210101&end=20241231&format=JSON",0.5x0.625 deg,daily,VALID,OBSERVED
IN-TN-CHE,Chennai,13.0827,80.2707,nasa_power_t2m_daily,T2M,temperature_2m,24.44,C,2023-01-07T00:00:00Z,NASA POWER (MERRA-2),"https://power.larc.nasa.gov/api/temporal/daily/point?parameters=T2M,PRECTOTCORR&community=RE&longitude=80.2707&latitude=13.0827&start=20210101&end=20241231&format=JSON",0.5x0.625 deg,daily,VALID,OBSERVED
IN-TN-CHE,Chennai,13.0827,80.2707,nasa_power_prectotcorr_daily,PRECTOTCORR,precipitation,0.21,mm/day,2023-01-07T00:00:00Z,NASA POWER (MERRA-2),"https://power.larc.nasa.gov/api/temporal/daily/point?parameters=T2M,PRECTOTCORR&community=RE&longitude=80.2707&latitude=13.0827&start=20210101&end=20241231&format=JSON",0.5x0.625 deg,daily,VALID,OBSERVED
IN-TN-CHE,Chennai,13.0827,80.2707,nasa_power_t2m_daily,T2M,temperature_2m,23.99,C,2023-01-08T00:00:00Z,NASA POWER (MERRA-2),"https://power.larc.nasa.gov/api/temporal/daily/point?parameters=T2M,PRECTOTCORR&community=RE&longitude=80.2707&latitude=13.0827&start=20210101&end=20241231&format=JSON",0.5x0.625 deg,daily,VALID,OBSERVED
IN-TN-CHE,Chennai,13.0827,80.2707,nasa_power_prectotcorr_daily,PRECTOTCORR,precipitation,0.21,mm/day,2023-01-08T00:00:00Z,NASA POWER (MERRA-2),"https://power.larc.nasa.gov/api/temporal/daily/point?parameters=T2M,PRECTOTCORR&community=RE&longitude=80.2707&latitude=13.0827&start=20210101&end=20241231&format=JSON",0.5x0.625 deg,daily,VALID,OBSERVED
IN-TN-CHE,Chennai,13.0827,80.2707,nasa_power_t2m_daily,T2M,temperature_2m,22.92,C,2023-01-09T00:00:00Z,NASA POWER (MERRA-2),"https://power.larc.nasa.gov/api/temporal/daily/point?parameters=T2M,PRECTOTCORR&community=RE&longitude=80.2707&latitude=13.0827&start=20210101&end=20241231&format=JSON",0.5x0.625 deg,daily,VALID,OBSERVED
IN-TN-CHE,Chennai,13.0827,80.2707,nasa_power_prectotcorr_daily,PRECTOTCORR,precipitation,0.0,mm/day,2023-01-09T00:00:00Z,NASA POWER (MERRA-2),"https://power.larc.nasa.gov/api/temporal/daily/point?parameters=T2M,PRECTOTCORR&community=RE&longitude=80.2707&latitude=13.0827&start=20210101&end=20241231&format=JSON",0.5x0.625 deg,daily,VALID,OBSERVED
IN-TN-CHE,Chennai,13.0827,80.2707,nasa_power_t2m_daily,T2M,temperature_2m,23.08,C,2023-01-10T00:00:00Z,NASA POWER (MERRA-2),"https://power.larc.nasa.gov/api/temporal/daily/point?parameters=T2M,PRECTOTCORR&community=RE&longitude=80.2707&latitude=13.0827&start=20210101&end=20241231&format=JSON",0.5x0.625 deg,daily,VALID,OBSERVED
IN-TN-CHE,Chennai,13.0827,80.2707,nasa_power_prectotcorr_daily,PRECTOTCORR,precipitation,0.07,mm/day,2023-01-10T00:00:00Z,NASA POWER (MERRA-2),"https://power.larc.nasa.gov/api/temporal/daily/point?parameters=T2M,PRECTOTCORR&community=RE&longitude=80.2707&latitude=13.0827&start=20210101&end=20241231&format=JSON",0.5x0.625 deg,daily,VALID,OBSERVED
IN-TN-CHE,Chennai,13.0827,80.2707,nasa_power_t2m_daily,T2M,temperature_2m,23.16,C,2023-01-11T00:00:00Z,NASA POWER (MERRA-2),"https://power.larc.nasa.gov/api/temporal/daily/point?parameters=T2M,PRECTOTCORR&community=RE&longitude=80.2707&latitude=13.0827&start=20210101&end=20241231&format=JSON",0.5x0.625 deg,daily,VALID,OBSERVED
IN-TN-CHE,Chennai,13.0827,80.2707,nasa_power_prectotcorr_daily,PRECTOTCORR,precipitation,0.0,mm/day,2023-01-11T00:00:00Z,NASA POWER (MERRA-2),"https://power.larc.nasa.gov/api/temporal/daily/point?parameters=T2M,PRECTOTCORR&community=RE&longitude=80.2707&latitude=13.0827&start=20210101&end=20241231&format=JSON",0.5x0.625 deg,daily,VALID,OBSERVED
IN-TN-CHE,Chennai,13.0827,80.2707,nasa_power_t2m_daily,T2M,temperature_2m,23.24,C,2023-01-12T00:00:00Z,NASA POWER (MERRA-2),"https://power.larc.nasa.gov/api/temporal/daily/point?parameters=T2M,PRECTOTCORR&community=RE&longitude=80.2707&latitude=13.0827&start=20210101&end=20241231&format=JSON",0.5x0.625 deg,daily,VALID,OBSERVED
IN-TN-CHE,Chennai,13.0827,80.2707,nasa_power_prectotcorr_daily,PRECTOTCORR,precipitation,0.0,mm/day,2023-01-12T00:00:00Z,NASA POWER (MERRA-2),"https://power.larc.nasa.gov/api/temporal/daily/point?parameters=T2M,PRECTOTCORR&community=RE&longitude=80.2707&latitude=13.0827&start=20210101&end=20241231&format=JSON",0.5x0.625 deg,daily,VALID,OBSERVED
IN-TN-CHE,Chennai,13.0827,80.2707,nasa_power_t2m_daily,T2M,temperature_2m,23.15,C,2023-01-13T00:00:00Z,NASA POWER (MERRA-2),"https://power.larc.nasa.gov/api/temporal/daily/point?parameters=T2M,PRECTOTCORR&community=RE&longitude=80.2707&latitude=13.0827&start=20210101&end=20241231&format=JSON",0.5x0.625 deg,daily,VALID,OBSERVED
IN-TN-CHE,Chennai,13.0827,80.2707,nasa_power_prectotcorr_daily,PRECTOTCORR,precipitation,0.0,mm/day,2023-01-13T00:00:00Z,NASA POWER (MERRA-2),"https://power.larc.nasa.gov/api/temporal/daily/point?parameters=T2M,PRECTOTCORR&community=RE&longitude=80.2707&latitude=13.0827&start=20210101&end=20241231&format=JSON",0.5x0.625 deg,daily,VALID,OBSERVED
IN-TN-CHE,Chennai,13.0827,80.2707,nasa_power_t2m_daily,T2M,temperature_2m,22.67,C,2023-01-14T00:00:00Z,NASA POWER (MERRA-2),"https://power.larc.nasa.gov/api/temporal/daily/point?parameters=T2M,PRECTOTCORR&community=RE&longitude=80.2707&latitude=13.0827&start=20210101&end=20241231&format=JSON",0.5x0.625 deg,daily,VALID,OBSERVED
IN-TN-CHE,Chennai,13.0827,80.2707,nasa_power_prectotcorr_daily,PRECTOTCORR,precipitation,0.0,mm/day,2023-01-14T00:00:00Z,NASA POWER (MERRA-2),"https://power.larc.nasa.gov/api/temporal/daily/point?parameters=T2M,PRECTOTCORR&community=RE&longitude=80.2707&latitude=13.0827&start=20210101&end=20241231&format=JSON",0.5x0.625 deg,daily,VALID,OBSERVED
IN-TN-CHE,Chennai,13.0827,80.2707,nasa_power_t2m_daily,T2M,temperature_2m,22.54,C,2023-01-15T00:00:00Z,NASA POWER (MERRA-2),"https://power.larc.nasa.gov/api/temporal/daily/point?parameters=T2M,PRECTOTCORR&community=RE&longitude=80.2707&latitude=13.0827&start=20210101&end=20241231&format=JSON",0.5x0.625 deg,daily,VALID,OBSERVED
IN-TN-CHE,Chennai,13.0827,80.2707,nasa_power_prectotcorr_daily,PRECTOTCORR,precipitation,0.0,mm/day,2023-01-15T00:00:00Z,NASA POWER (MERRA-2),"https://power.larc.nasa.gov/api/temporal/daily/point?parameters=T2M,PRECTOTCORR&community=RE&longitude=80.2707&latitude=13.0827&start=20210101&end=20241231&format=JSON",0.5x0.625 deg,daily,VALID,OBSERVED
IN-TN-CHE,Chennai,13.0827,80.2707,nasa_power_t2m_daily,T2M,temperature_2m,22.55,C,2023-01-16T00:00:00Z,NASA POWER (MERRA-2),"https://power.larc.nasa.gov/api/temporal/daily/point?parameters=T2M,PRECTOTCORR&community=RE&longitude=80.2707&latitude=13.0827&start=20210101&end=20241231&format=JSON",0.5x0.625 deg,daily,VALID,OBSERVED
IN-TN-CHE,Chennai,13.0827,80.2707,nasa_power_prectotcorr_daily,PRECTOTCORR,precipitation,0.0,mm/day,2023-01-16T00:00:00Z,NASA POWER (MERRA-2),"https://power.larc.nasa.gov/api/temporal/daily/point?parameters=T2M,PRECTOTCORR&community=RE&longitude=80.2707&latitude=13.0827&start=20210101&end=20241231&format=JSON",0.5x0.625 deg,daily,VALID,OBSERVED
IN-TN-CHE,Chennai,13.0827,80.2707,nasa_power_t2m_daily,T2M,temperature_2m,23.2,C,2023-01-17T00:00:00Z,NASA POWER (MERRA-2),"https://power.larc.nasa.gov/api/temporal/daily/point?parameters=T2M,PRECTOTCORR&community=RE&longitude=80.2707&latitude=13.0827&start=20210101&end=20241231&format=JSON",0.5x0.625 deg,daily,VALID,OBSERVED
IN-TN-CHE,Chennai,13.0827,80.2707,nasa_power_prectotcorr_daily,PRECTOTCORR,precipitation,0.0,mm/day,2023-01-17T00:00:00Z,NASA POWER (MERRA-2),"https://power.larc.nasa.gov/api/temporal/daily/point?parameters=T2M,PRECTOTCORR&community=RE&longitude=80.2707&latitude=13.0827&start=20210101&end=20241231&format=JSON",0.5x0.625 deg,daily,VALID,OBSERVED
IN-TN-CHE,Chennai,13.0827,80.2707,nasa_power_t2m_daily,T2M,temperature_2m,23.44,C,2023-01-18T00:00:00Z,NASA POWER (MERRA-2),"https://power.larc.nasa.gov/api/temporal/daily/point?parameters=T2M,PRECTOTCORR&community=RE&longitude=80.2707&latitude=13.0827&start=20210101&end=20241231&format=JSON",0.5x0.625 deg,daily,VALID,OBSERVED
IN-TN-CHE,Chennai,13.0827,80.2707,nasa_power_prectotcorr_daily,PRECTOTCORR,precipitation,0.0,mm/day,2023-01-18T00:00:00Z,NASA POWER (MERRA-2),"https://power.larc.nasa.gov/api/temporal/daily/point?parameters=T2M,PRECTOTCORR&community=RE&longitude=80.2707&latitude=13.0827&start=20210101&end=20241231&format=JSON",0.5x0.625 deg,daily,VALID,OBSERVED
IN-TN-CHE,Chennai,13.0827,80.2707,nasa_power_t2m_daily,T2M,temperature_2m,23.68,C,2023-01-19T00:00:00Z,NASA POWER (MERRA-2),"https://power.larc.nasa.gov/api/temporal/daily/point?parameters=T2M,PRECTOTCORR&community=RE&longitude=80.2707&latitude=13.0827&start=20210101&end=20241231&format=JSON",0.5x0.625 deg,daily,VALID,OBSERVED
IN-TN-CHE,Chennai,13.0827,80.2707,nasa_power_prectotcorr_daily,PRECTOTCORR,precipitation,0.0,mm/day,2023-01-19T00:00:00Z,NASA POWER (MERRA-2),"https://power.larc.nasa.gov/api/temporal/daily/point?parameters=T2M,PRECTOTCORR&community=RE&longitude=80.2707&latitude=13.0827&start=20210101&end=20241231&format=JSON",0.5x0.625 deg,daily,VALID,OBSERVED
IN-TN-CHE,Chennai,13.0827,80.2707,nasa_power_t2m_daily,T2M,temperature_2m,23.98,C,2023-01-20T00:00:00Z,NASA POWER (MERRA-2),"https://power.larc.nasa.gov/api/temporal/daily/point?parameters=T2M,PRECTOTCORR&community=RE&longitude=80.2707&latitude=13.0827&start=20210101&end=20241231&format=JSON",0.5x0.625 deg,daily,VALID,OBSERVED
IN-TN-CHE,Chennai,13.0827,80.2707,nasa_power_prectotcorr_daily,PRECTOTCORR,precipitation,0.08,mm/day,2023-01-20T00:00:00Z,NASA POWER (MERRA-2),"https://power.larc.nasa.gov/api/temporal/daily/point?parameters=T2M,PRECTOTCORR&community=RE&longitude=80.2707&latitude=13.0827&start=20210101&end=20241231&format=JSON",0.5x0.625 deg,daily,VALID,OBSERVED
IN-TN-CHE,Chennai,13.0827,80.2707,nasa_power_t2m_daily,T2M,temperature_2m,24.24,C,2023-01-21T00:00:00Z,NASA POWER (MERRA-2),"https://power.larc.nasa.gov/api/temporal/daily/point?parameters=T2M,PRECTOTCORR&community=RE&longitude=80.2707&latitude=13.0827&start=20210101&end=20241231&format=JSON",0.5x0.625 deg,daily,VALID,OBSERVED
IN-TN-CHE,Chennai,13.0827,80.2707,nasa_power_prectotcorr_daily,PRECTOTCORR,precipitation,0.02,mm/day,2023-01-21T00:00:00Z,NASA POWER (MERRA-2),"https://power.larc.nasa.gov/api/temporal/daily/point?parameters=T2M,PRECTOTCORR&community=RE&longitude=80.2707&latitude=13.0827&start=20210101&end=20241231&format=JSON",0.5x0.625 deg,daily,VALID,OBSERVED
IN-TN-CHE,Chennai,13.0827,80.2707,nasa_power_t2m_daily,T2M,temperature_2m,23.75,C,2023-01-22T00:00:00Z,NASA POWER (MERRA-2),"https://power.larc.nasa.gov/api/temporal/daily/point?parameters=T2M,PRECTOTCORR&community=RE&longitude=80.2707&latitude=13.0827&start=20210101&end=20241231&format=JSON",0.5x0.625 deg,daily,VALID,OBSERVED
IN-TN-CHE,Chennai,13.0827,80.2707,nasa_power_prectotcorr_daily,PRECTOTCORR,precipitation,0.0,mm/day,2023-01-22T00:00:00Z,NASA POWER (MERRA-2),"https://power.larc.nasa.gov/api/temporal/daily/point?parameters=T2M,PRECTOTCORR&community=RE&longitude=80.2707&latitude=13.0827&start=20210101&end=20241231&format=JSON",0.5x0.625 deg,daily,VALID,OBSERVED
IN-TN-CHE,Chennai,13.0827,80.2707,nasa_power_t2m_daily,T2M,temperature_2m,24.59,C,2023-01-23T00:00:00Z,NASA POWER (MERRA-2),"https://power.larc.nasa.gov/api/temporal/daily/point?parameters=T2M,PRECTOTCORR&community=RE&longitude=80.2707&latitude=13.0827&start=20210101&end=20241231&format=JSON",0.5x0.625 deg,daily,VALID,OBSERVED
IN-TN-CHE,Chennai,13.0827,80.2707,nasa_power_prectotcorr_daily,PRECTOTCORR,precipitation,0.02,mm/day,2023-01-23T00:00:00Z,NASA POWER (MERRA-2),"https://power.larc.nasa.gov/api/temporal/daily/point?parameters=T2M,PRECTOTCORR&community=RE&longitude=80.2707&latitude=13.0827&start=20210101&end=20241231&format=JSON",0.5x0.625 deg,daily,VALID,OBSERVED
IN-TN-CHE,Chennai,13.0827,80.2707,nasa_power_t2m_daily,T2M,temperature_2m,24.54,C,2023-01-24T00:00:00Z,NASA POWER (MERRA-2),"https://power.larc.nasa.gov/api/temporal/daily/point?parameters=T2M,PRECTOTCORR&community=RE&longitude=80.2707&latitude=13.0827&start=20210101&end=20241231&format=JSON",0.5x0.625 deg,daily,VALID,OBSERVED
IN-TN-CHE,Chennai,13.0827,80.2707,nasa_power_prectotcorr_daily,PRECTOTCORR,precipitation,0.01,mm/day,2023-01-24T00:00:00Z,NASA POWER (MERRA-2),"https://power.larc.nasa.gov/api/temporal/daily/point?parameters=T2M,PRECTOTCORR&community=RE&longitude=80.2707&latitude=13.0827&start=20210101&end=20241231&format=JSON",0.5x0.625 deg,daily,VALID,OBSERVED
IN-TN-CHE,Chennai,13.0827,80.2707,nasa_power_t2m_daily,T2M,temperature_2m,23.71,C,2023-01-25T00:00:00Z,NASA POWER (MERRA-2),"https://power.larc.nasa.gov/api/temporal/daily/point?parameters=T2M,PRECTOTCORR&community=RE&longitude=80.2707&latitude=13.0827&start=20210101&end=20241231&format=JSON",0.5x0.625 deg,daily,VALID,OBSERVED
IN-TN-CHE,Chennai,13.0827,80.2707,nasa_power_prectotcorr_daily,PRECTOTCORR,precipitation,0.0,mm/day,2023-01-25T00:00:00Z,NASA POWER (MERRA-2),"https://power.larc.nasa.gov/api/temporal/daily/point?parameters=T2M,PRECTOTCORR&community=RE&longitude=80.2707&latitude=13.0827&start=20210101&end=20241231&format=JSON",0.5x0.625 deg,daily,VALID,OBSERVED
IN-TN-CHE,Chennai,13.0827,80.2707,nasa_power_t2m_daily,T2M,temperature_2m,24.11,C,2023-01-26T00:00:00Z,NASA POWER (MERRA-2),"https://power.larc.nasa.gov/api/temporal/daily/point?parameters=T2M,PRECTOTCORR&community=RE&longitude=80.2707&latitude=13.0827&start=20210101&end=20241231&format=JSON",0.5x0.625 deg,daily,VALID,OBSERVED
IN-TN-CHE,Chennai,13.0827,80.2707,nasa_power_prectotcorr_daily,PRECTOTCORR,precipitation,0.02,mm/day,2023-01-26T00:00:00Z,NASA POWER (MERRA-2),"https://power.larc.nasa.gov/api/temporal/daily/point?parameters=T2M,PRECTOTCORR&community=RE&longitude=80.2707&latitude=13.0827&start=20210101&end=20241231&format=JSON",0.5x0.625 deg,daily,VALID,OBSERVED
IN-TN-CHE,Chennai,13.0827,80.2707,nasa_power_t2m_daily,T2M,temperature_2m,23.7,C,2023-01-27T00:00:00Z,NASA POWER (MERRA-2),"https://power.larc.nasa.gov/api/temporal/daily/point?parameters=T2M,PRECTOTCORR&community=RE&longitude=80.2707&latitude=13.0827&start=20210101&end=20241231&format=JSON",0.5x0.625 deg,daily,VALID,OBSERVED
IN-TN-CHE,Chennai,13.0827,80.2707,nasa_power_prectotcorr_daily,PRECTOTCORR,precipitation,0.0,mm/day,2023-01-27T00:00:00Z,NASA POWER (MERRA-2),"https://power.larc.nasa.gov/api/temporal/daily/point?parameters=T2M,PRECTOTCORR&community=RE&longitude=80.2707&latitude=13.0827&start=20210101&end=20241231&format=JSON",0.5x0.625 deg,daily,VALID,OBSERVED
IN-TN-CHE,Chennai,13.0827,80.2707,nasa_power_t2m_daily,T2M,temperature_2m,23.93,C,2023-01-28T00:00:00Z,NASA POWER (MERRA-2),"https://power.larc.nasa.gov/api/temporal/daily/point?parameters=T2M,PRECTOTCORR&community=RE&longitude=80.2707&latitude=13.0827&start=20210101&end=20241231&format=JSON",0.5x0.625 deg,daily,VALID,OBSERVED
IN-TN-CHE,Chennai,13.0827,80.2707,nasa_power_prectotcorr_daily,PRECTOTCORR,precipitation,0.03,mm/day,2023-01-28T00:00:00Z,NASA POWER (MERRA-2),"https://power.larc.nasa.gov/api/temporal/daily/point?parameters=T2M,PRECTOTCORR&community=RE&longitude=80.2707&latitude=13.0827&start=20210101&end=20241231&format=JSON",0.5x0.625 deg,daily,VALID,OBSERVED
IN-TN-CHE,Chennai,13.0827,80.2707,nasa_power_t2m_daily,T2M,temperature_2m,24.8,C,2023-01-29T00:00:00Z,NASA POWER (MERRA-2),"https://power.larc.nasa.gov/api/temporal/daily/point?parameters=T2M,PRECTOTCORR&community=RE&longitude=80.2707&latitude=13.0827&start=20210101&end=20241231&format=JSON",0.5x0.625 deg,daily,VALID,OBSERVED
IN-TN-CHE,Chennai,13.0827,80.2707,nasa_power_prectotcorr_daily,PRECTOTCORR,precipitation,0.5,mm/day,2023-01-29T00:00:00Z,NASA POWER (MERRA-2),"https://power.larc.nasa.gov/api/temporal/daily/point?parameters=T2M,PRECTOTCORR&community=RE&longitude=80.2707&latitude=13.0827&start=20210101&end=20241231&format=JSON",0.5x0.625 deg,daily,VALID,OBSERVED
IN-TN-CHE,Chennai,13.0827,80.2707,nasa_power_t2m_daily,T2M,temperature_2m,25.5,C,2023-01-30T00:00:00Z,NASA POWER (MERRA-2),"https://power.larc.nasa.gov/api/temporal/daily/point?parameters=T2M,PRECTOTCORR&community=RE&longitude=80.2707&latitude=13.0827&start=20210101&end=20241231&format=JSON",0.5x0.625 deg,daily,VALID,OBSERVED
IN-TN-CHE,Chennai,13.0827,80.2707,nasa_power_prectotcorr_daily,PRECTOTCORR,precipitation,1.86,mm/day,2023-01-30T00:00:00Z,NASA POWER (MERRA-2),"https://power.larc.nasa.gov/api/temporal/daily/point?parameters=T2M,PRECTOTCORR&community=RE&longitude=80.2707&latitude=13.0827&start=20210101&end=20241231&format=JSON",0.5x0.625 deg,daily,VALID,OBSERVED
IN-TN-CHE,Chennai,13.0827,80.2707,nasa_power_t2m_daily,T2M,temperature_2m,24.98,C,2023-01-31T00:00:00Z,NASA POWER (MERRA-2),"https://power.larc.nasa.gov/api/temporal/daily/point?parameters=T2M,PRECTOTCORR&community=RE&longitude=80.2707&latitude=13.0827&start=20210101&end=20241231&format=JSON",0.5x0.625 deg,daily,VALID,OBSERVED
IN-TN-CHE,Chennai,13.0827,80.2707,nasa_power_prectotcorr_daily,PRECTOTCORR,precipitation,0.52,mm/day,2023-01-31T00:00:00Z,NASA POWER (MERRA-2),"https://power.larc.nasa.gov/api/temporal/daily/point?parameters=T2M,PRECTOTCORR&community=RE&longitude=80.2707&latitude=13.0827&start=20210101&end=20241231&format=JSON",0.5x0.625 deg,daily,VALID,OBSERVED
IN-TN-CHE,Chennai,13.0827,80.2707,nasa_power_t2m_daily,T2M,temperature_2m,25.47,C,2023-02-01T00:00:00Z,NASA POWER (MERRA-2),"https://power.larc.nasa.gov/api/temporal/daily/point?parameters=T2M,PRECTOTCORR&community=RE&longitude=80.2707&latitude=13.0827&start=20210101&end=20241231&format=JSON",0.5x0.625 deg,daily,VALID,OBSERVED
IN-TN-CHE,Chennai,13.0827,80.2707,nasa_power_prectotcorr_daily,PRECTOTCORR,precipitation,0.5,mm/day,2023-02-01T00:00:00Z,NASA POWER (MERRA-2),"https://power.larc.nasa.gov/api/temporal/daily/point?parameters=T2M,PRECTOTCORR&community=RE&longitude=80.2707&latitude=13.0827&start=20210101&end=20241231&format=JSON",0.5x0.625 deg,daily,VALID,OBSERVED
IN-TN-CHE,Chennai,13.0827,80.2707,nasa_power_t2m_daily,T2M,temperature_2m,25.57,C,2023-02-02T00:00:00Z,NASA POWER (MERRA-2),"https://power.larc.nasa.gov/api/temporal/daily/point?parameters=T2M,PRECTOTCORR&community=RE&longitude=80.2707&latitude=13.0827&start=20210101&end=20241231&format=JSON",0.5x0.625 deg,daily,VALID,OBSERVED
IN-TN-CHE,Chennai,13.0827,80.2707,nasa_power_prectotcorr_daily,PRECTOTCORR,precipitation,0.18,mm/day,2023-02-02T00:00:00Z,NASA POWER (MERRA-2),"https://power.larc.nasa.gov/api/temporal/daily/point?parameters=T2M,PRECTOTCORR&community=RE&longitude=80.2707&latitude=13.0827&start=20210101&end=20241231&format=JSON",0.5x0.625 deg,daily,VALID,OBSERVED
IN-TN-CHE,Chennai,13.0827,80.2707,nasa_power_t2m_daily,T2M,temperature_2m,25.8,C,2023-02-03T00:00:00Z,NASA POWER (MERRA-2),"https://power.larc.nasa.gov/api/temporal/daily/point?parameters=T2M,PRECTOTCORR&community=RE&longitude=80.2707&latitude=13.0827&start=20210101&end=20241231&format=JSON",0.5x0.625 deg,daily,VALID,OBSERVED
IN-TN-CHE,Chennai,13.0827,80.2707,nasa_power_prectotcorr_daily,PRECTOTCORR,precipitation,0.34,mm/day,2023-02-03T00:00:00Z,NASA POWER (MERRA-2),"https://power.larc.nasa.gov/api/temporal/daily/point?parameters=T2M,PRECTOTCORR&community=RE&longitude=80.2707&latitude=13.0827&start=20210101&end=20241231&format=JSON",0.5x0.625 deg,daily,VALID,OBSERVED
IN-TN-CHE,Chennai,13.0827,80.2707,nasa_power_t2m_daily,T2M,temperature_2m,25.43,C,2023-02-04T00:00:00Z,NASA POWER (MERRA-2),"https://power.larc.nasa.gov/api/temporal/daily/point?parameters=T2M,PRECTOTCORR&community=RE&longitude=80.2707&latitude=13.0827&start=20210101&end=20241231&format=JSON",0.5x0.625 deg,daily,VALID,OBSERVED
IN-TN-CHE,Chennai,13.0827,80.2707,nasa_power_prectotcorr_daily,PRECTOTCORR,precipitation,0.14,mm/day,2023-02-04T00:00:00Z,NASA POWER (MERRA-2),"https://power.larc.nasa.gov/api/temporal/daily/point?parameters=T2M,PRECTOTCORR&community=RE&longitude=80.2707&latitude=13.0827&start=20210101&end=20241231&format=JSON",0.5x0.625 deg,daily,VALID,OBSERVED
IN-TN-CHE,Chennai,13.0827,80.2707,nasa_power_t2m_daily,T2M,temperature_2m,25.0,C,2023-02-05T00:00:00Z,NASA POWER (MERRA-2),"https://power.larc.nasa.gov/api/temporal/daily/point?parameters=T2M,PRECTOTCORR&community=RE&longitude=80.2707&latitude=13.0827&start=20210101&end=20241231&format=JSON",0.5x0.625 deg,daily,VALID,OBSERVED
IN-TN-CHE,Chennai,13.0827,80.2707,nasa_power_prectotcorr_daily,PRECTOTCORR,precipitation,0.0,mm/day,2023-02-05T00:00:00Z,NASA POWER (MERRA-2),"https://power.larc.nasa.gov/api/temporal/daily/point?parameters=T2M,PRECTOTCORR&community=RE&longitude=80.2707&latitude=13.0827&start=20210101&end=20241231&format=JSON",0.5x0.625 deg,daily,VALID,OBSERVED
IN-TN-CHE,Chennai,13.0827,80.2707,nasa_power_t2m_daily,T2M,temperature_2m,24.88,C,2023-02-06T00:00:00Z,NASA POWER (MERRA-2),"https://power.larc.nasa.gov/api/temporal/daily/point?parameters=T2M,PRECTOTCORR&community=RE&longitude=80.2707&latitude=13.0827&start=20210101&end=20241231&format=JSON",0.5x0.625 deg,daily,VALID,OBSERVED
IN-TN-CHE,Chennai,13.0827,80.2707,nasa_power_prectotcorr_daily,PRECTOTCORR,precipitation,0.0,mm/day,2023-02-06T00:00:00Z,NASA POWER (MERRA-2),"https://power.larc.nasa.gov/api/temporal/daily/point?parameters=T2M,PRECTOTCORR&community=RE&longitude=80.2707&latitude=13.0827&start=20210101&end=20241231&format=JSON",0.5x0.625 deg,daily,VALID,OBSERVED
IN-TN-CHE,Chennai,13.0827,80.2707,nasa_power_t2m_daily,T2M,temperature_2m,24.75,C,2023-02-07T00:00:00Z,NASA POWER (MERRA-2),"https://power.larc.nasa.gov/api/temporal/daily/point?parameters=T2M,PRECTOTCORR&community=RE&longitude=80.2707&latitude=13.0827&start=20210101&end=20241231&format=JSON",0.5x0.625 deg,daily,VALID,OBSERVED
IN-TN-CHE,Chennai,13.0827,80.2707,nasa_power_prectotcorr_daily,PRECTOTCORR,precipitation,0.0,mm/day,2023-02-07T00:00:00Z,NASA POWER (MERRA-2),"https://power.larc.nasa.gov/api/temporal/daily/point?parameters=T2M,PRECTOTCORR&community=RE&longitude=80.2707&latitude=13.0827&start=20210101&end=20241231&format=JSON",0.5x0.625 deg,daily,VALID,OBSERVED
IN-TN-CHE,Chennai,13.0827,80.2707,nasa_power_t2m_daily,T2M,temperature_2m,24.95,C,2023-02-08T00:00:00Z,NASA POWER (MERRA-2),"https://power.larc.nasa.gov/api/temporal/daily/point?parameters=T2M,PRECTOTCORR&community=RE&longitude=80.2707&latitude=13.0827&start=20210101&end=20241231&format=JSON",0.5x0.625 deg,daily,VALID,OBSERVED
IN-TN-CHE,Chennai,13.0827,80.2707,nasa_power_prectotcorr_daily,PRECTOTCORR,precipitation,0.0,mm/day,2023-02-08T00:00:00Z,NASA POWER (MERRA-2),"https://power.larc.nasa.gov/api/temporal/daily/point?parameters=T2M,PRECTOTCORR&community=RE&longitude=80.2707&latitude=13.0827&start=20210101&end=20241231&format=JSON",0.5x0.625 deg,daily,VALID,OBSERVED
IN-TN-CHE,Chennai,13.0827,80.2707,nasa_power_t2m_daily,T2M,temperature_2m,25.08,C,2023-02-09T00:00:00Z,NASA POWER (MERRA-2),"https://power.larc.nasa.gov/api/temporal/daily/point?parameters=T2M,PRECTOTCORR&community=RE&longitude=80.2707&latitude=13.0827&start=20210101&end=20241231&format=JSON",0.5x0.625 deg,daily,VALID,OBSERVED
IN-TN-CHE,Chennai,13.0827,80.2707,nasa_power_prectotcorr_daily,PRECTOTCORR,precipitation,0.0,mm/day,2023-02-09T00:00:00Z,NASA POWER (MERRA-2),"https://power.larc.nasa.gov/api/temporal/daily/point?parameters=T2M,PRECTOTCORR&community=RE&longitude=80.2707&latitude=13.0827&start=20210101&end=20241231&format=JSON",0.5x0.625 deg,daily,VALID,OBSERVED
IN-TN-CHE,Chennai,13.0827,80.2707,nasa_power_t2m_daily,T2M,temperature_2m,25.19,C,2023-02-10T00:00:00Z,NASA POWER (MERRA-2),"https://power.larc.nasa.gov/api/temporal/daily/point?parameters=T2M,PRECTOTCORR&community=RE&longitude=80.2707&latitude=13.0827&start=20210101&end=20241231&format=JSON",0.5x0.625 deg,daily,VALID,OBSERVED
IN-TN-CHE,Chennai,13.0827,80.2707,nasa_power_prectotcorr_daily,PRECTOTCORR,precipitation,0.0,mm/day,2023-02-10T00:00:00Z,NASA POWER (MERRA-2),"https://power.larc.nasa.gov/api/temporal/daily/point?parameters=T2M,PRECTOTCORR&community=RE&longitude=80.2707&latitude=13.0827&start=20210101&end=20241231&format=JSON",0.5x0.625 deg,daily,VALID,OBSERVED
IN-TN-CHE,Chennai,13.0827,80.2707,nasa_power_t2m_daily,T2M,temperature_2m,25.14,C,2023-02-11T00:00:00Z,NASA POWER (MERRA-2),"https://power.larc.nasa.gov/api/temporal/daily/point?parameters=T2M,PRECTOTCORR&community=RE&longitude=80.2707&latitude=13.0827&start=20210101&end=20241231&format=JSON",0.5x0.625 deg,daily,VALID,OBSERVED
IN-TN-CHE,Chennai,13.0827,80.2707,nasa_power_prectotcorr_daily,PRECTOTCORR,precipitation,0.0,mm/day,2023-02-11T00:00:00Z,NASA POWER (MERRA-2),"https://power.larc.nasa.gov/api/temporal/daily/point?parameters=T2M,PRECTOTCORR&community=RE&longitude=80.2707&latitude=13.0827&start=20210101&end=20241231&format=JSON",0.5x0.625 deg,daily,VALID,OBSERVED
IN-TN-CHE,Chennai,13.0827,80.2707,nasa_power_t2m_daily,T2M,temperature_2m,25.19,C,2023-02-12T00:00:00Z,NASA POWER (MERRA-2),"https://power.larc.nasa.gov/api/temporal/daily/point?parameters=T2M,PRECTOTCORR&community=RE&longitude=80.2707&latitude=13.0827&start=20210101&end=20241231&format=JSON",0.5x0.625 deg,daily,VALID,OBSERVED
IN-TN-CHE,Chennai,13.0827,80.2707,nasa_power_prectotcorr_daily,PRECTOTCORR,precipitation,0.0,mm/day,2023-02-12T00:00:00Z,NASA POWER (MERRA-2),"https://power.larc.nasa.gov/api/temporal/daily/point?parameters=T2M,PRECTOTCORR&community=RE&longitude=80.2707&latitude=13.0827&start=20210101&end=20241231&format=JSON",0.5x0.625 deg,daily,VALID,OBSERVED
IN-TN-CHE,Chennai,13.0827,80.2707,nasa_power_t2m_daily,T2M,temperature_2m,25.12,C,2023-02-13T00:00:00Z,NASA POWER (MERRA-2),"https://power.larc.nasa.gov/api/temporal/daily/point?parameters=T2M,PRECTOTCORR&community=RE&longitude=80.2707&latitude=13.0827&start=20210101&end=20241231&format=JSON",0.5x0.625 deg,daily,VALID,OBSERVED
IN-TN-CHE,Chennai,13.0827,80.2707,nasa_power_prectotcorr_daily,PRECTOTCORR,precipitation,0.0,mm/day,2023-02-13T00:00:00Z,NASA POWER (MERRA-2),"https://power.larc.nasa.gov/api/temporal/daily/point?parameters=T2M,PRECTOTCORR&community=RE&longitude=80.2707&latitude=13.0827&start=20210101&end=20241231&format=JSON",0.5x0.625 deg,daily,VALID,OBSERVED
IN-TN-CHE,Chennai,13.0827,80.2707,nasa_power_t2m_daily,T2M,temperature_2m,25.01,C,2023-02-14T00:00:00Z,NASA POWER (MERRA-2),"https://power.larc.nasa.gov/api/temporal/daily/point?parameters=T2M,PRECTOTCORR&community=RE&longitude=80.2707&latitude=13.0827&start=20210101&end=20241231&format=JSON",0.5x0.625 deg,daily,VALID,OBSERVED
IN-TN-CHE,Chennai,13.0827,80.2707,nasa_power_prectotcorr_daily,PRECTOTCORR,precipitation,0.0,mm/day,2023-02-14T00:00:00Z,NASA POWER (MERRA-2),"https://power.larc.nasa.gov/api/temporal/daily/point?parameters=T2M,PRECTOTCORR&community=RE&longitude=80.2707&latitude=13.0827&start=20210101&end=20241231&format=JSON",0.5x0.625 deg,daily,VALID,OBSERVED
IN-TN-CHE,Chennai,13.0827,80.2707,nasa_power_t2m_daily,T2M,temperature_2m,24.71,C,2023-02-15T00:00:00Z,NASA POWER (MERRA-2),"https://power.larc.nasa.gov/api/temporal/daily/point?parameters=T2M,PRECTOTCORR&community=RE&longitude=80.2707&latitude=13.0827&start=20210101&end=20241231&format=JSON",0.5x0.625 deg,daily,VALID,OBSERVED
IN-TN-CHE,Chennai,13.0827,80.2707,nasa_power_prectotcorr_daily,PRECTOTCORR,precipitation,0.0,mm/day,2023-02-15T00:00:00Z,NASA POWER (MERRA-2),"https://power.larc.nasa.gov/api/temporal/daily/point?parameters=T2M,PRECTOTCORR&community=RE&longitude=80.2707&latitude=13.0827&start=20210101&end=20241231&format=JSON",0.5x0.625 deg,daily,VALID,OBSERVED
IN-TN-CHE,Chennai,13.0827,80.2707,nasa_power_t2m_daily,T2M,temperature_2m,24.7,C,2023-02-16T00:00:00Z,NASA POWER (MERRA-2),"https://power.larc.nasa.gov/api/temporal/daily/point?parameters=T2M,PRECTOTCORR&community=RE&longitude=80.2707&latitude=13.0827&start=20210101&end=20241231&format=JSON",0.5x0.625 deg,daily,VALID,OBSERVED
IN-TN-CHE,Chennai,13.0827,80.2707,nasa_power_prectotcorr_daily,PRECTOTCORR,precipitation,0.0,mm/day,2023-02-16T00:00:00Z,NASA POWER (MERRA-2),"https://power.larc.nasa.gov/api/temporal/daily/point?parameters=T2M,PRECTOTCORR&community=RE&longitude=80.2707&latitude=13.0827&start=20210101&end=20241231&format=JSON",0.5x0.625 deg,daily,VALID,OBSERVED
IN-TN-CHE,Chennai,13.0827,80.2707,nasa_power_t2m_daily,T2M,temperature_2m,24.7,C,2023-02-17T00:00:00Z,NASA POWER (MERRA-2),"https://power.larc.nasa.gov/api/temporal/daily/point?parameters=T2M,PRECTOTCORR&community=RE&longitude=80.2707&latitude=13.0827&start=20210101&end=20241231&format=JSON",0.5x0.625 deg,daily,VALID,OBSERVED
IN-TN-CHE,Chennai,13.0827,80.2707,nasa_power_prectotcorr_daily,PRECTOTCORR,precipitation,0.0,mm/day,2023-02-17T00:00:00Z,NASA POWER (MERRA-2),"https://power.larc.nasa.gov/api/temporal/daily/point?parameters=T2M,PRECTOTCORR&community=RE&longitude=80.2707&latitude=13.0827&start=20210101&end=20241231&format=JSON",0.5x0.625 deg,daily,VALID,OBSERVED
IN-TN-CHE,Chennai,13.0827,80.2707,nasa_power_t2m_daily,T2M,temperature_2m,25.17,C,2023-02-18T00:00:00Z,NASA POWER (MERRA-2),"https://power.larc.nasa.gov/api/temporal/daily/point?parameters=T2M,PRECTOTCORR&community=RE&longitude=80.2707&latitude=13.0827&start=20210101&end=20241231&format=JSON",0.5x0.625 deg,daily,VALID,OBSERVED
IN-TN-CHE,Chennai,13.0827,80.2707,nasa_power_prectotcorr_daily,PRECTOTCORR,precipitation,0.0,mm/day,2023-02-18T00:00:00Z,NASA POWER (MERRA-2),"https://power.larc.nasa.gov/api/temporal/daily/point?parameters=T2M,PRECTOTCORR&community=RE&longitude=80.2707&latitude=13.0827&start=20210101&end=20241231&format=JSON",0.5x0.625 deg,daily,VALID,OBSERVED
IN-TN-CHE,Chennai,13.0827,80.2707,nasa_power_t2m_daily,T2M,temperature_2m,25.52,C,2023-02-19T00:00:00Z,NASA POWER (MERRA-2),"https://power.larc.nasa.gov/api/temporal/daily/point?parameters=T2M,PRECTOTCORR&community=RE&longitude=80.2707&latitude=13.0827&start=20210101&end=20241231&format=JSON",0.5x0.625 deg,daily,VALID,OBSERVED
IN-TN-CHE,Chennai,13.0827,80.2707,nasa_power_prectotcorr_daily,PRECTOTCORR,precipitation,0.0,mm/day,2023-02-19T00:00:00Z,NASA POWER (MERRA-2),"https://power.larc.nasa.gov/api/temporal/daily/point?parameters=T2M,PRECTOTCORR&community=RE&longitude=80.2707&latitude=13.0827&start=20210101&end=20241231&format=JSON",0.5x0.625 deg,daily,VALID,OBSERVED
IN-TN-CHE,Chennai,13.0827,80.2707,nasa_power_t2m_daily,T2M,temperature_2m,25.76,C,2023-02-20T00:00:00Z,NASA POWER (MERRA-2),"https://power.larc.nasa.gov/api/temporal/daily/point?parameters=T2M,PRECTOTCORR&community=RE&longitude=80.2707&latitude=13.0827&start=20210101&end=20241231&format=JSON",0.5x0.625 deg,daily,VALID,OBSERVED
IN-TN-CHE,Chennai,13.0827,80.2707,nasa_power_prectotcorr_daily,PRECTOTCORR,precipitation,0.0,mm/day,2023-02-20T00:00:00Z,NASA POWER (MERRA-2),"https://power.larc.nasa.gov/api/temporal/daily/point?parameters=T2M,PRECTOTCORR&community=RE&longitude=80.2707&latitude=13.0827&start=20210101&end=20241231&format=JSON",0.5x0.625 deg,daily,VALID,OBSERVED
IN-TN-CHE,Chennai,13.0827,80.2707,nasa_power_t2m_daily,T2M,temperature_2m,25.78,C,2023-02-21T00:00:00Z,NASA POWER (MERRA-2),"https://power.larc.nasa.gov/api/temporal/daily/point?parameters=T2M,PRECTOTCORR&community=RE&longitude=80.2707&latitude=13.0827&start=20210101&end=20241231&format=JSON",0.5x0.625 deg,daily,VALID,OBSERVED
IN-TN-CHE,Chennai,13.0827,80.2707,nasa_power_prectotcorr_daily,PRECTOTCORR,precipitation,0.0,mm/day,2023-02-21T00:00:00Z,NASA POWER (MERRA-2),"https://power.larc.nasa.gov/api/temporal/daily/point?parameters=T2M,PRECTOTCORR&community=RE&longitude=80.2707&latitude=13.0827&start=20210101&end=20241231&format=JSON",0.5x0.625 deg,daily,VALID,OBSERVED
IN-TN-CHE,Chennai,13.0827,80.2707,nasa_power_t2m_daily,T2M,temperature_2m,25.77,C,2023-02-22T00:00:00Z,NASA POWER (MERRA-2),"https://power.larc.nasa.gov/api/temporal/daily/point?parameters=T2M,PRECTOTCORR&community=RE&longitude=80.2707&latitude=13.0827&start=20210101&end=20241231&format=JSON",0.5x0.625 deg,daily,VALID,OBSERVED
IN-TN-CHE,Chennai,13.0827,80.2707,nasa_power_prectotcorr_daily,PRECTOTCORR,precipitation,0.0,mm/day,2023-02-22T00:00:00Z,NASA POWER (MERRA-2),"https://power.larc.nasa.gov/api/temporal/daily/point?parameters=T2M,PRECTOTCORR&community=RE&longitude=80.2707&latitude=13.0827&start=20210101&end=20241231&format=JSON",0.5x0.625 deg,daily,VALID,OBSERVED
IN-TN-CHE,Chennai,13.0827,80.2707,nasa_power_t2m_daily,T2M,temperature_2m,25.06,C,2023-02-23T00:00:00Z,NASA POWER (MERRA-2),"https://power.larc.nasa.gov/api/temporal/daily/point?parameters=T2M,PRECTOTCORR&community=RE&longitude=80.2707&latitude=13.0827&start=20210101&end=20241231&format=JSON",0.5x0.625 deg,daily,VALID,OBSERVED
IN-TN-CHE,Chennai,13.0827,80.2707,nasa_power_prectotcorr_daily,PRECTOTCORR,precipitation,0.0,mm/day,2023-02-23T00:00:00Z,NASA POWER (MERRA-2),"https://power.larc.nasa.gov/api/temporal/daily/point?parameters=T2M,PRECTOTCORR&community=RE&longitude=80.2707&latitude=13.0827&start=20210101&end=20241231&format=JSON",0.5x0.625 deg,daily,VALID,OBSERVED
IN-TN-CHE,Chennai,13.0827,80.2707,nasa_power_t2m_daily,T2M,temperature_2m,25.32,C,2023-02-24T00:00:00Z,NASA POWER (MERRA-2),"https://power.larc.nasa.gov/api/temporal/daily/point?parameters=T2M,PRECTOTCORR&community=RE&longitude=80.2707&latitude=13.0827&start=20210101&end=20241231&format=JSON",0.5x0.625 deg,daily,VALID,OBSERVED
IN-TN-CHE,Chennai,13.0827,80.2707,nasa_power_prectotcorr_daily,PRECTOTCORR,precipitation,0.0,mm/day,2023-02-24T00:00:00Z,NASA POWER (MERRA-2),"https://power.larc.nasa.gov/api/temporal/daily/point?parameters=T2M,PRECTOTCORR&community=RE&longitude=80.2707&latitude=13.0827&start=20210101&end=20241231&format=JSON",0.5x0.625 deg,daily,VALID,OBSERVED
IN-TN-CHE,Chennai,13.0827,80.2707,nasa_power_t2m_daily,T2M,temperature_2m,25.52,C,2023-02-25T00:00:00Z,NASA POWER (MERRA-2),"https://power.larc.nasa.gov/api/temporal/daily/point?parameters=T2M,PRECTOTCORR&community=RE&longitude=80.2707&latitude=13.0827&start=20210101&end=20241231&format=JSON",0.5x0.625 deg,daily,VALID,OBSERVED
IN-TN-CHE,Chennai,13.0827,80.2707,nasa_power_prectotcorr_daily,PRECTOTCORR,precipitation,0.0,mm/day,2023-02-25T00:00:00Z,NASA POWER (MERRA-2),"https://power.larc.nasa.gov/api/temporal/daily/point?parameters=T2M,PRECTOTCORR&community=RE&longitude=80.2707&latitude=13.0827&start=20210101&end=20241231&format=JSON",0.5x0.625 deg,daily,VALID,OBSERVED
IN-TN-CHE,Chennai,13.0827,80.2707,nasa_power_t2m_daily,T2M,temperature_2m,25.42,C,2023-02-26T00:00:00Z,NASA POWER (MERRA-2),"https://power.larc.nasa.gov/api/temporal/daily/point?parameters=T2M,PRECTOTCORR&community=RE&longitude=80.2707&latitude=13.0827&start=20210101&end=20241231&format=JSON",0.5x0.625 deg,daily,VALID,OBSERVED
IN-TN-CHE,Chennai,13.0827,80.2707,nasa_power_prectotcorr_daily,PRECTOTCORR,precipitation,0.0,mm/day,2023-02-26T00:00:00Z,NASA POWER (MERRA-2),"https://power.larc.nasa.gov/api/temporal/daily/point?parameters=T2M,PRECTOTCORR&community=RE&longitude=80.2707&latitude=13.0827&start=20210101&end=20241231&format=JSON",0.5x0.625 deg,daily,VALID,OBSERVED
IN-TN-CHE,Chennai,13.0827,80.2707,nasa_power_t2m_daily,T2M,temperature_2m,25.82,C,2023-02-27T00:00:00Z,NASA POWER (MERRA-2),"https://power.larc.nasa.gov/api/temporal/daily/point?parameters=T2M,PRECTOTCORR&community=RE&longitude=80.2707&latitude=13.0827&start=20210101&end=20241231&format=JSON",0.5x0.625 deg,daily,VALID,OBSERVED
IN-TN-CHE,Chennai,13.0827,80.2707,nasa_power_prectotcorr_daily,PRECTOTCORR,precipitation,0.0,mm/day,2023-02-27T00:00:00Z,NASA POWER (MERRA-2),"https://power.larc.nasa.gov/api/temporal/daily/point?parameters=T2M,PRECTOTCORR&community=RE&longitude=80.2707&latitude=13.0827&start=20210101&end=20241231&format=JSON",0.5x0.625 deg,daily,VALID,OBSERVED
IN-TN-CHE,Chennai,13.0827,80.2707,nasa_power_t2m_daily,T2M,temperature_2m,26.06,C,2023-02-28T00:00:00Z,NASA POWER (MERRA-2),"https://power.larc.nasa.gov/api/temporal/daily/point?parameters=T2M,PRECTOTCORR&community=RE&longitude=80.2707&latitude=13.0827&start=20210101&end=20241231&format=JSON",0.5x0.625 deg,daily,VALID,OBSERVED
IN-TN-CHE,Chennai,13.0827,80.2707,nasa_power_prectotcorr_daily,PRECTOTCORR,precipitation,0.0,mm/day,2023-02-28T00:00:00Z,NASA POWER (MERRA-2),"https://power.larc.nasa.gov/api/temporal/daily/point?parameters=T2M,PRECTOTCORR&community=RE&longitude=80.2707&latitude=13.0827&start=20210101&end=20241231&format=JSON",0.5x0.625 deg,daily,VALID,OBSERVED
IN-TN-CHE,Chennai,13.0827,80.2707,nasa_power_t2m_daily,T2M,temperature_2m,26.55,C,2023-03-01T00:00:00Z,NASA POWER (MERRA-2),"https://power.larc.nasa.gov/api/temporal/daily/point?parameters=T2M,PRECTOTCORR&community=RE&longitude=80.2707&latitude=13.0827&start=20210101&end=20241231&format=JSON",0.5x0.625 deg,daily,VALID,OBSERVED
IN-TN-CHE,Chennai,13.0827,80.2707,nasa_power_prectotcorr_daily,PRECTOTCORR,precipitation,0.01,mm/day,2023-03-01T00:00:00Z,NASA POWER (MERRA-2),"https://power.larc.nasa.gov/api/temporal/daily/point?parameters=T2M,PRECTOTCORR&community=RE&longitude=80.2707&latitude=13.0827&start=20210101&end=20241231&format=JSON",0.5x0.625 deg,daily,VALID,OBSERVED
IN-TN-CHE,Chennai,13.0827,80.2707,nasa_power_t2m_daily,T2M,temperature_2m,25.92,C,2023-03-02T00:00:00Z,NASA POWER (MERRA-2),"https://power.larc.nasa.gov/api/temporal/daily/point?parameters=T2M,PRECTOTCORR&community=RE&longitude=80.2707&latitude=13.0827&start=20210101&end=20241231&format=JSON",0.5x0.625 deg,daily,VALID,OBSERVED
IN-TN-CHE,Chennai,13.0827,80.2707,nasa_power_prectotcorr_daily,PRECTOTCORR,precipitation,0.0,mm/day,2023-03-02T00:00:00Z,NASA POWER (MERRA-2),"https://power.larc.nasa.gov/api/temporal/daily/point?parameters=T2M,PRECTOTCORR&community=RE&longitude=80.2707&latitude=13.0827&start=20210101&end=20241231&format=JSON",0.5x0.625 deg,daily,VALID,OBSERVED
IN-TN-CHE,Chennai,13.0827,80.2707,nasa_power_t2m_daily,T2M,temperature_2m,25.88,C,2023-03-03T00:00:00Z,NASA POWER (MERRA-2),"https://power.larc.nasa.gov/api/temporal/daily/point?parameters=T2M,PRECTOTCORR&community=RE&longitude=80.2707&latitude=13.0827&start=20210101&end=20241231&format=JSON",0.5x0.625 deg,daily,VALID,OBSERVED
IN-TN-CHE,Chennai,13.0827,80.2707,nasa_power_prectotcorr_daily,PRECTOTCORR,precipitation,0.0,mm/day,2023-03-03T00:00:00Z,NASA POWER (MERRA-2),"https://power.larc.nasa.gov/api/temporal/daily/point?parameters=T2M,PRECTOTCORR&community=RE&longitude=80.2707&latitude=13.0827&start=20210101&end=20241231&format=JSON",0.5x0.625 deg,daily,VALID,OBSERVED
IN-TN-CHE,Chennai,13.0827,80.2707,nasa_power_t2m_daily,T2M,temperature_2m,26.41,C,2023-03-04T00:00:00Z,NASA POWER (MERRA-2),"https://power.larc.nasa.gov/api/temporal/daily/point?parameters=T2M,PRECTOTCORR&community=RE&longitude=80.2707&latitude=13.0827&start=20210101&end=20241231&format=JSON",0.5x0.625 deg,daily,VALID,OBSERVED
IN-TN-CHE,Chennai,13.0827,80.2707,nasa_power_prectotcorr_daily,PRECTOTCORR,precipitation,0.0,mm/day,2023-03-04T00:00:00Z,NASA POWER (MERRA-2),"https://power.larc.nasa.gov/api/temporal/daily/point?parameters=T2M,PRECTOTCORR&community=RE&longitude=80.2707&latitude=13.0827&start=20210101&end=20241231&format=JSON",0.5x0.625 deg,daily,VALID,OBSERVED
IN-TN-CHE,Chennai,13.0827,80.2707,nasa_power_t2m_daily,T2M,temperature_2m,26.45,C,2023-03-05T00:00:00Z,NASA POWER (MERRA-2),"https://power.larc.nasa.gov/api/temporal/daily/point?parameters=T2M,PRECTOTCORR&community=RE&longitude=80.2707&latitude=13.0827&start=20210101&end=20241231&format=JSON",0.5x0.625 deg,daily,VALID,OBSERVED
IN-TN-CHE,Chennai,13.0827,80.2707,nasa_power_prectotcorr_daily,PRECTOTCORR,precipitation,0.0,mm/day,2023-03-05T00:00:00Z,NASA POWER (MERRA-2),"https://power.larc.nasa.gov/api/temporal/daily/point?parameters=T2M,PRECTOTCORR&community=RE&longitude=80.2707&latitude=13.0827&start=20210101&end=20241231&format=JSON",0.5x0.625 deg,daily,VALID,OBSERVED
IN-TN-CHE,Chennai,13.0827,80.2707,nasa_power_t2m_daily,T2M,temperature_2m,26.47,C,2023-03-06T00:00:00Z,NASA POWER (MERRA-2),"https://power.larc.nasa.gov/api/temporal/daily/point?parameters=T2M,PRECTOTCORR&community=RE&longitude=80.2707&latitude=13.0827&start=20210101&end=20241231&format=JSON",0.5x0.625 deg,daily,VALID,OBSERVED
IN-TN-CHE,Chennai,13.0827,80.2707,nasa_power_prectotcorr_daily,PRECTOTCORR,precipitation,0.0,mm/day,2023-03-06T00:00:00Z,NASA POWER (MERRA-2),"https://power.larc.nasa.gov/api/temporal/daily/point?parameters=T2M,PRECTOTCORR&community=RE&longitude=80.2707&latitude=13.0827&start=20210101&end=20241231&format=JSON",0.5x0.625 deg,daily,VALID,OBSERVED
IN-TN-CHE,Chennai,13.0827,80.2707,nasa_power_t2m_daily,T2M,temperature_2m,26.36,C,2023-03-07T00:00:00Z,NASA POWER (MERRA-2),"https://power.larc.nasa.gov/api/temporal/daily/point?parameters=T2M,PRECTOTCORR&community=RE&longitude=80.2707&latitude=13.0827&start=20210101&end=20241231&format=JSON",0.5x0.625 deg,daily,VALID,OBSERVED
IN-TN-CHE,Chennai,13.0827,80.2707,nasa_power_prectotcorr_daily,PRECTOTCORR,precipitation,0.0,mm/day,2023-03-07T00:00:00Z,NASA POWER (MERRA-2),"https://power.larc.nasa.gov/api/temporal/daily/point?parameters=T2M,PRECTOTCORR&community=RE&longitude=80.2707&latitude=13.0827&start=20210101&end=20241231&format=JSON",0.5x0.625 deg,daily,VALID,OBSERVED
IN-TN-CHE,Chennai,13.0827,80.2707,nasa_power_t2m_daily,T2M,temperature_2m,26.7,C,2023-03-08T00:00:00Z,NASA POWER (MERRA-2),"https://power.larc.nasa.gov/api/temporal/daily/point?parameters=T2M,PRECTOTCORR&community=RE&longitude=80.2707&latitude=13.0827&start=20210101&end=20241231&format=JSON",0.5x0.625 deg,daily,VALID,OBSERVED
IN-TN-CHE,Chennai,13.0827,80.2707,nasa_power_prectotcorr_daily,PRECTOTCORR,precipitation,0.0,mm/day,2023-03-08T00:00:00Z,NASA POWER (MERRA-2),"https://power.larc.nasa.gov/api/temporal/daily/point?parameters=T2M,PRECTOTCORR&community=RE&longitude=80.2707&latitude=13.0827&start=20210101&end=20241231&format=JSON",0.5x0.625 deg,daily,VALID,OBSERVED
IN-TN-CHE,Chennai,13.0827,80.2707,nasa_power_t2m_daily,T2M,temperature_2m,27.22,C,2023-03-09T00:00:00Z,NASA POWER (MERRA-2),"https://power.larc.nasa.gov/api/temporal/daily/point?parameters=T2M,PRECTOTCORR&community=RE&longitude=80.2707&latitude=13.0827&start=20210101&end=20241231&format=JSON",0.5x0.625 deg,daily,VALID,OBSERVED
IN-TN-CHE,Chennai,13.0827,80.2707,nasa_power_prectotcorr_daily,PRECTOTCORR,precipitation,0.0,mm/day,2023-03-09T00:00:00Z,NASA POWER (MERRA-2),"https://power.larc.nasa.gov/api/temporal/daily/point?parameters=T2M,PRECTOTCORR&community=RE&longitude=80.2707&latitude=13.0827&start=20210101&end=20241231&format=JSON",0.5x0.625 deg,daily,VALID,OBSERVED
IN-TN-CHE,Chennai,13.0827,80.2707,nasa_power_t2m_daily,T2M,temperature_2m,26.98,C,2023-03-10T00:00:00Z,NASA POWER (MERRA-2),"https://power.larc.nasa.gov/api/temporal/daily/point?parameters=T2M,PRECTOTCORR&community=RE&longitude=80.2707&latitude=13.0827&start=20210101&end=20241231&format=JSON",0.5x0.625 deg,daily,VALID,OBSERVED
IN-TN-CHE,Chennai,13.0827,80.2707,nasa_power_prectotcorr_daily,PRECTOTCORR,precipitation,0.0,mm/day,2023-03-10T00:00:00Z,NASA POWER (MERRA-2),"https://power.larc.nasa.gov/api/temporal/daily/point?parameters=T2M,PRECTOTCORR&community=RE&longitude=80.2707&latitude=13.0827&start=20210101&end=20241231&format=JSON",0.5x0.625 deg,daily,VALID,OBSERVED
IN-TN-CHE,Chennai,13.0827,80.2707,nasa_power_t2m_daily,T2M,temperature_2m,26.76,C,2023-03-11T00:00:00Z,NASA POWER (MERRA-2),"https://power.larc.nasa.gov/api/temporal/daily/point?parameters=T2M,PRECTOTCORR&community=RE&longitude=80.2707&latitude=13.0827&start=20210101&end=20241231&format=JSON",0.5x0.625 deg,daily,VALID,OBSERVED
IN-TN-CHE,Chennai,13.0827,80.2707,nasa_power_prectotcorr_daily,PRECTOTCORR,precipitation,0.0,mm/day,2023-03-11T00:00:00Z,NASA POWER (MERRA-2),"https://power.larc.nasa.gov/api/temporal/daily/point?parameters=T2M,PRECTOTCORR&community=RE&longitude=80.2707&latitude=13.0827&start=20210101&end=20241231&format=JSON",0.5x0.625 deg,daily,VALID,OBSERVED
IN-TN-CHE,Chennai,13.0827,80.2707,nasa_power_t2m_daily,T2M,temperature_2m,27.49,C,2023-03-12T00:00:00Z,NASA POWER (MERRA-2),"https://power.larc.nasa.gov/api/temporal/daily/point?parameters=T2M,PRECTOTCORR&community=RE&longitude=80.2707&latitude=13.0827&start=20210101&end=20241231&format=JSON",0.5x0.625 deg,daily,VALID,OBSERVED
IN-TN-CHE,Chennai,13.0827,80.2707,nasa_power_prectotcorr_daily,PRECTOTCORR,precipitation,0.01,mm/day,2023-03-12T00:00:00Z,NASA POWER (MERRA-2),"https://power.larc.nasa.gov/api/temporal/daily/point?parameters=T2M,PRECTOTCORR&community=RE&longitude=80.2707&latitude=13.0827&start=20210101&end=20241231&format=JSON",0.5x0.625 deg,daily,VALID,OBSERVED
IN-TN-CHE,Chennai,13.0827,80.2707,nasa_power_t2m_daily,T2M,temperature_2m,27.91,C,2023-03-13T00:00:00Z,NASA POWER (MERRA-2),"https://power.larc.nasa.gov/api/temporal/daily/point?parameters=T2M,PRECTOTCORR&community=RE&longitude=80.2707&latitude=13.0827&start=20210101&end=20241231&format=JSON",0.5x0.625 deg,daily,VALID,OBSERVED
IN-TN-CHE,Chennai,13.0827,80.2707,nasa_power_prectotcorr_daily,PRECTOTCORR,precipitation,0.01,mm/day,2023-03-13T00:00:00Z,NASA POWER (MERRA-2),"https://power.larc.nasa.gov/api/temporal/daily/point?parameters=T2M,PRECTOTCORR&community=RE&longitude=80.2707&latitude=13.0827&start=20210101&end=20241231&format=JSON",0.5x0.625 deg,daily,VALID,OBSERVED
IN-TN-CHE,Chennai,13.0827,80.2707,nasa_power_t2m_daily,T2M,temperature_2m,27.75,C,2023-03-14T00:00:00Z,NASA POWER (MERRA-2),"https://power.larc.nasa.gov/api/temporal/daily/point?parameters=T2M,PRECTOTCORR&community=RE&longitude=80.2707&latitude=13.0827&start=20210101&end=20241231&format=JSON",0.5x0.625 deg,daily,VALID,OBSERVED
IN-TN-CHE,Chennai,13.0827,80.2707,nasa_power_prectotcorr_daily,PRECTOTCORR,precipitation,0.02,mm/day,2023-03-14T00:00:00Z,NASA POWER (MERRA-2),"https://power.larc.nasa.gov/api/temporal/daily/point?parameters=T2M,PRECTOTCORR&community=RE&longitude=80.2707&latitude=13.0827&start=20210101&end=20241231&format=JSON",0.5x0.625 deg,daily,VALID,OBSERVED
IN-TN-CHE,Chennai,13.0827,80.2707,nasa_power_t2m_daily,T2M,temperature_2m,27.95,C,2023-03-15T00:00:00Z,NASA POWER (MERRA-2),"https://power.larc.nasa.gov/api/temporal/daily/point?parameters=T2M,PRECTOTCORR&community=RE&longitude=80.2707&latitude=13.0827&start=20210101&end=20241231&format=JSON",0.5x0.625 deg,daily,VALID,OBSERVED
IN-TN-CHE,Chennai,13.0827,80.2707,nasa_power_prectotcorr_daily,PRECTOTCORR,precipitation,0.04,mm/day,2023-03-15T00:00:00Z,NASA POWER (MERRA-2),"https://power.larc.nasa.gov/api/temporal/daily/point?parameters=T2M,PRECTOTCORR&community=RE&longitude=80.2707&latitude=13.0827&start=20210101&end=20241231&format=JSON",0.5x0.625 deg,daily,VALID,OBSERVED
IN-TN-CHE,Chennai,13.0827,80.2707,nasa_power_t2m_daily,T2M,temperature_2m,28.21,C,2023-03-16T00:00:00Z,NASA POWER (MERRA-2),"https://power.larc.nasa.gov/api/temporal/daily/point?parameters=T2M,PRECTOTCORR&community=RE&longitude=80.2707&latitude=13.0827&start=20210101&end=20241231&format=JSON",0.5x0.625 deg,daily,VALID,OBSERVED
IN-TN-CHE,Chennai,13.0827,80.2707,nasa_power_prectotcorr_daily,PRECTOTCORR,precipitation,0.13,mm/day,2023-03-16T00:00:00Z,NASA POWER (MERRA-2),"https://power.larc.nasa.gov/api/temporal/daily/point?parameters=T2M,PRECTOTCORR&community=RE&longitude=80.2707&latitude=13.0827&start=20210101&end=20241231&format=JSON",0.5x0.625 deg,daily,VALID,OBSERVED
IN-TN-CHE,Chennai,13.0827,80.2707,nasa_power_t2m_daily,T2M,temperature_2m,27.93,C,2023-03-17T00:00:00Z,NASA POWER (MERRA-2),"https://power.larc.nasa.gov/api/temporal/daily/point?parameters=T2M,PRECTOTCORR&community=RE&longitude=80.2707&latitude=13.0827&start=20210101&end=20241231&format=JSON",0.5x0.625 deg,daily,VALID,OBSERVED
IN-TN-CHE,Chennai,13.0827,80.2707,nasa_power_prectotcorr_daily,PRECTOTCORR,precipitation,10.01,mm/day,2023-03-17T00:00:00Z,NASA POWER (MERRA-2),"https://power.larc.nasa.gov/api/temporal/daily/point?parameters=T2M,PRECTOTCORR&community=RE&longitude=80.2707&latitude=13.0827&start=20210101&end=20241231&format=JSON",0.5x0.625 deg,daily,VALID,OBSERVED
IN-TN-CHE,Chennai,13.0827,80.2707,nasa_power_t2m_daily,T2M,temperature_2m,27.82,C,2023-03-18T00:00:00Z,NASA POWER (MERRA-2),"https://power.larc.nasa.gov/api/temporal/daily/point?parameters=T2M,PRECTOTCORR&community=RE&longitude=80.2707&latitude=13.0827&start=20210101&end=20241231&format=JSON",0.5x0.625 deg,daily,VALID,OBSERVED
IN-TN-CHE,Chennai,13.0827,80.2707,nasa_power_prectotcorr_daily,PRECTOTCORR,precipitation,10.1,mm/day,2023-03-18T00:00:00Z,NASA POWER (MERRA-2),"https://power.larc.nasa.gov/api/temporal/daily/point?parameters=T2M,PRECTOTCORR&community=RE&longitude=80.2707&latitude=13.0827&start=20210101&end=20241231&format=JSON",0.5x0.625 deg,daily,VALID,OBSERVED
IN-TN-CHE,Chennai,13.0827,80.2707,nasa_power_t2m_daily,T2M,temperature_2m,27.49,C,2023-03-19T00:00:00Z,NASA POWER (MERRA-2),"https://power.larc.nasa.gov/api/temporal/daily/point?parameters=T2M,PRECTOTCORR&community=RE&longitude=80.2707&latitude=13.0827&start=20210101&end=20241231&format=JSON",0.5x0.625 deg,daily,VALID,OBSERVED
IN-TN-CHE,Chennai,13.0827,80.2707,nasa_power_prectotcorr_daily,PRECTOTCORR,precipitation,19.92,mm/day,2023-03-19T00:00:00Z,NASA POWER (MERRA-2),"https://power.larc.nasa.gov/api/temporal/daily/point?parameters=T2M,PRECTOTCORR&community=RE&longitude=80.2707&latitude=13.0827&start=20210101&end=20241231&format=JSON",0.5x0.625 deg,daily,VALID,OBSERVED
IN-TN-CHE,Chennai,13.0827,80.2707,nasa_power_t2m_daily,T2M,temperature_2m,27.52,C,2023-03-20T00:00:00Z,NASA POWER (MERRA-2),"https://power.larc.nasa.gov/api/temporal/daily/point?parameters=T2M,PRECTOTCORR&community=RE&longitude=80.2707&latitude=13.0827&start=20210101&end=20241231&format=JSON",0.5x0.625 deg,daily,VALID,OBSERVED
IN-TN-CHE,Chennai,13.0827,80.2707,nasa_power_prectotcorr_daily,PRECTOTCORR,precipitation,11.9,mm/day,2023-03-20T00:00:00Z,NASA POWER (MERRA-2),"https://power.larc.nasa.gov/api/temporal/daily/point?parameters=T2M,PRECTOTCORR&community=RE&longitude=80.2707&latitude=13.0827&start=20210101&end=20241231&format=JSON",0.5x0.625 deg,daily,VALID,OBSERVED
IN-TN-CHE,Chennai,13.0827,80.2707,nasa_power_t2m_daily,T2M,temperature_2m,28.24,C,2023-03-21T00:00:00Z,NASA POWER (MERRA-2),"https://power.larc.nasa.gov/api/temporal/daily/point?parameters=T2M,PRECTOTCORR&community=RE&longitude=80.2707&latitude=13.0827&start=20210101&end=20241231&format=JSON",0.5x0.625 deg,daily,VALID,OBSERVED
IN-TN-CHE,Chennai,13.0827,80.2707,nasa_power_prectotcorr_daily,PRECTOTCORR,precipitation,1.79,mm/day,2023-03-21T00:00:00Z,NASA POWER (MERRA-2),"https://power.larc.nasa.gov/api/temporal/daily/point?parameters=T2M,PRECTOTCORR&community=RE&longitude=80.2707&latitude=13.0827&start=20210101&end=20241231&format=JSON",0.5x0.625 deg,daily,VALID,OBSERVED
IN-TN-CHE,Chennai,13.0827,80.2707,nasa_power_t2m_daily,T2M,temperature_2m,29.03,C,2023-03-22T00:00:00Z,NASA POWER (MERRA-2),"https://power.larc.nasa.gov/api/temporal/daily/point?parameters=T2M,PRECTOTCORR&community=RE&longitude=80.2707&latitude=13.0827&start=20210101&end=20241231&format=JSON",0.5x0.625 deg,daily,VALID,OBSERVED
IN-TN-CHE,Chennai,13.0827,80.2707,nasa_power_prectotcorr_daily,PRECTOTCORR,precipitation,0.39,mm/day,2023-03-22T00:00:00Z,NASA POWER (MERRA-2),"https://power.larc.nasa.gov/api/temporal/daily/point?parameters=T2M,PRECTOTCORR&community=RE&longitude=80.2707&latitude=13.0827&start=20210101&end=20241231&format=JSON",0.5x0.625 deg,daily,VALID,OBSERVED
IN-TN-CHE,Chennai,13.0827,80.2707,nasa_power_t2m_daily,T2M,temperature_2m,28.81,C,2023-03-23T00:00:00Z,NASA POWER (MERRA-2),"https://power.larc.nasa.gov/api/temporal/daily/point?parameters=T2M,PRECTOTCORR&community=RE&longitude=80.2707&latitude=13.0827&start=20210101&end=20241231&format=JSON",0.5x0.625 deg,daily,VALID,OBSERVED
IN-TN-CHE,Chennai,13.0827,80.2707,nasa_power_prectotcorr_daily,PRECTOTCORR,precipitation,2.02,mm/day,2023-03-23T00:00:00Z,NASA POWER (MERRA-2),"https://power.larc.nasa.gov/api/temporal/daily/point?parameters=T2M,PRECTOTCORR&community=RE&longitude=80.2707&latitude=13.0827&start=20210101&end=20241231&format=JSON",0.5x0.625 deg,daily,VALID,OBSERVED
IN-TN-CHE,Chennai,13.0827,80.2707,nasa_power_t2m_daily,T2M,temperature_2m,28.76,C,2023-03-24T00:00:00Z,NASA POWER (MERRA-2),"https://power.larc.nasa.gov/api/temporal/daily/point?parameters=T2M,PRECTOTCORR&community=RE&longitude=80.2707&latitude=13.0827&start=20210101&end=20241231&format=JSON",0.5x0.625 deg,daily,VALID,OBSERVED
IN-TN-CHE,Chennai,13.0827,80.2707,nasa_power_prectotcorr_daily,PRECTOTCORR,precipitation,2.69,mm/day,2023-03-24T00:00:00Z,NASA POWER (MERRA-2),"https://power.larc.nasa.gov/api/temporal/daily/point?parameters=T2M,PRECTOTCORR&community=RE&longitude=80.2707&latitude=13.0827&start=20210101&end=20241231&format=JSON",0.5x0.625 deg,daily,VALID,OBSERVED
IN-TN-CHE,Chennai,13.0827,80.2707,nasa_power_t2m_daily,T2M,temperature_2m,29.04,C,2023-03-25T00:00:00Z,NASA POWER (MERRA-2),"https://power.larc.nasa.gov/api/temporal/daily/point?parameters=T2M,PRECTOTCORR&community=RE&longitude=80.2707&latitude=13.0827&start=20210101&end=20241231&format=JSON",0.5x0.625 deg,daily,VALID,OBSERVED
IN-TN-CHE,Chennai,13.0827,80.2707,nasa_power_prectotcorr_daily,PRECTOTCORR,precipitation,0.03,mm/day,2023-03-25T00:00:00Z,NASA POWER (MERRA-2),"https://power.larc.nasa.gov/api/temporal/daily/point?parameters=T2M,PRECTOTCORR&community=RE&longitude=80.2707&latitude=13.0827&start=20210101&end=20241231&format=JSON",0.5x0.625 deg,daily,VALID,OBSERVED
IN-TN-CHE,Chennai,13.0827,80.2707,nasa_power_t2m_daily,T2M,temperature_2m,28.96,C,2023-03-26T00:00:00Z,NASA POWER (MERRA-2),"https://power.larc.nasa.gov/api/temporal/daily/point?parameters=T2M,PRECTOTCORR&community=RE&longitude=80.2707&latitude=13.0827&start=20210101&end=20241231&format=JSON",0.5x0.625 deg,daily,VALID,OBSERVED
IN-TN-CHE,Chennai,13.0827,80.2707,nasa_power_prectotcorr_daily,PRECTOTCORR,precipitation,0.13,mm/day,2023-03-26T00:00:00Z,NASA POWER (MERRA-2),"https://power.larc.nasa.gov/api/temporal/daily/point?parameters=T2M,PRECTOTCORR&community=RE&longitude=80.2707&latitude=13.0827&start=20210101&end=20241231&format=JSON",0.5x0.625 deg,daily,VALID,OBSERVED
IN-TN-CHE,Chennai,13.0827,80.2707,nasa_power_t2m_daily,T2M,temperature_2m,29.63,C,2023-03-27T00:00:00Z,NASA POWER (MERRA-2),"https://power.larc.nasa.gov/api/temporal/daily/point?parameters=T2M,PRECTOTCORR&community=RE&longitude=80.2707&latitude=13.0827&start=20210101&end=20241231&format=JSON",0.5x0.625 deg,daily,VALID,OBSERVED
IN-TN-CHE,Chennai,13.0827,80.2707,nasa_power_prectotcorr_daily,PRECTOTCORR,precipitation,0.16,mm/day,2023-03-27T00:00:00Z,NASA POWER (MERRA-2),"https://power.larc.nasa.gov/api/temporal/daily/point?parameters=T2M,PRECTOTCORR&community=RE&longitude=80.2707&latitude=13.0827&start=20210101&end=20241231&format=JSON",0.5x0.625 deg,daily,VALID,OBSERVED
IN-TN-CHE,Chennai,13.0827,80.2707,nasa_power_t2m_daily,T2M,temperature_2m,29.31,C,2023-03-28T00:00:00Z,NASA POWER (MERRA-2),"https://power.larc.nasa.gov/api/temporal/daily/point?parameters=T2M,PRECTOTCORR&community=RE&longitude=80.2707&latitude=13.0827&start=20210101&end=20241231&format=JSON",0.5x0.625 deg,daily,VALID,OBSERVED
IN-TN-CHE,Chennai,13.0827,80.2707,nasa_power_prectotcorr_daily,PRECTOTCORR,precipitation,0.03,mm/day,2023-03-28T00:00:00Z,NASA POWER (MERRA-2),"https://power.larc.nasa.gov/api/temporal/daily/point?parameters=T2M,PRECTOTCORR&community=RE&longitude=80.2707&latitude=13.0827&start=20210101&end=20241231&format=JSON",0.5x0.625 deg,daily,VALID,OBSERVED
IN-TN-CHE,Chennai,13.0827,80.2707,nasa_power_t2m_daily,T2M,temperature_2m,28.95,C,2023-03-29T00:00:00Z,NASA POWER (MERRA-2),"https://power.larc.nasa.gov/api/temporal/daily/point?parameters=T2M,PRECTOTCORR&community=RE&longitude=80.2707&latitude=13.0827&start=20210101&end=20241231&format=JSON",0.5x0.625 deg,daily,VALID,OBSERVED
IN-TN-CHE,Chennai,13.0827,80.2707,nasa_power_prectotcorr_daily,PRECTOTCORR,precipitation,0.01,mm/day,2023-03-29T00:00:00Z,NASA POWER (MERRA-2),"https://power.larc.nasa.gov/api/temporal/daily/point?parameters=T2M,PRECTOTCORR&community=RE&longitude=80.2707&latitude=13.0827&start=20210101&end=20241231&format=JSON",0.5x0.625 deg,daily,VALID,OBSERVED
IN-TN-CHE,Chennai,13.0827,80.2707,nasa_power_t2m_daily,T2M,temperature_2m,28.58,C,2023-03-30T00:00:00Z,NASA POWER (MERRA-2),"https://power.larc.nasa.gov/api/temporal/daily/point?parameters=T2M,PRECTOTCORR&community=RE&longitude=80.2707&latitude=13.0827&start=20210101&end=20241231&format=JSON",0.5x0.625 deg,daily,VALID,OBSERVED
IN-TN-CHE,Chennai,13.0827,80.2707,nasa_power_prectotcorr_daily,PRECTOTCORR,precipitation,0.01,mm/day,2023-03-30T00:00:00Z,NASA POWER (MERRA-2),"https://power.larc.nasa.gov/api/temporal/daily/point?parameters=T2M,PRECTOTCORR&community=RE&longitude=80.2707&latitude=13.0827&start=20210101&end=20241231&format=JSON",0.5x0.625 deg,daily,VALID,OBSERVED
IN-TN-CHE,Chennai,13.0827,80.2707,nasa_power_t2m_daily,T2M,temperature_2m,28.98,C,2023-03-31T00:00:00Z,NASA POWER (MERRA-2),"https://power.larc.nasa.gov/api/temporal/daily/point?parameters=T2M,PRECTOTCORR&community=RE&longitude=80.2707&latitude=13.0827&start=20210101&end=20241231&format=JSON",0.5x0.625 deg,daily,VALID,OBSERVED
IN-TN-CHE,Chennai,13.0827,80.2707,nasa_power_prectotcorr_daily,PRECTOTCORR,precipitation,0.01,mm/day,2023-03-31T00:00:00Z,NASA POWER (MERRA-2),"https://power.larc.nasa.gov/api/temporal/daily/point?parameters=T2M,PRECTOTCORR&community=RE&longitude=80.2707&latitude=13.0827&start=20210101&end=20241231&format=JSON",0.5x0.625 deg,daily,VALID,OBSERVED
IN-TN-CHE,Chennai,13.0827,80.2707,nasa_power_t2m_daily,T2M,temperature_2m,29.27,C,2023-04-01T00:00:00Z,NASA POWER (MERRA-2),"https://power.larc.nasa.gov/api/temporal/daily/point?parameters=T2M,PRECTOTCORR&community=RE&longitude=80.2707&latitude=13.0827&start=20210101&end=20241231&format=JSON",0.5x0.625 deg,daily,VALID,OBSERVED
IN-TN-CHE,Chennai,13.0827,80.2707,nasa_power_prectotcorr_daily,PRECTOTCORR,precipitation,0.02,mm/day,2023-04-01T00:00:00Z,NASA POWER (MERRA-2),"https://power.larc.nasa.gov/api/temporal/daily/point?parameters=T2M,PRECTOTCORR&community=RE&longitude=80.2707&latitude=13.0827&start=20210101&end=20241231&format=JSON",0.5x0.625 deg,daily,VALID,OBSERVED
IN-TN-CHE,Chennai,13.0827,80.2707,nasa_power_t2m_daily,T2M,temperature_2m,29.27,C,2023-04-02T00:00:00Z,NASA POWER (MERRA-2),"https://power.larc.nasa.gov/api/temporal/daily/point?parameters=T2M,PRECTOTCORR&community=RE&longitude=80.2707&latitude=13.0827&start=20210101&end=20241231&format=JSON",0.5x0.625 deg,daily,VALID,OBSERVED
IN-TN-CHE,Chennai,13.0827,80.2707,nasa_power_prectotcorr_daily,PRECTOTCORR,precipitation,0.97,mm/day,2023-04-02T00:00:00Z,NASA POWER (MERRA-2),"https://power.larc.nasa.gov/api/temporal/daily/point?parameters=T2M,PRECTOTCORR&community=RE&longitude=80.2707&latitude=13.0827&start=20210101&end=20241231&format=JSON",0.5x0.625 deg,daily,VALID,OBSERVED
IN-TN-CHE,Chennai,13.0827,80.2707,nasa_power_t2m_daily,T2M,temperature_2m,29.34,C,2023-04-03T00:00:00Z,NASA POWER (MERRA-2),"https://power.larc.nasa.gov/api/temporal/daily/point?parameters=T2M,PRECTOTCORR&community=RE&longitude=80.2707&latitude=13.0827&start=20210101&end=20241231&format=JSON",0.5x0.625 deg,daily,VALID,OBSERVED
IN-TN-CHE,Chennai,13.0827,80.2707,nasa_power_prectotcorr_daily,PRECTOTCORR,precipitation,0.26,mm/day,2023-04-03T00:00:00Z,NASA POWER (MERRA-2),"https://power.larc.nasa.gov/api/temporal/daily/point?parameters=T2M,PRECTOTCORR&community=RE&longitude=80.2707&latitude=13.0827&start=20210101&end=20241231&format=JSON",0.5x0.625 deg,daily,VALID,OBSERVED
IN-TN-CHE,Chennai,13.0827,80.2707,nasa_power_t2m_daily,T2M,temperature_2m,29.51,C,2023-04-04T00:00:00Z,NASA POWER (MERRA-2),"https://power.larc.nasa.gov/api/temporal/daily/point?parameters=T2M,PRECTOTCORR&community=RE&longitude=80.2707&latitude=13.0827&start=20210101&end=20241231&format=JSON",0.5x0.625 deg,daily,VALID,OBSERVED
IN-TN-CHE,Chennai,13.0827,80.2707,nasa_power_prectotcorr_daily,PRECTOTCORR,precipitation,0.03,mm/day,2023-04-04T00:00:00Z,NASA POWER (MERRA-2),"https://power.larc.nasa.gov/api/temporal/daily/point?parameters=T2M,PRECTOTCORR&community=RE&longitude=80.2707&latitude=13.0827&start=20210101&end=20241231&format=JSON",0.5x0.625 deg,daily,VALID,OBSERVED
IN-TN-CHE,Chennai,13.0827,80.2707,nasa_power_t2m_daily,T2M,temperature_2m,28.95,C,2023-04-05T00:00:00Z,NASA POWER (MERRA-2),"https://power.larc.nasa.gov/api/temporal/daily/point?parameters=T2M,PRECTOTCORR&community=RE&longitude=80.2707&latitude=13.0827&start=20210101&end=20241231&format=JSON",0.5x0.625 deg,daily,VALID,OBSERVED
IN-TN-CHE,Chennai,13.0827,80.2707,nasa_power_prectotcorr_daily,PRECTOTCORR,precipitation,0.03,mm/day,2023-04-05T00:00:00Z,NASA POWER (MERRA-2),"https://power.larc.nasa.gov/api/temporal/daily/point?parameters=T2M,PRECTOTCORR&community=RE&longitude=80.2707&latitude=13.0827&start=20210101&end=20241231&format=JSON",0.5x0.625 deg,daily,VALID,OBSERVED
IN-TN-CHE,Chennai,13.0827,80.2707,nasa_power_t2m_daily,T2M,temperature_2m,29.48,C,2023-04-06T00:00:00Z,NASA POWER (MERRA-2),"https://power.larc.nasa.gov/api/temporal/daily/point?parameters=T2M,PRECTOTCORR&community=RE&longitude=80.2707&latitude=13.0827&start=20210101&end=20241231&format=JSON",0.5x0.625 deg,daily,VALID,OBSERVED
IN-TN-CHE,Chennai,13.0827,80.2707,nasa_power_prectotcorr_daily,PRECTOTCORR,precipitation,0.01,mm/day,2023-04-06T00:00:00Z,NASA POWER (MERRA-2),"https://power.larc.nasa.gov/api/temporal/daily/point?parameters=T2M,PRECTOTCORR&community=RE&longitude=80.2707&latitude=13.0827&start=20210101&end=20241231&format=JSON",0.5x0.625 deg,daily,VALID,OBSERVED
IN-TN-CHE,Chennai,13.0827,80.2707,nasa_power_t2m_daily,T2M,temperature_2m,29.29,C,2023-04-07T00:00:00Z,NASA POWER (MERRA-2),"https://power.larc.nasa.gov/api/temporal/daily/point?parameters=T2M,PRECTOTCORR&community=RE&longitude=80.2707&latitude=13.0827&start=20210101&end=20241231&format=JSON",0.5x0.625 deg,daily,VALID,OBSERVED
IN-TN-CHE,Chennai,13.0827,80.2707,nasa_power_prectotcorr_daily,PRECTOTCORR,precipitation,0.0,mm/day,2023-04-07T00:00:00Z,NASA POWER (MERRA-2),"https://power.larc.nasa.gov/api/temporal/daily/point?parameters=T2M,PRECTOTCORR&community=RE&longitude=80.2707&latitude=13.0827&start=20210101&end=20241231&format=JSON",0.5x0.625 deg,daily,VALID,OBSERVED
IN-TN-CHE,Chennai,13.0827,80.2707,nasa_power_t2m_daily,T2M,temperature_2m,29.16,C,2023-04-08T00:00:00Z,NASA POWER (MERRA-2),"https://power.larc.nasa.gov/api/temporal/daily/point?parameters=T2M,PRECTOTCORR&community=RE&longitude=80.2707&latitude=13.0827&start=20210101&end=20241231&format=JSON",0.5x0.625 deg,daily,VALID,OBSERVED
IN-TN-CHE,Chennai,13.0827,80.2707,nasa_power_prectotcorr_daily,PRECTOTCORR,precipitation,0.0,mm/day,2023-04-08T00:00:00Z,NASA POWER (MERRA-2),"https://power.larc.nasa.gov/api/temporal/daily/point?parameters=T2M,PRECTOTCORR&community=RE&longitude=80.2707&latitude=13.0827&start=20210101&end=20241231&format=JSON",0.5x0.625 deg,daily,VALID,OBSERVED
IN-TN-CHE,Chennai,13.0827,80.2707,nasa_power_t2m_daily,T2M,temperature_2m,28.94,C,2023-04-09T00:00:00Z,NASA POWER (MERRA-2),"https://power.larc.nasa.gov/api/temporal/daily/point?parameters=T2M,PRECTOTCORR&community=RE&longitude=80.2707&latitude=13.0827&start=20210101&end=20241231&format=JSON",0.5x0.625 deg,daily,VALID,OBSERVED
IN-TN-CHE,Chennai,13.0827,80.2707,nasa_power_prectotcorr_daily,PRECTOTCORR,precipitation,0.01,mm/day,2023-04-09T00:00:00Z,NASA POWER (MERRA-2),"https://power.larc.nasa.gov/api/temporal/daily/point?parameters=T2M,PRECTOTCORR&community=RE&longitude=80.2707&latitude=13.0827&start=20210101&end=20241231&format=JSON",0.5x0.625 deg,daily,VALID,OBSERVED
IN-TN-CHE,Chennai,13.0827,80.2707,nasa_power_t2m_daily,T2M,temperature_2m,29.01,C,2023-04-10T00:00:00Z,NASA POWER (MERRA-2),"https://power.larc.nasa.gov/api/temporal/daily/point?parameters=T2M,PRECTOTCORR&community=RE&longitude=80.2707&latitude=13.0827&start=20210101&end=20241231&format=JSON",0.5x0.625 deg,daily,VALID,OBSERVED
IN-TN-CHE,Chennai,13.0827,80.2707,nasa_power_prectotcorr_daily,PRECTOTCORR,precipitation,0.0,mm/day,2023-04-10T00:00:00Z,NASA POWER (MERRA-2),"https://power.larc.nasa.gov/api/temporal/daily/point?parameters=T2M,PRECTOTCORR&community=RE&longitude=80.2707&latitude=13.0827&start=20210101&end=20241231&format=JSON",0.5x0.625 deg,daily,VALID,OBSERVED
IN-TN-CHE,Chennai,13.0827,80.2707,nasa_power_t2m_daily,T2M,temperature_2m,29.23,C,2023-04-11T00:00:00Z,NASA POWER (MERRA-2),"https://power.larc.nasa.gov/api/temporal/daily/point?parameters=T2M,PRECTOTCORR&community=RE&longitude=80.2707&latitude=13.0827&start=20210101&end=20241231&format=JSON",0.5x0.625 deg,daily,VALID,OBSERVED
IN-TN-CHE,Chennai,13.0827,80.2707,nasa_power_prectotcorr_daily,PRECTOTCORR,precipitation,0.0,mm/day,2023-04-11T00:00:00Z,NASA POWER (MERRA-2),"https://power.larc.nasa.gov/api/temporal/daily/point?parameters=T2M,PRECTOTCORR&community=RE&longitude=80.2707&latitude=13.0827&start=20210101&end=20241231&format=JSON",0.5x0.625 deg,daily,VALID,OBSERVED
IN-TN-CHE,Chennai,13.0827,80.2707,nasa_power_t2m_daily,T2M,temperature_2m,29.74,C,2023-04-12T00:00:00Z,NASA POWER (MERRA-2),"https://power.larc.nasa.gov/api/temporal/daily/point?parameters=T2M,PRECTOTCORR&community=RE&longitude=80.2707&latitude=13.0827&start=20210101&end=20241231&format=JSON",0.5x0.625 deg,daily,VALID,OBSERVED
IN-TN-CHE,Chennai,13.0827,80.2707,nasa_power_prectotcorr_daily,PRECTOTCORR,precipitation,0.0,mm/day,2023-04-12T00:00:00Z,NASA POWER (MERRA-2),"https://power.larc.nasa.gov/api/temporal/daily/point?parameters=T2M,PRECTOTCORR&community=RE&longitude=80.2707&latitude=13.0827&start=20210101&end=20241231&format=JSON",0.5x0.625 deg,daily,VALID,OBSERVED
IN-TN-CHE,Chennai,13.0827,80.2707,nasa_power_t2m_daily,T2M,temperature_2m,30.69,C,2023-04-13T00:00:00Z,NASA POWER (MERRA-2),"https://power.larc.nasa.gov/api/temporal/daily/point?parameters=T2M,PRECTOTCORR&community=RE&longitude=80.2707&latitude=13.0827&start=20210101&end=20241231&format=JSON",0.5x0.625 deg,daily,VALID,OBSERVED
IN-TN-CHE,Chennai,13.0827,80.2707,nasa_power_prectotcorr_daily,PRECTOTCORR,precipitation,0.0,mm/day,2023-04-13T00:00:00Z,NASA POWER (MERRA-2),"https://power.larc.nasa.gov/api/temporal/daily/point?parameters=T2M,PRECTOTCORR&community=RE&longitude=80.2707&latitude=13.0827&start=20210101&end=20241231&format=JSON",0.5x0.625 deg,daily,VALID,OBSERVED
IN-TN-CHE,Chennai,13.0827,80.2707,nasa_power_t2m_daily,T2M,temperature_2m,30.61,C,2023-04-14T00:00:00Z,NASA POWER (MERRA-2),"https://power.larc.nasa.gov/api/temporal/daily/point?parameters=T2M,PRECTOTCORR&community=RE&longitude=80.2707&latitude=13.0827&start=20210101&end=20241231&format=JSON",0.5x0.625 deg,daily,VALID,OBSERVED
IN-TN-CHE,Chennai,13.0827,80.2707,nasa_power_prectotcorr_daily,PRECTOTCORR,precipitation,0.0,mm/day,2023-04-14T00:00:00Z,NASA POWER (MERRA-2),"https://power.larc.nasa.gov/api/temporal/daily/point?parameters=T2M,PRECTOTCORR&community=RE&longitude=80.2707&latitude=13.0827&start=20210101&end=20241231&format=JSON",0.5x0.625 deg,daily,VALID,OBSERVED
IN-TN-CHE,Chennai,13.0827,80.2707,nasa_power_t2m_daily,T2M,temperature_2m,31.07,C,2023-04-15T00:00:00Z,NASA POWER (MERRA-2),"https://power.larc.nasa.gov/api/temporal/daily/point?parameters=T2M,PRECTOTCORR&community=RE&longitude=80.2707&latitude=13.0827&start=20210101&end=20241231&format=JSON",0.5x0.625 deg,daily,VALID,OBSERVED
IN-TN-CHE,Chennai,13.0827,80.2707,nasa_power_prectotcorr_daily,PRECTOTCORR,precipitation,0.0,mm/day,2023-04-15T00:00:00Z,NASA POWER (MERRA-2),"https://power.larc.nasa.gov/api/temporal/daily/point?parameters=T2M,PRECTOTCORR&community=RE&longitude=80.2707&latitude=13.0827&start=20210101&end=20241231&format=JSON",0.5x0.625 deg,daily,VALID,OBSERVED
IN-TN-CHE,Chennai,13.0827,80.2707,nasa_power_t2m_daily,T2M,temperature_2m,30.31,C,2023-04-16T00:00:00Z,NASA POWER (MERRA-2),"https://power.larc.nasa.gov/api/temporal/daily/point?parameters=T2M,PRECTOTCORR&community=RE&longitude=80.2707&latitude=13.0827&start=20210101&end=20241231&format=JSON",0.5x0.625 deg,daily,VALID,OBSERVED
IN-TN-CHE,Chennai,13.0827,80.2707,nasa_power_prectotcorr_daily,PRECTOTCORR,precipitation,0.0,mm/day,2023-04-16T00:00:00Z,NASA POWER (MERRA-2),"https://power.larc.nasa.gov/api/temporal/daily/point?parameters=T2M,PRECTOTCORR&community=RE&longitude=80.2707&latitude=13.0827&start=20210101&end=20241231&format=JSON",0.5x0.625 deg,daily,VALID,OBSERVED
IN-TN-CHE,Chennai,13.0827,80.2707,nasa_power_t2m_daily,T2M,temperature_2m,31.03,C,2023-04-17T00:00:00Z,NASA POWER (MERRA-2),"https://power.larc.nasa.gov/api/temporal/daily/point?parameters=T2M,PRECTOTCORR&community=RE&longitude=80.2707&latitude=13.0827&start=20210101&end=20241231&format=JSON",0.5x0.625 deg,daily,VALID,OBSERVED
IN-TN-CHE,Chennai,13.0827,80.2707,nasa_power_prectotcorr_daily,PRECTOTCORR,precipitation,0.0,mm/day,2023-04-17T00:00:00Z,NASA POWER (MERRA-2),"https://power.larc.nasa.gov/api/temporal/daily/point?parameters=T2M,PRECTOTCORR&community=RE&longitude=80.2707&latitude=13.0827&start=20210101&end=20241231&format=JSON",0.5x0.625 deg,daily,VALID,OBSERVED
IN-TN-CHE,Chennai,13.0827,80.2707,nasa_power_t2m_daily,T2M,temperature_2m,30.78,C,2023-04-18T00:00:00Z,NASA POWER (MERRA-2),"https://power.larc.nasa.gov/api/temporal/daily/point?parameters=T2M,PRECTOTCORR&community=RE&longitude=80.2707&latitude=13.0827&start=20210101&end=20241231&format=JSON",0.5x0.625 deg,daily,VALID,OBSERVED
IN-TN-CHE,Chennai,13.0827,80.2707,nasa_power_prectotcorr_daily,PRECTOTCORR,precipitation,0.0,mm/day,2023-04-18T00:00:00Z,NASA POWER (MERRA-2),"https://power.larc.nasa.gov/api/temporal/daily/point?parameters=T2M,PRECTOTCORR&community=RE&longitude=80.2707&latitude=13.0827&start=20210101&end=20241231&format=JSON",0.5x0.625 deg,daily,VALID,OBSERVED
IN-TN-CHE,Chennai,13.0827,80.2707,nasa_power_t2m_daily,T2M,temperature_2m,30.8,C,2023-04-19T00:00:00Z,NASA POWER (MERRA-2),"https://power.larc.nasa.gov/api/temporal/daily/point?parameters=T2M,PRECTOTCORR&community=RE&longitude=80.2707&latitude=13.0827&start=20210101&end=20241231&format=JSON",0.5x0.625 deg,daily,VALID,OBSERVED
IN-TN-CHE,Chennai,13.0827,80.2707,nasa_power_prectotcorr_daily,PRECTOTCORR,precipitation,0.0,mm/day,2023-04-19T00:00:00Z,NASA POWER (MERRA-2),"https://power.larc.nasa.gov/api/temporal/daily/point?parameters=T2M,PRECTOTCORR&community=RE&longitude=80.2707&latitude=13.0827&start=20210101&end=20241231&format=JSON",0.5x0.625 deg,daily,VALID,OBSERVED
IN-TN-CHE,Chennai,13.0827,80.2707,nasa_power_t2m_daily,T2M,temperature_2m,31.59,C,2023-04-20T00:00:00Z,NASA POWER (MERRA-2),"https://power.larc.nasa.gov/api/temporal/daily/point?parameters=T2M,PRECTOTCORR&community=RE&longitude=80.2707&latitude=13.0827&start=20210101&end=20241231&format=JSON",0.5x0.625 deg,daily,VALID,OBSERVED
IN-TN-CHE,Chennai,13.0827,80.2707,nasa_power_prectotcorr_daily,PRECTOTCORR,precipitation,0.0,mm/day,2023-04-20T00:00:00Z,NASA POWER (MERRA-2),"https://power.larc.nasa.gov/api/temporal/daily/point?parameters=T2M,PRECTOTCORR&community=RE&longitude=80.2707&latitude=13.0827&start=20210101&end=20241231&format=JSON",0.5x0.625 deg,daily,VALID,OBSERVED
IN-TN-CHE,Chennai,13.0827,80.2707,nasa_power_t2m_daily,T2M,temperature_2m,31.85,C,2023-04-21T00:00:00Z,NASA POWER (MERRA-2),"https://power.larc.nasa.gov/api/temporal/daily/point?parameters=T2M,PRECTOTCORR&community=RE&longitude=80.2707&latitude=13.0827&start=20210101&end=20241231&format=JSON",0.5x0.625 deg,daily,VALID,OBSERVED
IN-TN-CHE,Chennai,13.0827,80.2707,nasa_power_prectotcorr_daily,PRECTOTCORR,precipitation,0.12,mm/day,2023-04-21T00:00:00Z,NASA POWER (MERRA-2),"https://power.larc.nasa.gov/api/temporal/daily/point?parameters=T2M,PRECTOTCORR&community=RE&longitude=80.2707&latitude=13.0827&start=20210101&end=20241231&format=JSON",0.5x0.625 deg,daily,VALID,OBSERVED
IN-TN-CHE,Chennai,13.0827,80.2707,nasa_power_t2m_daily,T2M,temperature_2m,31.62,C,2023-04-22T00:00:00Z,NASA POWER (MERRA-2),"https://power.larc.nasa.gov/api/temporal/daily/point?parameters=T2M,PRECTOTCORR&community=RE&longitude=80.2707&latitude=13.0827&start=20210101&end=20241231&format=JSON",0.5x0.625 deg,daily,VALID,OBSERVED
IN-TN-CHE,Chennai,13.0827,80.2707,nasa_power_prectotcorr_daily,PRECTOTCORR,precipitation,0.67,mm/day,2023-04-22T00:00:00Z,NASA POWER (MERRA-2),"https://power.larc.nasa.gov/api/temporal/daily/point?parameters=T2M,PRECTOTCORR&community=RE&longitude=80.2707&latitude=13.0827&start=20210101&end=20241231&format=JSON",0.5x0.625 deg,daily,VALID,OBSERVED
IN-TN-CHE,Chennai,13.0827,80.2707,nasa_power_t2m_daily,T2M,temperature_2m,31.64,C,2023-04-23T00:00:00Z,NASA POWER (MERRA-2),"https://power.larc.nasa.gov/api/temporal/daily/point?parameters=T2M,PRECTOTCORR&community=RE&longitude=80.2707&latitude=13.0827&start=20210101&end=20241231&format=JSON",0.5x0.625 deg,daily,VALID,OBSERVED
IN-TN-CHE,Chennai,13.0827,80.2707,nasa_power_prectotcorr_daily,PRECTOTCORR,precipitation,3.5,mm/day,2023-04-23T00:00:00Z,NASA POWER (MERRA-2),"https://power.larc.nasa.gov/api/temporal/daily/point?parameters=T2M,PRECTOTCORR&community=RE&longitude=80.2707&latitude=13.0827&start=20210101&end=20241231&format=JSON",0.5x0.625 deg,daily,VALID,OBSERVED
IN-TN-CHE,Chennai,13.0827,80.2707,nasa_power_t2m_daily,T2M,temperature_2m,30.84,C,2023-04-24T00:00:00Z,NASA POWER (MERRA-2),"https://power.larc.nasa.gov/api/temporal/daily/point?parameters=T2M,PRECTOTCORR&community=RE&longitude=80.2707&latitude=13.0827&start=20210101&end=20241231&format=JSON",0.5x0.625 deg,daily,VALID,OBSERVED
IN-TN-CHE,Chennai,13.0827,80.2707,nasa_power_prectotcorr_daily,PRECTOTCORR,precipitation,2.17,mm/day,2023-04-24T00:00:00Z,NASA POWER (MERRA-2),"https://power.larc.nasa.gov/api/temporal/daily/point?parameters=T2M,PRECTOTCORR&community=RE&longitude=80.2707&latitude=13.0827&start=20210101&end=20241231&format=JSON",0.5x0.625 deg,daily,VALID,OBSERVED
IN-TN-CHE,Chennai,13.0827,80.2707,nasa_power_t2m_daily,T2M,temperature_2m,30.07,C,2023-04-25T00:00:00Z,NASA POWER (MERRA-2),"https://power.larc.nasa.gov/api/temporal/daily/point?parameters=T2M,PRECTOTCORR&community=RE&longitude=80.2707&latitude=13.0827&start=20210101&end=20241231&format=JSON",0.5x0.625 deg,daily,VALID,OBSERVED
IN-TN-CHE,Chennai,13.0827,80.2707,nasa_power_prectotcorr_daily,PRECTOTCORR,precipitation,2.14,mm/day,2023-04-25T00:00:00Z,NASA POWER (MERRA-2),"https://power.larc.nasa.gov/api/temporal/daily/point?parameters=T2M,PRECTOTCORR&community=RE&longitude=80.2707&latitude=13.0827&start=20210101&end=20241231&format=JSON",0.5x0.625 deg,daily,VALID,OBSERVED
IN-TN-CHE,Chennai,13.0827,80.2707,nasa_power_t2m_daily,T2M,temperature_2m,30.48,C,2023-04-26T00:00:00Z,NASA POWER (MERRA-2),"https://power.larc.nasa.gov/api/temporal/daily/point?parameters=T2M,PRECTOTCORR&community=RE&longitude=80.2707&latitude=13.0827&start=20210101&end=20241231&format=JSON",0.5x0.625 deg,daily,VALID,OBSERVED
IN-TN-CHE,Chennai,13.0827,80.2707,nasa_power_prectotcorr_daily,PRECTOTCORR,precipitation,0.07,mm/day,2023-04-26T00:00:00Z,NASA POWER (MERRA-2),"https://power.larc.nasa.gov/api/temporal/daily/point?parameters=T2M,PRECTOTCORR&community=RE&longitude=80.2707&latitude=13.0827&start=20210101&end=20241231&format=JSON",0.5x0.625 deg,daily,VALID,OBSERVED
IN-TN-CHE,Chennai,13.0827,80.2707,nasa_power_t2m_daily,T2M,temperature_2m,30.59,C,2023-04-27T00:00:00Z,NASA POWER (MERRA-2),"https://power.larc.nasa.gov/api/temporal/daily/point?parameters=T2M,PRECTOTCORR&community=RE&longitude=80.2707&latitude=13.0827&start=20210101&end=20241231&format=JSON",0.5x0.625 deg,daily,VALID,OBSERVED
IN-TN-CHE,Chennai,13.0827,80.2707,nasa_power_prectotcorr_daily,PRECTOTCORR,precipitation,0.09,mm/day,2023-04-27T00:00:00Z,NASA POWER (MERRA-2),"https://power.larc.nasa.gov/api/temporal/daily/point?parameters=T2M,PRECTOTCORR&community=RE&longitude=80.2707&latitude=13.0827&start=20210101&end=20241231&format=JSON",0.5x0.625 deg,daily,VALID,OBSERVED
IN-TN-CHE,Chennai,13.0827,80.2707,nasa_power_t2m_daily,T2M,temperature_2m,30.92,C,2023-04-28T00:00:00Z,NASA POWER (MERRA-2),"https://power.larc.nasa.gov/api/temporal/daily/point?parameters=T2M,PRECTOTCORR&community=RE&longitude=80.2707&latitude=13.0827&start=20210101&end=20241231&format=JSON",0.5x0.625 deg,daily,VALID,OBSERVED
IN-TN-CHE,Chennai,13.0827,80.2707,nasa_power_prectotcorr_daily,PRECTOTCORR,precipitation,0.32,mm/day,2023-04-28T00:00:00Z,NASA POWER (MERRA-2),"https://power.larc.nasa.gov/api/temporal/daily/point?parameters=T2M,PRECTOTCORR&community=RE&longitude=80.2707&latitude=13.0827&start=20210101&end=20241231&format=JSON",0.5x0.625 deg,daily,VALID,OBSERVED
IN-TN-CHE,Chennai,13.0827,80.2707,nasa_power_t2m_daily,T2M,temperature_2m,30.77,C,2023-04-29T00:00:00Z,NASA POWER (MERRA-2),"https://power.larc.nasa.gov/api/temporal/daily/point?parameters=T2M,PRECTOTCORR&community=RE&longitude=80.2707&latitude=13.0827&start=20210101&end=20241231&format=JSON",0.5x0.625 deg,daily,VALID,OBSERVED
IN-TN-CHE,Chennai,13.0827,80.2707,nasa_power_prectotcorr_daily,PRECTOTCORR,precipitation,1.27,mm/day,2023-04-29T00:00:00Z,NASA POWER (MERRA-2),"https://power.larc.nasa.gov/api/temporal/daily/point?parameters=T2M,PRECTOTCORR&community=RE&longitude=80.2707&latitude=13.0827&start=20210101&end=20241231&format=JSON",0.5x0.625 deg,daily,VALID,OBSERVED
IN-TN-CHE,Chennai,13.0827,80.2707,nasa_power_t2m_daily,T2M,temperature_2m,30.83,C,2023-04-30T00:00:00Z,NASA POWER (MERRA-2),"https://power.larc.nasa.gov/api/temporal/daily/point?parameters=T2M,PRECTOTCORR&community=RE&longitude=80.2707&latitude=13.0827&start=20210101&end=20241231&format=JSON",0.5x0.625 deg,daily,VALID,OBSERVED
IN-TN-CHE,Chennai,13.0827,80.2707,nasa_power_prectotcorr_daily,PRECTOTCORR,precipitation,0.55,mm/day,2023-04-30T00:00:00Z,NASA POWER (MERRA-2),"https://power.larc.nasa.gov/api/temporal/daily/point?parameters=T2M,PRECTOTCORR&community=RE&longitude=80.2707&latitude=13.0827&start=20210101&end=20241231&format=JSON",0.5x0.625 deg,daily,VALID,OBSERVED
IN-TN-CHE,Chennai,13.0827,80.2707,nasa_power_t2m_daily,T2M,temperature_2m,29.21,C,2023-05-01T00:00:00Z,NASA POWER (MERRA-2),"https://power.larc.nasa.gov/api/temporal/daily/point?parameters=T2M,PRECTOTCORR&community=RE&longitude=80.2707&latitude=13.0827&start=20210101&end=20241231&format=JSON",0.5x0.625 deg,daily,VALID,OBSERVED
IN-TN-CHE,Chennai,13.0827,80.2707,nasa_power_prectotcorr_daily,PRECTOTCORR,precipitation,14.52,mm/day,2023-05-01T00:00:00Z,NASA POWER (MERRA-2),"https://power.larc.nasa.gov/api/temporal/daily/point?parameters=T2M,PRECTOTCORR&community=RE&longitude=80.2707&latitude=13.0827&start=20210101&end=20241231&format=JSON",0.5x0.625 deg,daily,VALID,OBSERVED
IN-TN-CHE,Chennai,13.0827,80.2707,nasa_power_t2m_daily,T2M,temperature_2m,28.1,C,2023-05-02T00:00:00Z,NASA POWER (MERRA-2),"https://power.larc.nasa.gov/api/temporal/daily/point?parameters=T2M,PRECTOTCORR&community=RE&longitude=80.2707&latitude=13.0827&start=20210101&end=20241231&format=JSON",0.5x0.625 deg,daily,VALID,OBSERVED
IN-TN-CHE,Chennai,13.0827,80.2707,nasa_power_prectotcorr_daily,PRECTOTCORR,precipitation,12.13,mm/day,2023-05-02T00:00:00Z,NASA POWER (MERRA-2),"https://power.larc.nasa.gov/api/temporal/daily/point?parameters=T2M,PRECTOTCORR&community=RE&longitude=80.2707&latitude=13.0827&start=20210101&end=20241231&format=JSON",0.5x0.625 deg,daily,VALID,OBSERVED
IN-TN-CHE,Chennai,13.0827,80.2707,nasa_power_t2m_daily,T2M,temperature_2m,27.83,C,2023-05-03T00:00:00Z,NASA POWER (MERRA-2),"https://power.larc.nasa.gov/api/temporal/daily/point?parameters=T2M,PRECTOTCORR&community=RE&longitude=80.2707&latitude=13.0827&start=20210101&end=20241231&format=JSON",0.5x0.625 deg,daily,VALID,OBSERVED
IN-TN-CHE,Chennai,13.0827,80.2707,nasa_power_prectotcorr_daily,PRECTOTCORR,precipitation,1.28,mm/day,2023-05-03T00:00:00Z,NASA POWER (MERRA-2),"https://power.larc.nasa.gov/api/temporal/daily/point?parameters=T2M,PRECTOTCORR&community=RE&longitude=80.2707&latitude=13.0827&start=20210101&end=20241231&format=JSON",0.5x0.625 deg,daily,VALID,OBSERVED
IN-TN-CHE,Chennai,13.0827,80.2707,nasa_power_t2m_daily,T2M,temperature_2m,29.45,C,2023-05-04T00:00:00Z,NASA POWER (MERRA-2),"https://power.larc.nasa.gov/api/temporal/daily/point?parameters=T2M,PRECTOTCORR&community=RE&longitude=80.2707&latitude=13.0827&start=20210101&end=20241231&format=JSON",0.5x0.625 deg,daily,VALID,OBSERVED
IN-TN-CHE,Chennai,13.0827,80.2707,nasa_power_prectotcorr_daily,PRECTOTCORR,precipitation,0.98,mm/day,2023-05-04T00:00:00Z,NASA POWER (MERRA-2),"https://power.larc.nasa.gov/api/temporal/daily/point?parameters=T2M,PRECTOTCORR&community=RE&longitude=80.2707&latitude=13.0827&start=20210101&end=20241231&format=JSON",0.5x0.625 deg,daily,VALID,OBSERVED
IN-TN-CHE,Chennai,13.0827,80.2707,nasa_power_t2m_daily,T2M,temperature_2m,28.25,C,2023-05-05T00:00:00Z,NASA POWER (MERRA-2),"https://power.larc.nasa.gov/api/temporal/daily/point?parameters=T2M,PRECTOTCORR&community=RE&longitude=80.2707&latitude=13.0827&start=20210101&end=20241231&format=JSON",0.5x0.625 deg,daily,VALID,OBSERVED
IN-TN-CHE,Chennai,13.0827,80.2707,nasa_power_prectotcorr_daily,PRECTOTCORR,precipitation,6.0,mm/day,2023-05-05T00:00:00Z,NASA POWER (MERRA-2),"https://power.larc.nasa.gov/api/temporal/daily/point?parameters=T2M,PRECTOTCORR&community=RE&longitude=80.2707&latitude=13.0827&start=20210101&end=20241231&format=JSON",0.5x0.625 deg,daily,VALID,OBSERVED
IN-TN-CHE,Chennai,13.0827,80.2707,nasa_power_t2m_daily,T2M,temperature_2m,29.45,C,2023-05-06T00:00:00Z,NASA POWER (MERRA-2),"https://power.larc.nasa.gov/api/temporal/daily/point?parameters=T2M,PRECTOTCORR&community=RE&longitude=80.2707&latitude=13.0827&start=20210101&end=20241231&format=JSON",0.5x0.625 deg,daily,VALID,OBSERVED
IN-TN-CHE,Chennai,13.0827,80.2707,nasa_power_prectotcorr_daily,PRECTOTCORR,precipitation,7.4,mm/day,2023-05-06T00:00:00Z,NASA POWER (MERRA-2),"https://power.larc.nasa.gov/api/temporal/daily/point?parameters=T2M,PRECTOTCORR&community=RE&longitude=80.2707&latitude=13.0827&start=20210101&end=20241231&format=JSON",0.5x0.625 deg,daily,VALID,OBSERVED
IN-TN-CHE,Chennai,13.0827,80.2707,nasa_power_t2m_daily,T2M,temperature_2m,29.32,C,2023-05-07T00:00:00Z,NASA POWER (MERRA-2),"https://power.larc.nasa.gov/api/temporal/daily/point?parameters=T2M,PRECTOTCORR&community=RE&longitude=80.2707&latitude=13.0827&start=20210101&end=20241231&format=JSON",0.5x0.625 deg,daily,VALID,OBSERVED
IN-TN-CHE,Chennai,13.0827,80.2707,nasa_power_prectotcorr_daily,PRECTOTCORR,precipitation,3.23,mm/day,2023-05-07T00:00:00Z,NASA POWER (MERRA-2),"https://power.larc.nasa.gov/api/temporal/daily/point?parameters=T2M,PRECTOTCORR&community=RE&longitude=80.2707&latitude=13.0827&start=20210101&end=20241231&format=JSON",0.5x0.625 deg,daily,VALID,OBSERVED
IN-TN-CHE,Chennai,13.0827,80.2707,nasa_power_t2m_daily,T2M,temperature_2m,29.32,C,2023-05-08T00:00:00Z,NASA POWER (MERRA-2),"https://power.larc.nasa.gov/api/temporal/daily/point?parameters=T2M,PRECTOTCORR&community=RE&longitude=80.2707&latitude=13.0827&start=20210101&end=20241231&format=JSON",0.5x0.625 deg,daily,VALID,OBSERVED
IN-TN-CHE,Chennai,13.0827,80.2707,nasa_power_prectotcorr_daily,PRECTOTCORR,precipitation,8.36,mm/day,2023-05-08T00:00:00Z,NASA POWER (MERRA-2),"https://power.larc.nasa.gov/api/temporal/daily/point?parameters=T2M,PRECTOTCORR&community=RE&longitude=80.2707&latitude=13.0827&start=20210101&end=20241231&format=JSON",0.5x0.625 deg,daily,VALID,OBSERVED
IN-TN-CHE,Chennai,13.0827,80.2707,nasa_power_t2m_daily,T2M,temperature_2m,29.95,C,2023-05-09T00:00:00Z,NASA POWER (MERRA-2),"https://power.larc.nasa.gov/api/temporal/daily/point?parameters=T2M,PRECTOTCORR&community=RE&longitude=80.2707&latitude=13.0827&start=20210101&end=20241231&format=JSON",0.5x0.625 deg,daily,VALID,OBSERVED
IN-TN-CHE,Chennai,13.0827,80.2707,nasa_power_prectotcorr_daily,PRECTOTCORR,precipitation,0.14,mm/day,2023-05-09T00:00:00Z,NASA POWER (MERRA-2),"https://power.larc.nasa.gov/api/temporal/daily/point?parameters=T2M,PRECTOTCORR&community=RE&longitude=80.2707&latitude=13.0827&start=20210101&end=20241231&format=JSON",0.5x0.625 deg,daily,VALID,OBSERVED
IN-TN-CHE,Chennai,13.0827,80.2707,nasa_power_t2m_daily,T2M,temperature_2m,29.88,C,2023-05-10T00:00:00Z,NASA POWER (MERRA-2),"https://power.larc.nasa.gov/api/temporal/daily/point?parameters=T2M,PRECTOTCORR&community=RE&longitude=80.2707&latitude=13.0827&start=20210101&end=20241231&format=JSON",0.5x0.625 deg,daily,VALID,OBSERVED
IN-TN-CHE,Chennai,13.0827,80.2707,nasa_power_prectotcorr_daily,PRECTOTCORR,precipitation,0.15,mm/day,2023-05-10T00:00:00Z,NASA POWER (MERRA-2),"https://power.larc.nasa.gov/api/temporal/daily/point?parameters=T2M,PRECTOTCORR&community=RE&longitude=80.2707&latitude=13.0827&start=20210101&end=20241231&format=JSON",0.5x0.625 deg,daily,VALID,OBSERVED
IN-TN-CHE,Chennai,13.0827,80.2707,nasa_power_t2m_daily,T2M,temperature_2m,30.41,C,2023-05-11T00:00:00Z,NASA POWER (MERRA-2),"https://power.larc.nasa.gov/api/temporal/daily/point?parameters=T2M,PRECTOTCORR&community=RE&longitude=80.2707&latitude=13.0827&start=20210101&end=20241231&format=JSON",0.5x0.625 deg,daily,VALID,OBSERVED
IN-TN-CHE,Chennai,13.0827,80.2707,nasa_power_prectotcorr_daily,PRECTOTCORR,precipitation,0.07,mm/day,2023-05-11T00:00:00Z,NASA POWER (MERRA-2),"https://power.larc.nasa.gov/api/temporal/daily/point?parameters=T2M,PRECTOTCORR&community=RE&longitude=80.2707&latitude=13.0827&start=20210101&end=20241231&format=JSON",0.5x0.625 deg,daily,VALID,OBSERVED
IN-TN-CHE,Chennai,13.0827,80.2707,nasa_power_t2m_daily,T2M,temperature_2m,31.64,C,2023-05-12T00:00:00Z,NASA POWER (MERRA-2),"https://power.larc.nasa.gov/api/temporal/daily/point?parameters=T2M,PRECTOTCORR&community=RE&longitude=80.2707&latitude=13.0827&start=20210101&end=20241231&format=JSON",0.5x0.625 deg,daily,VALID,OBSERVED
IN-TN-CHE,Chennai,13.0827,80.2707,nasa_power_prectotcorr_daily,PRECTOTCORR,precipitation,0.06,mm/day,2023-05-12T00:00:00Z,NASA POWER (MERRA-2),"https://power.larc.nasa.gov/api/temporal/daily/point?parameters=T2M,PRECTOTCORR&community=RE&longitude=80.2707&latitude=13.0827&start=20210101&end=20241231&format=JSON",0.5x0.625 deg,daily,VALID,OBSERVED
IN-TN-CHE,Chennai,13.0827,80.2707,nasa_power_t2m_daily,T2M,temperature_2m,33.29,C,2023-05-13T00:00:00Z,NASA POWER (MERRA-2),"https://power.larc.nasa.gov/api/temporal/daily/point?parameters=T2M,PRECTOTCORR&community=RE&longitude=80.2707&latitude=13.0827&start=20210101&end=20241231&format=JSON",0.5x0.625 deg,daily,VALID,OBSERVED
IN-TN-CHE,Chennai,13.0827,80.2707,nasa_power_prectotcorr_daily,PRECTOTCORR,precipitation,0.02,mm/day,2023-05-13T00:00:00Z,NASA POWER (MERRA-2),"https://power.larc.nasa.gov/api/temporal/daily/point?parameters=T2M,PRECTOTCORR&community=RE&longitude=80.2707&latitude=13.0827&start=20210101&end=20241231&format=JSON",0.5x0.625 deg,daily,VALID,OBSERVED
IN-TN-CHE,Chennai,13.0827,80.2707,nasa_power_t2m_daily,T2M,temperature_2m,34.15,C,2023-05-14T00:00:00Z,NASA POWER (MERRA-2),"https://power.larc.nasa.gov/api/temporal/daily/point?parameters=T2M,PRECTOTCORR&community=RE&longitude=80.2707&latitude=13.0827&start=20210101&end=20241231&format=JSON",0.5x0.625 deg,daily,VALID,OBSERVED
IN-TN-CHE,Chennai,13.0827,80.2707,nasa_power_prectotcorr_daily,PRECTOTCORR,precipitation,0.01,mm/day,2023-05-14T00:00:00Z,NASA POWER (MERRA-2),"https://power.larc.nasa.gov/api/temporal/daily/point?parameters=T2M,PRECTOTCORR&community=RE&longitude=80.2707&latitude=13.0827&start=20210101&end=20241231&format=JSON",0.5x0.625 deg,daily,VALID,OBSERVED
IN-TN-CHE,Chennai,13.0827,80.2707,nasa_power_t2m_daily,T2M,temperature_2m,33.52,C,2023-05-15T00:00:00Z,NASA POWER (MERRA-2),"https://power.larc.nasa.gov/api/temporal/daily/point?parameters=T2M,PRECTOTCORR&community=RE&longitude=80.2707&latitude=13.0827&start=20210101&end=20241231&format=JSON",0.5x0.625 deg,daily,VALID,OBSERVED
IN-TN-CHE,Chennai,13.0827,80.2707,nasa_power_prectotcorr_daily,PRECTOTCORR,precipitation,1.03,mm/day,2023-05-15T00:00:00Z,NASA POWER (MERRA-2),"https://power.larc.nasa.gov/api/temporal/daily/point?parameters=T2M,PRECTOTCORR&community=RE&longitude=80.2707&latitude=13.0827&start=20210101&end=20241231&format=JSON",0.5x0.625 deg,daily,VALID,OBSERVED
IN-TN-CHE,Chennai,13.0827,80.2707,nasa_power_t2m_daily,T2M,temperature_2m,33.34,C,2023-05-16T00:00:00Z,NASA POWER (MERRA-2),"https://power.larc.nasa.gov/api/temporal/daily/point?parameters=T2M,PRECTOTCORR&community=RE&longitude=80.2707&latitude=13.0827&start=20210101&end=20241231&format=JSON",0.5x0.625 deg,daily,VALID,OBSERVED
IN-TN-CHE,Chennai,13.0827,80.2707,nasa_power_prectotcorr_daily,PRECTOTCORR,precipitation,0.18,mm/day,2023-05-16T00:00:00Z,NASA POWER (MERRA-2),"https://power.larc.nasa.gov/api/temporal/daily/point?parameters=T2M,PRECTOTCORR&community=RE&longitude=80.2707&latitude=13.0827&start=20210101&end=20241231&format=JSON",0.5x0.625 deg,daily,VALID,OBSERVED
IN-TN-CHE,Chennai,13.0827,80.2707,nasa_power_t2m_daily,T2M,temperature_2m,32.65,C,2023-05-17T00:00:00Z,NASA POWER (MERRA-2),"https://power.larc.nasa.gov/api/temporal/daily/point?parameters=T2M,PRECTOTCORR&community=RE&longitude=80.2707&latitude=13.0827&start=20210101&end=20241231&format=JSON",0.5x0.625 deg,daily,VALID,OBSERVED
IN-TN-CHE,Chennai,13.0827,80.2707,nasa_power_prectotcorr_daily,PRECTOTCORR,precipitation,0.19,mm/day,2023-05-17T00:00:00Z,NASA POWER (MERRA-2),"https://power.larc.nasa.gov/api/temporal/daily/point?parameters=T2M,PRECTOTCORR&community=RE&longitude=80.2707&latitude=13.0827&start=20210101&end=20241231&format=JSON",0.5x0.625 deg,daily,VALID,OBSERVED
IN-TN-CHE,Chennai,13.0827,80.2707,nasa_power_t2m_daily,T2M,temperature_2m,31.37,C,2023-05-18T00:00:00Z,NASA POWER (MERRA-2),"https://power.larc.nasa.gov/api/temporal/daily/point?parameters=T2M,PRECTOTCORR&community=RE&longitude=80.2707&latitude=13.0827&start=20210101&end=20241231&format=JSON",0.5x0.625 deg,daily,VALID,OBSERVED
IN-TN-CHE,Chennai,13.0827,80.2707,nasa_power_prectotcorr_daily,PRECTOTCORR,precipitation,0.1,mm/day,2023-05-18T00:00:00Z,NASA POWER (MERRA-2),"https://power.larc.nasa.gov/api/temporal/daily/point?parameters=T2M,PRECTOTCORR&community=RE&longitude=80.2707&latitude=13.0827&start=20210101&end=20241231&format=JSON",0.5x0.625 deg,daily,VALID,OBSERVED
IN-TN-CHE,Chennai,13.0827,80.2707,nasa_power_t2m_daily,T2M,temperature_2m,30.9,C,2023-05-19T00:00:00Z,NASA POWER (MERRA-2),"https://power.larc.nasa.gov/api/temporal/daily/point?parameters=T2M,PRECTOTCORR&community=RE&longitude=80.2707&latitude=13.0827&start=20210101&end=20241231&format=JSON",0.5x0.625 deg,daily,VALID,OBSERVED
IN-TN-CHE,Chennai,13.0827,80.2707,nasa_power_prectotcorr_daily,PRECTOTCORR,precipitation,0.12,mm/day,2023-05-19T00:00:00Z,NASA POWER (MERRA-2),"https://power.larc.nasa.gov/api/temporal/daily/point?parameters=T2M,PRECTOTCORR&community=RE&longitude=80.2707&latitude=13.0827&start=20210101&end=20241231&format=JSON",0.5x0.625 deg,daily,VALID,OBSERVED
IN-TN-CHE,Chennai,13.0827,80.2707,nasa_power_t2m_daily,T2M,temperature_2m,31.24,C,2023-05-20T00:00:00Z,NASA POWER (MERRA-2),"https://power.larc.nasa.gov/api/temporal/daily/point?parameters=T2M,PRECTOTCORR&community=RE&longitude=80.2707&latitude=13.0827&start=20210101&end=20241231&format=JSON",0.5x0.625 deg,daily,VALID,OBSERVED
IN-TN-CHE,Chennai,13.0827,80.2707,nasa_power_prectotcorr_daily,PRECTOTCORR,precipitation,0.07,mm/day,2023-05-20T00:00:00Z,NASA POWER (MERRA-2),"https://power.larc.nasa.gov/api/temporal/daily/point?parameters=T2M,PRECTOTCORR&community=RE&longitude=80.2707&latitude=13.0827&start=20210101&end=20241231&format=JSON",0.5x0.625 deg,daily,VALID,OBSERVED
IN-TN-CHE,Chennai,13.0827,80.2707,nasa_power_t2m_daily,T2M,temperature_2m,30.29,C,2023-05-21T00:00:00Z,NASA POWER (MERRA-2),"https://power.larc.nasa.gov/api/temporal/daily/point?parameters=T2M,PRECTOTCORR&community=RE&longitude=80.2707&latitude=13.0827&start=20210101&end=20241231&format=JSON",0.5x0.625 deg,daily,VALID,OBSERVED
IN-TN-CHE,Chennai,13.0827,80.2707,nasa_power_prectotcorr_daily,PRECTOTCORR,precipitation,0.17,mm/day,2023-05-21T00:00:00Z,NASA POWER (MERRA-2),"https://power.larc.nasa.gov/api/temporal/daily/point?parameters=T2M,PRECTOTCORR&community=RE&longitude=80.2707&latitude=13.0827&start=20210101&end=20241231&format=JSON",0.5x0.625 deg,daily,VALID,OBSERVED
IN-TN-CHE,Chennai,13.0827,80.2707,nasa_power_t2m_daily,T2M,temperature_2m,30.38,C,2023-05-22T00:00:00Z,NASA POWER (MERRA-2),"https://power.larc.nasa.gov/api/temporal/daily/point?parameters=T2M,PRECTOTCORR&community=RE&longitude=80.2707&latitude=13.0827&start=20210101&end=20241231&format=JSON",0.5x0.625 deg,daily,VALID,OBSERVED
IN-TN-CHE,Chennai,13.0827,80.2707,nasa_power_prectotcorr_daily,PRECTOTCORR,precipitation,0.16,mm/day,2023-05-22T00:00:00Z,NASA POWER (MERRA-2),"https://power.larc.nasa.gov/api/temporal/daily/point?parameters=T2M,PRECTOTCORR&community=RE&longitude=80.2707&latitude=13.0827&start=20210101&end=20241231&format=JSON",0.5x0.625 deg,daily,VALID,OBSERVED
IN-TN-CHE,Chennai,13.0827,80.2707,nasa_power_t2m_daily,T2M,temperature_2m,30.76,C,2023-05-23T00:00:00Z,NASA POWER (MERRA-2),"https://power.larc.nasa.gov/api/temporal/daily/point?parameters=T2M,PRECTOTCORR&community=RE&longitude=80.2707&latitude=13.0827&start=20210101&end=20241231&format=JSON",0.5x0.625 deg,daily,VALID,OBSERVED
IN-TN-CHE,Chennai,13.0827,80.2707,nasa_power_prectotcorr_daily,PRECTOTCORR,precipitation,0.06,mm/day,2023-05-23T00:00:00Z,NASA POWER (MERRA-2),"https://power.larc.nasa.gov/api/temporal/daily/point?parameters=T2M,PRECTOTCORR&community=RE&longitude=80.2707&latitude=13.0827&start=20210101&end=20241231&format=JSON",0.5x0.625 deg,daily,VALID,OBSERVED
IN-TN-CHE,Chennai,13.0827,80.2707,nasa_power_t2m_daily,T2M,temperature_2m,31.92,C,2023-05-24T00:00:00Z,NASA POWER (MERRA-2),"https://power.larc.nasa.gov/api/temporal/daily/point?parameters=T2M,PRECTOTCORR&community=RE&longitude=80.2707&latitude=13.0827&start=20210101&end=20241231&format=JSON",0.5x0.625 deg,daily,VALID,OBSERVED
IN-TN-CHE,Chennai,13.0827,80.2707,nasa_power_prectotcorr_daily,PRECTOTCORR,precipitation,0.06,mm/day,2023-05-24T00:00:00Z,NASA POWER (MERRA-2),"https://power.larc.nasa.gov/api/temporal/daily/point?parameters=T2M,PRECTOTCORR&community=RE&longitude=80.2707&latitude=13.0827&start=20210101&end=20241231&format=JSON",0.5x0.625 deg,daily,VALID,OBSERVED
IN-TN-CHE,Chennai,13.0827,80.2707,nasa_power_t2m_daily,T2M,temperature_2m,33.23,C,2023-05-25T00:00:00Z,NASA POWER (MERRA-2),"https://power.larc.nasa.gov/api/temporal/daily/point?parameters=T2M,PRECTOTCORR&community=RE&longitude=80.2707&latitude=13.0827&start=20210101&end=20241231&format=JSON",0.5x0.625 deg,daily,VALID,OBSERVED
IN-TN-CHE,Chennai,13.0827,80.2707,nasa_power_prectotcorr_daily,PRECTOTCORR,precipitation,0.5,mm/day,2023-05-25T00:00:00Z,NASA POWER (MERRA-2),"https://power.larc.nasa.gov/api/temporal/daily/point?parameters=T2M,PRECTOTCORR&community=RE&longitude=80.2707&latitude=13.0827&start=20210101&end=20241231&format=JSON",0.5x0.625 deg,daily,VALID,OBSERVED
IN-TN-CHE,Chennai,13.0827,80.2707,nasa_power_t2m_daily,T2M,temperature_2m,33.36,C,2023-05-26T00:00:00Z,NASA POWER (MERRA-2),"https://power.larc.nasa.gov/api/temporal/daily/point?parameters=T2M,PRECTOTCORR&community=RE&longitude=80.2707&latitude=13.0827&start=20210101&end=20241231&format=JSON",0.5x0.625 deg,daily,VALID,OBSERVED
IN-TN-CHE,Chennai,13.0827,80.2707,nasa_power_prectotcorr_daily,PRECTOTCORR,precipitation,0.27,mm/day,2023-05-26T00:00:00Z,NASA POWER (MERRA-2),"https://power.larc.nasa.gov/api/temporal/daily/point?parameters=T2M,PRECTOTCORR&community=RE&longitude=80.2707&latitude=13.0827&start=20210101&end=20241231&format=JSON",0.5x0.625 deg,daily,VALID,OBSERVED
IN-TN-CHE,Chennai,13.0827,80.2707,nasa_power_t2m_daily,T2M,temperature_2m,33.84,C,2023-05-27T00:00:00Z,NASA POWER (MERRA-2),"https://power.larc.nasa.gov/api/temporal/daily/point?parameters=T2M,PRECTOTCORR&community=RE&longitude=80.2707&latitude=13.0827&start=20210101&end=20241231&format=JSON",0.5x0.625 deg,daily,VALID,OBSERVED
IN-TN-CHE,Chennai,13.0827,80.2707,nasa_power_prectotcorr_daily,PRECTOTCORR,precipitation,2.46,mm/day,2023-05-27T00:00:00Z,NASA POWER (MERRA-2),"https://power.larc.nasa.gov/api/temporal/daily/point?parameters=T2M,PRECTOTCORR&community=RE&longitude=80.2707&latitude=13.0827&start=20210101&end=20241231&format=JSON",0.5x0.625 deg,daily,VALID,OBSERVED
IN-TN-CHE,Chennai,13.0827,80.2707,nasa_power_t2m_daily,T2M,temperature_2m,32.91,C,2023-05-28T00:00:00Z,NASA POWER (MERRA-2),"https://power.larc.nasa.gov/api/temporal/daily/point?parameters=T2M,PRECTOTCORR&community=RE&longitude=80.2707&latitude=13.0827&start=20210101&end=20241231&format=JSON",0.5x0.625 deg,daily,VALID,OBSERVED
IN-TN-CHE,Chennai,13.0827,80.2707,nasa_power_prectotcorr_daily,PRECTOTCORR,precipitation,0.84,mm/day,2023-05-28T00:00:00Z,NASA POWER (MERRA-2),"https://power.larc.nasa.gov/api/temporal/daily/point?parameters=T2M,PRECTOTCORR&community=RE&longitude=80.2707&latitude=13.0827&start=20210101&end=20241231&format=JSON",0.5x0.625 deg,daily,VALID,OBSERVED
IN-TN-CHE,Chennai,13.0827,80.2707,nasa_power_t2m_daily,T2M,temperature_2m,32.38,C,2023-05-29T00:00:00Z,NASA POWER (MERRA-2),"https://power.larc.nasa.gov/api/temporal/daily/point?parameters=T2M,PRECTOTCORR&community=RE&longitude=80.2707&latitude=13.0827&start=20210101&end=20241231&format=JSON",0.5x0.625 deg,daily,VALID,OBSERVED
IN-TN-CHE,Chennai,13.0827,80.2707,nasa_power_prectotcorr_daily,PRECTOTCORR,precipitation,0.35,mm/day,2023-05-29T00:00:00Z,NASA POWER (MERRA-2),"https://power.larc.nasa.gov/api/temporal/daily/point?parameters=T2M,PRECTOTCORR&community=RE&longitude=80.2707&latitude=13.0827&start=20210101&end=20241231&format=JSON",0.5x0.625 deg,daily,VALID,OBSERVED
IN-TN-CHE,Chennai,13.0827,80.2707,nasa_power_t2m_daily,T2M,temperature_2m,31.44,C,2023-05-30T00:00:00Z,NASA POWER (MERRA-2),"https://power.larc.nasa.gov/api/temporal/daily/point?parameters=T2M,PRECTOTCORR&community=RE&longitude=80.2707&latitude=13.0827&start=20210101&end=20241231&format=JSON",0.5x0.625 deg,daily,VALID,OBSERVED
IN-TN-CHE,Chennai,13.0827,80.2707,nasa_power_prectotcorr_daily,PRECTOTCORR,precipitation,2.08,mm/day,2023-05-30T00:00:00Z,NASA POWER (MERRA-2),"https://power.larc.nasa.gov/api/temporal/daily/point?parameters=T2M,PRECTOTCORR&community=RE&longitude=80.2707&latitude=13.0827&start=20210101&end=20241231&format=JSON",0.5x0.625 deg,daily,VALID,OBSERVED
IN-TN-CHE,Chennai,13.0827,80.2707,nasa_power_t2m_daily,T2M,temperature_2m,31.25,C,2023-05-31T00:00:00Z,NASA POWER (MERRA-2),"https://power.larc.nasa.gov/api/temporal/daily/point?parameters=T2M,PRECTOTCORR&community=RE&longitude=80.2707&latitude=13.0827&start=20210101&end=20241231&format=JSON",0.5x0.625 deg,daily,VALID,OBSERVED
IN-TN-CHE,Chennai,13.0827,80.2707,nasa_power_prectotcorr_daily,PRECTOTCORR,precipitation,0.58,mm/day,2023-05-31T00:00:00Z,NASA POWER (MERRA-2),"https://power.larc.nasa.gov/api/temporal/daily/point?parameters=T2M,PRECTOTCORR&community=RE&longitude=80.2707&latitude=13.0827&start=20210101&end=20241231&format=JSON",0.5x0.625 deg,daily,VALID,OBSERVED
IN-TN-CHE,Chennai,13.0827,80.2707,nasa_power_t2m_daily,T2M,temperature_2m,32.34,C,2023-06-01T00:00:00Z,NASA POWER (MERRA-2),"https://power.larc.nasa.gov/api/temporal/daily/point?parameters=T2M,PRECTOTCORR&community=RE&longitude=80.2707&latitude=13.0827&start=20210101&end=20241231&format=JSON",0.5x0.625 deg,daily,VALID,OBSERVED
IN-TN-CHE,Chennai,13.0827,80.2707,nasa_power_prectotcorr_daily,PRECTOTCORR,precipitation,0.5,mm/day,2023-06-01T00:00:00Z,NASA POWER (MERRA-2),"https://power.larc.nasa.gov/api/temporal/daily/point?parameters=T2M,PRECTOTCORR&community=RE&longitude=80.2707&latitude=13.0827&start=20210101&end=20241231&format=JSON",0.5x0.625 deg,daily,VALID,OBSERVED
IN-TN-CHE,Chennai,13.0827,80.2707,nasa_power_t2m_daily,T2M,temperature_2m,33.1,C,2023-06-02T00:00:00Z,NASA POWER (MERRA-2),"https://power.larc.nasa.gov/api/temporal/daily/point?parameters=T2M,PRECTOTCORR&community=RE&longitude=80.2707&latitude=13.0827&start=20210101&end=20241231&format=JSON",0.5x0.625 deg,daily,VALID,OBSERVED
IN-TN-CHE,Chennai,13.0827,80.2707,nasa_power_prectotcorr_daily,PRECTOTCORR,precipitation,0.17,mm/day,2023-06-02T00:00:00Z,NASA POWER (MERRA-2),"https://power.larc.nasa.gov/api/temporal/daily/point?parameters=T2M,PRECTOTCORR&community=RE&longitude=80.2707&latitude=13.0827&start=20210101&end=20241231&format=JSON",0.5x0.625 deg,daily,VALID,OBSERVED
IN-TN-CHE,Chennai,13.0827,80.2707,nasa_power_t2m_daily,T2M,temperature_2m,33.76,C,2023-06-03T00:00:00Z,NASA POWER (MERRA-2),"https://power.larc.nasa.gov/api/temporal/daily/point?parameters=T2M,PRECTOTCORR&community=RE&longitude=80.2707&latitude=13.0827&start=20210101&end=20241231&format=JSON",0.5x0.625 deg,daily,VALID,OBSERVED
IN-TN-CHE,Chennai,13.0827,80.2707,nasa_power_prectotcorr_daily,PRECTOTCORR,precipitation,0.04,mm/day,2023-06-03T00:00:00Z,NASA POWER (MERRA-2),"https://power.larc.nasa.gov/api/temporal/daily/point?parameters=T2M,PRECTOTCORR&community=RE&longitude=80.2707&latitude=13.0827&start=20210101&end=20241231&format=JSON",0.5x0.625 deg,daily,VALID,OBSERVED
IN-TN-CHE,Chennai,13.0827,80.2707,nasa_power_t2m_daily,T2M,temperature_2m,33.53,C,2023-06-04T00:00:00Z,NASA POWER (MERRA-2),"https://power.larc.nasa.gov/api/temporal/daily/point?parameters=T2M,PRECTOTCORR&community=RE&longitude=80.2707&latitude=13.0827&start=20210101&end=20241231&format=JSON",0.5x0.625 deg,daily,VALID,OBSERVED
IN-TN-CHE,Chennai,13.0827,80.2707,nasa_power_prectotcorr_daily,PRECTOTCORR,precipitation,0.03,mm/day,2023-06-04T00:00:00Z,NASA POWER (MERRA-2),"https://power.larc.nasa.gov/api/temporal/daily/point?parameters=T2M,PRECTOTCORR&community=RE&longitude=80.2707&latitude=13.0827&start=20210101&end=20241231&format=JSON",0.5x0.625 deg,daily,VALID,OBSERVED
IN-TN-CHE,Chennai,13.0827,80.2707,nasa_power_t2m_daily,T2M,temperature_2m,31.66,C,2023-06-05T00:00:00Z,NASA POWER (MERRA-2),"https://power.larc.nasa.gov/api/temporal/daily/point?parameters=T2M,PRECTOTCORR&community=RE&longitude=80.2707&latitude=13.0827&start=20210101&end=20241231&format=JSON",0.5x0.625 deg,daily,VALID,OBSERVED
IN-TN-CHE,Chennai,13.0827,80.2707,nasa_power_prectotcorr_daily,PRECTOTCORR,precipitation,2.71,mm/day,2023-06-05T00:00:00Z,NASA POWER (MERRA-2),"https://power.larc.nasa.gov/api/temporal/daily/point?parameters=T2M,PRECTOTCORR&community=RE&longitude=80.2707&latitude=13.0827&start=20210101&end=20241231&format=JSON",0.5x0.625 deg,daily,VALID,OBSERVED
IN-TN-CHE,Chennai,13.0827,80.2707,nasa_power_t2m_daily,T2M,temperature_2m,32.2,C,2023-06-06T00:00:00Z,NASA POWER (MERRA-2),"https://power.larc.nasa.gov/api/temporal/daily/point?parameters=T2M,PRECTOTCORR&community=RE&longitude=80.2707&latitude=13.0827&start=20210101&end=20241231&format=JSON",0.5x0.625 deg,daily,VALID,OBSERVED
IN-TN-CHE,Chennai,13.0827,80.2707,nasa_power_prectotcorr_daily,PRECTOTCORR,precipitation,1.2,mm/day,2023-06-06T00:00:00Z,NASA POWER (MERRA-2),"https://power.larc.nasa.gov/api/temporal/daily/point?parameters=T2M,PRECTOTCORR&community=RE&longitude=80.2707&latitude=13.0827&start=20210101&end=20241231&format=JSON",0.5x0.625 deg,daily,VALID,OBSERVED
IN-TN-CHE,Chennai,13.0827,80.2707,nasa_power_t2m_daily,T2M,temperature_2m,28.61,C,2023-06-07T00:00:00Z,NASA POWER (MERRA-2),"https://power.larc.nasa.gov/api/temporal/daily/point?parameters=T2M,PRECTOTCORR&community=RE&longitude=80.2707&latitude=13.0827&start=20210101&end=20241231&format=JSON",0.5x0.625 deg,daily,VALID,OBSERVED
IN-TN-CHE,Chennai,13.0827,80.2707,nasa_power_prectotcorr_daily,PRECTOTCORR,precipitation,3.04,mm/day,2023-06-07T00:00:00Z,NASA POWER (MERRA-2),"https://power.larc.nasa.gov/api/temporal/daily/point?parameters=T2M,PRECTOTCORR&community=RE&longitude=80.2707&latitude=13.0827&start=20210101&end=20241231&format=JSON",0.5x0.625 deg,daily,VALID,OBSERVED
IN-TN-CHE,Chennai,13.0827,80.2707,nasa_power_t2m_daily,T2M,temperature_2m,31.11,C,2023-06-08T00:00:00Z,NASA POWER (MERRA-2),"https://power.larc.nasa.gov/api/temporal/daily/point?parameters=T2M,PRECTOTCORR&community=RE&longitude=80.2707&latitude=13.0827&start=20210101&end=20241231&format=JSON",0.5x0.625 deg,daily,VALID,OBSERVED
IN-TN-CHE,Chennai,13.0827,80.2707,nasa_power_prectotcorr_daily,PRECTOTCORR,precipitation,0.35,mm/day,2023-06-08T00:00:00Z,NASA POWER (MERRA-2),"https://power.larc.nasa.gov/api/temporal/daily/point?parameters=T2M,PRECTOTCORR&community=RE&longitude=80.2707&latitude=13.0827&start=20210101&end=20241231&format=JSON",0.5x0.625 deg,daily,VALID,OBSERVED
IN-TN-CHE,Chennai,13.0827,80.2707,nasa_power_t2m_daily,T2M,temperature_2m,30.34,C,2023-06-09T00:00:00Z,NASA POWER (MERRA-2),"https://power.larc.nasa.gov/api/temporal/daily/point?parameters=T2M,PRECTOTCORR&community=RE&longitude=80.2707&latitude=13.0827&start=20210101&end=20241231&format=JSON",0.5x0.625 deg,daily,VALID,OBSERVED
IN-TN-CHE,Chennai,13.0827,80.2707,nasa_power_prectotcorr_daily,PRECTOTCORR,precipitation,5.24,mm/day,2023-06-09T00:00:00Z,NASA POWER (MERRA-2),"https://power.larc.nasa.gov/api/temporal/daily/point?parameters=T2M,PRECTOTCORR&community=RE&longitude=80.2707&latitude=13.0827&start=20210101&end=20241231&format=JSON",0.5x0.625 deg,daily,VALID,OBSERVED
IN-TN-CHE,Chennai,13.0827,80.2707,nasa_power_t2m_daily,T2M,temperature_2m,31.31,C,2023-06-10T00:00:00Z,NASA POWER (MERRA-2),"https://power.larc.nasa.gov/api/temporal/daily/point?parameters=T2M,PRECTOTCORR&community=RE&longitude=80.2707&latitude=13.0827&start=20210101&end=20241231&format=JSON",0.5x0.625 deg,daily,VALID,OBSERVED
IN-TN-CHE,Chennai,13.0827,80.2707,nasa_power_prectotcorr_daily,PRECTOTCORR,precipitation,6.7,mm/day,2023-06-10T00:00:00Z,NASA POWER (MERRA-2),"https://power.larc.nasa.gov/api/temporal/daily/point?parameters=T2M,PRECTOTCORR&community=RE&longitude=80.2707&latitude=13.0827&start=20210101&end=20241231&format=JSON",0.5x0.625 deg,daily,VALID,OBSERVED
IN-TN-CHE,Chennai,13.0827,80.2707,nasa_power_t2m_daily,T2M,temperature_2m,31.81,C,2023-06-11T00:00:00Z,NASA POWER (MERRA-2),"https://power.larc.nasa.gov/api/temporal/daily/point?parameters=T2M,PRECTOTCORR&community=RE&longitude=80.2707&latitude=13.0827&start=20210101&end=20241231&format=JSON",0.5x0.625 deg,daily,VALID,OBSERVED
IN-TN-CHE,Chennai,13.0827,80.2707,nasa_power_prectotcorr_daily,PRECTOTCORR,precipitation,0.01,mm/day,2023-06-11T00:00:00Z,NASA POWER (MERRA-2),"https://power.larc.nasa.gov/api/temporal/daily/point?parameters=T2M,PRECTOTCORR&community=RE&longitude=80.2707&latitude=13.0827&start=20210101&end=20241231&format=JSON",0.5x0.625 deg,daily,VALID,OBSERVED
IN-TN-CHE,Chennai,13.0827,80.2707,nasa_power_t2m_daily,T2M,temperature_2m,31.78,C,2023-06-12T00:00:00Z,NASA POWER (MERRA-2),"https://power.larc.nasa.gov/api/temporal/daily/point?parameters=T2M,PRECTOTCORR&community=RE&longitude=80.2707&latitude=13.0827&start=20210101&end=20241231&format=JSON",0.5x0.625 deg,daily,VALID,OBSERVED
IN-TN-CHE,Chennai,13.0827,80.2707,nasa_power_prectotcorr_daily,PRECTOTCORR,precipitation,4.57,mm/day,2023-06-12T00:00:00Z,NASA POWER (MERRA-2),"https://power.larc.nasa.gov/api/temporal/daily/point?parameters=T2M,PRECTOTCORR&community=RE&longitude=80.2707&latitude=13.0827&start=20210101&end=20241231&format=JSON",0.5x0.625 deg,daily,VALID,OBSERVED
IN-TN-CHE,Chennai,13.0827,80.2707,nasa_power_t2m_daily,T2M,temperature_2m,31.16,C,2023-06-13T00:00:00Z,NASA POWER (MERRA-2),"https://power.larc.nasa.gov/api/temporal/daily/point?parameters=T2M,PRECTOTCORR&community=RE&longitude=80.2707&latitude=13.0827&start=20210101&end=20241231&format=JSON",0.5x0.625 deg,daily,VALID,OBSERVED
IN-TN-CHE,Chennai,13.0827,80.2707,nasa_power_prectotcorr_daily,PRECTOTCORR,precipitation,2.31,mm/day,2023-06-13T00:00:00Z,NASA POWER (MERRA-2),"https://power.larc.nasa.gov/api/temporal/daily/point?parameters=T2M,PRECTOTCORR&community=RE&longitude=80.2707&latitude=13.0827&start=20210101&end=20241231&format=JSON",0.5x0.625 deg,daily,VALID,OBSERVED
IN-TN-CHE,Chennai,13.0827,80.2707,nasa_power_t2m_daily,T2M,temperature_2m,30.27,C,2023-06-14T00:00:00Z,NASA POWER (MERRA-2),"https://power.larc.nasa.gov/api/temporal/daily/point?parameters=T2M,PRECTOTCORR&community=RE&longitude=80.2707&latitude=13.0827&start=20210101&end=20241231&format=JSON",0.5x0.625 deg,daily,VALID,OBSERVED
IN-TN-CHE,Chennai,13.0827,80.2707,nasa_power_prectotcorr_daily,PRECTOTCORR,precipitation,2.5,mm/day,2023-06-14T00:00:00Z,NASA POWER (MERRA-2),"https://power.larc.nasa.gov/api/temporal/daily/point?parameters=T2M,PRECTOTCORR&community=RE&longitude=80.2707&latitude=13.0827&start=20210101&end=20241231&format=JSON",0.5x0.625 deg,daily,VALID,OBSERVED
IN-TN-CHE,Chennai,13.0827,80.2707,nasa_power_t2m_daily,T2M,temperature_2m,31.3,C,2023-06-15T00:00:00Z,NASA POWER (MERRA-2),"https://power.larc.nasa.gov/api/temporal/daily/point?parameters=T2M,PRECTOTCORR&community=RE&longitude=80.2707&latitude=13.0827&start=20210101&end=20241231&format=JSON",0.5x0.625 deg,daily,VALID,OBSERVED
IN-TN-CHE,Chennai,13.0827,80.2707,nasa_power_prectotcorr_daily,PRECTOTCORR,precipitation,0.73,mm/day,2023-06-15T00:00:00Z,NASA POWER (MERRA-2),"https://power.larc.nasa.gov/api/temporal/daily/point?parameters=T2M,PRECTOTCORR&community=RE&longitude=80.2707&latitude=13.0827&start=20210101&end=20241231&format=JSON",0.5x0.625 deg,daily,VALID,OBSERVED
IN-TN-CHE,Chennai,13.0827,80.2707,nasa_power_t2m_daily,T2M,temperature_2m,32.16,C,2023-06-16T00:00:00Z,NASA POWER (MERRA-2),"https://power.larc.nasa.gov/api/temporal/daily/point?parameters=T2M,PRECTOTCORR&community=RE&longitude=80.2707&latitude=13.0827&start=20210101&end=20241231&format=JSON",0.5x0.625 deg,daily,VALID,OBSERVED
IN-TN-CHE,Chennai,13.0827,80.2707,nasa_power_prectotcorr_daily,PRECTOTCORR,precipitation,1.61,mm/day,2023-06-16T00:00:00Z,NASA POWER (MERRA-2),"https://power.larc.nasa.gov/api/temporal/daily/point?parameters=T2M,PRECTOTCORR&community=RE&longitude=80.2707&latitude=13.0827&start=20210101&end=20241231&format=JSON",0.5x0.625 deg,daily,VALID,OBSERVED
IN-TN-CHE,Chennai,13.0827,80.2707,nasa_power_t2m_daily,T2M,temperature_2m,29.26,C,2023-06-17T00:00:00Z,NASA POWER (MERRA-2),"https://power.larc.nasa.gov/api/temporal/daily/point?parameters=T2M,PRECTOTCORR&community=RE&longitude=80.2707&latitude=13.0827&start=20210101&end=20241231&format=JSON",0.5x0.625 deg,daily,VALID,OBSERVED
IN-TN-CHE,Chennai,13.0827,80.2707,nasa_power_prectotcorr_daily,PRECTOTCORR,precipitation,8.83,mm/day,2023-06-17T00:00:00Z,NASA POWER (MERRA-2),"https://power.larc.nasa.gov/api/temporal/daily/point?parameters=T2M,PRECTOTCORR&community=RE&longitude=80.2707&latitude=13.0827&start=20210101&end=20241231&format=JSON",0.5x0.625 deg,daily,VALID,OBSERVED
IN-TN-CHE,Chennai,13.0827,80.2707,nasa_power_t2m_daily,T2M,temperature_2m,27.98,C,2023-06-18T00:00:00Z,NASA POWER (MERRA-2),"https://power.larc.nasa.gov/api/temporal/daily/point?parameters=T2M,PRECTOTCORR&community=RE&longitude=80.2707&latitude=13.0827&start=20210101&end=20241231&format=JSON",0.5x0.625 deg,daily,VALID,OBSERVED
IN-TN-CHE,Chennai,13.0827,80.2707,nasa_power_prectotcorr_daily,PRECTOTCORR,precipitation,48.9,mm/day,2023-06-18T00:00:00Z,NASA POWER (MERRA-2),"https://power.larc.nasa.gov/api/temporal/daily/point?parameters=T2M,PRECTOTCORR&community=RE&longitude=80.2707&latitude=13.0827&start=20210101&end=20241231&format=JSON",0.5x0.625 deg,daily,VALID,OBSERVED
IN-TN-CHE,Chennai,13.0827,80.2707,nasa_power_t2m_daily,T2M,temperature_2m,29.47,C,2023-06-19T00:00:00Z,NASA POWER (MERRA-2),"https://power.larc.nasa.gov/api/temporal/daily/point?parameters=T2M,PRECTOTCORR&community=RE&longitude=80.2707&latitude=13.0827&start=20210101&end=20241231&format=JSON",0.5x0.625 deg,daily,VALID,OBSERVED
IN-TN-CHE,Chennai,13.0827,80.2707,nasa_power_prectotcorr_daily,PRECTOTCORR,precipitation,21.5,mm/day,2023-06-19T00:00:00Z,NASA POWER (MERRA-2),"https://power.larc.nasa.gov/api/temporal/daily/point?parameters=T2M,PRECTOTCORR&community=RE&longitude=80.2707&latitude=13.0827&start=20210101&end=20241231&format=JSON",0.5x0.625 deg,daily,VALID,OBSERVED
IN-TN-CHE,Chennai,13.0827,80.2707,nasa_power_t2m_daily,T2M,temperature_2m,29.48,C,2023-06-20T00:00:00Z,NASA POWER (MERRA-2),"https://power.larc.nasa.gov/api/temporal/daily/point?parameters=T2M,PRECTOTCORR&community=RE&longitude=80.2707&latitude=13.0827&start=20210101&end=20241231&format=JSON",0.5x0.625 deg,daily,VALID,OBSERVED
IN-TN-CHE,Chennai,13.0827,80.2707,nasa_power_prectotcorr_daily,PRECTOTCORR,precipitation,12.83,mm/day,2023-06-20T00:00:00Z,NASA POWER (MERRA-2),"https://power.larc.nasa.gov/api/temporal/daily/point?parameters=T2M,PRECTOTCORR&community=RE&longitude=80.2707&latitude=13.0827&start=20210101&end=20241231&format=JSON",0.5x0.625 deg,daily,VALID,OBSERVED
IN-TN-CHE,Chennai,13.0827,80.2707,nasa_power_t2m_daily,T2M,temperature_2m,27.48,C,2023-06-21T00:00:00Z,NASA POWER (MERRA-2),"https://power.larc.nasa.gov/api/temporal/daily/point?parameters=T2M,PRECTOTCORR&community=RE&longitude=80.2707&latitude=13.0827&start=20210101&end=20241231&format=JSON",0.5x0.625 deg,daily,VALID,OBSERVED
IN-TN-CHE,Chennai,13.0827,80.2707,nasa_power_prectotcorr_daily,PRECTOTCORR,precipitation,1.73,mm/day,2023-06-21T00:00:00Z,NASA POWER (MERRA-2),"https://power.larc.nasa.gov/api/temporal/daily/point?parameters=T2M,PRECTOTCORR&community=RE&longitude=80.2707&latitude=13.0827&start=20210101&end=20241231&format=JSON",0.5x0.625 deg,daily,VALID,OBSERVED
IN-TN-CHE,Chennai,13.0827,80.2707,nasa_power_t2m_daily,T2M,temperature_2m,28.79,C,2023-06-22T00:00:00Z,NASA POWER (MERRA-2),"https://power.larc.nasa.gov/api/temporal/daily/point?parameters=T2M,PRECTOTCORR&community=RE&longitude=80.2707&latitude=13.0827&start=20210101&end=20241231&format=JSON",0.5x0.625 deg,daily,VALID,OBSERVED
IN-TN-CHE,Chennai,13.0827,80.2707,nasa_power_prectotcorr_daily,PRECTOTCORR,precipitation,8.34,mm/day,2023-06-22T00:00:00Z,NASA POWER (MERRA-2),"https://power.larc.nasa.gov/api/temporal/daily/point?parameters=T2M,PRECTOTCORR&community=RE&longitude=80.2707&latitude=13.0827&start=20210101&end=20241231&format=JSON",0.5x0.625 deg,daily,VALID,OBSERVED
IN-TN-CHE,Chennai,13.0827,80.2707,nasa_power_t2m_daily,T2M,temperature_2m,29.25,C,2023-06-23T00:00:00Z,NASA POWER (MERRA-2),"https://power.larc.nasa.gov/api/temporal/daily/point?parameters=T2M,PRECTOTCORR&community=RE&longitude=80.2707&latitude=13.0827&start=20210101&end=20241231&format=JSON",0.5x0.625 deg,daily,VALID,OBSERVED
IN-TN-CHE,Chennai,13.0827,80.2707,nasa_power_prectotcorr_daily,PRECTOTCORR,precipitation,6.08,mm/day,2023-06-23T00:00:00Z,NASA POWER (MERRA-2),"https://power.larc.nasa.gov/api/temporal/daily/point?parameters=T2M,PRECTOTCORR&community=RE&longitude=80.2707&latitude=13.0827&start=20210101&end=20241231&format=JSON",0.5x0.625 deg,daily,VALID,OBSERVED
IN-TN-CHE,Chennai,13.0827,80.2707,nasa_power_t2m_daily,T2M,temperature_2m,29.23,C,2023-06-24T00:00:00Z,NASA POWER (MERRA-2),"https://power.larc.nasa.gov/api/temporal/daily/point?parameters=T2M,PRECTOTCORR&community=RE&longitude=80.2707&latitude=13.0827&start=20210101&end=20241231&format=JSON",0.5x0.625 deg,daily,VALID,OBSERVED
IN-TN-CHE,Chennai,13.0827,80.2707,nasa_power_prectotcorr_daily,PRECTOTCORR,precipitation,3.76,mm/day,2023-06-24T00:00:00Z,NASA POWER (MERRA-2),"https://power.larc.nasa.gov/api/temporal/daily/point?parameters=T2M,PRECTOTCORR&community=RE&longitude=80.2707&latitude=13.0827&start=20210101&end=20241231&format=JSON",0.5x0.625 deg,daily,VALID,OBSERVED
IN-TN-CHE,Chennai,13.0827,80.2707,nasa_power_t2m_daily,T2M,temperature_2m,28.27,C,2023-06-25T00:00:00Z,NASA POWER (MERRA-2),"https://power.larc.nasa.gov/api/temporal/daily/point?parameters=T2M,PRECTOTCORR&community=RE&longitude=80.2707&latitude=13.0827&start=20210101&end=20241231&format=JSON",0.5x0.625 deg,daily,VALID,OBSERVED
IN-TN-CHE,Chennai,13.0827,80.2707,nasa_power_prectotcorr_daily,PRECTOTCORR,precipitation,7.82,mm/day,2023-06-25T00:00:00Z,NASA POWER (MERRA-2),"https://power.larc.nasa.gov/api/temporal/daily/point?parameters=T2M,PRECTOTCORR&community=RE&longitude=80.2707&latitude=13.0827&start=20210101&end=20241231&format=JSON",0.5x0.625 deg,daily,VALID,OBSERVED
IN-TN-CHE,Chennai,13.0827,80.2707,nasa_power_t2m_daily,T2M,temperature_2m,29.75,C,2023-06-26T00:00:00Z,NASA POWER (MERRA-2),"https://power.larc.nasa.gov/api/temporal/daily/point?parameters=T2M,PRECTOTCORR&community=RE&longitude=80.2707&latitude=13.0827&start=20210101&end=20241231&format=JSON",0.5x0.625 deg,daily,VALID,OBSERVED
IN-TN-CHE,Chennai,13.0827,80.2707,nasa_power_prectotcorr_daily,PRECTOTCORR,precipitation,0.15,mm/day,2023-06-26T00:00:00Z,NASA POWER (MERRA-2),"https://power.larc.nasa.gov/api/temporal/daily/point?parameters=T2M,PRECTOTCORR&community=RE&longitude=80.2707&latitude=13.0827&start=20210101&end=20241231&format=JSON",0.5x0.625 deg,daily,VALID,OBSERVED
IN-TN-CHE,Chennai,13.0827,80.2707,nasa_power_t2m_daily,T2M,temperature_2m,30.14,C,2023-06-27T00:00:00Z,NASA POWER (MERRA-2),"https://power.larc.nasa.gov/api/temporal/daily/point?parameters=T2M,PRECTOTCORR&community=RE&longitude=80.2707&latitude=13.0827&start=20210101&end=20241231&format=JSON",0.5x0.625 deg,daily,VALID,OBSERVED
IN-TN-CHE,Chennai,13.0827,80.2707,nasa_power_prectotcorr_daily,PRECTOTCORR,precipitation,0.15,mm/day,2023-06-27T00:00:00Z,NASA POWER (MERRA-2),"https://power.larc.nasa.gov/api/temporal/daily/point?parameters=T2M,PRECTOTCORR&community=RE&longitude=80.2707&latitude=13.0827&start=20210101&end=20241231&format=JSON",0.5x0.625 deg,daily,VALID,OBSERVED
IN-TN-CHE,Chennai,13.0827,80.2707,nasa_power_t2m_daily,T2M,temperature_2m,29.66,C,2023-06-28T00:00:00Z,NASA POWER (MERRA-2),"https://power.larc.nasa.gov/api/temporal/daily/point?parameters=T2M,PRECTOTCORR&community=RE&longitude=80.2707&latitude=13.0827&start=20210101&end=20241231&format=JSON",0.5x0.625 deg,daily,VALID,OBSERVED
IN-TN-CHE,Chennai,13.0827,80.2707,nasa_power_prectotcorr_daily,PRECTOTCORR,precipitation,0.16,mm/day,2023-06-28T00:00:00Z,NASA POWER (MERRA-2),"https://power.larc.nasa.gov/api/temporal/daily/point?parameters=T2M,PRECTOTCORR&community=RE&longitude=80.2707&latitude=13.0827&start=20210101&end=20241231&format=JSON",0.5x0.625 deg,daily,VALID,OBSERVED
IN-TN-CHE,Chennai,13.0827,80.2707,nasa_power_t2m_daily,T2M,temperature_2m,30.08,C,2023-06-29T00:00:00Z,NASA POWER (MERRA-2),"https://power.larc.nasa.gov/api/temporal/daily/point?parameters=T2M,PRECTOTCORR&community=RE&longitude=80.2707&latitude=13.0827&start=20210101&end=20241231&format=JSON",0.5x0.625 deg,daily,VALID,OBSERVED
IN-TN-CHE,Chennai,13.0827,80.2707,nasa_power_prectotcorr_daily,PRECTOTCORR,precipitation,1.62,mm/day,2023-06-29T00:00:00Z,NASA POWER (MERRA-2),"https://power.larc.nasa.gov/api/temporal/daily/point?parameters=T2M,PRECTOTCORR&community=RE&longitude=80.2707&latitude=13.0827&start=20210101&end=20241231&format=JSON",0.5x0.625 deg,daily,VALID,OBSERVED
IN-TN-CHE,Chennai,13.0827,80.2707,nasa_power_t2m_daily,T2M,temperature_2m,30.74,C,2023-06-30T00:00:00Z,NASA POWER (MERRA-2),"https://power.larc.nasa.gov/api/temporal/daily/point?parameters=T2M,PRECTOTCORR&community=RE&longitude=80.2707&latitude=13.0827&start=20210101&end=20241231&format=JSON",0.5x0.625 deg,daily,VALID,OBSERVED
IN-TN-CHE,Chennai,13.0827,80.2707,nasa_power_prectotcorr_daily,PRECTOTCORR,precipitation,0.56,mm/day,2023-06-30T00:00:00Z,NASA POWER (MERRA-2),"https://power.larc.nasa.gov/api/temporal/daily/point?parameters=T2M,PRECTOTCORR&community=RE&longitude=80.2707&latitude=13.0827&start=20210101&end=20241231&format=JSON",0.5x0.625 deg,daily,VALID,OBSERVED
IN-TN-CHE,Chennai,13.0827,80.2707,nasa_power_t2m_daily,T2M,temperature_2m,30.25,C,2023-07-01T00:00:00Z,NASA POWER (MERRA-2),"https://power.larc.nasa.gov/api/temporal/daily/point?parameters=T2M,PRECTOTCORR&community=RE&longitude=80.2707&latitude=13.0827&start=20210101&end=20241231&format=JSON",0.5x0.625 deg,daily,VALID,OBSERVED
IN-TN-CHE,Chennai,13.0827,80.2707,nasa_power_prectotcorr_daily,PRECTOTCORR,precipitation,3.01,mm/day,2023-07-01T00:00:00Z,NASA POWER (MERRA-2),"https://power.larc.nasa.gov/api/temporal/daily/point?parameters=T2M,PRECTOTCORR&community=RE&longitude=80.2707&latitude=13.0827&start=20210101&end=20241231&format=JSON",0.5x0.625 deg,daily,VALID,OBSERVED
IN-TN-CHE,Chennai,13.0827,80.2707,nasa_power_t2m_daily,T2M,temperature_2m,27.44,C,2023-07-02T00:00:00Z,NASA POWER (MERRA-2),"https://power.larc.nasa.gov/api/temporal/daily/point?parameters=T2M,PRECTOTCORR&community=RE&longitude=80.2707&latitude=13.0827&start=20210101&end=20241231&format=JSON",0.5x0.625 deg,daily,VALID,OBSERVED
IN-TN-CHE,Chennai,13.0827,80.2707,nasa_power_prectotcorr_daily,PRECTOTCORR,precipitation,3.24,mm/day,2023-07-02T00:00:00Z,NASA POWER (MERRA-2),"https://power.larc.nasa.gov/api/temporal/daily/point?parameters=T2M,PRECTOTCORR&community=RE&longitude=80.2707&latitude=13.0827&start=20210101&end=20241231&format=JSON",0.5x0.625 deg,daily,VALID,OBSERVED
IN-TN-CHE,Chennai,13.0827,80.2707,nasa_power_t2m_daily,T2M,temperature_2m,27.97,C,2023-07-03T00:00:00Z,NASA POWER (MERRA-2),"https://power.larc.nasa.gov/api/temporal/daily/point?parameters=T2M,PRECTOTCORR&community=RE&longitude=80.2707&latitude=13.0827&start=20210101&end=20241231&format=JSON",0.5x0.625 deg,daily,VALID,OBSERVED
IN-TN-CHE,Chennai,13.0827,80.2707,nasa_power_prectotcorr_daily,PRECTOTCORR,precipitation,4.82,mm/day,2023-07-03T00:00:00Z,NASA POWER (MERRA-2),"https://power.larc.nasa.gov/api/temporal/daily/point?parameters=T2M,PRECTOTCORR&community=RE&longitude=80.2707&latitude=13.0827&start=20210101&end=20241231&format=JSON",0.5x0.625 deg,daily,VALID,OBSERVED
IN-TN-CHE,Chennai,13.0827,80.2707,nasa_power_t2m_daily,T2M,temperature_2m,28.23,C,2023-07-04T00:00:00Z,NASA POWER (MERRA-2),"https://power.larc.nasa.gov/api/temporal/daily/point?parameters=T2M,PRECTOTCORR&community=RE&longitude=80.2707&latitude=13.0827&start=20210101&end=20241231&format=JSON",0.5x0.625 deg,daily,VALID,OBSERVED
IN-TN-CHE,Chennai,13.0827,80.2707,nasa_power_prectotcorr_daily,PRECTOTCORR,precipitation,3.92,mm/day,2023-07-04T00:00:00Z,NASA POWER (MERRA-2),"https://power.larc.nasa.gov/api/temporal/daily/point?parameters=T2M,PRECTOTCORR&community=RE&longitude=80.2707&latitude=13.0827&start=20210101&end=20241231&format=JSON",0.5x0.625 deg,daily,VALID,OBSERVED
IN-TN-CHE,Chennai,13.0827,80.2707,nasa_power_t2m_daily,T2M,temperature_2m,29.46,C,2023-07-05T00:00:00Z,NASA POWER (MERRA-2),"https://power.larc.nasa.gov/api/temporal/daily/point?parameters=T2M,PRECTOTCORR&community=RE&longitude=80.2707&latitude=13.0827&start=20210101&end=20241231&format=JSON",0.5x0.625 deg,daily,VALID,OBSERVED
IN-TN-CHE,Chennai,13.0827,80.2707,nasa_power_prectotcorr_daily,PRECTOTCORR,precipitation,1.34,mm/day,2023-07-05T00:00:00Z,NASA POWER (MERRA-2),"https://power.larc.nasa.gov/api/temporal/daily/point?parameters=T2M,PRECTOTCORR&community=RE&longitude=80.2707&latitude=13.0827&start=20210101&end=20241231&format=JSON",0.5x0.625 deg,daily,VALID,OBSERVED
IN-TN-CHE,Chennai,13.0827,80.2707,nasa_power_t2m_daily,T2M,temperature_2m,29.09,C,2023-07-06T00:00:00Z,NASA POWER (MERRA-2),"https://power.larc.nasa.gov/api/temporal/daily/point?parameters=T2M,PRECTOTCORR&community=RE&longitude=80.2707&latitude=13.0827&start=20210101&end=20241231&format=JSON",0.5x0.625 deg,daily,VALID,OBSERVED
IN-TN-CHE,Chennai,13.0827,80.2707,nasa_power_prectotcorr_daily,PRECTOTCORR,precipitation,0.15,mm/day,2023-07-06T00:00:00Z,NASA POWER (MERRA-2),"https://power.larc.nasa.gov/api/temporal/daily/point?parameters=T2M,PRECTOTCORR&community=RE&longitude=80.2707&latitude=13.0827&start=20210101&end=20241231&format=JSON",0.5x0.625 deg,daily,VALID,OBSERVED
IN-TN-CHE,Chennai,13.0827,80.2707,nasa_power_t2m_daily,T2M,temperature_2m,29.37,C,2023-07-07T00:00:00Z,NASA POWER (MERRA-2),"https://power.larc.nasa.gov/api/temporal/daily/point?parameters=T2M,PRECTOTCORR&community=RE&longitude=80.2707&latitude=13.0827&start=20210101&end=20241231&format=JSON",0.5x0.625 deg,daily,VALID,OBSERVED
IN-TN-CHE,Chennai,13.0827,80.2707,nasa_power_prectotcorr_daily,PRECTOTCORR,precipitation,0.22,mm/day,2023-07-07T00:00:00Z,NASA POWER (MERRA-2),"https://power.larc.nasa.gov/api/temporal/daily/point?parameters=T2M,PRECTOTCORR&community=RE&longitude=80.2707&latitude=13.0827&start=20210101&end=20241231&format=JSON",0.5x0.625 deg,daily,VALID,OBSERVED
IN-TN-CHE,Chennai,13.0827,80.2707,nasa_power_t2m_daily,T2M,temperature_2m,29.72,C,2023-07-08T00:00:00Z,NASA POWER (MERRA-2),"https://power.larc.nasa.gov/api/temporal/daily/point?parameters=T2M,PRECTOTCORR&community=RE&longitude=80.2707&latitude=13.0827&start=20210101&end=20241231&format=JSON",0.5x0.625 deg,daily,VALID,OBSERVED
IN-TN-CHE,Chennai,13.0827,80.2707,nasa_power_prectotcorr_daily,PRECTOTCORR,precipitation,1.94,mm/day,2023-07-08T00:00:00Z,NASA POWER (MERRA-2),"https://power.larc.nasa.gov/api/temporal/daily/point?parameters=T2M,PRECTOTCORR&community=RE&longitude=80.2707&latitude=13.0827&start=20210101&end=20241231&format=JSON",0.5x0.625 deg,daily,VALID,OBSERVED
IN-TN-CHE,Chennai,13.0827,80.2707,nasa_power_t2m_daily,T2M,temperature_2m,29.79,C,2023-07-09T00:00:00Z,NASA POWER (MERRA-2),"https://power.larc.nasa.gov/api/temporal/daily/point?parameters=T2M,PRECTOTCORR&community=RE&longitude=80.2707&latitude=13.0827&start=20210101&end=20241231&format=JSON",0.5x0.625 deg,daily,VALID,OBSERVED
IN-TN-CHE,Chennai,13.0827,80.2707,nasa_power_prectotcorr_daily,PRECTOTCORR,precipitation,4.36,mm/day,2023-07-09T00:00:00Z,NASA POWER (MERRA-2),"https://power.larc.nasa.gov/api/temporal/daily/point?parameters=T2M,PRECTOTCORR&community=RE&longitude=80.2707&latitude=13.0827&start=20210101&end=20241231&format=JSON",0.5x0.625 deg,daily,VALID,OBSERVED
IN-TN-CHE,Chennai,13.0827,80.2707,nasa_power_t2m_daily,T2M,temperature_2m,28.83,C,2023-07-10T00:00:00Z,NASA POWER (MERRA-2),"https://power.larc.nasa.gov/api/temporal/daily/point?parameters=T2M,PRECTOTCORR&community=RE&longitude=80.2707&latitude=13.0827&start=20210101&end=20241231&format=JSON",0.5x0.625 deg,daily,VALID,OBSERVED
IN-TN-CHE,Chennai,13.0827,80.2707,nasa_power_prectotcorr_daily,PRECTOTCORR,precipitation,8.05,mm/day,2023-07-10T00:00:00Z,NASA POWER (MERRA-2),"https://power.larc.nasa.gov/api/temporal/daily/point?parameters=T2M,PRECTOTCORR&community=RE&longitude=80.2707&latitude=13.0827&start=20210101&end=20241231&format=JSON",0.5x0.625 deg,daily,VALID,OBSERVED
IN-TN-CHE,Chennai,13.0827,80.2707,nasa_power_t2m_daily,T2M,temperature_2m,28.86,C,2023-07-11T00:00:00Z,NASA POWER (MERRA-2),"https://power.larc.nasa.gov/api/temporal/daily/point?parameters=T2M,PRECTOTCORR&community=RE&longitude=80.2707&latitude=13.0827&start=20210101&end=20241231&format=JSON",0.5x0.625 deg,daily,VALID,OBSERVED
IN-TN-CHE,Chennai,13.0827,80.2707,nasa_power_prectotcorr_daily,PRECTOTCORR,precipitation,3.13,mm/day,2023-07-11T00:00:00Z,NASA POWER (MERRA-2),"https://power.larc.nasa.gov/api/temporal/daily/point?parameters=T2M,PRECTOTCORR&community=RE&longitude=80.2707&latitude=13.0827&start=20210101&end=20241231&format=JSON",0.5x0.625 deg,daily,VALID,OBSERVED
IN-TN-CHE,Chennai,13.0827,80.2707,nasa_power_t2m_daily,T2M,temperature_2m,29.08,C,2023-07-12T00:00:00Z,NASA POWER (MERRA-2),"https://power.larc.nasa.gov/api/temporal/daily/point?parameters=T2M,PRECTOTCORR&community=RE&longitude=80.2707&latitude=13.0827&start=20210101&end=20241231&format=JSON",0.5x0.625 deg,daily,VALID,OBSERVED
IN-TN-CHE,Chennai,13.0827,80.2707,nasa_power_prectotcorr_daily,PRECTOTCORR,precipitation,12.22,mm/day,2023-07-12T00:00:00Z,NASA POWER (MERRA-2),"https://power.larc.nasa.gov/api/temporal/daily/point?parameters=T2M,PRECTOTCORR&community=RE&longitude=80.2707&latitude=13.0827&start=20210101&end=20241231&format=JSON",0.5x0.625 deg,daily,VALID,OBSERVED
IN-TN-CHE,Chennai,13.0827,80.2707,nasa_power_t2m_daily,T2M,temperature_2m,29.26,C,2023-07-13T00:00:00Z,NASA POWER (MERRA-2),"https://power.larc.nasa.gov/api/temporal/daily/point?parameters=T2M,PRECTOTCORR&community=RE&longitude=80.2707&latitude=13.0827&start=20210101&end=20241231&format=JSON",0.5x0.625 deg,daily,VALID,OBSERVED
IN-TN-CHE,Chennai,13.0827,80.2707,nasa_power_prectotcorr_daily,PRECTOTCORR,precipitation,11.25,mm/day,2023-07-13T00:00:00Z,NASA POWER (MERRA-2),"https://power.larc.nasa.gov/api/temporal/daily/point?parameters=T2M,PRECTOTCORR&community=RE&longitude=80.2707&latitude=13.0827&start=20210101&end=20241231&format=JSON",0.5x0.625 deg,daily,VALID,OBSERVED
IN-TN-CHE,Chennai,13.0827,80.2707,nasa_power_t2m_daily,T2M,temperature_2m,29.93,C,2023-07-14T00:00:00Z,NASA POWER (MERRA-2),"https://power.larc.nasa.gov/api/temporal/daily/point?parameters=T2M,PRECTOTCORR&community=RE&longitude=80.2707&latitude=13.0827&start=20210101&end=20241231&format=JSON",0.5x0.625 deg,daily,VALID,OBSERVED
IN-TN-CHE,Chennai,13.0827,80.2707,nasa_power_prectotcorr_daily,PRECTOTCORR,precipitation,0.46,mm/day,2023-07-14T00:00:00Z,NASA POWER (MERRA-2),"https://power.larc.nasa.gov/api/temporal/daily/point?parameters=T2M,PRECTOTCORR&community=RE&longitude=80.2707&latitude=13.0827&start=20210101&end=20241231&format=JSON",0.5x0.625 deg,daily,VALID,OBSERVED
IN-TN-CHE,Chennai,13.0827,80.2707,nasa_power_t2m_daily,T2M,temperature_2m,29.79,C,2023-07-15T00:00:00Z,NASA POWER (MERRA-2),"https://power.larc.nasa.gov/api/temporal/daily/point?parameters=T2M,PRECTOTCORR&community=RE&longitude=80.2707&latitude=13.0827&start=20210101&end=20241231&format=JSON",0.5x0.625 deg,daily,VALID,OBSERVED
IN-TN-CHE,Chennai,13.0827,80.2707,nasa_power_prectotcorr_daily,PRECTOTCORR,precipitation,0.14,mm/day,2023-07-15T00:00:00Z,NASA POWER (MERRA-2),"https://power.larc.nasa.gov/api/temporal/daily/point?parameters=T2M,PRECTOTCORR&community=RE&longitude=80.2707&latitude=13.0827&start=20210101&end=20241231&format=JSON",0.5x0.625 deg,daily,VALID,OBSERVED
IN-TN-CHE,Chennai,13.0827,80.2707,nasa_power_t2m_daily,T2M,temperature_2m,30.05,C,2023-07-16T00:00:00Z,NASA POWER (MERRA-2),"https://power.larc.nasa.gov/api/temporal/daily/point?parameters=T2M,PRECTOTCORR&community=RE&longitude=80.2707&latitude=13.0827&start=20210101&end=20241231&format=JSON",0.5x0.625 deg,daily,VALID,OBSERVED
IN-TN-CHE,Chennai,13.0827,80.2707,nasa_power_prectotcorr_daily,PRECTOTCORR,precipitation,0.06,mm/day,2023-07-16T00:00:00Z,NASA POWER (MERRA-2),"https://power.larc.nasa.gov/api/temporal/daily/point?parameters=T2M,PRECTOTCORR&community=RE&longitude=80.2707&latitude=13.0827&start=20210101&end=20241231&format=JSON",0.5x0.625 deg,daily,VALID,OBSERVED
IN-TN-CHE,Chennai,13.0827,80.2707,nasa_power_t2m_daily,T2M,temperature_2m,30.07,C,2023-07-17T00:00:00Z,NASA POWER (MERRA-2),"https://power.larc.nasa.gov/api/temporal/daily/point?parameters=T2M,PRECTOTCORR&community=RE&longitude=80.2707&latitude=13.0827&start=20210101&end=20241231&format=JSON",0.5x0.625 deg,daily,VALID,OBSERVED
IN-TN-CHE,Chennai,13.0827,80.2707,nasa_power_prectotcorr_daily,PRECTOTCORR,precipitation,0.11,mm/day,2023-07-17T00:00:00Z,NASA POWER (MERRA-2),"https://power.larc.nasa.gov/api/temporal/daily/point?parameters=T2M,PRECTOTCORR&community=RE&longitude=80.2707&latitude=13.0827&start=20210101&end=20241231&format=JSON",0.5x0.625 deg,daily,VALID,OBSERVED
IN-TN-CHE,Chennai,13.0827,80.2707,nasa_power_t2m_daily,T2M,temperature_2m,30.27,C,2023-07-18T00:00:00Z,NASA POWER (MERRA-2),"https://power.larc.nasa.gov/api/temporal/daily/point?parameters=T2M,PRECTOTCORR&community=RE&longitude=80.2707&latitude=13.0827&start=20210101&end=20241231&format=JSON",0.5x0.625 deg,daily,VALID,OBSERVED
IN-TN-CHE,Chennai,13.0827,80.2707,nasa_power_prectotcorr_daily,PRECTOTCORR,precipitation,0.04,mm/day,2023-07-18T00:00:00Z,NASA POWER (MERRA-2),"https://power.larc.nasa.gov/api/temporal/daily/point?parameters=T2M,PRECTOTCORR&community=RE&longitude=80.2707&latitude=13.0827&start=20210101&end=20241231&format=JSON",0.5x0.625 deg,daily,VALID,OBSERVED
IN-TN-CHE,Chennai,13.0827,80.2707,nasa_power_t2m_daily,T2M,temperature_2m,30.18,C,2023-07-19T00:00:00Z,NASA POWER (MERRA-2),"https://power.larc.nasa.gov/api/temporal/daily/point?parameters=T2M,PRECTOTCORR&community=RE&longitude=80.2707&latitude=13.0827&start=20210101&end=20241231&format=JSON",0.5x0.625 deg,daily,VALID,OBSERVED
IN-TN-CHE,Chennai,13.0827,80.2707,nasa_power_prectotcorr_daily,PRECTOTCORR,precipitation,0.54,mm/day,2023-07-19T00:00:00Z,NASA POWER (MERRA-2),"https://power.larc.nasa.gov/api/temporal/daily/point?parameters=T2M,PRECTOTCORR&community=RE&longitude=80.2707&latitude=13.0827&start=20210101&end=20241231&format=JSON",0.5x0.625 deg,daily,VALID,OBSERVED
IN-TN-CHE,Chennai,13.0827,80.2707,nasa_power_t2m_daily,T2M,temperature_2m,30.02,C,2023-07-20T00:00:00Z,NASA POWER (MERRA-2),"https://power.larc.nasa.gov/api/temporal/daily/point?parameters=T2M,PRECTOTCORR&community=RE&longitude=80.2707&latitude=13.0827&start=20210101&end=20241231&format=JSON",0.5x0.625 deg,daily,VALID,OBSERVED
IN-TN-CHE,Chennai,13.0827,80.2707,nasa_power_prectotcorr_daily,PRECTOTCORR,precipitation,0.03,mm/day,2023-07-20T00:00:00Z,NASA POWER (MERRA-2),"https://power.larc.nasa.gov/api/temporal/daily/point?parameters=T2M,PRECTOTCORR&community=RE&longitude=80.2707&latitude=13.0827&start=20210101&end=20241231&format=JSON",0.5x0.625 deg,daily,VALID,OBSERVED
IN-TN-CHE,Chennai,13.0827,80.2707,nasa_power_t2m_daily,T2M,temperature_2m,29.98,C,2023-07-21T00:00:00Z,NASA POWER (MERRA-2),"https://power.larc.nasa.gov/api/temporal/daily/point?parameters=T2M,PRECTOTCORR&community=RE&longitude=80.2707&latitude=13.0827&start=20210101&end=20241231&format=JSON",0.5x0.625 deg,daily,VALID,OBSERVED
IN-TN-CHE,Chennai,13.0827,80.2707,nasa_power_prectotcorr_daily,PRECTOTCORR,precipitation,0.55,mm/day,2023-07-21T00:00:00Z,NASA POWER (MERRA-2),"https://power.larc.nasa.gov/api/temporal/daily/point?parameters=T2M,PRECTOTCORR&community=RE&longitude=80.2707&latitude=13.0827&start=20210101&end=20241231&format=JSON",0.5x0.625 deg,daily,VALID,OBSERVED
IN-TN-CHE,Chennai,13.0827,80.2707,nasa_power_t2m_daily,T2M,temperature_2m,29.94,C,2023-07-22T00:00:00Z,NASA POWER (MERRA-2),"https://power.larc.nasa.gov/api/temporal/daily/point?parameters=T2M,PRECTOTCORR&community=RE&longitude=80.2707&latitude=13.0827&start=20210101&end=20241231&format=JSON",0.5x0.625 deg,daily,VALID,OBSERVED
IN-TN-CHE,Chennai,13.0827,80.2707,nasa_power_prectotcorr_daily,PRECTOTCORR,precipitation,6.07,mm/day,2023-07-22T00:00:00Z,NASA POWER (MERRA-2),"https://power.larc.nasa.gov/api/temporal/daily/point?parameters=T2M,PRECTOTCORR&community=RE&longitude=80.2707&latitude=13.0827&start=20210101&end=20241231&format=JSON",0.5x0.625 deg,daily,VALID,OBSERVED
IN-TN-CHE,Chennai,13.0827,80.2707,nasa_power_t2m_daily,T2M,temperature_2m,29.18,C,2023-07-23T00:00:00Z,NASA POWER (MERRA-2),"https://power.larc.nasa.gov/api/temporal/daily/point?parameters=T2M,PRECTOTCORR&community=RE&longitude=80.2707&latitude=13.0827&start=20210101&end=20241231&format=JSON",0.5x0.625 deg,daily,VALID,OBSERVED
IN-TN-CHE,Chennai,13.0827,80.2707,nasa_power_prectotcorr_daily,PRECTOTCORR,precipitation,2.07,mm/day,2023-07-23T00:00:00Z,NASA POWER (MERRA-2),"https://power.larc.nasa.gov/api/temporal/daily/point?parameters=T2M,PRECTOTCORR&community=RE&longitude=80.2707&latitude=13.0827&start=20210101&end=20241231&format=JSON",0.5x0.625 deg,daily,VALID,OBSERVED
IN-TN-CHE,Chennai,13.0827,80.2707,nasa_power_t2m_daily,T2M,temperature_2m,27.96,C,2023-07-24T00:00:00Z,NASA POWER (MERRA-2),"https://power.larc.nasa.gov/api/temporal/daily/point?parameters=T2M,PRECTOTCORR&community=RE&longitude=80.2707&latitude=13.0827&start=20210101&end=20241231&format=JSON",0.5x0.625 deg,daily,VALID,OBSERVED
IN-TN-CHE,Chennai,13.0827,80.2707,nasa_power_prectotcorr_daily,PRECTOTCORR,precipitation,7.47,mm/day,2023-07-24T00:00:00Z,NASA POWER (MERRA-2),"https://power.larc.nasa.gov/api/temporal/daily/point?parameters=T2M,PRECTOTCORR&community=RE&longitude=80.2707&latitude=13.0827&start=20210101&end=20241231&format=JSON",0.5x0.625 deg,daily,VALID,OBSERVED
IN-TN-CHE,Chennai,13.0827,80.2707,nasa_power_t2m_daily,T2M,temperature_2m,27.46,C,2023-07-25T00:00:00Z,NASA POWER (MERRA-2),"https://power.larc.nasa.gov/api/temporal/daily/point?parameters=T2M,PRECTOTCORR&community=RE&longitude=80.2707&latitude=13.0827&start=20210101&end=20241231&format=JSON",0.5x0.625 deg,daily,VALID,OBSERVED
IN-TN-CHE,Chennai,13.0827,80.2707,nasa_power_prectotcorr_daily,PRECTOTCORR,precipitation,6.91,mm/day,2023-07-25T00:00:00Z,NASA POWER (MERRA-2),"https://power.larc.nasa.gov/api/temporal/daily/point?parameters=T2M,PRECTOTCORR&community=RE&longitude=80.2707&latitude=13.0827&start=20210101&end=20241231&format=JSON",0.5x0.625 deg,daily,VALID,OBSERVED
IN-TN-CHE,Chennai,13.0827,80.2707,nasa_power_t2m_daily,T2M,temperature_2m,28.81,C,2023-07-26T00:00:00Z,NASA POWER (MERRA-2),"https://power.larc.nasa.gov/api/temporal/daily/point?parameters=T2M,PRECTOTCORR&community=RE&longitude=80.2707&latitude=13.0827&start=20210101&end=20241231&format=JSON",0.5x0.625 deg,daily,VALID,OBSERVED
IN-TN-CHE,Chennai,13.0827,80.2707,nasa_power_prectotcorr_daily,PRECTOTCORR,precipitation,6.64,mm/day,2023-07-26T00:00:00Z,NASA POWER (MERRA-2),"https://power.larc.nasa.gov/api/temporal/daily/point?parameters=T2M,PRECTOTCORR&community=RE&longitude=80.2707&latitude=13.0827&start=20210101&end=20241231&format=JSON",0.5x0.625 deg,daily,VALID,OBSERVED
IN-TN-CHE,Chennai,13.0827,80.2707,nasa_power_t2m_daily,T2M,temperature_2m,29.15,C,2023-07-27T00:00:00Z,NASA POWER (MERRA-2),"https://power.larc.nasa.gov/api/temporal/daily/point?parameters=T2M,PRECTOTCORR&community=RE&longitude=80.2707&latitude=13.0827&start=20210101&end=20241231&format=JSON",0.5x0.625 deg,daily,VALID,OBSERVED
IN-TN-CHE,Chennai,13.0827,80.2707,nasa_power_prectotcorr_daily,PRECTOTCORR,precipitation,0.02,mm/day,2023-07-27T00:00:00Z,NASA POWER (MERRA-2),"https://power.larc.nasa.gov/api/temporal/daily/point?parameters=T2M,PRECTOTCORR&community=RE&longitude=80.2707&latitude=13.0827&start=20210101&end=20241231&format=JSON",0.5x0.625 deg,daily,VALID,OBSERVED
IN-TN-CHE,Chennai,13.0827,80.2707,nasa_power_t2m_daily,T2M,temperature_2m,30.39,C,2023-07-28T00:00:00Z,NASA POWER (MERRA-2),"https://power.larc.nasa.gov/api/temporal/daily/point?parameters=T2M,PRECTOTCORR&community=RE&longitude=80.2707&latitude=13.0827&start=20210101&end=20241231&format=JSON",0.5x0.625 deg,daily,VALID,OBSERVED
IN-TN-CHE,Chennai,13.0827,80.2707,nasa_power_prectotcorr_daily,PRECTOTCORR,precipitation,0.03,mm/day,2023-07-28T00:00:00Z,NASA POWER (MERRA-2),"https://power.larc.nasa.gov/api/temporal/daily/point?parameters=T2M,PRECTOTCORR&community=RE&longitude=80.2707&latitude=13.0827&start=20210101&end=20241231&format=JSON",0.5x0.625 deg,daily,VALID,OBSERVED
IN-TN-CHE,Chennai,13.0827,80.2707,nasa_power_t2m_daily,T2M,temperature_2m,31.12,C,2023-07-29T00:00:00Z,NASA POWER (MERRA-2),"https://power.larc.nasa.gov/api/temporal/daily/point?parameters=T2M,PRECTOTCORR&community=RE&longitude=80.2707&latitude=13.0827&start=20210101&end=20241231&format=JSON",0.5x0.625 deg,daily,VALID,OBSERVED
IN-TN-CHE,Chennai,13.0827,80.2707,nasa_power_prectotcorr_daily,PRECTOTCORR,precipitation,0.1,mm/day,2023-07-29T00:00:00Z,NASA POWER (MERRA-2),"https://power.larc.nasa.gov/api/temporal/daily/point?parameters=T2M,PRECTOTCORR&community=RE&longitude=80.2707&latitude=13.0827&start=20210101&end=20241231&format=JSON",0.5x0.625 deg,daily,VALID,OBSERVED
IN-TN-CHE,Chennai,13.0827,80.2707,nasa_power_t2m_daily,T2M,temperature_2m,31.32,C,2023-07-30T00:00:00Z,NASA POWER (MERRA-2),"https://power.larc.nasa.gov/api/temporal/daily/point?parameters=T2M,PRECTOTCORR&community=RE&longitude=80.2707&latitude=13.0827&start=20210101&end=20241231&format=JSON",0.5x0.625 deg,daily,VALID,OBSERVED
IN-TN-CHE,Chennai,13.0827,80.2707,nasa_power_prectotcorr_daily,PRECTOTCORR,precipitation,0.33,mm/day,2023-07-30T00:00:00Z,NASA POWER (MERRA-2),"https://power.larc.nasa.gov/api/temporal/daily/point?parameters=T2M,PRECTOTCORR&community=RE&longitude=80.2707&latitude=13.0827&start=20210101&end=20241231&format=JSON",0.5x0.625 deg,daily,VALID,OBSERVED
IN-TN-CHE,Chennai,13.0827,80.2707,nasa_power_t2m_daily,T2M,temperature_2m,30.94,C,2023-07-31T00:00:00Z,NASA POWER (MERRA-2),"https://power.larc.nasa.gov/api/temporal/daily/point?parameters=T2M,PRECTOTCORR&community=RE&longitude=80.2707&latitude=13.0827&start=20210101&end=20241231&format=JSON",0.5x0.625 deg,daily,VALID,OBSERVED
IN-TN-CHE,Chennai,13.0827,80.2707,nasa_power_prectotcorr_daily,PRECTOTCORR,precipitation,0.18,mm/day,2023-07-31T00:00:00Z,NASA POWER (MERRA-2),"https://power.larc.nasa.gov/api/temporal/daily/point?parameters=T2M,PRECTOTCORR&community=RE&longitude=80.2707&latitude=13.0827&start=20210101&end=20241231&format=JSON",0.5x0.625 deg,daily,VALID,OBSERVED
IN-TN-CHE,Chennai,13.0827,80.2707,nasa_power_t2m_daily,T2M,temperature_2m,31.57,C,2023-08-01T00:00:00Z,NASA POWER (MERRA-2),"https://power.larc.nasa.gov/api/temporal/daily/point?parameters=T2M,PRECTOTCORR&community=RE&longitude=80.2707&latitude=13.0827&start=20210101&end=20241231&format=JSON",0.5x0.625 deg,daily,VALID,OBSERVED
IN-TN-CHE,Chennai,13.0827,80.2707,nasa_power_prectotcorr_daily,PRECTOTCORR,precipitation,0.07,mm/day,2023-08-01T00:00:00Z,NASA POWER (MERRA-2),"https://power.larc.nasa.gov/api/temporal/daily/point?parameters=T2M,PRECTOTCORR&community=RE&longitude=80.2707&latitude=13.0827&start=20210101&end=20241231&format=JSON",0.5x0.625 deg,daily,VALID,OBSERVED
IN-TN-CHE,Chennai,13.0827,80.2707,nasa_power_t2m_daily,T2M,temperature_2m,31.14,C,2023-08-02T00:00:00Z,NASA POWER (MERRA-2),"https://power.larc.nasa.gov/api/temporal/daily/point?parameters=T2M,PRECTOTCORR&community=RE&longitude=80.2707&latitude=13.0827&start=20210101&end=20241231&format=JSON",0.5x0.625 deg,daily,VALID,OBSERVED
IN-TN-CHE,Chennai,13.0827,80.2707,nasa_power_prectotcorr_daily,PRECTOTCORR,precipitation,0.03,mm/day,2023-08-02T00:00:00Z,NASA POWER (MERRA-2),"https://power.larc.nasa.gov/api/temporal/daily/point?parameters=T2M,PRECTOTCORR&community=RE&longitude=80.2707&latitude=13.0827&start=20210101&end=20241231&format=JSON",0.5x0.625 deg,daily,VALID,OBSERVED
IN-TN-CHE,Chennai,13.0827,80.2707,nasa_power_t2m_daily,T2M,temperature_2m,31.04,C,2023-08-03T00:00:00Z,NASA POWER (MERRA-2),"https://power.larc.nasa.gov/api/temporal/daily/point?parameters=T2M,PRECTOTCORR&community=RE&longitude=80.2707&latitude=13.0827&start=20210101&end=20241231&format=JSON",0.5x0.625 deg,daily,VALID,OBSERVED
IN-TN-CHE,Chennai,13.0827,80.2707,nasa_power_prectotcorr_daily,PRECTOTCORR,precipitation,0.23,mm/day,2023-08-03T00:00:00Z,NASA POWER (MERRA-2),"https://power.larc.nasa.gov/api/temporal/daily/point?parameters=T2M,PRECTOTCORR&community=RE&longitude=80.2707&latitude=13.0827&start=20210101&end=20241231&format=JSON",0.5x0.625 deg,daily,VALID,OBSERVED
IN-TN-CHE,Chennai,13.0827,80.2707,nasa_power_t2m_daily,T2M,temperature_2m,31.02,C,2023-08-04T00:00:00Z,NASA POWER (MERRA-2),"https://power.larc.nasa.gov/api/temporal/daily/point?parameters=T2M,PRECTOTCORR&community=RE&longitude=80.2707&latitude=13.0827&start=20210101&end=20241231&format=JSON",0.5x0.625 deg,daily,VALID,OBSERVED
IN-TN-CHE,Chennai,13.0827,80.2707,nasa_power_prectotcorr_daily,PRECTOTCORR,precipitation,0.7,mm/day,2023-08-04T00:00:00Z,NASA POWER (MERRA-2),"https://power.larc.nasa.gov/api/temporal/daily/point?parameters=T2M,PRECTOTCORR&community=RE&longitude=80.2707&latitude=13.0827&start=20210101&end=20241231&format=JSON",0.5x0.625 deg,daily,VALID,OBSERVED
IN-TN-CHE,Chennai,13.0827,80.2707,nasa_power_t2m_daily,T2M,temperature_2m,31.2,C,2023-08-05T00:00:00Z,NASA POWER (MERRA-2),"https://power.larc.nasa.gov/api/temporal/daily/point?parameters=T2M,PRECTOTCORR&community=RE&longitude=80.2707&latitude=13.0827&start=20210101&end=20241231&format=JSON",0.5x0.625 deg,daily,VALID,OBSERVED
IN-TN-CHE,Chennai,13.0827,80.2707,nasa_power_prectotcorr_daily,PRECTOTCORR,precipitation,0.21,mm/day,2023-08-05T00:00:00Z,NASA POWER (MERRA-2),"https://power.larc.nasa.gov/api/temporal/daily/point?parameters=T2M,PRECTOTCORR&community=RE&longitude=80.2707&latitude=13.0827&start=20210101&end=20241231&format=JSON",0.5x0.625 deg,daily,VALID,OBSERVED
IN-TN-CHE,Chennai,13.0827,80.2707,nasa_power_t2m_daily,T2M,temperature_2m,30.97,C,2023-08-06T00:00:00Z,NASA POWER (MERRA-2),"https://power.larc.nasa.gov/api/temporal/daily/point?parameters=T2M,PRECTOTCORR&community=RE&longitude=80.2707&latitude=13.0827&start=20210101&end=20241231&format=JSON",0.5x0.625 deg,daily,VALID,OBSERVED
IN-TN-CHE,Chennai,13.0827,80.2707,nasa_power_prectotcorr_daily,PRECTOTCORR,precipitation,0.17,mm/day,2023-08-06T00:00:00Z,NASA POWER (MERRA-2),"https://power.larc.nasa.gov/api/temporal/daily/point?parameters=T2M,PRECTOTCORR&community=RE&longitude=80.2707&latitude=13.0827&start=20210101&end=20241231&format=JSON",0.5x0.625 deg,daily,VALID,OBSERVED
IN-TN-CHE,Chennai,13.0827,80.2707,nasa_power_t2m_daily,T2M,temperature_2m,30.64,C,2023-08-07T00:00:00Z,NASA POWER (MERRA-2),"https://power.larc.nasa.gov/api/temporal/daily/point?parameters=T2M,PRECTOTCORR&community=RE&longitude=80.2707&latitude=13.0827&start=20210101&end=20241231&format=JSON",0.5x0.625 deg,daily,VALID,OBSERVED
IN-TN-CHE,Chennai,13.0827,80.2707,nasa_power_prectotcorr_daily,PRECTOTCORR,precipitation,0.49,mm/day,2023-08-07T00:00:00Z,NASA POWER (MERRA-2),"https://power.larc.nasa.gov/api/temporal/daily/point?parameters=T2M,PRECTOTCORR&community=RE&longitude=80.2707&latitude=13.0827&start=20210101&end=20241231&format=JSON",0.5x0.625 deg,daily,VALID,OBSERVED
IN-TN-CHE,Chennai,13.0827,80.2707,nasa_power_t2m_daily,T2M,temperature_2m,30.4,C,2023-08-08T00:00:00Z,NASA POWER (MERRA-2),"https://power.larc.nasa.gov/api/temporal/daily/point?parameters=T2M,PRECTOTCORR&community=RE&longitude=80.2707&latitude=13.0827&start=20210101&end=20241231&format=JSON",0.5x0.625 deg,daily,VALID,OBSERVED
IN-TN-CHE,Chennai,13.0827,80.2707,nasa_power_prectotcorr_daily,PRECTOTCORR,precipitation,0.21,mm/day,2023-08-08T00:00:00Z,NASA POWER (MERRA-2),"https://power.larc.nasa.gov/api/temporal/daily/point?parameters=T2M,PRECTOTCORR&community=RE&longitude=80.2707&latitude=13.0827&start=20210101&end=20241231&format=JSON",0.5x0.625 deg,daily,VALID,OBSERVED
IN-TN-CHE,Chennai,13.0827,80.2707,nasa_power_t2m_daily,T2M,temperature_2m,30.0,C,2023-08-09T00:00:00Z,NASA POWER (MERRA-2),"https://power.larc.nasa.gov/api/temporal/daily/point?parameters=T2M,PRECTOTCORR&community=RE&longitude=80.2707&latitude=13.0827&start=20210101&end=20241231&format=JSON",0.5x0.625 deg,daily,VALID,OBSERVED
IN-TN-CHE,Chennai,13.0827,80.2707,nasa_power_prectotcorr_daily,PRECTOTCORR,precipitation,2.38,mm/day,2023-08-09T00:00:00Z,NASA POWER (MERRA-2),"https://power.larc.nasa.gov/api/temporal/daily/point?parameters=T2M,PRECTOTCORR&community=RE&longitude=80.2707&latitude=13.0827&start=20210101&end=20241231&format=JSON",0.5x0.625 deg,daily,VALID,OBSERVED
IN-TN-CHE,Chennai,13.0827,80.2707,nasa_power_t2m_daily,T2M,temperature_2m,29.62,C,2023-08-10T00:00:00Z,NASA POWER (MERRA-2),"https://power.larc.nasa.gov/api/temporal/daily/point?parameters=T2M,PRECTOTCORR&community=RE&longitude=80.2707&latitude=13.0827&start=20210101&end=20241231&format=JSON",0.5x0.625 deg,daily,VALID,OBSERVED
IN-TN-CHE,Chennai,13.0827,80.2707,nasa_power_prectotcorr_daily,PRECTOTCORR,precipitation,7.97,mm/day,2023-08-10T00:00:00Z,NASA POWER (MERRA-2),"https://power.larc.nasa.gov/api/temporal/daily/point?parameters=T2M,PRECTOTCORR&community=RE&longitude=80.2707&latitude=13.0827&start=20210101&end=20241231&format=JSON",0.5x0.625 deg,daily,VALID,OBSERVED
IN-TN-CHE,Chennai,13.0827,80.2707,nasa_power_t2m_daily,T2M,temperature_2m,29.61,C,2023-08-11T00:00:00Z,NASA POWER (MERRA-2),"https://power.larc.nasa.gov/api/temporal/daily/point?parameters=T2M,PRECTOTCORR&community=RE&longitude=80.2707&latitude=13.0827&start=20210101&end=20241231&format=JSON",0.5x0.625 deg,daily,VALID,OBSERVED
IN-TN-CHE,Chennai,13.0827,80.2707,nasa_power_prectotcorr_daily,PRECTOTCORR,precipitation,7.84,mm/day,2023-08-11T00:00:00Z,NASA POWER (MERRA-2),"https://power.larc.nasa.gov/api/temporal/daily/point?parameters=T2M,PRECTOTCORR&community=RE&longitude=80.2707&latitude=13.0827&start=20210101&end=20241231&format=JSON",0.5x0.625 deg,daily,VALID,OBSERVED
IN-TN-CHE,Chennai,13.0827,80.2707,nasa_power_t2m_daily,T2M,temperature_2m,30.08,C,2023-08-12T00:00:00Z,NASA POWER (MERRA-2),"https://power.larc.nasa.gov/api/temporal/daily/point?parameters=T2M,PRECTOTCORR&community=RE&longitude=80.2707&latitude=13.0827&start=20210101&end=20241231&format=JSON",0.5x0.625 deg,daily,VALID,OBSERVED
IN-TN-CHE,Chennai,13.0827,80.2707,nasa_power_prectotcorr_daily,PRECTOTCORR,precipitation,7.11,mm/day,2023-08-12T00:00:00Z,NASA POWER (MERRA-2),"https://power.larc.nasa.gov/api/temporal/daily/point?parameters=T2M,PRECTOTCORR&community=RE&longitude=80.2707&latitude=13.0827&start=20210101&end=20241231&format=JSON",0.5x0.625 deg,daily,VALID,OBSERVED
IN-TN-CHE,Chennai,13.0827,80.2707,nasa_power_t2m_daily,T2M,temperature_2m,29.8,C,2023-08-13T00:00:00Z,NASA POWER (MERRA-2),"https://power.larc.nasa.gov/api/temporal/daily/point?parameters=T2M,PRECTOTCORR&community=RE&longitude=80.2707&latitude=13.0827&start=20210101&end=20241231&format=JSON",0.5x0.625 deg,daily,VALID,OBSERVED
IN-TN-CHE,Chennai,13.0827,80.2707,nasa_power_prectotcorr_daily,PRECTOTCORR,precipitation,11.98,mm/day,2023-08-13T00:00:00Z,NASA POWER (MERRA-2),"https://power.larc.nasa.gov/api/temporal/daily/point?parameters=T2M,PRECTOTCORR&community=RE&longitude=80.2707&latitude=13.0827&start=20210101&end=20241231&format=JSON",0.5x0.625 deg,daily,VALID,OBSERVED
IN-TN-CHE,Chennai,13.0827,80.2707,nasa_power_t2m_daily,T2M,temperature_2m,29.1,C,2023-08-14T00:00:00Z,NASA POWER (MERRA-2),"https://power.larc.nasa.gov/api/temporal/daily/point?parameters=T2M,PRECTOTCORR&community=RE&longitude=80.2707&latitude=13.0827&start=20210101&end=20241231&format=JSON",0.5x0.625 deg,daily,VALID,OBSERVED
IN-TN-CHE,Chennai,13.0827,80.2707,nasa_power_prectotcorr_daily,PRECTOTCORR,precipitation,23.59,mm/day,2023-08-14T00:00:00Z,NASA POWER (MERRA-2),"https://power.larc.nasa.gov/api/temporal/daily/point?parameters=T2M,PRECTOTCORR&community=RE&longitude=80.2707&latitude=13.0827&start=20210101&end=20241231&format=JSON",0.5x0.625 deg,daily,VALID,OBSERVED
IN-TN-CHE,Chennai,13.0827,80.2707,nasa_power_t2m_daily,T2M,temperature_2m,28.94,C,2023-08-15T00:00:00Z,NASA POWER (MERRA-2),"https://power.larc.nasa.gov/api/temporal/daily/point?parameters=T2M,PRECTOTCORR&community=RE&longitude=80.2707&latitude=13.0827&start=20210101&end=20241231&format=JSON",0.5x0.625 deg,daily,VALID,OBSERVED
IN-TN-CHE,Chennai,13.0827,80.2707,nasa_power_prectotcorr_daily,PRECTOTCORR,precipitation,10.31,mm/day,2023-08-15T00:00:00Z,NASA POWER (MERRA-2),"https://power.larc.nasa.gov/api/temporal/daily/point?parameters=T2M,PRECTOTCORR&community=RE&longitude=80.2707&latitude=13.0827&start=20210101&end=20241231&format=JSON",0.5x0.625 deg,daily,VALID,OBSERVED
IN-TN-CHE,Chennai,13.0827,80.2707,nasa_power_t2m_daily,T2M,temperature_2m,29.24,C,2023-08-16T00:00:00Z,NASA POWER (MERRA-2),"https://power.larc.nasa.gov/api/temporal/daily/point?parameters=T2M,PRECTOTCORR&community=RE&longitude=80.2707&latitude=13.0827&start=20210101&end=20241231&format=JSON",0.5x0.625 deg,daily,VALID,OBSERVED
IN-TN-CHE,Chennai,13.0827,80.2707,nasa_power_prectotcorr_daily,PRECTOTCORR,precipitation,7.46,mm/day,2023-08-16T00:00:00Z,NASA POWER (MERRA-2),"https://power.larc.nasa.gov/api/temporal/daily/point?parameters=T2M,PRECTOTCORR&community=RE&longitude=80.2707&latitude=13.0827&start=20210101&end=20241231&format=JSON",0.5x0.625 deg,daily,VALID,OBSERVED
IN-TN-CHE,Chennai,13.0827,80.2707,nasa_power_t2m_daily,T2M,temperature_2m,28.76,C,2023-08-17T00:00:00Z,NASA POWER (MERRA-2),"https://power.larc.nasa.gov/api/temporal/daily/point?parameters=T2M,PRECTOTCORR&community=RE&longitude=80.2707&latitude=13.0827&start=20210101&end=20241231&format=JSON",0.5x0.625 deg,daily,VALID,OBSERVED
IN-TN-CHE,Chennai,13.0827,80.2707,nasa_power_prectotcorr_daily,PRECTOTCORR,precipitation,23.85,mm/day,2023-08-17T00:00:00Z,NASA POWER (MERRA-2),"https://power.larc.nasa.gov/api/temporal/daily/point?parameters=T2M,PRECTOTCORR&community=RE&longitude=80.2707&latitude=13.0827&start=20210101&end=20241231&format=JSON",0.5x0.625 deg,daily,VALID,OBSERVED
IN-TN-CHE,Chennai,13.0827,80.2707,nasa_power_t2m_daily,T2M,temperature_2m,29.81,C,2023-08-18T00:00:00Z,NASA POWER (MERRA-2),"https://power.larc.nasa.gov/api/temporal/daily/point?parameters=T2M,PRECTOTCORR&community=RE&longitude=80.2707&latitude=13.0827&start=20210101&end=20241231&format=JSON",0.5x0.625 deg,daily,VALID,OBSERVED
IN-TN-CHE,Chennai,13.0827,80.2707,nasa_power_prectotcorr_daily,PRECTOTCORR,precipitation,2.91,mm/day,2023-08-18T00:00:00Z,NASA POWER (MERRA-2),"https://power.larc.nasa.gov/api/temporal/daily/point?parameters=T2M,PRECTOTCORR&community=RE&longitude=80.2707&latitude=13.0827&start=20210101&end=20241231&format=JSON",0.5x0.625 deg,daily,VALID,OBSERVED
IN-TN-CHE,Chennai,13.0827,80.2707,nasa_power_t2m_daily,T2M,temperature_2m,29.82,C,2023-08-19T00:00:00Z,NASA POWER (MERRA-2),"https://power.larc.nasa.gov/api/temporal/daily/point?parameters=T2M,PRECTOTCORR&community=RE&longitude=80.2707&latitude=13.0827&start=20210101&end=20241231&format=JSON",0.5x0.625 deg,daily,VALID,OBSERVED
IN-TN-CHE,Chennai,13.0827,80.2707,nasa_power_prectotcorr_daily,PRECTOTCORR,precipitation,5.86,mm/day,2023-08-19T00:00:00Z,NASA POWER (MERRA-2),"https://power.larc.nasa.gov/api/temporal/daily/point?parameters=T2M,PRECTOTCORR&community=RE&longitude=80.2707&latitude=13.0827&start=20210101&end=20241231&format=JSON",0.5x0.625 deg,daily,VALID,OBSERVED
IN-TN-CHE,Chennai,13.0827,80.2707,nasa_power_t2m_daily,T2M,temperature_2m,29.92,C,2023-08-20T00:00:00Z,NASA POWER (MERRA-2),"https://power.larc.nasa.gov/api/temporal/daily/point?parameters=T2M,PRECTOTCORR&community=RE&longitude=80.2707&latitude=13.0827&start=20210101&end=20241231&format=JSON",0.5x0.625 deg,daily,VALID,OBSERVED
IN-TN-CHE,Chennai,13.0827,80.2707,nasa_power_prectotcorr_daily,PRECTOTCORR,precipitation,1.54,mm/day,2023-08-20T00:00:00Z,NASA POWER (MERRA-2),"https://power.larc.nasa.gov/api/temporal/daily/point?parameters=T2M,PRECTOTCORR&community=RE&longitude=80.2707&latitude=13.0827&start=20210101&end=20241231&format=JSON",0.5x0.625 deg,daily,VALID,OBSERVED
IN-TN-CHE,Chennai,13.0827,80.2707,nasa_power_t2m_daily,T2M,temperature_2m,29.73,C,2023-08-21T00:00:00Z,NASA POWER (MERRA-2),"https://power.larc.nasa.gov/api/temporal/daily/point?parameters=T2M,PRECTOTCORR&community=RE&longitude=80.2707&latitude=13.0827&start=20210101&end=20241231&format=JSON",0.5x0.625 deg,daily,VALID,OBSERVED
IN-TN-CHE,Chennai,13.0827,80.2707,nasa_power_prectotcorr_daily,PRECTOTCORR,precipitation,3.55,mm/day,2023-08-21T00:00:00Z,NASA POWER (MERRA-2),"https://power.larc.nasa.gov/api/temporal/daily/point?parameters=T2M,PRECTOTCORR&community=RE&longitude=80.2707&latitude=13.0827&start=20210101&end=20241231&format=JSON",0.5x0.625 deg,daily,VALID,OBSERVED
IN-TN-CHE,Chennai,13.0827,80.2707,nasa_power_t2m_daily,T2M,temperature_2m,29.22,C,2023-08-22T00:00:00Z,NASA POWER (MERRA-2),"https://power.larc.nasa.gov/api/temporal/daily/point?parameters=T2M,PRECTOTCORR&community=RE&longitude=80.2707&latitude=13.0827&start=20210101&end=20241231&format=JSON",0.5x0.625 deg,daily,VALID,OBSERVED
IN-TN-CHE,Chennai,13.0827,80.2707,nasa_power_prectotcorr_daily,PRECTOTCORR,precipitation,10.89,mm/day,2023-08-22T00:00:00Z,NASA POWER (MERRA-2),"https://power.larc.nasa.gov/api/temporal/daily/point?parameters=T2M,PRECTOTCORR&community=RE&longitude=80.2707&latitude=13.0827&start=20210101&end=20241231&format=JSON",0.5x0.625 deg,daily,VALID,OBSERVED
IN-TN-CHE,Chennai,13.0827,80.2707,nasa_power_t2m_daily,T2M,temperature_2m,28.65,C,2023-08-23T00:00:00Z,NASA POWER (MERRA-2),"https://power.larc.nasa.gov/api/temporal/daily/point?parameters=T2M,PRECTOTCORR&community=RE&longitude=80.2707&latitude=13.0827&start=20210101&end=20241231&format=JSON",0.5x0.625 deg,daily,VALID,OBSERVED
IN-TN-CHE,Chennai,13.0827,80.2707,nasa_power_prectotcorr_daily,PRECTOTCORR,precipitation,16.42,mm/day,2023-08-23T00:00:00Z,NASA POWER (MERRA-2),"https://power.larc.nasa.gov/api/temporal/daily/point?parameters=T2M,PRECTOTCORR&community=RE&longitude=80.2707&latitude=13.0827&start=20210101&end=20241231&format=JSON",0.5x0.625 deg,daily,VALID,OBSERVED
IN-TN-CHE,Chennai,13.0827,80.2707,nasa_power_t2m_daily,T2M,temperature_2m,27.85,C,2023-08-24T00:00:00Z,NASA POWER (MERRA-2),"https://power.larc.nasa.gov/api/temporal/daily/point?parameters=T2M,PRECTOTCORR&community=RE&longitude=80.2707&latitude=13.0827&start=20210101&end=20241231&format=JSON",0.5x0.625 deg,daily,VALID,OBSERVED
IN-TN-CHE,Chennai,13.0827,80.2707,nasa_power_prectotcorr_daily,PRECTOTCORR,precipitation,20.33,mm/day,2023-08-24T00:00:00Z,NASA POWER (MERRA-2),"https://power.larc.nasa.gov/api/temporal/daily/point?parameters=T2M,PRECTOTCORR&community=RE&longitude=80.2707&latitude=13.0827&start=20210101&end=20241231&format=JSON",0.5x0.625 deg,daily,VALID,OBSERVED
IN-TN-CHE,Chennai,13.0827,80.2707,nasa_power_t2m_daily,T2M,temperature_2m,28.26,C,2023-08-25T00:00:00Z,NASA POWER (MERRA-2),"https://power.larc.nasa.gov/api/temporal/daily/point?parameters=T2M,PRECTOTCORR&community=RE&longitude=80.2707&latitude=13.0827&start=20210101&end=20241231&format=JSON",0.5x0.625 deg,daily,VALID,OBSERVED
IN-TN-CHE,Chennai,13.0827,80.2707,nasa_power_prectotcorr_daily,PRECTOTCORR,precipitation,1.48,mm/day,2023-08-25T00:00:00Z,NASA POWER (MERRA-2),"https://power.larc.nasa.gov/api/temporal/daily/point?parameters=T2M,PRECTOTCORR&community=RE&longitude=80.2707&latitude=13.0827&start=20210101&end=20241231&format=JSON",0.5x0.625 deg,daily,VALID,OBSERVED
IN-TN-CHE,Chennai,13.0827,80.2707,nasa_power_t2m_daily,T2M,temperature_2m,28.51,C,2023-08-26T00:00:00Z,NASA POWER (MERRA-2),"https://power.larc.nasa.gov/api/temporal/daily/point?parameters=T2M,PRECTOTCORR&community=RE&longitude=80.2707&latitude=13.0827&start=20210101&end=20241231&format=JSON",0.5x0.625 deg,daily,VALID,OBSERVED
IN-TN-CHE,Chennai,13.0827,80.2707,nasa_power_prectotcorr_daily,PRECTOTCORR,precipitation,5.42,mm/day,2023-08-26T00:00:00Z,NASA POWER (MERRA-2),"https://power.larc.nasa.gov/api/temporal/daily/point?parameters=T2M,PRECTOTCORR&community=RE&longitude=80.2707&latitude=13.0827&start=20210101&end=20241231&format=JSON",0.5x0.625 deg,daily,VALID,OBSERVED
IN-TN-CHE,Chennai,13.0827,80.2707,nasa_power_t2m_daily,T2M,temperature_2m,28.78,C,2023-08-27T00:00:00Z,NASA POWER (MERRA-2),"https://power.larc.nasa.gov/api/temporal/daily/point?parameters=T2M,PRECTOTCORR&community=RE&longitude=80.2707&latitude=13.0827&start=20210101&end=20241231&format=JSON",0.5x0.625 deg,daily,VALID,OBSERVED
IN-TN-CHE,Chennai,13.0827,80.2707,nasa_power_prectotcorr_daily,PRECTOTCORR,precipitation,16.61,mm/day,2023-08-27T00:00:00Z,NASA POWER (MERRA-2),"https://power.larc.nasa.gov/api/temporal/daily/point?parameters=T2M,PRECTOTCORR&community=RE&longitude=80.2707&latitude=13.0827&start=20210101&end=20241231&format=JSON",0.5x0.625 deg,daily,VALID,OBSERVED
IN-TN-CHE,Chennai,13.0827,80.2707,nasa_power_t2m_daily,T2M,temperature_2m,28.63,C,2023-08-28T00:00:00Z,NASA POWER (MERRA-2),"https://power.larc.nasa.gov/api/temporal/daily/point?parameters=T2M,PRECTOTCORR&community=RE&longitude=80.2707&latitude=13.0827&start=20210101&end=20241231&format=JSON",0.5x0.625 deg,daily,VALID,OBSERVED
IN-TN-CHE,Chennai,13.0827,80.2707,nasa_power_prectotcorr_daily,PRECTOTCORR,precipitation,4.07,mm/day,2023-08-28T00:00:00Z,NASA POWER (MERRA-2),"https://power.larc.nasa.gov/api/temporal/daily/point?parameters=T2M,PRECTOTCORR&community=RE&longitude=80.2707&latitude=13.0827&start=20210101&end=20241231&format=JSON",0.5x0.625 deg,daily,VALID,OBSERVED
IN-TN-CHE,Chennai,13.0827,80.2707,nasa_power_t2m_daily,T2M,temperature_2m,28.29,C,2023-08-29T00:00:00Z,NASA POWER (MERRA-2),"https://power.larc.nasa.gov/api/temporal/daily/point?parameters=T2M,PRECTOTCORR&community=RE&longitude=80.2707&latitude=13.0827&start=20210101&end=20241231&format=JSON",0.5x0.625 deg,daily,VALID,OBSERVED
IN-TN-CHE,Chennai,13.0827,80.2707,nasa_power_prectotcorr_daily,PRECTOTCORR,precipitation,10.59,mm/day,2023-08-29T00:00:00Z,NASA POWER (MERRA-2),"https://power.larc.nasa.gov/api/temporal/daily/point?parameters=T2M,PRECTOTCORR&community=RE&longitude=80.2707&latitude=13.0827&start=20210101&end=20241231&format=JSON",0.5x0.625 deg,daily,VALID,OBSERVED
IN-TN-CHE,Chennai,13.0827,80.2707,nasa_power_t2m_daily,T2M,temperature_2m,28.74,C,2023-08-30T00:00:00Z,NASA POWER (MERRA-2),"https://power.larc.nasa.gov/api/temporal/daily/point?parameters=T2M,PRECTOTCORR&community=RE&longitude=80.2707&latitude=13.0827&start=20210101&end=20241231&format=JSON",0.5x0.625 deg,daily,VALID,OBSERVED
IN-TN-CHE,Chennai,13.0827,80.2707,nasa_power_prectotcorr_daily,PRECTOTCORR,precipitation,5.64,mm/day,2023-08-30T00:00:00Z,NASA POWER (MERRA-2),"https://power.larc.nasa.gov/api/temporal/daily/point?parameters=T2M,PRECTOTCORR&community=RE&longitude=80.2707&latitude=13.0827&start=20210101&end=20241231&format=JSON",0.5x0.625 deg,daily,VALID,OBSERVED
IN-TN-CHE,Chennai,13.0827,80.2707,nasa_power_t2m_daily,T2M,temperature_2m,28.18,C,2023-08-31T00:00:00Z,NASA POWER (MERRA-2),"https://power.larc.nasa.gov/api/temporal/daily/point?parameters=T2M,PRECTOTCORR&community=RE&longitude=80.2707&latitude=13.0827&start=20210101&end=20241231&format=JSON",0.5x0.625 deg,daily,VALID,OBSERVED
IN-TN-CHE,Chennai,13.0827,80.2707,nasa_power_prectotcorr_daily,PRECTOTCORR,precipitation,3.02,mm/day,2023-08-31T00:00:00Z,NASA POWER (MERRA-2),"https://power.larc.nasa.gov/api/temporal/daily/point?parameters=T2M,PRECTOTCORR&community=RE&longitude=80.2707&latitude=13.0827&start=20210101&end=20241231&format=JSON",0.5x0.625 deg,daily,VALID,OBSERVED
IN-TN-CHE,Chennai,13.0827,80.2707,nasa_power_t2m_daily,T2M,temperature_2m,28.75,C,2023-09-01T00:00:00Z,NASA POWER (MERRA-2),"https://power.larc.nasa.gov/api/temporal/daily/point?parameters=T2M,PRECTOTCORR&community=RE&longitude=80.2707&latitude=13.0827&start=20210101&end=20241231&format=JSON",0.5x0.625 deg,daily,VALID,OBSERVED
IN-TN-CHE,Chennai,13.0827,80.2707,nasa_power_prectotcorr_daily,PRECTOTCORR,precipitation,2.24,mm/day,2023-09-01T00:00:00Z,NASA POWER (MERRA-2),"https://power.larc.nasa.gov/api/temporal/daily/point?parameters=T2M,PRECTOTCORR&community=RE&longitude=80.2707&latitude=13.0827&start=20210101&end=20241231&format=JSON",0.5x0.625 deg,daily,VALID,OBSERVED
IN-TN-CHE,Chennai,13.0827,80.2707,nasa_power_t2m_daily,T2M,temperature_2m,28.18,C,2023-09-02T00:00:00Z,NASA POWER (MERRA-2),"https://power.larc.nasa.gov/api/temporal/daily/point?parameters=T2M,PRECTOTCORR&community=RE&longitude=80.2707&latitude=13.0827&start=20210101&end=20241231&format=JSON",0.5x0.625 deg,daily,VALID,OBSERVED
IN-TN-CHE,Chennai,13.0827,80.2707,nasa_power_prectotcorr_daily,PRECTOTCORR,precipitation,5.46,mm/day,2023-09-02T00:00:00Z,NASA POWER (MERRA-2),"https://power.larc.nasa.gov/api/temporal/daily/point?parameters=T2M,PRECTOTCORR&community=RE&longitude=80.2707&latitude=13.0827&start=20210101&end=20241231&format=JSON",0.5x0.625 deg,daily,VALID,OBSERVED
IN-TN-CHE,Chennai,13.0827,80.2707,nasa_power_t2m_daily,T2M,temperature_2m,27.46,C,2023-09-03T00:00:00Z,NASA POWER (MERRA-2),"https://power.larc.nasa.gov/api/temporal/daily/point?parameters=T2M,PRECTOTCORR&community=RE&longitude=80.2707&latitude=13.0827&start=20210101&end=20241231&format=JSON",0.5x0.625 deg,daily,VALID,OBSERVED
IN-TN-CHE,Chennai,13.0827,80.2707,nasa_power_prectotcorr_daily,PRECTOTCORR,precipitation,32.16,mm/day,2023-09-03T00:00:00Z,NASA POWER (MERRA-2),"https://power.larc.nasa.gov/api/temporal/daily/point?parameters=T2M,PRECTOTCORR&community=RE&longitude=80.2707&latitude=13.0827&start=20210101&end=20241231&format=JSON",0.5x0.625 deg,daily,VALID,OBSERVED
IN-TN-CHE,Chennai,13.0827,80.2707,nasa_power_t2m_daily,T2M,temperature_2m,27.68,C,2023-09-04T00:00:00Z,NASA POWER (MERRA-2),"https://power.larc.nasa.gov/api/temporal/daily/point?parameters=T2M,PRECTOTCORR&community=RE&longitude=80.2707&latitude=13.0827&start=20210101&end=20241231&format=JSON",0.5x0.625 deg,daily,VALID,OBSERVED
IN-TN-CHE,Chennai,13.0827,80.2707,nasa_power_prectotcorr_daily,PRECTOTCORR,precipitation,2.04,mm/day,2023-09-04T00:00:00Z,NASA POWER (MERRA-2),"https://power.larc.nasa.gov/api/temporal/daily/point?parameters=T2M,PRECTOTCORR&community=RE&longitude=80.2707&latitude=13.0827&start=20210101&end=20241231&format=JSON",0.5x0.625 deg,daily,VALID,OBSERVED
IN-TN-CHE,Chennai,13.0827,80.2707,nasa_power_t2m_daily,T2M,temperature_2m,28.08,C,2023-09-05T00:00:00Z,NASA POWER (MERRA-2),"https://power.larc.nasa.gov/api/temporal/daily/point?parameters=T2M,PRECTOTCORR&community=RE&longitude=80.2707&latitude=13.0827&start=20210101&end=20241231&format=JSON",0.5x0.625 deg,daily,VALID,OBSERVED
IN-TN-CHE,Chennai,13.0827,80.2707,nasa_power_prectotcorr_daily,PRECTOTCORR,precipitation,2.52,mm/day,2023-09-05T00:00:00Z,NASA POWER (MERRA-2),"https://power.larc.nasa.gov/api/temporal/daily/point?parameters=T2M,PRECTOTCORR&community=RE&longitude=80.2707&latitude=13.0827&start=20210101&end=20241231&format=JSON",0.5x0.625 deg,daily,VALID,OBSERVED
IN-TN-CHE,Chennai,13.0827,80.2707,nasa_power_t2m_daily,T2M,temperature_2m,28.21,C,2023-09-06T00:00:00Z,NASA POWER (MERRA-2),"https://power.larc.nasa.gov/api/temporal/daily/point?parameters=T2M,PRECTOTCORR&community=RE&longitude=80.2707&latitude=13.0827&start=20210101&end=20241231&format=JSON",0.5x0.625 deg,daily,VALID,OBSERVED
IN-TN-CHE,Chennai,13.0827,80.2707,nasa_power_prectotcorr_daily,PRECTOTCORR,precipitation,4.57,mm/day,2023-09-06T00:00:00Z,NASA POWER (MERRA-2),"https://power.larc.nasa.gov/api/temporal/daily/point?parameters=T2M,PRECTOTCORR&community=RE&longitude=80.2707&latitude=13.0827&start=20210101&end=20241231&format=JSON",0.5x0.625 deg,daily,VALID,OBSERVED
IN-TN-CHE,Chennai,13.0827,80.2707,nasa_power_t2m_daily,T2M,temperature_2m,28.23,C,2023-09-07T00:00:00Z,NASA POWER (MERRA-2),"https://power.larc.nasa.gov/api/temporal/daily/point?parameters=T2M,PRECTOTCORR&community=RE&longitude=80.2707&latitude=13.0827&start=20210101&end=20241231&format=JSON",0.5x0.625 deg,daily,VALID,OBSERVED
IN-TN-CHE,Chennai,13.0827,80.2707,nasa_power_prectotcorr_daily,PRECTOTCORR,precipitation,19.19,mm/day,2023-09-07T00:00:00Z,NASA POWER (MERRA-2),"https://power.larc.nasa.gov/api/temporal/daily/point?parameters=T2M,PRECTOTCORR&community=RE&longitude=80.2707&latitude=13.0827&start=20210101&end=20241231&format=JSON",0.5x0.625 deg,daily,VALID,OBSERVED
IN-TN-CHE,Chennai,13.0827,80.2707,nasa_power_t2m_daily,T2M,temperature_2m,28.23,C,2023-09-08T00:00:00Z,NASA POWER (MERRA-2),"https://power.larc.nasa.gov/api/temporal/daily/point?parameters=T2M,PRECTOTCORR&community=RE&longitude=80.2707&latitude=13.0827&start=20210101&end=20241231&format=JSON",0.5x0.625 deg,daily,VALID,OBSERVED
IN-TN-CHE,Chennai,13.0827,80.2707,nasa_power_prectotcorr_daily,PRECTOTCORR,precipitation,1.06,mm/day,2023-09-08T00:00:00Z,NASA POWER (MERRA-2),"https://power.larc.nasa.gov/api/temporal/daily/point?parameters=T2M,PRECTOTCORR&community=RE&longitude=80.2707&latitude=13.0827&start=20210101&end=20241231&format=JSON",0.5x0.625 deg,daily,VALID,OBSERVED
IN-TN-CHE,Chennai,13.0827,80.2707,nasa_power_t2m_daily,T2M,temperature_2m,27.93,C,2023-09-09T00:00:00Z,NASA POWER (MERRA-2),"https://power.larc.nasa.gov/api/temporal/daily/point?parameters=T2M,PRECTOTCORR&community=RE&longitude=80.2707&latitude=13.0827&start=20210101&end=20241231&format=JSON",0.5x0.625 deg,daily,VALID,OBSERVED
IN-TN-CHE,Chennai,13.0827,80.2707,nasa_power_prectotcorr_daily,PRECTOTCORR,precipitation,0.3,mm/day,2023-09-09T00:00:00Z,NASA POWER (MERRA-2),"https://power.larc.nasa.gov/api/temporal/daily/point?parameters=T2M,PRECTOTCORR&community=RE&longitude=80.2707&latitude=13.0827&start=20210101&end=20241231&format=JSON",0.5x0.625 deg,daily,VALID,OBSERVED
IN-TN-CHE,Chennai,13.0827,80.2707,nasa_power_t2m_daily,T2M,temperature_2m,26.91,C,2023-09-10T00:00:00Z,NASA POWER (MERRA-2),"https://power.larc.nasa.gov/api/temporal/daily/point?parameters=T2M,PRECTOTCORR&community=RE&longitude=80.2707&latitude=13.0827&start=20210101&end=20241231&format=JSON",0.5x0.625 deg,daily,VALID,OBSERVED
IN-TN-CHE,Chennai,13.0827,80.2707,nasa_power_prectotcorr_daily,PRECTOTCORR,precipitation,0.66,mm/day,2023-09-10T00:00:00Z,NASA POWER (MERRA-2),"https://power.larc.nasa.gov/api/temporal/daily/point?parameters=T2M,PRECTOTCORR&community=RE&longitude=80.2707&latitude=13.0827&start=20210101&end=20241231&format=JSON",0.5x0.625 deg,daily,VALID,OBSERVED
IN-TN-CHE,Chennai,13.0827,80.2707,nasa_power_t2m_daily,T2M,temperature_2m,28.06,C,2023-09-11T00:00:00Z,NASA POWER (MERRA-2),"https://power.larc.nasa.gov/api/temporal/daily/point?parameters=T2M,PRECTOTCORR&community=RE&longitude=80.2707&latitude=13.0827&start=20210101&end=20241231&format=JSON",0.5x0.625 deg,daily,VALID,OBSERVED
IN-TN-CHE,Chennai,13.0827,80.2707,nasa_power_prectotcorr_daily,PRECTOTCORR,precipitation,0.55,mm/day,2023-09-11T00:00:00Z,NASA POWER (MERRA-2),"https://power.larc.nasa.gov/api/temporal/daily/point?parameters=T2M,PRECTOTCORR&community=RE&longitude=80.2707&latitude=13.0827&start=20210101&end=20241231&format=JSON",0.5x0.625 deg,daily,VALID,OBSERVED
IN-TN-CHE,Chennai,13.0827,80.2707,nasa_power_t2m_daily,T2M,temperature_2m,28.81,C,2023-09-12T00:00:00Z,NASA POWER (MERRA-2),"https://power.larc.nasa.gov/api/temporal/daily/point?parameters=T2M,PRECTOTCORR&community=RE&longitude=80.2707&latitude=13.0827&start=20210101&end=20241231&format=JSON",0.5x0.625 deg,daily,VALID,OBSERVED
IN-TN-CHE,Chennai,13.0827,80.2707,nasa_power_prectotcorr_daily,PRECTOTCORR,precipitation,1.8,mm/day,2023-09-12T00:00:00Z,NASA POWER (MERRA-2),"https://power.larc.nasa.gov/api/temporal/daily/point?parameters=T2M,PRECTOTCORR&community=RE&longitude=80.2707&latitude=13.0827&start=20210101&end=20241231&format=JSON",0.5x0.625 deg,daily,VALID,OBSERVED
IN-TN-CHE,Chennai,13.0827,80.2707,nasa_power_t2m_daily,T2M,temperature_2m,28.81,C,2023-09-13T00:00:00Z,NASA POWER (MERRA-2),"https://power.larc.nasa.gov/api/temporal/daily/point?parameters=T2M,PRECTOTCORR&community=RE&longitude=80.2707&latitude=13.0827&start=20210101&end=20241231&format=JSON",0.5x0.625 deg,daily,VALID,OBSERVED
IN-TN-CHE,Chennai,13.0827,80.2707,nasa_power_prectotcorr_daily,PRECTOTCORR,precipitation,8.37,mm/day,2023-09-13T00:00:00Z,NASA POWER (MERRA-2),"https://power.larc.nasa.gov/api/temporal/daily/point?parameters=T2M,PRECTOTCORR&community=RE&longitude=80.2707&latitude=13.0827&start=20210101&end=20241231&format=JSON",0.5x0.625 deg,daily,VALID,OBSERVED
IN-TN-CHE,Chennai,13.0827,80.2707,nasa_power_t2m_daily,T2M,temperature_2m,28.94,C,2023-09-14T00:00:00Z,NASA POWER (MERRA-2),"https://power.larc.nasa.gov/api/temporal/daily/point?parameters=T2M,PRECTOTCORR&community=RE&longitude=80.2707&latitude=13.0827&start=20210101&end=20241231&format=JSON",0.5x0.625 deg,daily,VALID,OBSERVED
IN-TN-CHE,Chennai,13.0827,80.2707,nasa_power_prectotcorr_daily,PRECTOTCORR,precipitation,4.99,mm/day,2023-09-14T00:00:00Z,NASA POWER (MERRA-2),"https://power.larc.nasa.gov/api/temporal/daily/point?parameters=T2M,PRECTOTCORR&community=RE&longitude=80.2707&latitude=13.0827&start=20210101&end=20241231&format=JSON",0.5x0.625 deg,daily,VALID,OBSERVED
IN-TN-CHE,Chennai,13.0827,80.2707,nasa_power_t2m_daily,T2M,temperature_2m,28.48,C,2023-09-15T00:00:00Z,NASA POWER (MERRA-2),"https://power.larc.nasa.gov/api/temporal/daily/point?parameters=T2M,PRECTOTCORR&community=RE&longitude=80.2707&latitude=13.0827&start=20210101&end=20241231&format=JSON",0.5x0.625 deg,daily,VALID,OBSERVED
IN-TN-CHE,Chennai,13.0827,80.2707,nasa_power_prectotcorr_daily,PRECTOTCORR,precipitation,4.02,mm/day,2023-09-15T00:00:00Z,NASA POWER (MERRA-2),"https://power.larc.nasa.gov/api/temporal/daily/point?parameters=T2M,PRECTOTCORR&community=RE&longitude=80.2707&latitude=13.0827&start=20210101&end=20241231&format=JSON",0.5x0.625 deg,daily,VALID,OBSERVED
IN-TN-CHE,Chennai,13.0827,80.2707,nasa_power_t2m_daily,T2M,temperature_2m,27.63,C,2023-09-16T00:00:00Z,NASA POWER (MERRA-2),"https://power.larc.nasa.gov/api/temporal/daily/point?parameters=T2M,PRECTOTCORR&community=RE&longitude=80.2707&latitude=13.0827&start=20210101&end=20241231&format=JSON",0.5x0.625 deg,daily,VALID,OBSERVED
IN-TN-CHE,Chennai,13.0827,80.2707,nasa_power_prectotcorr_daily,PRECTOTCORR,precipitation,27.6,mm/day,2023-09-16T00:00:00Z,NASA POWER (MERRA-2),"https://power.larc.nasa.gov/api/temporal/daily/point?parameters=T2M,PRECTOTCORR&community=RE&longitude=80.2707&latitude=13.0827&start=20210101&end=20241231&format=JSON",0.5x0.625 deg,daily,VALID,OBSERVED
IN-TN-CHE,Chennai,13.0827,80.2707,nasa_power_t2m_daily,T2M,temperature_2m,28.13,C,2023-09-17T00:00:00Z,NASA POWER (MERRA-2),"https://power.larc.nasa.gov/api/temporal/daily/point?parameters=T2M,PRECTOTCORR&community=RE&longitude=80.2707&latitude=13.0827&start=20210101&end=20241231&format=JSON",0.5x0.625 deg,daily,VALID,OBSERVED
IN-TN-CHE,Chennai,13.0827,80.2707,nasa_power_prectotcorr_daily,PRECTOTCORR,precipitation,7.4,mm/day,2023-09-17T00:00:00Z,NASA POWER (MERRA-2),"https://power.larc.nasa.gov/api/temporal/daily/point?parameters=T2M,PRECTOTCORR&community=RE&longitude=80.2707&latitude=13.0827&start=20210101&end=20241231&format=JSON",0.5x0.625 deg,daily,VALID,OBSERVED
IN-TN-CHE,Chennai,13.0827,80.2707,nasa_power_t2m_daily,T2M,temperature_2m,28.22,C,2023-09-18T00:00:00Z,NASA POWER (MERRA-2),"https://power.larc.nasa.gov/api/temporal/daily/point?parameters=T2M,PRECTOTCORR&community=RE&longitude=80.2707&latitude=13.0827&start=20210101&end=20241231&format=JSON",0.5x0.625 deg,daily,VALID,OBSERVED
IN-TN-CHE,Chennai,13.0827,80.2707,nasa_power_prectotcorr_daily,PRECTOTCORR,precipitation,6.86,mm/day,2023-09-18T00:00:00Z,NASA POWER (MERRA-2),"https://power.larc.nasa.gov/api/temporal/daily/point?parameters=T2M,PRECTOTCORR&community=RE&longitude=80.2707&latitude=13.0827&start=20210101&end=20241231&format=JSON",0.5x0.625 deg,daily,VALID,OBSERVED
IN-TN-CHE,Chennai,13.0827,80.2707,nasa_power_t2m_daily,T2M,temperature_2m,27.92,C,2023-09-19T00:00:00Z,NASA POWER (MERRA-2),"https://power.larc.nasa.gov/api/temporal/daily/point?parameters=T2M,PRECTOTCORR&community=RE&longitude=80.2707&latitude=13.0827&start=20210101&end=20241231&format=JSON",0.5x0.625 deg,daily,VALID,OBSERVED
IN-TN-CHE,Chennai,13.0827,80.2707,nasa_power_prectotcorr_daily,PRECTOTCORR,precipitation,4.7,mm/day,2023-09-19T00:00:00Z,NASA POWER (MERRA-2),"https://power.larc.nasa.gov/api/temporal/daily/point?parameters=T2M,PRECTOTCORR&community=RE&longitude=80.2707&latitude=13.0827&start=20210101&end=20241231&format=JSON",0.5x0.625 deg,daily,VALID,OBSERVED
IN-TN-CHE,Chennai,13.0827,80.2707,nasa_power_t2m_daily,T2M,temperature_2m,27.75,C,2023-09-20T00:00:00Z,NASA POWER (MERRA-2),"https://power.larc.nasa.gov/api/temporal/daily/point?parameters=T2M,PRECTOTCORR&community=RE&longitude=80.2707&latitude=13.0827&start=20210101&end=20241231&format=JSON",0.5x0.625 deg,daily,VALID,OBSERVED
IN-TN-CHE,Chennai,13.0827,80.2707,nasa_power_prectotcorr_daily,PRECTOTCORR,precipitation,3.42,mm/day,2023-09-20T00:00:00Z,NASA POWER (MERRA-2),"https://power.larc.nasa.gov/api/temporal/daily/point?parameters=T2M,PRECTOTCORR&community=RE&longitude=80.2707&latitude=13.0827&start=20210101&end=20241231&format=JSON",0.5x0.625 deg,daily,VALID,OBSERVED
IN-TN-CHE,Chennai,13.0827,80.2707,nasa_power_t2m_daily,T2M,temperature_2m,27.15,C,2023-09-21T00:00:00Z,NASA POWER (MERRA-2),"https://power.larc.nasa.gov/api/temporal/daily/point?parameters=T2M,PRECTOTCORR&community=RE&longitude=80.2707&latitude=13.0827&start=20210101&end=20241231&format=JSON",0.5x0.625 deg,daily,VALID,OBSERVED
IN-TN-CHE,Chennai,13.0827,80.2707,nasa_power_prectotcorr_daily,PRECTOTCORR,precipitation,4.08,mm/day,2023-09-21T00:00:00Z,NASA POWER (MERRA-2),"https://power.larc.nasa.gov/api/temporal/daily/point?parameters=T2M,PRECTOTCORR&community=RE&longitude=80.2707&latitude=13.0827&start=20210101&end=20241231&format=JSON",0.5x0.625 deg,daily,VALID,OBSERVED
IN-TN-CHE,Chennai,13.0827,80.2707,nasa_power_t2m_daily,T2M,temperature_2m,28.22,C,2023-09-22T00:00:00Z,NASA POWER (MERRA-2),"https://power.larc.nasa.gov/api/temporal/daily/point?parameters=T2M,PRECTOTCORR&community=RE&longitude=80.2707&latitude=13.0827&start=20210101&end=20241231&format=JSON",0.5x0.625 deg,daily,VALID,OBSERVED
IN-TN-CHE,Chennai,13.0827,80.2707,nasa_power_prectotcorr_daily,PRECTOTCORR,precipitation,0.91,mm/day,2023-09-22T00:00:00Z,NASA POWER (MERRA-2),"https://power.larc.nasa.gov/api/temporal/daily/point?parameters=T2M,PRECTOTCORR&community=RE&longitude=80.2707&latitude=13.0827&start=20210101&end=20241231&format=JSON",0.5x0.625 deg,daily,VALID,OBSERVED
IN-TN-CHE,Chennai,13.0827,80.2707,nasa_power_t2m_daily,T2M,temperature_2m,28.61,C,2023-09-23T00:00:00Z,NASA POWER (MERRA-2),"https://power.larc.nasa.gov/api/temporal/daily/point?parameters=T2M,PRECTOTCORR&community=RE&longitude=80.2707&latitude=13.0827&start=20210101&end=20241231&format=JSON",0.5x0.625 deg,daily,VALID,OBSERVED
IN-TN-CHE,Chennai,13.0827,80.2707,nasa_power_prectotcorr_daily,PRECTOTCORR,precipitation,4.18,mm/day,2023-09-23T00:00:00Z,NASA POWER (MERRA-2),"https://power.larc.nasa.gov/api/temporal/daily/point?parameters=T2M,PRECTOTCORR&community=RE&longitude=80.2707&latitude=13.0827&start=20210101&end=20241231&format=JSON",0.5x0.625 deg,daily,VALID,OBSERVED
IN-TN-CHE,Chennai,13.0827,80.2707,nasa_power_t2m_daily,T2M,temperature_2m,28.3,C,2023-09-24T00:00:00Z,NASA POWER (MERRA-2),"https://power.larc.nasa.gov/api/temporal/daily/point?parameters=T2M,PRECTOTCORR&community=RE&longitude=80.2707&latitude=13.0827&start=20210101&end=20241231&format=JSON",0.5x0.625 deg,daily,VALID,OBSERVED
IN-TN-CHE,Chennai,13.0827,80.2707,nasa_power_prectotcorr_daily,PRECTOTCORR,precipitation,13.01,mm/day,2023-09-24T00:00:00Z,NASA POWER (MERRA-2),"https://power.larc.nasa.gov/api/temporal/daily/point?parameters=T2M,PRECTOTCORR&community=RE&longitude=80.2707&latitude=13.0827&start=20210101&end=20241231&format=JSON",0.5x0.625 deg,daily,VALID,OBSERVED
IN-TN-CHE,Chennai,13.0827,80.2707,nasa_power_t2m_daily,T2M,temperature_2m,26.79,C,2023-09-25T00:00:00Z,NASA POWER (MERRA-2),"https://power.larc.nasa.gov/api/temporal/daily/point?parameters=T2M,PRECTOTCORR&community=RE&longitude=80.2707&latitude=13.0827&start=20210101&end=20241231&format=JSON",0.5x0.625 deg,daily,VALID,OBSERVED
IN-TN-CHE,Chennai,13.0827,80.2707,nasa_power_prectotcorr_daily,PRECTOTCORR,precipitation,16.03,mm/day,2023-09-25T00:00:00Z,NASA POWER (MERRA-2),"https://power.larc.nasa.gov/api/temporal/daily/point?parameters=T2M,PRECTOTCORR&community=RE&longitude=80.2707&latitude=13.0827&start=20210101&end=20241231&format=JSON",0.5x0.625 deg,daily,VALID,OBSERVED
IN-TN-CHE,Chennai,13.0827,80.2707,nasa_power_t2m_daily,T2M,temperature_2m,27.58,C,2023-09-26T00:00:00Z,NASA POWER (MERRA-2),"https://power.larc.nasa.gov/api/temporal/daily/point?parameters=T2M,PRECTOTCORR&community=RE&longitude=80.2707&latitude=13.0827&start=20210101&end=20241231&format=JSON",0.5x0.625 deg,daily,VALID,OBSERVED
IN-TN-CHE,Chennai,13.0827,80.2707,nasa_power_prectotcorr_daily,PRECTOTCORR,precipitation,10.41,mm/day,2023-09-26T00:00:00Z,NASA POWER (MERRA-2),"https://power.larc.nasa.gov/api/temporal/daily/point?parameters=T2M,PRECTOTCORR&community=RE&longitude=80.2707&latitude=13.0827&start=20210101&end=20241231&format=JSON",0.5x0.625 deg,daily,VALID,OBSERVED
IN-TN-CHE,Chennai,13.0827,80.2707,nasa_power_t2m_daily,T2M,temperature_2m,27.77,C,2023-09-27T00:00:00Z,NASA POWER (MERRA-2),"https://power.larc.nasa.gov/api/temporal/daily/point?parameters=T2M,PRECTOTCORR&community=RE&longitude=80.2707&latitude=13.0827&start=20210101&end=20241231&format=JSON",0.5x0.625 deg,daily,VALID,OBSERVED
IN-TN-CHE,Chennai,13.0827,80.2707,nasa_power_prectotcorr_daily,PRECTOTCORR,precipitation,4.95,mm/day,2023-09-27T00:00:00Z,NASA POWER (MERRA-2),"https://power.larc.nasa.gov/api/temporal/daily/point?parameters=T2M,PRECTOTCORR&community=RE&longitude=80.2707&latitude=13.0827&start=20210101&end=20241231&format=JSON",0.5x0.625 deg,daily,VALID,OBSERVED
IN-TN-CHE,Chennai,13.0827,80.2707,nasa_power_t2m_daily,T2M,temperature_2m,28.02,C,2023-09-28T00:00:00Z,NASA POWER (MERRA-2),"https://power.larc.nasa.gov/api/temporal/daily/point?parameters=T2M,PRECTOTCORR&community=RE&longitude=80.2707&latitude=13.0827&start=20210101&end=20241231&format=JSON",0.5x0.625 deg,daily,VALID,OBSERVED
IN-TN-CHE,Chennai,13.0827,80.2707,nasa_power_prectotcorr_daily,PRECTOTCORR,precipitation,12.18,mm/day,2023-09-28T00:00:00Z,NASA POWER (MERRA-2),"https://power.larc.nasa.gov/api/temporal/daily/point?parameters=T2M,PRECTOTCORR&community=RE&longitude=80.2707&latitude=13.0827&start=20210101&end=20241231&format=JSON",0.5x0.625 deg,daily,VALID,OBSERVED
IN-TN-CHE,Chennai,13.0827,80.2707,nasa_power_t2m_daily,T2M,temperature_2m,27.59,C,2023-09-29T00:00:00Z,NASA POWER (MERRA-2),"https://power.larc.nasa.gov/api/temporal/daily/point?parameters=T2M,PRECTOTCORR&community=RE&longitude=80.2707&latitude=13.0827&start=20210101&end=20241231&format=JSON",0.5x0.625 deg,daily,VALID,OBSERVED
IN-TN-CHE,Chennai,13.0827,80.2707,nasa_power_prectotcorr_daily,PRECTOTCORR,precipitation,9.79,mm/day,2023-09-29T00:00:00Z,NASA POWER (MERRA-2),"https://power.larc.nasa.gov/api/temporal/daily/point?parameters=T2M,PRECTOTCORR&community=RE&longitude=80.2707&latitude=13.0827&start=20210101&end=20241231&format=JSON",0.5x0.625 deg,daily,VALID,OBSERVED
IN-TN-CHE,Chennai,13.0827,80.2707,nasa_power_t2m_daily,T2M,temperature_2m,27.72,C,2023-09-30T00:00:00Z,NASA POWER (MERRA-2),"https://power.larc.nasa.gov/api/temporal/daily/point?parameters=T2M,PRECTOTCORR&community=RE&longitude=80.2707&latitude=13.0827&start=20210101&end=20241231&format=JSON",0.5x0.625 deg,daily,VALID,OBSERVED
IN-TN-CHE,Chennai,13.0827,80.2707,nasa_power_prectotcorr_daily,PRECTOTCORR,precipitation,8.53,mm/day,2023-09-30T00:00:00Z,NASA POWER (MERRA-2),"https://power.larc.nasa.gov/api/temporal/daily/point?parameters=T2M,PRECTOTCORR&community=RE&longitude=80.2707&latitude=13.0827&start=20210101&end=20241231&format=JSON",0.5x0.625 deg,daily,VALID,OBSERVED
IN-TN-CHE,Chennai,13.0827,80.2707,nasa_power_t2m_daily,T2M,temperature_2m,27.44,C,2023-10-01T00:00:00Z,NASA POWER (MERRA-2),"https://power.larc.nasa.gov/api/temporal/daily/point?parameters=T2M,PRECTOTCORR&community=RE&longitude=80.2707&latitude=13.0827&start=20210101&end=20241231&format=JSON",0.5x0.625 deg,daily,VALID,OBSERVED
IN-TN-CHE,Chennai,13.0827,80.2707,nasa_power_prectotcorr_daily,PRECTOTCORR,precipitation,1.19,mm/day,2023-10-01T00:00:00Z,NASA POWER (MERRA-2),"https://power.larc.nasa.gov/api/temporal/daily/point?parameters=T2M,PRECTOTCORR&community=RE&longitude=80.2707&latitude=13.0827&start=20210101&end=20241231&format=JSON",0.5x0.625 deg,daily,VALID,OBSERVED
IN-TN-CHE,Chennai,13.0827,80.2707,nasa_power_t2m_daily,T2M,temperature_2m,27.53,C,2023-10-02T00:00:00Z,NASA POWER (MERRA-2),"https://power.larc.nasa.gov/api/temporal/daily/point?parameters=T2M,PRECTOTCORR&community=RE&longitude=80.2707&latitude=13.0827&start=20210101&end=20241231&format=JSON",0.5x0.625 deg,daily,VALID,OBSERVED
IN-TN-CHE,Chennai,13.0827,80.2707,nasa_power_prectotcorr_daily,PRECTOTCORR,precipitation,0.69,mm/day,2023-10-02T00:00:00Z,NASA POWER (MERRA-2),"https://power.larc.nasa.gov/api/temporal/daily/point?parameters=T2M,PRECTOTCORR&community=RE&longitude=80.2707&latitude=13.0827&start=20210101&end=20241231&format=JSON",0.5x0.625 deg,daily,VALID,OBSERVED
IN-TN-CHE,Chennai,13.0827,80.2707,nasa_power_t2m_daily,T2M,temperature_2m,28.57,C,2023-10-03T00:00:00Z,NASA POWER (MERRA-2),"https://power.larc.nasa.gov/api/temporal/daily/point?parameters=T2M,PRECTOTCORR&community=RE&longitude=80.2707&latitude=13.0827&start=20210101&end=20241231&format=JSON",0.5x0.625 deg,daily,VALID,OBSERVED
IN-TN-CHE,Chennai,13.0827,80.2707,nasa_power_prectotcorr_daily,PRECTOTCORR,precipitation,0.64,mm/day,2023-10-03T00:00:00Z,NASA POWER (MERRA-2),"https://power.larc.nasa.gov/api/temporal/daily/point?parameters=T2M,PRECTOTCORR&community=RE&longitude=80.2707&latitude=13.0827&start=20210101&end=20241231&format=JSON",0.5x0.625 deg,daily,VALID,OBSERVED
IN-TN-CHE,Chennai,13.0827,80.2707,nasa_power_t2m_daily,T2M,temperature_2m,28.87,C,2023-10-04T00:00:00Z,NASA POWER (MERRA-2),"https://power.larc.nasa.gov/api/temporal/daily/point?parameters=T2M,PRECTOTCORR&community=RE&longitude=80.2707&latitude=13.0827&start=20210101&end=20241231&format=JSON",0.5x0.625 deg,daily,VALID,OBSERVED
IN-TN-CHE,Chennai,13.0827,80.2707,nasa_power_prectotcorr_daily,PRECTOTCORR,precipitation,5.0,mm/day,2023-10-04T00:00:00Z,NASA POWER (MERRA-2),"https://power.larc.nasa.gov/api/temporal/daily/point?parameters=T2M,PRECTOTCORR&community=RE&longitude=80.2707&latitude=13.0827&start=20210101&end=20241231&format=JSON",0.5x0.625 deg,daily,VALID,OBSERVED
IN-TN-CHE,Chennai,13.0827,80.2707,nasa_power_t2m_daily,T2M,temperature_2m,28.96,C,2023-10-05T00:00:00Z,NASA POWER (MERRA-2),"https://power.larc.nasa.gov/api/temporal/daily/point?parameters=T2M,PRECTOTCORR&community=RE&longitude=80.2707&latitude=13.0827&start=20210101&end=20241231&format=JSON",0.5x0.625 deg,daily,VALID,OBSERVED
IN-TN-CHE,Chennai,13.0827,80.2707,nasa_power_prectotcorr_daily,PRECTOTCORR,precipitation,3.78,mm/day,2023-10-05T00:00:00Z,NASA POWER (MERRA-2),"https://power.larc.nasa.gov/api/temporal/daily/point?parameters=T2M,PRECTOTCORR&community=RE&longitude=80.2707&latitude=13.0827&start=20210101&end=20241231&format=JSON",0.5x0.625 deg,daily,VALID,OBSERVED
IN-TN-CHE,Chennai,13.0827,80.2707,nasa_power_t2m_daily,T2M,temperature_2m,28.36,C,2023-10-06T00:00:00Z,NASA POWER (MERRA-2),"https://power.larc.nasa.gov/api/temporal/daily/point?parameters=T2M,PRECTOTCORR&community=RE&longitude=80.2707&latitude=13.0827&start=20210101&end=20241231&format=JSON",0.5x0.625 deg,daily,VALID,OBSERVED
IN-TN-CHE,Chennai,13.0827,80.2707,nasa_power_prectotcorr_daily,PRECTOTCORR,precipitation,2.56,mm/day,2023-10-06T00:00:00Z,NASA POWER (MERRA-2),"https://power.larc.nasa.gov/api/temporal/daily/point?parameters=T2M,PRECTOTCORR&community=RE&longitude=80.2707&latitude=13.0827&start=20210101&end=20241231&format=JSON",0.5x0.625 deg,daily,VALID,OBSERVED
IN-TN-CHE,Chennai,13.0827,80.2707,nasa_power_t2m_daily,T2M,temperature_2m,28.68,C,2023-10-07T00:00:00Z,NASA POWER (MERRA-2),"https://power.larc.nasa.gov/api/temporal/daily/point?parameters=T2M,PRECTOTCORR&community=RE&longitude=80.2707&latitude=13.0827&start=20210101&end=20241231&format=JSON",0.5x0.625 deg,daily,VALID,OBSERVED
IN-TN-CHE,Chennai,13.0827,80.2707,nasa_power_prectotcorr_daily,PRECTOTCORR,precipitation,1.1,mm/day,2023-10-07T00:00:00Z,NASA POWER (MERRA-2),"https://power.larc.nasa.gov/api/temporal/daily/point?parameters=T2M,PRECTOTCORR&community=RE&longitude=80.2707&latitude=13.0827&start=20210101&end=20241231&format=JSON",0.5x0.625 deg,daily,VALID,OBSERVED
IN-TN-CHE,Chennai,13.0827,80.2707,nasa_power_t2m_daily,T2M,temperature_2m,28.23,C,2023-10-08T00:00:00Z,NASA POWER (MERRA-2),"https://power.larc.nasa.gov/api/temporal/daily/point?parameters=T2M,PRECTOTCORR&community=RE&longitude=80.2707&latitude=13.0827&start=20210101&end=20241231&format=JSON",0.5x0.625 deg,daily,VALID,OBSERVED
IN-TN-CHE,Chennai,13.0827,80.2707,nasa_power_prectotcorr_daily,PRECTOTCORR,precipitation,0.63,mm/day,2023-10-08T00:00:00Z,NASA POWER (MERRA-2),"https://power.larc.nasa.gov/api/temporal/daily/point?parameters=T2M,PRECTOTCORR&community=RE&longitude=80.2707&latitude=13.0827&start=20210101&end=20241231&format=JSON",0.5x0.625 deg,daily,VALID,OBSERVED
IN-TN-CHE,Chennai,13.0827,80.2707,nasa_power_t2m_daily,T2M,temperature_2m,28.05,C,2023-10-09T00:00:00Z,NASA POWER (MERRA-2),"https://power.larc.nasa.gov/api/temporal/daily/point?parameters=T2M,PRECTOTCORR&community=RE&longitude=80.2707&latitude=13.0827&start=20210101&end=20241231&format=JSON",0.5x0.625 deg,daily,VALID,OBSERVED
IN-TN-CHE,Chennai,13.0827,80.2707,nasa_power_prectotcorr_daily,PRECTOTCORR,precipitation,0.4,mm/day,2023-10-09T00:00:00Z,NASA POWER (MERRA-2),"https://power.larc.nasa.gov/api/temporal/daily/point?parameters=T2M,PRECTOTCORR&community=RE&longitude=80.2707&latitude=13.0827&start=20210101&end=20241231&format=JSON",0.5x0.625 deg,daily,VALID,OBSERVED
IN-TN-CHE,Chennai,13.0827,80.2707,nasa_power_t2m_daily,T2M,temperature_2m,28.03,C,2023-10-10T00:00:00Z,NASA POWER (MERRA-2),"https://power.larc.nasa.gov/api/temporal/daily/point?parameters=T2M,PRECTOTCORR&community=RE&longitude=80.2707&latitude=13.0827&start=20210101&end=20241231&format=JSON",0.5x0.625 deg,daily,VALID,OBSERVED
IN-TN-CHE,Chennai,13.0827,80.2707,nasa_power_prectotcorr_daily,PRECTOTCORR,precipitation,2.95,mm/day,2023-10-10T00:00:00Z,NASA POWER (MERRA-2),"https://power.larc.nasa.gov/api/temporal/daily/point?parameters=T2M,PRECTOTCORR&community=RE&longitude=80.2707&latitude=13.0827&start=20210101&end=20241231&format=JSON",0.5x0.625 deg,daily,VALID,OBSERVED
IN-TN-CHE,Chennai,13.0827,80.2707,nasa_power_t2m_daily,T2M,temperature_2m,28.04,C,2023-10-11T00:00:00Z,NASA POWER (MERRA-2),"https://power.larc.nasa.gov/api/temporal/daily/point?parameters=T2M,PRECTOTCORR&community=RE&longitude=80.2707&latitude=13.0827&start=20210101&end=20241231&format=JSON",0.5x0.625 deg,daily,VALID,OBSERVED
IN-TN-CHE,Chennai,13.0827,80.2707,nasa_power_prectotcorr_daily,PRECTOTCORR,precipitation,2.44,mm/day,2023-10-11T00:00:00Z,NASA POWER (MERRA-2),"https://power.larc.nasa.gov/api/temporal/daily/point?parameters=T2M,PRECTOTCORR&community=RE&longitude=80.2707&latitude=13.0827&start=20210101&end=20241231&format=JSON",0.5x0.625 deg,daily,VALID,OBSERVED
IN-TN-CHE,Chennai,13.0827,80.2707,nasa_power_t2m_daily,T2M,temperature_2m,27.62,C,2023-10-12T00:00:00Z,NASA POWER (MERRA-2),"https://power.larc.nasa.gov/api/temporal/daily/point?parameters=T2M,PRECTOTCORR&community=RE&longitude=80.2707&latitude=13.0827&start=20210101&end=20241231&format=JSON",0.5x0.625 deg,daily,VALID,OBSERVED
IN-TN-CHE,Chennai,13.0827,80.2707,nasa_power_prectotcorr_daily,PRECTOTCORR,precipitation,0.04,mm/day,2023-10-12T00:00:00Z,NASA POWER (MERRA-2),"https://power.larc.nasa.gov/api/temporal/daily/point?parameters=T2M,PRECTOTCORR&community=RE&longitude=80.2707&latitude=13.0827&start=20210101&end=20241231&format=JSON",0.5x0.625 deg,daily,VALID,OBSERVED
IN-TN-CHE,Chennai,13.0827,80.2707,nasa_power_t2m_daily,T2M,temperature_2m,27.16,C,2023-10-13T00:00:00Z,NASA POWER (MERRA-2),"https://power.larc.nasa.gov/api/temporal/daily/point?parameters=T2M,PRECTOTCORR&community=RE&longitude=80.2707&latitude=13.0827&start=20210101&end=20241231&format=JSON",0.5x0.625 deg,daily,VALID,OBSERVED
IN-TN-CHE,Chennai,13.0827,80.2707,nasa_power_prectotcorr_daily,PRECTOTCORR,precipitation,0.7,mm/day,2023-10-13T00:00:00Z,NASA POWER (MERRA-2),"https://power.larc.nasa.gov/api/temporal/daily/point?parameters=T2M,PRECTOTCORR&community=RE&longitude=80.2707&latitude=13.0827&start=20210101&end=20241231&format=JSON",0.5x0.625 deg,daily,VALID,OBSERVED
IN-TN-CHE,Chennai,13.0827,80.2707,nasa_power_t2m_daily,T2M,temperature_2m,27.58,C,2023-10-14T00:00:00Z,NASA POWER (MERRA-2),"https://power.larc.nasa.gov/api/temporal/daily/point?parameters=T2M,PRECTOTCORR&community=RE&longitude=80.2707&latitude=13.0827&start=20210101&end=20241231&format=JSON",0.5x0.625 deg,daily,VALID,OBSERVED
IN-TN-CHE,Chennai,13.0827,80.2707,nasa_power_prectotcorr_daily,PRECTOTCORR,precipitation,3.96,mm/day,2023-10-14T00:00:00Z,NASA POWER (MERRA-2),"https://power.larc.nasa.gov/api/temporal/daily/point?parameters=T2M,PRECTOTCORR&community=RE&longitude=80.2707&latitude=13.0827&start=20210101&end=20241231&format=JSON",0.5x0.625 deg,daily,VALID,OBSERVED
IN-TN-CHE,Chennai,13.0827,80.2707,nasa_power_t2m_daily,T2M,temperature_2m,27.34,C,2023-10-15T00:00:00Z,NASA POWER (MERRA-2),"https://power.larc.nasa.gov/api/temporal/daily/point?parameters=T2M,PRECTOTCORR&community=RE&longitude=80.2707&latitude=13.0827&start=20210101&end=20241231&format=JSON",0.5x0.625 deg,daily,VALID,OBSERVED
IN-TN-CHE,Chennai,13.0827,80.2707,nasa_power_prectotcorr_daily,PRECTOTCORR,precipitation,0.86,mm/day,2023-10-15T00:00:00Z,NASA POWER (MERRA-2),"https://power.larc.nasa.gov/api/temporal/daily/point?parameters=T2M,PRECTOTCORR&community=RE&longitude=80.2707&latitude=13.0827&start=20210101&end=20241231&format=JSON",0.5x0.625 deg,daily,VALID,OBSERVED
IN-TN-CHE,Chennai,13.0827,80.2707,nasa_power_t2m_daily,T2M,temperature_2m,27.73,C,2023-10-16T00:00:00Z,NASA POWER (MERRA-2),"https://power.larc.nasa.gov/api/temporal/daily/point?parameters=T2M,PRECTOTCORR&community=RE&longitude=80.2707&latitude=13.0827&start=20210101&end=20241231&format=JSON",0.5x0.625 deg,daily,VALID,OBSERVED
IN-TN-CHE,Chennai,13.0827,80.2707,nasa_power_prectotcorr_daily,PRECTOTCORR,precipitation,0.7,mm/day,2023-10-16T00:00:00Z,NASA POWER (MERRA-2),"https://power.larc.nasa.gov/api/temporal/daily/point?parameters=T2M,PRECTOTCORR&community=RE&longitude=80.2707&latitude=13.0827&start=20210101&end=20241231&format=JSON",0.5x0.625 deg,daily,VALID,OBSERVED
IN-TN-CHE,Chennai,13.0827,80.2707,nasa_power_t2m_daily,T2M,temperature_2m,27.83,C,2023-10-17T00:00:00Z,NASA POWER (MERRA-2),"https://power.larc.nasa.gov/api/temporal/daily/point?parameters=T2M,PRECTOTCORR&community=RE&longitude=80.2707&latitude=13.0827&start=20210101&end=20241231&format=JSON",0.5x0.625 deg,daily,VALID,OBSERVED
IN-TN-CHE,Chennai,13.0827,80.2707,nasa_power_prectotcorr_daily,PRECTOTCORR,precipitation,0.24,mm/day,2023-10-17T00:00:00Z,NASA POWER (MERRA-2),"https://power.larc.nasa.gov/api/temporal/daily/point?parameters=T2M,PRECTOTCORR&community=RE&longitude=80.2707&latitude=13.0827&start=20210101&end=20241231&format=JSON",0.5x0.625 deg,daily,VALID,OBSERVED
IN-TN-CHE,Chennai,13.0827,80.2707,nasa_power_t2m_daily,T2M,temperature_2m,27.73,C,2023-10-18T00:00:00Z,NASA POWER (MERRA-2),"https://power.larc.nasa.gov/api/temporal/daily/point?parameters=T2M,PRECTOTCORR&community=RE&longitude=80.2707&latitude=13.0827&start=20210101&end=20241231&format=JSON",0.5x0.625 deg,daily,VALID,OBSERVED
IN-TN-CHE,Chennai,13.0827,80.2707,nasa_power_prectotcorr_daily,PRECTOTCORR,precipitation,0.01,mm/day,2023-10-18T00:00:00Z,NASA POWER (MERRA-2),"https://power.larc.nasa.gov/api/temporal/daily/point?parameters=T2M,PRECTOTCORR&community=RE&longitude=80.2707&latitude=13.0827&start=20210101&end=20241231&format=JSON",0.5x0.625 deg,daily,VALID,OBSERVED
IN-TN-CHE,Chennai,13.0827,80.2707,nasa_power_t2m_daily,T2M,temperature_2m,27.62,C,2023-10-19T00:00:00Z,NASA POWER (MERRA-2),"https://power.larc.nasa.gov/api/temporal/daily/point?parameters=T2M,PRECTOTCORR&community=RE&longitude=80.2707&latitude=13.0827&start=20210101&end=20241231&format=JSON",0.5x0.625 deg,daily,VALID,OBSERVED
IN-TN-CHE,Chennai,13.0827,80.2707,nasa_power_prectotcorr_daily,PRECTOTCORR,precipitation,0.0,mm/day,2023-10-19T00:00:00Z,NASA POWER (MERRA-2),"https://power.larc.nasa.gov/api/temporal/daily/point?parameters=T2M,PRECTOTCORR&community=RE&longitude=80.2707&latitude=13.0827&start=20210101&end=20241231&format=JSON",0.5x0.625 deg,daily,VALID,OBSERVED
IN-TN-CHE,Chennai,13.0827,80.2707,nasa_power_t2m_daily,T2M,temperature_2m,27.65,C,2023-10-20T00:00:00Z,NASA POWER (MERRA-2),"https://power.larc.nasa.gov/api/temporal/daily/point?parameters=T2M,PRECTOTCORR&community=RE&longitude=80.2707&latitude=13.0827&start=20210101&end=20241231&format=JSON",0.5x0.625 deg,daily,VALID,OBSERVED
IN-TN-CHE,Chennai,13.0827,80.2707,nasa_power_prectotcorr_daily,PRECTOTCORR,precipitation,0.26,mm/day,2023-10-20T00:00:00Z,NASA POWER (MERRA-2),"https://power.larc.nasa.gov/api/temporal/daily/point?parameters=T2M,PRECTOTCORR&community=RE&longitude=80.2707&latitude=13.0827&start=20210101&end=20241231&format=JSON",0.5x0.625 deg,daily,VALID,OBSERVED
IN-TN-CHE,Chennai,13.0827,80.2707,nasa_power_t2m_daily,T2M,temperature_2m,27.74,C,2023-10-21T00:00:00Z,NASA POWER (MERRA-2),"https://power.larc.nasa.gov/api/temporal/daily/point?parameters=T2M,PRECTOTCORR&community=RE&longitude=80.2707&latitude=13.0827&start=20210101&end=20241231&format=JSON",0.5x0.625 deg,daily,VALID,OBSERVED
IN-TN-CHE,Chennai,13.0827,80.2707,nasa_power_prectotcorr_daily,PRECTOTCORR,precipitation,7.89,mm/day,2023-10-21T00:00:00Z,NASA POWER (MERRA-2),"https://power.larc.nasa.gov/api/temporal/daily/point?parameters=T2M,PRECTOTCORR&community=RE&longitude=80.2707&latitude=13.0827&start=20210101&end=20241231&format=JSON",0.5x0.625 deg,daily,VALID,OBSERVED
IN-TN-CHE,Chennai,13.0827,80.2707,nasa_power_t2m_daily,T2M,temperature_2m,27.78,C,2023-10-22T00:00:00Z,NASA POWER (MERRA-2),"https://power.larc.nasa.gov/api/temporal/daily/point?parameters=T2M,PRECTOTCORR&community=RE&longitude=80.2707&latitude=13.0827&start=20210101&end=20241231&format=JSON",0.5x0.625 deg,daily,VALID,OBSERVED
IN-TN-CHE,Chennai,13.0827,80.2707,nasa_power_prectotcorr_daily,PRECTOTCORR,precipitation,0.46,mm/day,2023-10-22T00:00:00Z,NASA POWER (MERRA-2),"https://power.larc.nasa.gov/api/temporal/daily/point?parameters=T2M,PRECTOTCORR&community=RE&longitude=80.2707&latitude=13.0827&start=20210101&end=20241231&format=JSON",0.5x0.625 deg,daily,VALID,OBSERVED
IN-TN-CHE,Chennai,13.0827,80.2707,nasa_power_t2m_daily,T2M,temperature_2m,27.41,C,2023-10-23T00:00:00Z,NASA POWER (MERRA-2),"https://power.larc.nasa.gov/api/temporal/daily/point?parameters=T2M,PRECTOTCORR&community=RE&longitude=80.2707&latitude=13.0827&start=20210101&end=20241231&format=JSON",0.5x0.625 deg,daily,VALID,OBSERVED
IN-TN-CHE,Chennai,13.0827,80.2707,nasa_power_prectotcorr_daily,PRECTOTCORR,precipitation,0.01,mm/day,2023-10-23T00:00:00Z,NASA POWER (MERRA-2),"https://power.larc.nasa.gov/api/temporal/daily/point?parameters=T2M,PRECTOTCORR&community=RE&longitude=80.2707&latitude=13.0827&start=20210101&end=20241231&format=JSON",0.5x0.625 deg,daily,VALID,OBSERVED
IN-TN-CHE,Chennai,13.0827,80.2707,nasa_power_t2m_daily,T2M,temperature_2m,27.22,C,2023-10-24T00:00:00Z,NASA POWER (MERRA-2),"https://power.larc.nasa.gov/api/temporal/daily/point?parameters=T2M,PRECTOTCORR&community=RE&longitude=80.2707&latitude=13.0827&start=20210101&end=20241231&format=JSON",0.5x0.625 deg,daily,VALID,OBSERVED
IN-TN-CHE,Chennai,13.0827,80.2707,nasa_power_prectotcorr_daily,PRECTOTCORR,precipitation,0.0,mm/day,2023-10-24T00:00:00Z,NASA POWER (MERRA-2),"https://power.larc.nasa.gov/api/temporal/daily/point?parameters=T2M,PRECTOTCORR&community=RE&longitude=80.2707&latitude=13.0827&start=20210101&end=20241231&format=JSON",0.5x0.625 deg,daily,VALID,OBSERVED
IN-TN-CHE,Chennai,13.0827,80.2707,nasa_power_t2m_daily,T2M,temperature_2m,27.61,C,2023-10-25T00:00:00Z,NASA POWER (MERRA-2),"https://power.larc.nasa.gov/api/temporal/daily/point?parameters=T2M,PRECTOTCORR&community=RE&longitude=80.2707&latitude=13.0827&start=20210101&end=20241231&format=JSON",0.5x0.625 deg,daily,VALID,OBSERVED
IN-TN-CHE,Chennai,13.0827,80.2707,nasa_power_prectotcorr_daily,PRECTOTCORR,precipitation,0.01,mm/day,2023-10-25T00:00:00Z,NASA POWER (MERRA-2),"https://power.larc.nasa.gov/api/temporal/daily/point?parameters=T2M,PRECTOTCORR&community=RE&longitude=80.2707&latitude=13.0827&start=20210101&end=20241231&format=JSON",0.5x0.625 deg,daily,VALID,OBSERVED
IN-TN-CHE,Chennai,13.0827,80.2707,nasa_power_t2m_daily,T2M,temperature_2m,27.34,C,2023-10-26T00:00:00Z,NASA POWER (MERRA-2),"https://power.larc.nasa.gov/api/temporal/daily/point?parameters=T2M,PRECTOTCORR&community=RE&longitude=80.2707&latitude=13.0827&start=20210101&end=20241231&format=JSON",0.5x0.625 deg,daily,VALID,OBSERVED
IN-TN-CHE,Chennai,13.0827,80.2707,nasa_power_prectotcorr_daily,PRECTOTCORR,precipitation,0.01,mm/day,2023-10-26T00:00:00Z,NASA POWER (MERRA-2),"https://power.larc.nasa.gov/api/temporal/daily/point?parameters=T2M,PRECTOTCORR&community=RE&longitude=80.2707&latitude=13.0827&start=20210101&end=20241231&format=JSON",0.5x0.625 deg,daily,VALID,OBSERVED
IN-TN-CHE,Chennai,13.0827,80.2707,nasa_power_t2m_daily,T2M,temperature_2m,27.55,C,2023-10-27T00:00:00Z,NASA POWER (MERRA-2),"https://power.larc.nasa.gov/api/temporal/daily/point?parameters=T2M,PRECTOTCORR&community=RE&longitude=80.2707&latitude=13.0827&start=20210101&end=20241231&format=JSON",0.5x0.625 deg,daily,VALID,OBSERVED
IN-TN-CHE,Chennai,13.0827,80.2707,nasa_power_prectotcorr_daily,PRECTOTCORR,precipitation,0.03,mm/day,2023-10-27T00:00:00Z,NASA POWER (MERRA-2),"https://power.larc.nasa.gov/api/temporal/daily/point?parameters=T2M,PRECTOTCORR&community=RE&longitude=80.2707&latitude=13.0827&start=20210101&end=20241231&format=JSON",0.5x0.625 deg,daily,VALID,OBSERVED
IN-TN-CHE,Chennai,13.0827,80.2707,nasa_power_t2m_daily,T2M,temperature_2m,27.89,C,2023-10-28T00:00:00Z,NASA POWER (MERRA-2),"https://power.larc.nasa.gov/api/temporal/daily/point?parameters=T2M,PRECTOTCORR&community=RE&longitude=80.2707&latitude=13.0827&start=20210101&end=20241231&format=JSON",0.5x0.625 deg,daily,VALID,OBSERVED
IN-TN-CHE,Chennai,13.0827,80.2707,nasa_power_prectotcorr_daily,PRECTOTCORR,precipitation,1.34,mm/day,2023-10-28T00:00:00Z,NASA POWER (MERRA-2),"https://power.larc.nasa.gov/api/temporal/daily/point?parameters=T2M,PRECTOTCORR&community=RE&longitude=80.2707&latitude=13.0827&start=20210101&end=20241231&format=JSON",0.5x0.625 deg,daily,VALID,OBSERVED
IN-TN-CHE,Chennai,13.0827,80.2707,nasa_power_t2m_daily,T2M,temperature_2m,27.43,C,2023-10-29T00:00:00Z,NASA POWER (MERRA-2),"https://power.larc.nasa.gov/api/temporal/daily/point?parameters=T2M,PRECTOTCORR&community=RE&longitude=80.2707&latitude=13.0827&start=20210101&end=20241231&format=JSON",0.5x0.625 deg,daily,VALID,OBSERVED
IN-TN-CHE,Chennai,13.0827,80.2707,nasa_power_prectotcorr_daily,PRECTOTCORR,precipitation,7.24,mm/day,2023-10-29T00:00:00Z,NASA POWER (MERRA-2),"https://power.larc.nasa.gov/api/temporal/daily/point?parameters=T2M,PRECTOTCORR&community=RE&longitude=80.2707&latitude=13.0827&start=20210101&end=20241231&format=JSON",0.5x0.625 deg,daily,VALID,OBSERVED
IN-TN-CHE,Chennai,13.0827,80.2707,nasa_power_t2m_daily,T2M,temperature_2m,26.63,C,2023-10-30T00:00:00Z,NASA POWER (MERRA-2),"https://power.larc.nasa.gov/api/temporal/daily/point?parameters=T2M,PRECTOTCORR&community=RE&longitude=80.2707&latitude=13.0827&start=20210101&end=20241231&format=JSON",0.5x0.625 deg,daily,VALID,OBSERVED
IN-TN-CHE,Chennai,13.0827,80.2707,nasa_power_prectotcorr_daily,PRECTOTCORR,precipitation,8.84,mm/day,2023-10-30T00:00:00Z,NASA POWER (MERRA-2),"https://power.larc.nasa.gov/api/temporal/daily/point?parameters=T2M,PRECTOTCORR&community=RE&longitude=80.2707&latitude=13.0827&start=20210101&end=20241231&format=JSON",0.5x0.625 deg,daily,VALID,OBSERVED
IN-TN-CHE,Chennai,13.0827,80.2707,nasa_power_t2m_daily,T2M,temperature_2m,27.41,C,2023-10-31T00:00:00Z,NASA POWER (MERRA-2),"https://power.larc.nasa.gov/api/temporal/daily/point?parameters=T2M,PRECTOTCORR&community=RE&longitude=80.2707&latitude=13.0827&start=20210101&end=20241231&format=JSON",0.5x0.625 deg,daily,VALID,OBSERVED
IN-TN-CHE,Chennai,13.0827,80.2707,nasa_power_prectotcorr_daily,PRECTOTCORR,precipitation,1.3,mm/day,2023-10-31T00:00:00Z,NASA POWER (MERRA-2),"https://power.larc.nasa.gov/api/temporal/daily/point?parameters=T2M,PRECTOTCORR&community=RE&longitude=80.2707&latitude=13.0827&start=20210101&end=20241231&format=JSON",0.5x0.625 deg,daily,VALID,OBSERVED
IN-TN-CHE,Chennai,13.0827,80.2707,nasa_power_t2m_daily,T2M,temperature_2m,27.75,C,2023-11-01T00:00:00Z,NASA POWER (MERRA-2),"https://power.larc.nasa.gov/api/temporal/daily/point?parameters=T2M,PRECTOTCORR&community=RE&longitude=80.2707&latitude=13.0827&start=20210101&end=20241231&format=JSON",0.5x0.625 deg,daily,VALID,OBSERVED
IN-TN-CHE,Chennai,13.0827,80.2707,nasa_power_prectotcorr_daily,PRECTOTCORR,precipitation,5.87,mm/day,2023-11-01T00:00:00Z,NASA POWER (MERRA-2),"https://power.larc.nasa.gov/api/temporal/daily/point?parameters=T2M,PRECTOTCORR&community=RE&longitude=80.2707&latitude=13.0827&start=20210101&end=20241231&format=JSON",0.5x0.625 deg,daily,VALID,OBSERVED
IN-TN-CHE,Chennai,13.0827,80.2707,nasa_power_t2m_daily,T2M,temperature_2m,27.78,C,2023-11-02T00:00:00Z,NASA POWER (MERRA-2),"https://power.larc.nasa.gov/api/temporal/daily/point?parameters=T2M,PRECTOTCORR&community=RE&longitude=80.2707&latitude=13.0827&start=20210101&end=20241231&format=JSON",0.5x0.625 deg,daily,VALID,OBSERVED
IN-TN-CHE,Chennai,13.0827,80.2707,nasa_power_prectotcorr_daily,PRECTOTCORR,precipitation,5.84,mm/day,2023-11-02T00:00:00Z,NASA POWER (MERRA-2),"https://power.larc.nasa.gov/api/temporal/daily/point?parameters=T2M,PRECTOTCORR&community=RE&longitude=80.2707&latitude=13.0827&start=20210101&end=20241231&format=JSON",0.5x0.625 deg,daily,VALID,OBSERVED
IN-TN-CHE,Chennai,13.0827,80.2707,nasa_power_t2m_daily,T2M,temperature_2m,26.99,C,2023-11-03T00:00:00Z,NASA POWER (MERRA-2),"https://power.larc.nasa.gov/api/temporal/daily/point?parameters=T2M,PRECTOTCORR&community=RE&longitude=80.2707&latitude=13.0827&start=20210101&end=20241231&format=JSON",0.5x0.625 deg,daily,VALID,OBSERVED
IN-TN-CHE,Chennai,13.0827,80.2707,nasa_power_prectotcorr_daily,PRECTOTCORR,precipitation,18.86,mm/day,2023-11-03T00:00:00Z,NASA POWER (MERRA-2),"https://power.larc.nasa.gov/api/temporal/daily/point?parameters=T2M,PRECTOTCORR&community=RE&longitude=80.2707&latitude=13.0827&start=20210101&end=20241231&format=JSON",0.5x0.625 deg,daily,VALID,OBSERVED
IN-TN-CHE,Chennai,13.0827,80.2707,nasa_power_t2m_daily,T2M,temperature_2m,26.95,C,2023-11-04T00:00:00Z,NASA POWER (MERRA-2),"https://power.larc.nasa.gov/api/temporal/daily/point?parameters=T2M,PRECTOTCORR&community=RE&longitude=80.2707&latitude=13.0827&start=20210101&end=20241231&format=JSON",0.5x0.625 deg,daily,VALID,OBSERVED
IN-TN-CHE,Chennai,13.0827,80.2707,nasa_power_prectotcorr_daily,PRECTOTCORR,precipitation,24.68,mm/day,2023-11-04T00:00:00Z,NASA POWER (MERRA-2),"https://power.larc.nasa.gov/api/temporal/daily/point?parameters=T2M,PRECTOTCORR&community=RE&longitude=80.2707&latitude=13.0827&start=20210101&end=20241231&format=JSON",0.5x0.625 deg,daily,VALID,OBSERVED
IN-TN-CHE,Chennai,13.0827,80.2707,nasa_power_t2m_daily,T2M,temperature_2m,26.7,C,2023-11-05T00:00:00Z,NASA POWER (MERRA-2),"https://power.larc.nasa.gov/api/temporal/daily/point?parameters=T2M,PRECTOTCORR&community=RE&longitude=80.2707&latitude=13.0827&start=20210101&end=20241231&format=JSON",0.5x0.625 deg,daily,VALID,OBSERVED
IN-TN-CHE,Chennai,13.0827,80.2707,nasa_power_prectotcorr_daily,PRECTOTCORR,precipitation,9.19,mm/day,2023-11-05T00:00:00Z,NASA POWER (MERRA-2),"https://power.larc.nasa.gov/api/temporal/daily/point?parameters=T2M,PRECTOTCORR&community=RE&longitude=80.2707&latitude=13.0827&start=20210101&end=20241231&format=JSON",0.5x0.625 deg,daily,VALID,OBSERVED
IN-TN-CHE,Chennai,13.0827,80.2707,nasa_power_t2m_daily,T2M,temperature_2m,27.14,C,2023-11-06T00:00:00Z,NASA POWER (MERRA-2),"https://power.larc.nasa.gov/api/temporal/daily/point?parameters=T2M,PRECTOTCORR&community=RE&longitude=80.2707&latitude=13.0827&start=20210101&end=20241231&format=JSON",0.5x0.625 deg,daily,VALID,OBSERVED
IN-TN-CHE,Chennai,13.0827,80.2707,nasa_power_prectotcorr_daily,PRECTOTCORR,precipitation,8.74,mm/day,2023-11-06T00:00:00Z,NASA POWER (MERRA-2),"https://power.larc.nasa.gov/api/temporal/daily/point?parameters=T2M,PRECTOTCORR&community=RE&longitude=80.2707&latitude=13.0827&start=20210101&end=20241231&format=JSON",0.5x0.625 deg,daily,VALID,OBSERVED
IN-TN-CHE,Chennai,13.0827,80.2707,nasa_power_t2m_daily,T2M,temperature_2m,26.96,C,2023-11-07T00:00:00Z,NASA POWER (MERRA-2),"https://power.larc.nasa.gov/api/temporal/daily/point?parameters=T2M,PRECTOTCORR&community=RE&longitude=80.2707&latitude=13.0827&start=20210101&end=20241231&format=JSON",0.5x0.625 deg,daily,VALID,OBSERVED
IN-TN-CHE,Chennai,13.0827,80.2707,nasa_power_prectotcorr_daily,PRECTOTCORR,precipitation,4.44,mm/day,2023-11-07T00:00:00Z,NASA POWER (MERRA-2),"https://power.larc.nasa.gov/api/temporal/daily/point?parameters=T2M,PRECTOTCORR&community=RE&longitude=80.2707&latitude=13.0827&start=20210101&end=20241231&format=JSON",0.5x0.625 deg,daily,VALID,OBSERVED
IN-TN-CHE,Chennai,13.0827,80.2707,nasa_power_t2m_daily,T2M,temperature_2m,26.76,C,2023-11-08T00:00:00Z,NASA POWER (MERRA-2),"https://power.larc.nasa.gov/api/temporal/daily/point?parameters=T2M,PRECTOTCORR&community=RE&longitude=80.2707&latitude=13.0827&start=20210101&end=20241231&format=JSON",0.5x0.625 deg,daily,VALID,OBSERVED
IN-TN-CHE,Chennai,13.0827,80.2707,nasa_power_prectotcorr_daily,PRECTOTCORR,precipitation,5.75,mm/day,2023-11-08T00:00:00Z,NASA POWER (MERRA-2),"https://power.larc.nasa.gov/api/temporal/daily/point?parameters=T2M,PRECTOTCORR&community=RE&longitude=80.2707&latitude=13.0827&start=20210101&end=20241231&format=JSON",0.5x0.625 deg,daily,VALID,OBSERVED
IN-TN-CHE,Chennai,13.0827,80.2707,nasa_power_t2m_daily,T2M,temperature_2m,26.59,C,2023-11-09T00:00:00Z,NASA POWER (MERRA-2),"https://power.larc.nasa.gov/api/temporal/daily/point?parameters=T2M,PRECTOTCORR&community=RE&longitude=80.2707&latitude=13.0827&start=20210101&end=20241231&format=JSON",0.5x0.625 deg,daily,VALID,OBSERVED
IN-TN-CHE,Chennai,13.0827,80.2707,nasa_power_prectotcorr_daily,PRECTOTCORR,precipitation,12.07,mm/day,2023-11-09T00:00:00Z,NASA POWER (MERRA-2),"https://power.larc.nasa.gov/api/temporal/daily/point?parameters=T2M,PRECTOTCORR&community=RE&longitude=80.2707&latitude=13.0827&start=20210101&end=20241231&format=JSON",0.5x0.625 deg,daily,VALID,OBSERVED
IN-TN-CHE,Chennai,13.0827,80.2707,nasa_power_t2m_daily,T2M,temperature_2m,27.06,C,2023-11-10T00:00:00Z,NASA POWER (MERRA-2),"https://power.larc.nasa.gov/api/temporal/daily/point?parameters=T2M,PRECTOTCORR&community=RE&longitude=80.2707&latitude=13.0827&start=20210101&end=20241231&format=JSON",0.5x0.625 deg,daily,VALID,OBSERVED
IN-TN-CHE,Chennai,13.0827,80.2707,nasa_power_prectotcorr_daily,PRECTOTCORR,precipitation,1.73,mm/day,2023-11-10T00:00:00Z,NASA POWER (MERRA-2),"https://power.larc.nasa.gov/api/temporal/daily/point?parameters=T2M,PRECTOTCORR&community=RE&longitude=80.2707&latitude=13.0827&start=20210101&end=20241231&format=JSON",0.5x0.625 deg,daily,VALID,OBSERVED
IN-TN-CHE,Chennai,13.0827,80.2707,nasa_power_t2m_daily,T2M,temperature_2m,26.6,C,2023-11-11T00:00:00Z,NASA POWER (MERRA-2),"https://power.larc.nasa.gov/api/temporal/daily/point?parameters=T2M,PRECTOTCORR&community=RE&longitude=80.2707&latitude=13.0827&start=20210101&end=20241231&format=JSON",0.5x0.625 deg,daily,VALID,OBSERVED
IN-TN-CHE,Chennai,13.0827,80.2707,nasa_power_prectotcorr_daily,PRECTOTCORR,precipitation,0.01,mm/day,2023-11-11T00:00:00Z,NASA POWER (MERRA-2),"https://power.larc.nasa.gov/api/temporal/daily/point?parameters=T2M,PRECTOTCORR&community=RE&longitude=80.2707&latitude=13.0827&start=20210101&end=20241231&format=JSON",0.5x0.625 deg,daily,VALID,OBSERVED
IN-TN-CHE,Chennai,13.0827,80.2707,nasa_power_t2m_daily,T2M,temperature_2m,26.87,C,2023-11-12T00:00:00Z,NASA POWER (MERRA-2),"https://power.larc.nasa.gov/api/temporal/daily/point?parameters=T2M,PRECTOTCORR&community=RE&longitude=80.2707&latitude=13.0827&start=20210101&end=20241231&format=JSON",0.5x0.625 deg,daily,VALID,OBSERVED
IN-TN-CHE,Chennai,13.0827,80.2707,nasa_power_prectotcorr_daily,PRECTOTCORR,precipitation,0.03,mm/day,2023-11-12T00:00:00Z,NASA POWER (MERRA-2),"https://power.larc.nasa.gov/api/temporal/daily/point?parameters=T2M,PRECTOTCORR&community=RE&longitude=80.2707&latitude=13.0827&start=20210101&end=20241231&format=JSON",0.5x0.625 deg,daily,VALID,OBSERVED
IN-TN-CHE,Chennai,13.0827,80.2707,nasa_power_t2m_daily,T2M,temperature_2m,27.06,C,2023-11-13T00:00:00Z,NASA POWER (MERRA-2),"https://power.larc.nasa.gov/api/temporal/daily/point?parameters=T2M,PRECTOTCORR&community=RE&longitude=80.2707&latitude=13.0827&start=20210101&end=20241231&format=JSON",0.5x0.625 deg,daily,VALID,OBSERVED
IN-TN-CHE,Chennai,13.0827,80.2707,nasa_power_prectotcorr_daily,PRECTOTCORR,precipitation,5.77,mm/day,2023-11-13T00:00:00Z,NASA POWER (MERRA-2),"https://power.larc.nasa.gov/api/temporal/daily/point?parameters=T2M,PRECTOTCORR&community=RE&longitude=80.2707&latitude=13.0827&start=20210101&end=20241231&format=JSON",0.5x0.625 deg,daily,VALID,OBSERVED
IN-TN-CHE,Chennai,13.0827,80.2707,nasa_power_t2m_daily,T2M,temperature_2m,26.14,C,2023-11-14T00:00:00Z,NASA POWER (MERRA-2),"https://power.larc.nasa.gov/api/temporal/daily/point?parameters=T2M,PRECTOTCORR&community=RE&longitude=80.2707&latitude=13.0827&start=20210101&end=20241231&format=JSON",0.5x0.625 deg,daily,VALID,OBSERVED
IN-TN-CHE,Chennai,13.0827,80.2707,nasa_power_prectotcorr_daily,PRECTOTCORR,precipitation,40.48,mm/day,2023-11-14T00:00:00Z,NASA POWER (MERRA-2),"https://power.larc.nasa.gov/api/temporal/daily/point?parameters=T2M,PRECTOTCORR&community=RE&longitude=80.2707&latitude=13.0827&start=20210101&end=20241231&format=JSON",0.5x0.625 deg,daily,VALID,OBSERVED
IN-TN-CHE,Chennai,13.0827,80.2707,nasa_power_t2m_daily,T2M,temperature_2m,26.13,C,2023-11-15T00:00:00Z,NASA POWER (MERRA-2),"https://power.larc.nasa.gov/api/temporal/daily/point?parameters=T2M,PRECTOTCORR&community=RE&longitude=80.2707&latitude=13.0827&start=20210101&end=20241231&format=JSON",0.5x0.625 deg,daily,VALID,OBSERVED
IN-TN-CHE,Chennai,13.0827,80.2707,nasa_power_prectotcorr_daily,PRECTOTCORR,precipitation,10.98,mm/day,2023-11-15T00:00:00Z,NASA POWER (MERRA-2),"https://power.larc.nasa.gov/api/temporal/daily/point?parameters=T2M,PRECTOTCORR&community=RE&longitude=80.2707&latitude=13.0827&start=20210101&end=20241231&format=JSON",0.5x0.625 deg,daily,VALID,OBSERVED
IN-TN-CHE,Chennai,13.0827,80.2707,nasa_power_t2m_daily,T2M,temperature_2m,26.8,C,2023-11-16T00:00:00Z,NASA POWER (MERRA-2),"https://power.larc.nasa.gov/api/temporal/daily/point?parameters=T2M,PRECTOTCORR&community=RE&longitude=80.2707&latitude=13.0827&start=20210101&end=20241231&format=JSON",0.5x0.625 deg,daily,VALID,OBSERVED
IN-TN-CHE,Chennai,13.0827,80.2707,nasa_power_prectotcorr_daily,PRECTOTCORR,precipitation,3.49,mm/day,2023-11-16T00:00:00Z,NASA POWER (MERRA-2),"https://power.larc.nasa.gov/api/temporal/daily/point?parameters=T2M,PRECTOTCORR&community=RE&longitude=80.2707&latitude=13.0827&start=20210101&end=20241231&format=JSON",0.5x0.625 deg,daily,VALID,OBSERVED
IN-TN-CHE,Chennai,13.0827,80.2707,nasa_power_t2m_daily,T2M,temperature_2m,26.74,C,2023-11-17T00:00:00Z,NASA POWER (MERRA-2),"https://power.larc.nasa.gov/api/temporal/daily/point?parameters=T2M,PRECTOTCORR&community=RE&longitude=80.2707&latitude=13.0827&start=20210101&end=20241231&format=JSON",0.5x0.625 deg,daily,VALID,OBSERVED
IN-TN-CHE,Chennai,13.0827,80.2707,nasa_power_prectotcorr_daily,PRECTOTCORR,precipitation,0.9,mm/day,2023-11-17T00:00:00Z,NASA POWER (MERRA-2),"https://power.larc.nasa.gov/api/temporal/daily/point?parameters=T2M,PRECTOTCORR&community=RE&longitude=80.2707&latitude=13.0827&start=20210101&end=20241231&format=JSON",0.5x0.625 deg,daily,VALID,OBSERVED
IN-TN-CHE,Chennai,13.0827,80.2707,nasa_power_t2m_daily,T2M,temperature_2m,27.01,C,2023-11-18T00:00:00Z,NASA POWER (MERRA-2),"https://power.larc.nasa.gov/api/temporal/daily/point?parameters=T2M,PRECTOTCORR&community=RE&longitude=80.2707&latitude=13.0827&start=20210101&end=20241231&format=JSON",0.5x0.625 deg,daily,VALID,OBSERVED
IN-TN-CHE,Chennai,13.0827,80.2707,nasa_power_prectotcorr_daily,PRECTOTCORR,precipitation,0.76,mm/day,2023-11-18T00:00:00Z,NASA POWER (MERRA-2),"https://power.larc.nasa.gov/api/temporal/daily/point?parameters=T2M,PRECTOTCORR&community=RE&longitude=80.2707&latitude=13.0827&start=20210101&end=20241231&format=JSON",0.5x0.625 deg,daily,VALID,OBSERVED
IN-TN-CHE,Chennai,13.0827,80.2707,nasa_power_t2m_daily,T2M,temperature_2m,27.0,C,2023-11-19T00:00:00Z,NASA POWER (MERRA-2),"https://power.larc.nasa.gov/api/temporal/daily/point?parameters=T2M,PRECTOTCORR&community=RE&longitude=80.2707&latitude=13.0827&start=20210101&end=20241231&format=JSON",0.5x0.625 deg,daily,VALID,OBSERVED
IN-TN-CHE,Chennai,13.0827,80.2707,nasa_power_prectotcorr_daily,PRECTOTCORR,precipitation,0.38,mm/day,2023-11-19T00:00:00Z,NASA POWER (MERRA-2),"https://power.larc.nasa.gov/api/temporal/daily/point?parameters=T2M,PRECTOTCORR&community=RE&longitude=80.2707&latitude=13.0827&start=20210101&end=20241231&format=JSON",0.5x0.625 deg,daily,VALID,OBSERVED
IN-TN-CHE,Chennai,13.0827,80.2707,nasa_power_t2m_daily,T2M,temperature_2m,26.57,C,2023-11-20T00:00:00Z,NASA POWER (MERRA-2),"https://power.larc.nasa.gov/api/temporal/daily/point?parameters=T2M,PRECTOTCORR&community=RE&longitude=80.2707&latitude=13.0827&start=20210101&end=20241231&format=JSON",0.5x0.625 deg,daily,VALID,OBSERVED
IN-TN-CHE,Chennai,13.0827,80.2707,nasa_power_prectotcorr_daily,PRECTOTCORR,precipitation,18.5,mm/day,2023-11-20T00:00:00Z,NASA POWER (MERRA-2),"https://power.larc.nasa.gov/api/temporal/daily/point?parameters=T2M,PRECTOTCORR&community=RE&longitude=80.2707&latitude=13.0827&start=20210101&end=20241231&format=JSON",0.5x0.625 deg,daily,VALID,OBSERVED
IN-TN-CHE,Chennai,13.0827,80.2707,nasa_power_t2m_daily,T2M,temperature_2m,27.01,C,2023-11-21T00:00:00Z,NASA POWER (MERRA-2),"https://power.larc.nasa.gov/api/temporal/daily/point?parameters=T2M,PRECTOTCORR&community=RE&longitude=80.2707&latitude=13.0827&start=20210101&end=20241231&format=JSON",0.5x0.625 deg,daily,VALID,OBSERVED
IN-TN-CHE,Chennai,13.0827,80.2707,nasa_power_prectotcorr_daily,PRECTOTCORR,precipitation,14.95,mm/day,2023-11-21T00:00:00Z,NASA POWER (MERRA-2),"https://power.larc.nasa.gov/api/temporal/daily/point?parameters=T2M,PRECTOTCORR&community=RE&longitude=80.2707&latitude=13.0827&start=20210101&end=20241231&format=JSON",0.5x0.625 deg,daily,VALID,OBSERVED
IN-TN-CHE,Chennai,13.0827,80.2707,nasa_power_t2m_daily,T2M,temperature_2m,26.8,C,2023-11-22T00:00:00Z,NASA POWER (MERRA-2),"https://power.larc.nasa.gov/api/temporal/daily/point?parameters=T2M,PRECTOTCORR&community=RE&longitude=80.2707&latitude=13.0827&start=20210101&end=20241231&format=JSON",0.5x0.625 deg,daily,VALID,OBSERVED
IN-TN-CHE,Chennai,13.0827,80.2707,nasa_power_prectotcorr_daily,PRECTOTCORR,precipitation,11.15,mm/day,2023-11-22T00:00:00Z,NASA POWER (MERRA-2),"https://power.larc.nasa.gov/api/temporal/daily/point?parameters=T2M,PRECTOTCORR&community=RE&longitude=80.2707&latitude=13.0827&start=20210101&end=20241231&format=JSON",0.5x0.625 deg,daily,VALID,OBSERVED
IN-TN-CHE,Chennai,13.0827,80.2707,nasa_power_t2m_daily,T2M,temperature_2m,26.93,C,2023-11-23T00:00:00Z,NASA POWER (MERRA-2),"https://power.larc.nasa.gov/api/temporal/daily/point?parameters=T2M,PRECTOTCORR&community=RE&longitude=80.2707&latitude=13.0827&start=20210101&end=20241231&format=JSON",0.5x0.625 deg,daily,VALID,OBSERVED
IN-TN-CHE,Chennai,13.0827,80.2707,nasa_power_prectotcorr_daily,PRECTOTCORR,precipitation,11.14,mm/day,2023-11-23T00:00:00Z,NASA POWER (MERRA-2),"https://power.larc.nasa.gov/api/temporal/daily/point?parameters=T2M,PRECTOTCORR&community=RE&longitude=80.2707&latitude=13.0827&start=20210101&end=20241231&format=JSON",0.5x0.625 deg,daily,VALID,OBSERVED
IN-TN-CHE,Chennai,13.0827,80.2707,nasa_power_t2m_daily,T2M,temperature_2m,26.66,C,2023-11-24T00:00:00Z,NASA POWER (MERRA-2),"https://power.larc.nasa.gov/api/temporal/daily/point?parameters=T2M,PRECTOTCORR&community=RE&longitude=80.2707&latitude=13.0827&start=20210101&end=20241231&format=JSON",0.5x0.625 deg,daily,VALID,OBSERVED
IN-TN-CHE,Chennai,13.0827,80.2707,nasa_power_prectotcorr_daily,PRECTOTCORR,precipitation,14.33,mm/day,2023-11-24T00:00:00Z,NASA POWER (MERRA-2),"https://power.larc.nasa.gov/api/temporal/daily/point?parameters=T2M,PRECTOTCORR&community=RE&longitude=80.2707&latitude=13.0827&start=20210101&end=20241231&format=JSON",0.5x0.625 deg,daily,VALID,OBSERVED
IN-TN-CHE,Chennai,13.0827,80.2707,nasa_power_t2m_daily,T2M,temperature_2m,26.91,C,2023-11-25T00:00:00Z,NASA POWER (MERRA-2),"https://power.larc.nasa.gov/api/temporal/daily/point?parameters=T2M,PRECTOTCORR&community=RE&longitude=80.2707&latitude=13.0827&start=20210101&end=20241231&format=JSON",0.5x0.625 deg,daily,VALID,OBSERVED
IN-TN-CHE,Chennai,13.0827,80.2707,nasa_power_prectotcorr_daily,PRECTOTCORR,precipitation,11.86,mm/day,2023-11-25T00:00:00Z,NASA POWER (MERRA-2),"https://power.larc.nasa.gov/api/temporal/daily/point?parameters=T2M,PRECTOTCORR&community=RE&longitude=80.2707&latitude=13.0827&start=20210101&end=20241231&format=JSON",0.5x0.625 deg,daily,VALID,OBSERVED
IN-TN-CHE,Chennai,13.0827,80.2707,nasa_power_t2m_daily,T2M,temperature_2m,26.71,C,2023-11-26T00:00:00Z,NASA POWER (MERRA-2),"https://power.larc.nasa.gov/api/temporal/daily/point?parameters=T2M,PRECTOTCORR&community=RE&longitude=80.2707&latitude=13.0827&start=20210101&end=20241231&format=JSON",0.5x0.625 deg,daily,VALID,OBSERVED
IN-TN-CHE,Chennai,13.0827,80.2707,nasa_power_prectotcorr_daily,PRECTOTCORR,precipitation,7.68,mm/day,2023-11-26T00:00:00Z,NASA POWER (MERRA-2),"https://power.larc.nasa.gov/api/temporal/daily/point?parameters=T2M,PRECTOTCORR&community=RE&longitude=80.2707&latitude=13.0827&start=20210101&end=20241231&format=JSON",0.5x0.625 deg,daily,VALID,OBSERVED
IN-TN-CHE,Chennai,13.0827,80.2707,nasa_power_t2m_daily,T2M,temperature_2m,26.82,C,2023-11-27T00:00:00Z,NASA POWER (MERRA-2),"https://power.larc.nasa.gov/api/temporal/daily/point?parameters=T2M,PRECTOTCORR&community=RE&longitude=80.2707&latitude=13.0827&start=20210101&end=20241231&format=JSON",0.5x0.625 deg,daily,VALID,OBSERVED
IN-TN-CHE,Chennai,13.0827,80.2707,nasa_power_prectotcorr_daily,PRECTOTCORR,precipitation,18.5,mm/day,2023-11-27T00:00:00Z,NASA POWER (MERRA-2),"https://power.larc.nasa.gov/api/temporal/daily/point?parameters=T2M,PRECTOTCORR&community=RE&longitude=80.2707&latitude=13.0827&start=20210101&end=20241231&format=JSON",0.5x0.625 deg,daily,VALID,OBSERVED
IN-TN-CHE,Chennai,13.0827,80.2707,nasa_power_t2m_daily,T2M,temperature_2m,26.89,C,2023-11-28T00:00:00Z,NASA POWER (MERRA-2),"https://power.larc.nasa.gov/api/temporal/daily/point?parameters=T2M,PRECTOTCORR&community=RE&longitude=80.2707&latitude=13.0827&start=20210101&end=20241231&format=JSON",0.5x0.625 deg,daily,VALID,OBSERVED
IN-TN-CHE,Chennai,13.0827,80.2707,nasa_power_prectotcorr_daily,PRECTOTCORR,precipitation,14.1,mm/day,2023-11-28T00:00:00Z,NASA POWER (MERRA-2),"https://power.larc.nasa.gov/api/temporal/daily/point?parameters=T2M,PRECTOTCORR&community=RE&longitude=80.2707&latitude=13.0827&start=20210101&end=20241231&format=JSON",0.5x0.625 deg,daily,VALID,OBSERVED
IN-TN-CHE,Chennai,13.0827,80.2707,nasa_power_t2m_daily,T2M,temperature_2m,26.36,C,2023-11-29T00:00:00Z,NASA POWER (MERRA-2),"https://power.larc.nasa.gov/api/temporal/daily/point?parameters=T2M,PRECTOTCORR&community=RE&longitude=80.2707&latitude=13.0827&start=20210101&end=20241231&format=JSON",0.5x0.625 deg,daily,VALID,OBSERVED
IN-TN-CHE,Chennai,13.0827,80.2707,nasa_power_prectotcorr_daily,PRECTOTCORR,precipitation,45.11,mm/day,2023-11-29T00:00:00Z,NASA POWER (MERRA-2),"https://power.larc.nasa.gov/api/temporal/daily/point?parameters=T2M,PRECTOTCORR&community=RE&longitude=80.2707&latitude=13.0827&start=20210101&end=20241231&format=JSON",0.5x0.625 deg,daily,VALID,OBSERVED
IN-TN-CHE,Chennai,13.0827,80.2707,nasa_power_t2m_daily,T2M,temperature_2m,26.02,C,2023-11-30T00:00:00Z,NASA POWER (MERRA-2),"https://power.larc.nasa.gov/api/temporal/daily/point?parameters=T2M,PRECTOTCORR&community=RE&longitude=80.2707&latitude=13.0827&start=20210101&end=20241231&format=JSON",0.5x0.625 deg,daily,VALID,OBSERVED
IN-TN-CHE,Chennai,13.0827,80.2707,nasa_power_prectotcorr_daily,PRECTOTCORR,precipitation,19.95,mm/day,2023-11-30T00:00:00Z,NASA POWER (MERRA-2),"https://power.larc.nasa.gov/api/temporal/daily/point?parameters=T2M,PRECTOTCORR&community=RE&longitude=80.2707&latitude=13.0827&start=20210101&end=20241231&format=JSON",0.5x0.625 deg,daily,VALID,OBSERVED
IN-TN-CHE,Chennai,13.0827,80.2707,nasa_power_t2m_daily,T2M,temperature_2m,26.32,C,2023-12-01T00:00:00Z,NASA POWER (MERRA-2),"https://power.larc.nasa.gov/api/temporal/daily/point?parameters=T2M,PRECTOTCORR&community=RE&longitude=80.2707&latitude=13.0827&start=20210101&end=20241231&format=JSON",0.5x0.625 deg,daily,VALID,OBSERVED
IN-TN-CHE,Chennai,13.0827,80.2707,nasa_power_prectotcorr_daily,PRECTOTCORR,precipitation,13.28,mm/day,2023-12-01T00:00:00Z,NASA POWER (MERRA-2),"https://power.larc.nasa.gov/api/temporal/daily/point?parameters=T2M,PRECTOTCORR&community=RE&longitude=80.2707&latitude=13.0827&start=20210101&end=20241231&format=JSON",0.5x0.625 deg,daily,VALID,OBSERVED
IN-TN-CHE,Chennai,13.0827,80.2707,nasa_power_t2m_daily,T2M,temperature_2m,26.38,C,2023-12-02T00:00:00Z,NASA POWER (MERRA-2),"https://power.larc.nasa.gov/api/temporal/daily/point?parameters=T2M,PRECTOTCORR&community=RE&longitude=80.2707&latitude=13.0827&start=20210101&end=20241231&format=JSON",0.5x0.625 deg,daily,VALID,OBSERVED
IN-TN-CHE,Chennai,13.0827,80.2707,nasa_power_prectotcorr_daily,PRECTOTCORR,precipitation,35.1,mm/day,2023-12-02T00:00:00Z,NASA POWER (MERRA-2),"https://power.larc.nasa.gov/api/temporal/daily/point?parameters=T2M,PRECTOTCORR&community=RE&longitude=80.2707&latitude=13.0827&start=20210101&end=20241231&format=JSON",0.5x0.625 deg,daily,VALID,OBSERVED
IN-TN-CHE,Chennai,13.0827,80.2707,nasa_power_t2m_daily,T2M,temperature_2m,26.28,C,2023-12-03T00:00:00Z,NASA POWER (MERRA-2),"https://power.larc.nasa.gov/api/temporal/daily/point?parameters=T2M,PRECTOTCORR&community=RE&longitude=80.2707&latitude=13.0827&start=20210101&end=20241231&format=JSON",0.5x0.625 deg,daily,VALID,OBSERVED
IN-TN-CHE,Chennai,13.0827,80.2707,nasa_power_prectotcorr_daily,PRECTOTCORR,precipitation,50.09,mm/day,2023-12-03T00:00:00Z,NASA POWER (MERRA-2),"https://power.larc.nasa.gov/api/temporal/daily/point?parameters=T2M,PRECTOTCORR&community=RE&longitude=80.2707&latitude=13.0827&start=20210101&end=20241231&format=JSON",0.5x0.625 deg,daily,VALID,OBSERVED
IN-TN-CHE,Chennai,13.0827,80.2707,nasa_power_t2m_daily,T2M,temperature_2m,24.8,C,2023-12-04T00:00:00Z,NASA POWER (MERRA-2),"https://power.larc.nasa.gov/api/temporal/daily/point?parameters=T2M,PRECTOTCORR&community=RE&longitude=80.2707&latitude=13.0827&start=20210101&end=20241231&format=JSON",0.5x0.625 deg,daily,VALID,OBSERVED
IN-TN-CHE,Chennai,13.0827,80.2707,nasa_power_prectotcorr_daily,PRECTOTCORR,precipitation,187.88,mm/day,2023-12-04T00:00:00Z,NASA POWER (MERRA-2),"https://power.larc.nasa.gov/api/temporal/daily/point?parameters=T2M,PRECTOTCORR&community=RE&longitude=80.2707&latitude=13.0827&start=20210101&end=20241231&format=JSON",0.5x0.625 deg,daily,VALID,OBSERVED
IN-TN-CHE,Chennai,13.0827,80.2707,nasa_power_t2m_daily,T2M,temperature_2m,25.84,C,2023-12-05T00:00:00Z,NASA POWER (MERRA-2),"https://power.larc.nasa.gov/api/temporal/daily/point?parameters=T2M,PRECTOTCORR&community=RE&longitude=80.2707&latitude=13.0827&start=20210101&end=20241231&format=JSON",0.5x0.625 deg,daily,VALID,OBSERVED
IN-TN-CHE,Chennai,13.0827,80.2707,nasa_power_prectotcorr_daily,PRECTOTCORR,precipitation,2.58,mm/day,2023-12-05T00:00:00Z,NASA POWER (MERRA-2),"https://power.larc.nasa.gov/api/temporal/daily/point?parameters=T2M,PRECTOTCORR&community=RE&longitude=80.2707&latitude=13.0827&start=20210101&end=20241231&format=JSON",0.5x0.625 deg,daily,VALID,OBSERVED
IN-TN-CHE,Chennai,13.0827,80.2707,nasa_power_t2m_daily,T2M,temperature_2m,27.07,C,2023-12-06T00:00:00Z,NASA POWER (MERRA-2),"https://power.larc.nasa.gov/api/temporal/daily/point?parameters=T2M,PRECTOTCORR&community=RE&longitude=80.2707&latitude=13.0827&start=20210101&end=20241231&format=JSON",0.5x0.625 deg,daily,VALID,OBSERVED
IN-TN-CHE,Chennai,13.0827,80.2707,nasa_power_prectotcorr_daily,PRECTOTCORR,precipitation,1.83,mm/day,2023-12-06T00:00:00Z,NASA POWER (MERRA-2),"https://power.larc.nasa.gov/api/temporal/daily/point?parameters=T2M,PRECTOTCORR&community=RE&longitude=80.2707&latitude=13.0827&start=20210101&end=20241231&format=JSON",0.5x0.625 deg,daily,VALID,OBSERVED
IN-TN-CHE,Chennai,13.0827,80.2707,nasa_power_t2m_daily,T2M,temperature_2m,27.07,C,2023-12-07T00:00:00Z,NASA POWER (MERRA-2),"https://power.larc.nasa.gov/api/temporal/daily/point?parameters=T2M,PRECTOTCORR&community=RE&longitude=80.2707&latitude=13.0827&start=20210101&end=20241231&format=JSON",0.5x0.625 deg,daily,VALID,OBSERVED
IN-TN-CHE,Chennai,13.0827,80.2707,nasa_power_prectotcorr_daily,PRECTOTCORR,precipitation,1.35,mm/day,2023-12-07T00:00:00Z,NASA POWER (MERRA-2),"https://power.larc.nasa.gov/api/temporal/daily/point?parameters=T2M,PRECTOTCORR&community=RE&longitude=80.2707&latitude=13.0827&start=20210101&end=20241231&format=JSON",0.5x0.625 deg,daily,VALID,OBSERVED
IN-TN-CHE,Chennai,13.0827,80.2707,nasa_power_t2m_daily,T2M,temperature_2m,26.38,C,2023-12-08T00:00:00Z,NASA POWER (MERRA-2),"https://power.larc.nasa.gov/api/temporal/daily/point?parameters=T2M,PRECTOTCORR&community=RE&longitude=80.2707&latitude=13.0827&start=20210101&end=20241231&format=JSON",0.5x0.625 deg,daily,VALID,OBSERVED
IN-TN-CHE,Chennai,13.0827,80.2707,nasa_power_prectotcorr_daily,PRECTOTCORR,precipitation,0.69,mm/day,2023-12-08T00:00:00Z,NASA POWER (MERRA-2),"https://power.larc.nasa.gov/api/temporal/daily/point?parameters=T2M,PRECTOTCORR&community=RE&longitude=80.2707&latitude=13.0827&start=20210101&end=20241231&format=JSON",0.5x0.625 deg,daily,VALID,OBSERVED
IN-TN-CHE,Chennai,13.0827,80.2707,nasa_power_t2m_daily,T2M,temperature_2m,26.1,C,2023-12-09T00:00:00Z,NASA POWER (MERRA-2),"https://power.larc.nasa.gov/api/temporal/daily/point?parameters=T2M,PRECTOTCORR&community=RE&longitude=80.2707&latitude=13.0827&start=20210101&end=20241231&format=JSON",0.5x0.625 deg,daily,VALID,OBSERVED
IN-TN-CHE,Chennai,13.0827,80.2707,nasa_power_prectotcorr_daily,PRECTOTCORR,precipitation,0.34,mm/day,2023-12-09T00:00:00Z,NASA POWER (MERRA-2),"https://power.larc.nasa.gov/api/temporal/daily/point?parameters=T2M,PRECTOTCORR&community=RE&longitude=80.2707&latitude=13.0827&start=20210101&end=20241231&format=JSON",0.5x0.625 deg,daily,VALID,OBSERVED
IN-TN-CHE,Chennai,13.0827,80.2707,nasa_power_t2m_daily,T2M,temperature_2m,25.51,C,2023-12-10T00:00:00Z,NASA POWER (MERRA-2),"https://power.larc.nasa.gov/api/temporal/daily/point?parameters=T2M,PRECTOTCORR&community=RE&longitude=80.2707&latitude=13.0827&start=20210101&end=20241231&format=JSON",0.5x0.625 deg,daily,VALID,OBSERVED
IN-TN-CHE,Chennai,13.0827,80.2707,nasa_power_prectotcorr_daily,PRECTOTCORR,precipitation,0.07,mm/day,2023-12-10T00:00:00Z,NASA POWER (MERRA-2),"https://power.larc.nasa.gov/api/temporal/daily/point?parameters=T2M,PRECTOTCORR&community=RE&longitude=80.2707&latitude=13.0827&start=20210101&end=20241231&format=JSON",0.5x0.625 deg,daily,VALID,OBSERVED
IN-TN-CHE,Chennai,13.0827,80.2707,nasa_power_t2m_daily,T2M,temperature_2m,25.1,C,2023-12-11T00:00:00Z,NASA POWER (MERRA-2),"https://power.larc.nasa.gov/api/temporal/daily/point?parameters=T2M,PRECTOTCORR&community=RE&longitude=80.2707&latitude=13.0827&start=20210101&end=20241231&format=JSON",0.5x0.625 deg,daily,VALID,OBSERVED
IN-TN-CHE,Chennai,13.0827,80.2707,nasa_power_prectotcorr_daily,PRECTOTCORR,precipitation,0.08,mm/day,2023-12-11T00:00:00Z,NASA POWER (MERRA-2),"https://power.larc.nasa.gov/api/temporal/daily/point?parameters=T2M,PRECTOTCORR&community=RE&longitude=80.2707&latitude=13.0827&start=20210101&end=20241231&format=JSON",0.5x0.625 deg,daily,VALID,OBSERVED
IN-TN-CHE,Chennai,13.0827,80.2707,nasa_power_t2m_daily,T2M,temperature_2m,24.49,C,2023-12-12T00:00:00Z,NASA POWER (MERRA-2),"https://power.larc.nasa.gov/api/temporal/daily/point?parameters=T2M,PRECTOTCORR&community=RE&longitude=80.2707&latitude=13.0827&start=20210101&end=20241231&format=JSON",0.5x0.625 deg,daily,VALID,OBSERVED
IN-TN-CHE,Chennai,13.0827,80.2707,nasa_power_prectotcorr_daily,PRECTOTCORR,precipitation,0.12,mm/day,2023-12-12T00:00:00Z,NASA POWER (MERRA-2),"https://power.larc.nasa.gov/api/temporal/daily/point?parameters=T2M,PRECTOTCORR&community=RE&longitude=80.2707&latitude=13.0827&start=20210101&end=20241231&format=JSON",0.5x0.625 deg,daily,VALID,OBSERVED
IN-TN-CHE,Chennai,13.0827,80.2707,nasa_power_t2m_daily,T2M,temperature_2m,24.29,C,2023-12-13T00:00:00Z,NASA POWER (MERRA-2),"https://power.larc.nasa.gov/api/temporal/daily/point?parameters=T2M,PRECTOTCORR&community=RE&longitude=80.2707&latitude=13.0827&start=20210101&end=20241231&format=JSON",0.5x0.625 deg,daily,VALID,OBSERVED
IN-TN-CHE,Chennai,13.0827,80.2707,nasa_power_prectotcorr_daily,PRECTOTCORR,precipitation,0.02,mm/day,2023-12-13T00:00:00Z,NASA POWER (MERRA-2),"https://power.larc.nasa.gov/api/temporal/daily/point?parameters=T2M,PRECTOTCORR&community=RE&longitude=80.2707&latitude=13.0827&start=20210101&end=20241231&format=JSON",0.5x0.625 deg,daily,VALID,OBSERVED
IN-TN-CHE,Chennai,13.0827,80.2707,nasa_power_t2m_daily,T2M,temperature_2m,24.53,C,2023-12-14T00:00:00Z,NASA POWER (MERRA-2),"https://power.larc.nasa.gov/api/temporal/daily/point?parameters=T2M,PRECTOTCORR&community=RE&longitude=80.2707&latitude=13.0827&start=20210101&end=20241231&format=JSON",0.5x0.625 deg,daily,VALID,OBSERVED
IN-TN-CHE,Chennai,13.0827,80.2707,nasa_power_prectotcorr_daily,PRECTOTCORR,precipitation,0.03,mm/day,2023-12-14T00:00:00Z,NASA POWER (MERRA-2),"https://power.larc.nasa.gov/api/temporal/daily/point?parameters=T2M,PRECTOTCORR&community=RE&longitude=80.2707&latitude=13.0827&start=20210101&end=20241231&format=JSON",0.5x0.625 deg,daily,VALID,OBSERVED
IN-TN-CHE,Chennai,13.0827,80.2707,nasa_power_t2m_daily,T2M,temperature_2m,25.18,C,2023-12-15T00:00:00Z,NASA POWER (MERRA-2),"https://power.larc.nasa.gov/api/temporal/daily/point?parameters=T2M,PRECTOTCORR&community=RE&longitude=80.2707&latitude=13.0827&start=20210101&end=20241231&format=JSON",0.5x0.625 deg,daily,VALID,OBSERVED
IN-TN-CHE,Chennai,13.0827,80.2707,nasa_power_prectotcorr_daily,PRECTOTCORR,precipitation,7.0,mm/day,2023-12-15T00:00:00Z,NASA POWER (MERRA-2),"https://power.larc.nasa.gov/api/temporal/daily/point?parameters=T2M,PRECTOTCORR&community=RE&longitude=80.2707&latitude=13.0827&start=20210101&end=20241231&format=JSON",0.5x0.625 deg,daily,VALID,OBSERVED
IN-TN-CHE,Chennai,13.0827,80.2707,nasa_power_t2m_daily,T2M,temperature_2m,25.99,C,2023-12-16T00:00:00Z,NASA POWER (MERRA-2),"https://power.larc.nasa.gov/api/temporal/daily/point?parameters=T2M,PRECTOTCORR&community=RE&longitude=80.2707&latitude=13.0827&start=20210101&end=20241231&format=JSON",0.5x0.625 deg,daily,VALID,OBSERVED
IN-TN-CHE,Chennai,13.0827,80.2707,nasa_power_prectotcorr_daily,PRECTOTCORR,precipitation,1.85,mm/day,2023-12-16T00:00:00Z,NASA POWER (MERRA-2),"https://power.larc.nasa.gov/api/temporal/daily/point?parameters=T2M,PRECTOTCORR&community=RE&longitude=80.2707&latitude=13.0827&start=20210101&end=20241231&format=JSON",0.5x0.625 deg,daily,VALID,OBSERVED
IN-TN-CHE,Chennai,13.0827,80.2707,nasa_power_t2m_daily,T2M,temperature_2m,25.5,C,2023-12-17T00:00:00Z,NASA POWER (MERRA-2),"https://power.larc.nasa.gov/api/temporal/daily/point?parameters=T2M,PRECTOTCORR&community=RE&longitude=80.2707&latitude=13.0827&start=20210101&end=20241231&format=JSON",0.5x0.625 deg,daily,VALID,OBSERVED
IN-TN-CHE,Chennai,13.0827,80.2707,nasa_power_prectotcorr_daily,PRECTOTCORR,precipitation,0.13,mm/day,2023-12-17T00:00:00Z,NASA POWER (MERRA-2),"https://power.larc.nasa.gov/api/temporal/daily/point?parameters=T2M,PRECTOTCORR&community=RE&longitude=80.2707&latitude=13.0827&start=20210101&end=20241231&format=JSON",0.5x0.625 deg,daily,VALID,OBSERVED
IN-TN-CHE,Chennai,13.0827,80.2707,nasa_power_t2m_daily,T2M,temperature_2m,25.15,C,2023-12-18T00:00:00Z,NASA POWER (MERRA-2),"https://power.larc.nasa.gov/api/temporal/daily/point?parameters=T2M,PRECTOTCORR&community=RE&longitude=80.2707&latitude=13.0827&start=20210101&end=20241231&format=JSON",0.5x0.625 deg,daily,VALID,OBSERVED
IN-TN-CHE,Chennai,13.0827,80.2707,nasa_power_prectotcorr_daily,PRECTOTCORR,precipitation,0.04,mm/day,2023-12-18T00:00:00Z,NASA POWER (MERRA-2),"https://power.larc.nasa.gov/api/temporal/daily/point?parameters=T2M,PRECTOTCORR&community=RE&longitude=80.2707&latitude=13.0827&start=20210101&end=20241231&format=JSON",0.5x0.625 deg,daily,VALID,OBSERVED
IN-TN-CHE,Chennai,13.0827,80.2707,nasa_power_t2m_daily,T2M,temperature_2m,24.75,C,2023-12-19T00:00:00Z,NASA POWER (MERRA-2),"https://power.larc.nasa.gov/api/temporal/daily/point?parameters=T2M,PRECTOTCORR&community=RE&longitude=80.2707&latitude=13.0827&start=20210101&end=20241231&format=JSON",0.5x0.625 deg,daily,VALID,OBSERVED
IN-TN-CHE,Chennai,13.0827,80.2707,nasa_power_prectotcorr_daily,PRECTOTCORR,precipitation,0.01,mm/day,2023-12-19T00:00:00Z,NASA POWER (MERRA-2),"https://power.larc.nasa.gov/api/temporal/daily/point?parameters=T2M,PRECTOTCORR&community=RE&longitude=80.2707&latitude=13.0827&start=20210101&end=20241231&format=JSON",0.5x0.625 deg,daily,VALID,OBSERVED
IN-TN-CHE,Chennai,13.0827,80.2707,nasa_power_t2m_daily,T2M,temperature_2m,24.69,C,2023-12-20T00:00:00Z,NASA POWER (MERRA-2),"https://power.larc.nasa.gov/api/temporal/daily/point?parameters=T2M,PRECTOTCORR&community=RE&longitude=80.2707&latitude=13.0827&start=20210101&end=20241231&format=JSON",0.5x0.625 deg,daily,VALID,OBSERVED
IN-TN-CHE,Chennai,13.0827,80.2707,nasa_power_prectotcorr_daily,PRECTOTCORR,precipitation,0.01,mm/day,2023-12-20T00:00:00Z,NASA POWER (MERRA-2),"https://power.larc.nasa.gov/api/temporal/daily/point?parameters=T2M,PRECTOTCORR&community=RE&longitude=80.2707&latitude=13.0827&start=20210101&end=20241231&format=JSON",0.5x0.625 deg,daily,VALID,OBSERVED
IN-TN-CHE,Chennai,13.0827,80.2707,nasa_power_t2m_daily,T2M,temperature_2m,24.69,C,2023-12-21T00:00:00Z,NASA POWER (MERRA-2),"https://power.larc.nasa.gov/api/temporal/daily/point?parameters=T2M,PRECTOTCORR&community=RE&longitude=80.2707&latitude=13.0827&start=20210101&end=20241231&format=JSON",0.5x0.625 deg,daily,VALID,OBSERVED
IN-TN-CHE,Chennai,13.0827,80.2707,nasa_power_prectotcorr_daily,PRECTOTCORR,precipitation,0.02,mm/day,2023-12-21T00:00:00Z,NASA POWER (MERRA-2),"https://power.larc.nasa.gov/api/temporal/daily/point?parameters=T2M,PRECTOTCORR&community=RE&longitude=80.2707&latitude=13.0827&start=20210101&end=20241231&format=JSON",0.5x0.625 deg,daily,VALID,OBSERVED
IN-TN-CHE,Chennai,13.0827,80.2707,nasa_power_t2m_daily,T2M,temperature_2m,24.23,C,2023-12-22T00:00:00Z,NASA POWER (MERRA-2),"https://power.larc.nasa.gov/api/temporal/daily/point?parameters=T2M,PRECTOTCORR&community=RE&longitude=80.2707&latitude=13.0827&start=20210101&end=20241231&format=JSON",0.5x0.625 deg,daily,VALID,OBSERVED
IN-TN-CHE,Chennai,13.0827,80.2707,nasa_power_prectotcorr_daily,PRECTOTCORR,precipitation,0.0,mm/day,2023-12-22T00:00:00Z,NASA POWER (MERRA-2),"https://power.larc.nasa.gov/api/temporal/daily/point?parameters=T2M,PRECTOTCORR&community=RE&longitude=80.2707&latitude=13.0827&start=20210101&end=20241231&format=JSON",0.5x0.625 deg,daily,VALID,OBSERVED
IN-TN-CHE,Chennai,13.0827,80.2707,nasa_power_t2m_daily,T2M,temperature_2m,23.75,C,2023-12-23T00:00:00Z,NASA POWER (MERRA-2),"https://power.larc.nasa.gov/api/temporal/daily/point?parameters=T2M,PRECTOTCORR&community=RE&longitude=80.2707&latitude=13.0827&start=20210101&end=20241231&format=JSON",0.5x0.625 deg,daily,VALID,OBSERVED
IN-TN-CHE,Chennai,13.0827,80.2707,nasa_power_prectotcorr_daily,PRECTOTCORR,precipitation,0.0,mm/day,2023-12-23T00:00:00Z,NASA POWER (MERRA-2),"https://power.larc.nasa.gov/api/temporal/daily/point?parameters=T2M,PRECTOTCORR&community=RE&longitude=80.2707&latitude=13.0827&start=20210101&end=20241231&format=JSON",0.5x0.625 deg,daily,VALID,OBSERVED
IN-TN-CHE,Chennai,13.0827,80.2707,nasa_power_t2m_daily,T2M,temperature_2m,24.62,C,2023-12-24T00:00:00Z,NASA POWER (MERRA-2),"https://power.larc.nasa.gov/api/temporal/daily/point?parameters=T2M,PRECTOTCORR&community=RE&longitude=80.2707&latitude=13.0827&start=20210101&end=20241231&format=JSON",0.5x0.625 deg,daily,VALID,OBSERVED
IN-TN-CHE,Chennai,13.0827,80.2707,nasa_power_prectotcorr_daily,PRECTOTCORR,precipitation,0.01,mm/day,2023-12-24T00:00:00Z,NASA POWER (MERRA-2),"https://power.larc.nasa.gov/api/temporal/daily/point?parameters=T2M,PRECTOTCORR&community=RE&longitude=80.2707&latitude=13.0827&start=20210101&end=20241231&format=JSON",0.5x0.625 deg,daily,VALID,OBSERVED
IN-TN-CHE,Chennai,13.0827,80.2707,nasa_power_t2m_daily,T2M,temperature_2m,25.17,C,2023-12-25T00:00:00Z,NASA POWER (MERRA-2),"https://power.larc.nasa.gov/api/temporal/daily/point?parameters=T2M,PRECTOTCORR&community=RE&longitude=80.2707&latitude=13.0827&start=20210101&end=20241231&format=JSON",0.5x0.625 deg,daily,VALID,OBSERVED
IN-TN-CHE,Chennai,13.0827,80.2707,nasa_power_prectotcorr_daily,PRECTOTCORR,precipitation,0.02,mm/day,2023-12-25T00:00:00Z,NASA POWER (MERRA-2),"https://power.larc.nasa.gov/api/temporal/daily/point?parameters=T2M,PRECTOTCORR&community=RE&longitude=80.2707&latitude=13.0827&start=20210101&end=20241231&format=JSON",0.5x0.625 deg,daily,VALID,OBSERVED
IN-TN-CHE,Chennai,13.0827,80.2707,nasa_power_t2m_daily,T2M,temperature_2m,24.53,C,2023-12-26T00:00:00Z,NASA POWER (MERRA-2),"https://power.larc.nasa.gov/api/temporal/daily/point?parameters=T2M,PRECTOTCORR&community=RE&longitude=80.2707&latitude=13.0827&start=20210101&end=20241231&format=JSON",0.5x0.625 deg,daily,VALID,OBSERVED
IN-TN-CHE,Chennai,13.0827,80.2707,nasa_power_prectotcorr_daily,PRECTOTCORR,precipitation,0.0,mm/day,2023-12-26T00:00:00Z,NASA POWER (MERRA-2),"https://power.larc.nasa.gov/api/temporal/daily/point?parameters=T2M,PRECTOTCORR&community=RE&longitude=80.2707&latitude=13.0827&start=20210101&end=20241231&format=JSON",0.5x0.625 deg,daily,VALID,OBSERVED
IN-TN-CHE,Chennai,13.0827,80.2707,nasa_power_t2m_daily,T2M,temperature_2m,24.45,C,2023-12-27T00:00:00Z,NASA POWER (MERRA-2),"https://power.larc.nasa.gov/api/temporal/daily/point?parameters=T2M,PRECTOTCORR&community=RE&longitude=80.2707&latitude=13.0827&start=20210101&end=20241231&format=JSON",0.5x0.625 deg,daily,VALID,OBSERVED
IN-TN-CHE,Chennai,13.0827,80.2707,nasa_power_prectotcorr_daily,PRECTOTCORR,precipitation,0.02,mm/day,2023-12-27T00:00:00Z,NASA POWER (MERRA-2),"https://power.larc.nasa.gov/api/temporal/daily/point?parameters=T2M,PRECTOTCORR&community=RE&longitude=80.2707&latitude=13.0827&start=20210101&end=20241231&format=JSON",0.5x0.625 deg,daily,VALID,OBSERVED
IN-TN-CHE,Chennai,13.0827,80.2707,nasa_power_t2m_daily,T2M,temperature_2m,25.1,C,2023-12-28T00:00:00Z,NASA POWER (MERRA-2),"https://power.larc.nasa.gov/api/temporal/daily/point?parameters=T2M,PRECTOTCORR&community=RE&longitude=80.2707&latitude=13.0827&start=20210101&end=20241231&format=JSON",0.5x0.625 deg,daily,VALID,OBSERVED
IN-TN-CHE,Chennai,13.0827,80.2707,nasa_power_prectotcorr_daily,PRECTOTCORR,precipitation,0.15,mm/day,2023-12-28T00:00:00Z,NASA POWER (MERRA-2),"https://power.larc.nasa.gov/api/temporal/daily/point?parameters=T2M,PRECTOTCORR&community=RE&longitude=80.2707&latitude=13.0827&start=20210101&end=20241231&format=JSON",0.5x0.625 deg,daily,VALID,OBSERVED
IN-TN-CHE,Chennai,13.0827,80.2707,nasa_power_t2m_daily,T2M,temperature_2m,25.2,C,2023-12-29T00:00:00Z,NASA POWER (MERRA-2),"https://power.larc.nasa.gov/api/temporal/daily/point?parameters=T2M,PRECTOTCORR&community=RE&longitude=80.2707&latitude=13.0827&start=20210101&end=20241231&format=JSON",0.5x0.625 deg,daily,VALID,OBSERVED
IN-TN-CHE,Chennai,13.0827,80.2707,nasa_power_prectotcorr_daily,PRECTOTCORR,precipitation,0.21,mm/day,2023-12-29T00:00:00Z,NASA POWER (MERRA-2),"https://power.larc.nasa.gov/api/temporal/daily/point?parameters=T2M,PRECTOTCORR&community=RE&longitude=80.2707&latitude=13.0827&start=20210101&end=20241231&format=JSON",0.5x0.625 deg,daily,VALID,OBSERVED
IN-TN-CHE,Chennai,13.0827,80.2707,nasa_power_t2m_daily,T2M,temperature_2m,24.34,C,2023-12-30T00:00:00Z,NASA POWER (MERRA-2),"https://power.larc.nasa.gov/api/temporal/daily/point?parameters=T2M,PRECTOTCORR&community=RE&longitude=80.2707&latitude=13.0827&start=20210101&end=20241231&format=JSON",0.5x0.625 deg,daily,VALID,OBSERVED
IN-TN-CHE,Chennai,13.0827,80.2707,nasa_power_prectotcorr_daily,PRECTOTCORR,precipitation,0.01,mm/day,2023-12-30T00:00:00Z,NASA POWER (MERRA-2),"https://power.larc.nasa.gov/api/temporal/daily/point?parameters=T2M,PRECTOTCORR&community=RE&longitude=80.2707&latitude=13.0827&start=20210101&end=20241231&format=JSON",0.5x0.625 deg,daily,VALID,OBSERVED
IN-TN-CHE,Chennai,13.0827,80.2707,nasa_power_t2m_daily,T2M,temperature_2m,24.46,C,2023-12-31T00:00:00Z,NASA POWER (MERRA-2),"https://power.larc.nasa.gov/api/temporal/daily/point?parameters=T2M,PRECTOTCORR&community=RE&longitude=80.2707&latitude=13.0827&start=20210101&end=20241231&format=JSON",0.5x0.625 deg,daily,VALID,OBSERVED
IN-TN-CHE,Chennai,13.0827,80.2707,nasa_power_prectotcorr_daily,PRECTOTCORR,precipitation,0.01,mm/day,2023-12-31T00:00:00Z,NASA POWER (MERRA-2),"https://power.larc.nasa.gov/api/temporal/daily/point?parameters=T2M,PRECTOTCORR&community=RE&longitude=80.2707&latitude=13.0827&start=20210101&end=20241231&format=JSON",0.5x0.625 deg,daily,VALID,OBSERVED
IN-TN-CHE,Chennai,13.0827,80.2707,nasa_power_t2m_daily,T2M,temperature_2m,24.34,C,2024-01-01T00:00:00Z,NASA POWER (MERRA-2),"https://power.larc.nasa.gov/api/temporal/daily/point?parameters=T2M,PRECTOTCORR&community=RE&longitude=80.2707&latitude=13.0827&start=20210101&end=20241231&format=JSON",0.5x0.625 deg,daily,VALID,OBSERVED
IN-TN-CHE,Chennai,13.0827,80.2707,nasa_power_prectotcorr_daily,PRECTOTCORR,precipitation,0.23,mm/day,2024-01-01T00:00:00Z,NASA POWER (MERRA-2),"https://power.larc.nasa.gov/api/temporal/daily/point?parameters=T2M,PRECTOTCORR&community=RE&longitude=80.2707&latitude=13.0827&start=20210101&end=20241231&format=JSON",0.5x0.625 deg,daily,VALID,OBSERVED
IN-TN-CHE,Chennai,13.0827,80.2707,nasa_power_t2m_daily,T2M,temperature_2m,24.28,C,2024-01-02T00:00:00Z,NASA POWER (MERRA-2),"https://power.larc.nasa.gov/api/temporal/daily/point?parameters=T2M,PRECTOTCORR&community=RE&longitude=80.2707&latitude=13.0827&start=20210101&end=20241231&format=JSON",0.5x0.625 deg,daily,VALID,OBSERVED
IN-TN-CHE,Chennai,13.0827,80.2707,nasa_power_prectotcorr_daily,PRECTOTCORR,precipitation,0.04,mm/day,2024-01-02T00:00:00Z,NASA POWER (MERRA-2),"https://power.larc.nasa.gov/api/temporal/daily/point?parameters=T2M,PRECTOTCORR&community=RE&longitude=80.2707&latitude=13.0827&start=20210101&end=20241231&format=JSON",0.5x0.625 deg,daily,VALID,OBSERVED
IN-TN-CHE,Chennai,13.0827,80.2707,nasa_power_t2m_daily,T2M,temperature_2m,24.57,C,2024-01-03T00:00:00Z,NASA POWER (MERRA-2),"https://power.larc.nasa.gov/api/temporal/daily/point?parameters=T2M,PRECTOTCORR&community=RE&longitude=80.2707&latitude=13.0827&start=20210101&end=20241231&format=JSON",0.5x0.625 deg,daily,VALID,OBSERVED
IN-TN-CHE,Chennai,13.0827,80.2707,nasa_power_prectotcorr_daily,PRECTOTCORR,precipitation,1.01,mm/day,2024-01-03T00:00:00Z,NASA POWER (MERRA-2),"https://power.larc.nasa.gov/api/temporal/daily/point?parameters=T2M,PRECTOTCORR&community=RE&longitude=80.2707&latitude=13.0827&start=20210101&end=20241231&format=JSON",0.5x0.625 deg,daily,VALID,OBSERVED
IN-TN-CHE,Chennai,13.0827,80.2707,nasa_power_t2m_daily,T2M,temperature_2m,25.06,C,2024-01-04T00:00:00Z,NASA POWER (MERRA-2),"https://power.larc.nasa.gov/api/temporal/daily/point?parameters=T2M,PRECTOTCORR&community=RE&longitude=80.2707&latitude=13.0827&start=20210101&end=20241231&format=JSON",0.5x0.625 deg,daily,VALID,OBSERVED
IN-TN-CHE,Chennai,13.0827,80.2707,nasa_power_prectotcorr_daily,PRECTOTCORR,precipitation,2.55,mm/day,2024-01-04T00:00:00Z,NASA POWER (MERRA-2),"https://power.larc.nasa.gov/api/temporal/daily/point?parameters=T2M,PRECTOTCORR&community=RE&longitude=80.2707&latitude=13.0827&start=20210101&end=20241231&format=JSON",0.5x0.625 deg,daily,VALID,OBSERVED
IN-TN-CHE,Chennai,13.0827,80.2707,nasa_power_t2m_daily,T2M,temperature_2m,25.03,C,2024-01-05T00:00:00Z,NASA POWER (MERRA-2),"https://power.larc.nasa.gov/api/temporal/daily/point?parameters=T2M,PRECTOTCORR&community=RE&longitude=80.2707&latitude=13.0827&start=20210101&end=20241231&format=JSON",0.5x0.625 deg,daily,VALID,OBSERVED
IN-TN-CHE,Chennai,13.0827,80.2707,nasa_power_prectotcorr_daily,PRECTOTCORR,precipitation,1.07,mm/day,2024-01-05T00:00:00Z,NASA POWER (MERRA-2),"https://power.larc.nasa.gov/api/temporal/daily/point?parameters=T2M,PRECTOTCORR&community=RE&longitude=80.2707&latitude=13.0827&start=20210101&end=20241231&format=JSON",0.5x0.625 deg,daily,VALID,OBSERVED
IN-TN-CHE,Chennai,13.0827,80.2707,nasa_power_t2m_daily,T2M,temperature_2m,25.18,C,2024-01-06T00:00:00Z,NASA POWER (MERRA-2),"https://power.larc.nasa.gov/api/temporal/daily/point?parameters=T2M,PRECTOTCORR&community=RE&longitude=80.2707&latitude=13.0827&start=20210101&end=20241231&format=JSON",0.5x0.625 deg,daily,VALID,OBSERVED
IN-TN-CHE,Chennai,13.0827,80.2707,nasa_power_prectotcorr_daily,PRECTOTCORR,precipitation,2.85,mm/day,2024-01-06T00:00:00Z,NASA POWER (MERRA-2),"https://power.larc.nasa.gov/api/temporal/daily/point?parameters=T2M,PRECTOTCORR&community=RE&longitude=80.2707&latitude=13.0827&start=20210101&end=20241231&format=JSON",0.5x0.625 deg,daily,VALID,OBSERVED
IN-TN-CHE,Chennai,13.0827,80.2707,nasa_power_t2m_daily,T2M,temperature_2m,24.68,C,2024-01-07T00:00:00Z,NASA POWER (MERRA-2),"https://power.larc.nasa.gov/api/temporal/daily/point?parameters=T2M,PRECTOTCORR&community=RE&longitude=80.2707&latitude=13.0827&start=20210101&end=20241231&format=JSON",0.5x0.625 deg,daily,VALID,OBSERVED
IN-TN-CHE,Chennai,13.0827,80.2707,nasa_power_prectotcorr_daily,PRECTOTCORR,precipitation,40.16,mm/day,2024-01-07T00:00:00Z,NASA POWER (MERRA-2),"https://power.larc.nasa.gov/api/temporal/daily/point?parameters=T2M,PRECTOTCORR&community=RE&longitude=80.2707&latitude=13.0827&start=20210101&end=20241231&format=JSON",0.5x0.625 deg,daily,VALID,OBSERVED
IN-TN-CHE,Chennai,13.0827,80.2707,nasa_power_t2m_daily,T2M,temperature_2m,25.39,C,2024-01-08T00:00:00Z,NASA POWER (MERRA-2),"https://power.larc.nasa.gov/api/temporal/daily/point?parameters=T2M,PRECTOTCORR&community=RE&longitude=80.2707&latitude=13.0827&start=20210101&end=20241231&format=JSON",0.5x0.625 deg,daily,VALID,OBSERVED
IN-TN-CHE,Chennai,13.0827,80.2707,nasa_power_prectotcorr_daily,PRECTOTCORR,precipitation,8.1,mm/day,2024-01-08T00:00:00Z,NASA POWER (MERRA-2),"https://power.larc.nasa.gov/api/temporal/daily/point?parameters=T2M,PRECTOTCORR&community=RE&longitude=80.2707&latitude=13.0827&start=20210101&end=20241231&format=JSON",0.5x0.625 deg,daily,VALID,OBSERVED
IN-TN-CHE,Chennai,13.0827,80.2707,nasa_power_t2m_daily,T2M,temperature_2m,25.29,C,2024-01-09T00:00:00Z,NASA POWER (MERRA-2),"https://power.larc.nasa.gov/api/temporal/daily/point?parameters=T2M,PRECTOTCORR&community=RE&longitude=80.2707&latitude=13.0827&start=20210101&end=20241231&format=JSON",0.5x0.625 deg,daily,VALID,OBSERVED
IN-TN-CHE,Chennai,13.0827,80.2707,nasa_power_prectotcorr_daily,PRECTOTCORR,precipitation,0.68,mm/day,2024-01-09T00:00:00Z,NASA POWER (MERRA-2),"https://power.larc.nasa.gov/api/temporal/daily/point?parameters=T2M,PRECTOTCORR&community=RE&longitude=80.2707&latitude=13.0827&start=20210101&end=20241231&format=JSON",0.5x0.625 deg,daily,VALID,OBSERVED
IN-TN-CHE,Chennai,13.0827,80.2707,nasa_power_t2m_daily,T2M,temperature_2m,24.91,C,2024-01-10T00:00:00Z,NASA POWER (MERRA-2),"https://power.larc.nasa.gov/api/temporal/daily/point?parameters=T2M,PRECTOTCORR&community=RE&longitude=80.2707&latitude=13.0827&start=20210101&end=20241231&format=JSON",0.5x0.625 deg,daily,VALID,OBSERVED
IN-TN-CHE,Chennai,13.0827,80.2707,nasa_power_prectotcorr_daily,PRECTOTCORR,precipitation,0.02,mm/day,2024-01-10T00:00:00Z,NASA POWER (MERRA-2),"https://power.larc.nasa.gov/api/temporal/daily/point?parameters=T2M,PRECTOTCORR&community=RE&longitude=80.2707&latitude=13.0827&start=20210101&end=20241231&format=JSON",0.5x0.625 deg,daily,VALID,OBSERVED
IN-TN-CHE,Chennai,13.0827,80.2707,nasa_power_t2m_daily,T2M,temperature_2m,24.61,C,2024-01-11T00:00:00Z,NASA POWER (MERRA-2),"https://power.larc.nasa.gov/api/temporal/daily/point?parameters=T2M,PRECTOTCORR&community=RE&longitude=80.2707&latitude=13.0827&start=20210101&end=20241231&format=JSON",0.5x0.625 deg,daily,VALID,OBSERVED
IN-TN-CHE,Chennai,13.0827,80.2707,nasa_power_prectotcorr_daily,PRECTOTCORR,precipitation,0.0,mm/day,2024-01-11T00:00:00Z,NASA POWER (MERRA-2),"https://power.larc.nasa.gov/api/temporal/daily/point?parameters=T2M,PRECTOTCORR&community=RE&longitude=80.2707&latitude=13.0827&start=20210101&end=20241231&format=JSON",0.5x0.625 deg,daily,VALID,OBSERVED
IN-TN-CHE,Chennai,13.0827,80.2707,nasa_power_t2m_daily,T2M,temperature_2m,25.09,C,2024-01-12T00:00:00Z,NASA POWER (MERRA-2),"https://power.larc.nasa.gov/api/temporal/daily/point?parameters=T2M,PRECTOTCORR&community=RE&longitude=80.2707&latitude=13.0827&start=20210101&end=20241231&format=JSON",0.5x0.625 deg,daily,VALID,OBSERVED
IN-TN-CHE,Chennai,13.0827,80.2707,nasa_power_prectotcorr_daily,PRECTOTCORR,precipitation,0.0,mm/day,2024-01-12T00:00:00Z,NASA POWER (MERRA-2),"https://power.larc.nasa.gov/api/temporal/daily/point?parameters=T2M,PRECTOTCORR&community=RE&longitude=80.2707&latitude=13.0827&start=20210101&end=20241231&format=JSON",0.5x0.625 deg,daily,VALID,OBSERVED
IN-TN-CHE,Chennai,13.0827,80.2707,nasa_power_t2m_daily,T2M,temperature_2m,24.89,C,2024-01-13T00:00:00Z,NASA POWER (MERRA-2),"https://power.larc.nasa.gov/api/temporal/daily/point?parameters=T2M,PRECTOTCORR&community=RE&longitude=80.2707&latitude=13.0827&start=20210101&end=20241231&format=JSON",0.5x0.625 deg,daily,VALID,OBSERVED
IN-TN-CHE,Chennai,13.0827,80.2707,nasa_power_prectotcorr_daily,PRECTOTCORR,precipitation,0.0,mm/day,2024-01-13T00:00:00Z,NASA POWER (MERRA-2),"https://power.larc.nasa.gov/api/temporal/daily/point?parameters=T2M,PRECTOTCORR&community=RE&longitude=80.2707&latitude=13.0827&start=20210101&end=20241231&format=JSON",0.5x0.625 deg,daily,VALID,OBSERVED
IN-TN-CHE,Chennai,13.0827,80.2707,nasa_power_t2m_daily,T2M,temperature_2m,24.31,C,2024-01-14T00:00:00Z,NASA POWER (MERRA-2),"https://power.larc.nasa.gov/api/temporal/daily/point?parameters=T2M,PRECTOTCORR&community=RE&longitude=80.2707&latitude=13.0827&start=20210101&end=20241231&format=JSON",0.5x0.625 deg,daily,VALID,OBSERVED
IN-TN-CHE,Chennai,13.0827,80.2707,nasa_power_prectotcorr_daily,PRECTOTCORR,precipitation,0.0,mm/day,2024-01-14T00:00:00Z,NASA POWER (MERRA-2),"https://power.larc.nasa.gov/api/temporal/daily/point?parameters=T2M,PRECTOTCORR&community=RE&longitude=80.2707&latitude=13.0827&start=20210101&end=20241231&format=JSON",0.5x0.625 deg,daily,VALID,OBSERVED
IN-TN-CHE,Chennai,13.0827,80.2707,nasa_power_t2m_daily,T2M,temperature_2m,24.4,C,2024-01-15T00:00:00Z,NASA POWER (MERRA-2),"https://power.larc.nasa.gov/api/temporal/daily/point?parameters=T2M,PRECTOTCORR&community=RE&longitude=80.2707&latitude=13.0827&start=20210101&end=20241231&format=JSON",0.5x0.625 deg,daily,VALID,OBSERVED
IN-TN-CHE,Chennai,13.0827,80.2707,nasa_power_prectotcorr_daily,PRECTOTCORR,precipitation,0.0,mm/day,2024-01-15T00:00:00Z,NASA POWER (MERRA-2),"https://power.larc.nasa.gov/api/temporal/daily/point?parameters=T2M,PRECTOTCORR&community=RE&longitude=80.2707&latitude=13.0827&start=20210101&end=20241231&format=JSON",0.5x0.625 deg,daily,VALID,OBSERVED
IN-TN-CHE,Chennai,13.0827,80.2707,nasa_power_t2m_daily,T2M,temperature_2m,23.97,C,2024-01-16T00:00:00Z,NASA POWER (MERRA-2),"https://power.larc.nasa.gov/api/temporal/daily/point?parameters=T2M,PRECTOTCORR&community=RE&longitude=80.2707&latitude=13.0827&start=20210101&end=20241231&format=JSON",0.5x0.625 deg,daily,VALID,OBSERVED
IN-TN-CHE,Chennai,13.0827,80.2707,nasa_power_prectotcorr_daily,PRECTOTCORR,precipitation,0.0,mm/day,2024-01-16T00:00:00Z,NASA POWER (MERRA-2),"https://power.larc.nasa.gov/api/temporal/daily/point?parameters=T2M,PRECTOTCORR&community=RE&longitude=80.2707&latitude=13.0827&start=20210101&end=20241231&format=JSON",0.5x0.625 deg,daily,VALID,OBSERVED
IN-TN-CHE,Chennai,13.0827,80.2707,nasa_power_t2m_daily,T2M,temperature_2m,24.11,C,2024-01-17T00:00:00Z,NASA POWER (MERRA-2),"https://power.larc.nasa.gov/api/temporal/daily/point?parameters=T2M,PRECTOTCORR&community=RE&longitude=80.2707&latitude=13.0827&start=20210101&end=20241231&format=JSON",0.5x0.625 deg,daily,VALID,OBSERVED
IN-TN-CHE,Chennai,13.0827,80.2707,nasa_power_prectotcorr_daily,PRECTOTCORR,precipitation,0.0,mm/day,2024-01-17T00:00:00Z,NASA POWER (MERRA-2),"https://power.larc.nasa.gov/api/temporal/daily/point?parameters=T2M,PRECTOTCORR&community=RE&longitude=80.2707&latitude=13.0827&start=20210101&end=20241231&format=JSON",0.5x0.625 deg,daily,VALID,OBSERVED
IN-TN-CHE,Chennai,13.0827,80.2707,nasa_power_t2m_daily,T2M,temperature_2m,24.49,C,2024-01-18T00:00:00Z,NASA POWER (MERRA-2),"https://power.larc.nasa.gov/api/temporal/daily/point?parameters=T2M,PRECTOTCORR&community=RE&longitude=80.2707&latitude=13.0827&start=20210101&end=20241231&format=JSON",0.5x0.625 deg,daily,VALID,OBSERVED
IN-TN-CHE,Chennai,13.0827,80.2707,nasa_power_prectotcorr_daily,PRECTOTCORR,precipitation,0.0,mm/day,2024-01-18T00:00:00Z,NASA POWER (MERRA-2),"https://power.larc.nasa.gov/api/temporal/daily/point?parameters=T2M,PRECTOTCORR&community=RE&longitude=80.2707&latitude=13.0827&start=20210101&end=20241231&format=JSON",0.5x0.625 deg,daily,VALID,OBSERVED
IN-TN-CHE,Chennai,13.0827,80.2707,nasa_power_t2m_daily,T2M,temperature_2m,25.01,C,2024-01-19T00:00:00Z,NASA POWER (MERRA-2),"https://power.larc.nasa.gov/api/temporal/daily/point?parameters=T2M,PRECTOTCORR&community=RE&longitude=80.2707&latitude=13.0827&start=20210101&end=20241231&format=JSON",0.5x0.625 deg,daily,VALID,OBSERVED
IN-TN-CHE,Chennai,13.0827,80.2707,nasa_power_prectotcorr_daily,PRECTOTCORR,precipitation,0.01,mm/day,2024-01-19T00:00:00Z,NASA POWER (MERRA-2),"https://power.larc.nasa.gov/api/temporal/daily/point?parameters=T2M,PRECTOTCORR&community=RE&longitude=80.2707&latitude=13.0827&start=20210101&end=20241231&format=JSON",0.5x0.625 deg,daily,VALID,OBSERVED
IN-TN-CHE,Chennai,13.0827,80.2707,nasa_power_t2m_daily,T2M,temperature_2m,24.89,C,2024-01-20T00:00:00Z,NASA POWER (MERRA-2),"https://power.larc.nasa.gov/api/temporal/daily/point?parameters=T2M,PRECTOTCORR&community=RE&longitude=80.2707&latitude=13.0827&start=20210101&end=20241231&format=JSON",0.5x0.625 deg,daily,VALID,OBSERVED
IN-TN-CHE,Chennai,13.0827,80.2707,nasa_power_prectotcorr_daily,PRECTOTCORR,precipitation,0.0,mm/day,2024-01-20T00:00:00Z,NASA POWER (MERRA-2),"https://power.larc.nasa.gov/api/temporal/daily/point?parameters=T2M,PRECTOTCORR&community=RE&longitude=80.2707&latitude=13.0827&start=20210101&end=20241231&format=JSON",0.5x0.625 deg,daily,VALID,OBSERVED
IN-TN-CHE,Chennai,13.0827,80.2707,nasa_power_t2m_daily,T2M,temperature_2m,24.68,C,2024-01-21T00:00:00Z,NASA POWER (MERRA-2),"https://power.larc.nasa.gov/api/temporal/daily/point?parameters=T2M,PRECTOTCORR&community=RE&longitude=80.2707&latitude=13.0827&start=20210101&end=20241231&format=JSON",0.5x0.625 deg,daily,VALID,OBSERVED
IN-TN-CHE,Chennai,13.0827,80.2707,nasa_power_prectotcorr_daily,PRECTOTCORR,precipitation,0.0,mm/day,2024-01-21T00:00:00Z,NASA POWER (MERRA-2),"https://power.larc.nasa.gov/api/temporal/daily/point?parameters=T2M,PRECTOTCORR&community=RE&longitude=80.2707&latitude=13.0827&start=20210101&end=20241231&format=JSON",0.5x0.625 deg,daily,VALID,OBSERVED
IN-TN-CHE,Chennai,13.0827,80.2707,nasa_power_t2m_daily,T2M,temperature_2m,24.93,C,2024-01-22T00:00:00Z,NASA POWER (MERRA-2),"https://power.larc.nasa.gov/api/temporal/daily/point?parameters=T2M,PRECTOTCORR&community=RE&longitude=80.2707&latitude=13.0827&start=20210101&end=20241231&format=JSON",0.5x0.625 deg,daily,VALID,OBSERVED
IN-TN-CHE,Chennai,13.0827,80.2707,nasa_power_prectotcorr_daily,PRECTOTCORR,precipitation,0.0,mm/day,2024-01-22T00:00:00Z,NASA POWER (MERRA-2),"https://power.larc.nasa.gov/api/temporal/daily/point?parameters=T2M,PRECTOTCORR&community=RE&longitude=80.2707&latitude=13.0827&start=20210101&end=20241231&format=JSON",0.5x0.625 deg,daily,VALID,OBSERVED
IN-TN-CHE,Chennai,13.0827,80.2707,nasa_power_t2m_daily,T2M,temperature_2m,24.96,C,2024-01-23T00:00:00Z,NASA POWER (MERRA-2),"https://power.larc.nasa.gov/api/temporal/daily/point?parameters=T2M,PRECTOTCORR&community=RE&longitude=80.2707&latitude=13.0827&start=20210101&end=20241231&format=JSON",0.5x0.625 deg,daily,VALID,OBSERVED
IN-TN-CHE,Chennai,13.0827,80.2707,nasa_power_prectotcorr_daily,PRECTOTCORR,precipitation,0.0,mm/day,2024-01-23T00:00:00Z,NASA POWER (MERRA-2),"https://power.larc.nasa.gov/api/temporal/daily/point?parameters=T2M,PRECTOTCORR&community=RE&longitude=80.2707&latitude=13.0827&start=20210101&end=20241231&format=JSON",0.5x0.625 deg,daily,VALID,OBSERVED
IN-TN-CHE,Chennai,13.0827,80.2707,nasa_power_t2m_daily,T2M,temperature_2m,25.06,C,2024-01-24T00:00:00Z,NASA POWER (MERRA-2),"https://power.larc.nasa.gov/api/temporal/daily/point?parameters=T2M,PRECTOTCORR&community=RE&longitude=80.2707&latitude=13.0827&start=20210101&end=20241231&format=JSON",0.5x0.625 deg,daily,VALID,OBSERVED
IN-TN-CHE,Chennai,13.0827,80.2707,nasa_power_prectotcorr_daily,PRECTOTCORR,precipitation,0.0,mm/day,2024-01-24T00:00:00Z,NASA POWER (MERRA-2),"https://power.larc.nasa.gov/api/temporal/daily/point?parameters=T2M,PRECTOTCORR&community=RE&longitude=80.2707&latitude=13.0827&start=20210101&end=20241231&format=JSON",0.5x0.625 deg,daily,VALID,OBSERVED
IN-TN-CHE,Chennai,13.0827,80.2707,nasa_power_t2m_daily,T2M,temperature_2m,25.07,C,2024-01-25T00:00:00Z,NASA POWER (MERRA-2),"https://power.larc.nasa.gov/api/temporal/daily/point?parameters=T2M,PRECTOTCORR&community=RE&longitude=80.2707&latitude=13.0827&start=20210101&end=20241231&format=JSON",0.5x0.625 deg,daily,VALID,OBSERVED
IN-TN-CHE,Chennai,13.0827,80.2707,nasa_power_prectotcorr_daily,PRECTOTCORR,precipitation,0.0,mm/day,2024-01-25T00:00:00Z,NASA POWER (MERRA-2),"https://power.larc.nasa.gov/api/temporal/daily/point?parameters=T2M,PRECTOTCORR&community=RE&longitude=80.2707&latitude=13.0827&start=20210101&end=20241231&format=JSON",0.5x0.625 deg,daily,VALID,OBSERVED
IN-TN-CHE,Chennai,13.0827,80.2707,nasa_power_t2m_daily,T2M,temperature_2m,24.64,C,2024-01-26T00:00:00Z,NASA POWER (MERRA-2),"https://power.larc.nasa.gov/api/temporal/daily/point?parameters=T2M,PRECTOTCORR&community=RE&longitude=80.2707&latitude=13.0827&start=20210101&end=20241231&format=JSON",0.5x0.625 deg,daily,VALID,OBSERVED
IN-TN-CHE,Chennai,13.0827,80.2707,nasa_power_prectotcorr_daily,PRECTOTCORR,precipitation,0.02,mm/day,2024-01-26T00:00:00Z,NASA POWER (MERRA-2),"https://power.larc.nasa.gov/api/temporal/daily/point?parameters=T2M,PRECTOTCORR&community=RE&longitude=80.2707&latitude=13.0827&start=20210101&end=20241231&format=JSON",0.5x0.625 deg,daily,VALID,OBSERVED
IN-TN-CHE,Chennai,13.0827,80.2707,nasa_power_t2m_daily,T2M,temperature_2m,24.82,C,2024-01-27T00:00:00Z,NASA POWER (MERRA-2),"https://power.larc.nasa.gov/api/temporal/daily/point?parameters=T2M,PRECTOTCORR&community=RE&longitude=80.2707&latitude=13.0827&start=20210101&end=20241231&format=JSON",0.5x0.625 deg,daily,VALID,OBSERVED
IN-TN-CHE,Chennai,13.0827,80.2707,nasa_power_prectotcorr_daily,PRECTOTCORR,precipitation,0.05,mm/day,2024-01-27T00:00:00Z,NASA POWER (MERRA-2),"https://power.larc.nasa.gov/api/temporal/daily/point?parameters=T2M,PRECTOTCORR&community=RE&longitude=80.2707&latitude=13.0827&start=20210101&end=20241231&format=JSON",0.5x0.625 deg,daily,VALID,OBSERVED
IN-TN-CHE,Chennai,13.0827,80.2707,nasa_power_t2m_daily,T2M,temperature_2m,24.73,C,2024-01-28T00:00:00Z,NASA POWER (MERRA-2),"https://power.larc.nasa.gov/api/temporal/daily/point?parameters=T2M,PRECTOTCORR&community=RE&longitude=80.2707&latitude=13.0827&start=20210101&end=20241231&format=JSON",0.5x0.625 deg,daily,VALID,OBSERVED
IN-TN-CHE,Chennai,13.0827,80.2707,nasa_power_prectotcorr_daily,PRECTOTCORR,precipitation,0.0,mm/day,2024-01-28T00:00:00Z,NASA POWER (MERRA-2),"https://power.larc.nasa.gov/api/temporal/daily/point?parameters=T2M,PRECTOTCORR&community=RE&longitude=80.2707&latitude=13.0827&start=20210101&end=20241231&format=JSON",0.5x0.625 deg,daily,VALID,OBSERVED
IN-TN-CHE,Chennai,13.0827,80.2707,nasa_power_t2m_daily,T2M,temperature_2m,24.16,C,2024-01-29T00:00:00Z,NASA POWER (MERRA-2),"https://power.larc.nasa.gov/api/temporal/daily/point?parameters=T2M,PRECTOTCORR&community=RE&longitude=80.2707&latitude=13.0827&start=20210101&end=20241231&format=JSON",0.5x0.625 deg,daily,VALID,OBSERVED
IN-TN-CHE,Chennai,13.0827,80.2707,nasa_power_prectotcorr_daily,PRECTOTCORR,precipitation,0.0,mm/day,2024-01-29T00:00:00Z,NASA POWER (MERRA-2),"https://power.larc.nasa.gov/api/temporal/daily/point?parameters=T2M,PRECTOTCORR&community=RE&longitude=80.2707&latitude=13.0827&start=20210101&end=20241231&format=JSON",0.5x0.625 deg,daily,VALID,OBSERVED
IN-TN-CHE,Chennai,13.0827,80.2707,nasa_power_t2m_daily,T2M,temperature_2m,24.13,C,2024-01-30T00:00:00Z,NASA POWER (MERRA-2),"https://power.larc.nasa.gov/api/temporal/daily/point?parameters=T2M,PRECTOTCORR&community=RE&longitude=80.2707&latitude=13.0827&start=20210101&end=20241231&format=JSON",0.5x0.625 deg,daily,VALID,OBSERVED
IN-TN-CHE,Chennai,13.0827,80.2707,nasa_power_prectotcorr_daily,PRECTOTCORR,precipitation,0.0,mm/day,2024-01-30T00:00:00Z,NASA POWER (MERRA-2),"https://power.larc.nasa.gov/api/temporal/daily/point?parameters=T2M,PRECTOTCORR&community=RE&longitude=80.2707&latitude=13.0827&start=20210101&end=20241231&format=JSON",0.5x0.625 deg,daily,VALID,OBSERVED
IN-TN-CHE,Chennai,13.0827,80.2707,nasa_power_t2m_daily,T2M,temperature_2m,25.19,C,2024-01-31T00:00:00Z,NASA POWER (MERRA-2),"https://power.larc.nasa.gov/api/temporal/daily/point?parameters=T2M,PRECTOTCORR&community=RE&longitude=80.2707&latitude=13.0827&start=20210101&end=20241231&format=JSON",0.5x0.625 deg,daily,VALID,OBSERVED
IN-TN-CHE,Chennai,13.0827,80.2707,nasa_power_prectotcorr_daily,PRECTOTCORR,precipitation,0.0,mm/day,2024-01-31T00:00:00Z,NASA POWER (MERRA-2),"https://power.larc.nasa.gov/api/temporal/daily/point?parameters=T2M,PRECTOTCORR&community=RE&longitude=80.2707&latitude=13.0827&start=20210101&end=20241231&format=JSON",0.5x0.625 deg,daily,VALID,OBSERVED
IN-TN-CHE,Chennai,13.0827,80.2707,nasa_power_t2m_daily,T2M,temperature_2m,26.1,C,2024-02-01T00:00:00Z,NASA POWER (MERRA-2),"https://power.larc.nasa.gov/api/temporal/daily/point?parameters=T2M,PRECTOTCORR&community=RE&longitude=80.2707&latitude=13.0827&start=20210101&end=20241231&format=JSON",0.5x0.625 deg,daily,VALID,OBSERVED
IN-TN-CHE,Chennai,13.0827,80.2707,nasa_power_prectotcorr_daily,PRECTOTCORR,precipitation,0.02,mm/day,2024-02-01T00:00:00Z,NASA POWER (MERRA-2),"https://power.larc.nasa.gov/api/temporal/daily/point?parameters=T2M,PRECTOTCORR&community=RE&longitude=80.2707&latitude=13.0827&start=20210101&end=20241231&format=JSON",0.5x0.625 deg,daily,VALID,OBSERVED
IN-TN-CHE,Chennai,13.0827,80.2707,nasa_power_t2m_daily,T2M,temperature_2m,26.56,C,2024-02-02T00:00:00Z,NASA POWER (MERRA-2),"https://power.larc.nasa.gov/api/temporal/daily/point?parameters=T2M,PRECTOTCORR&community=RE&longitude=80.2707&latitude=13.0827&start=20210101&end=20241231&format=JSON",0.5x0.625 deg,daily,VALID,OBSERVED
IN-TN-CHE,Chennai,13.0827,80.2707,nasa_power_prectotcorr_daily,PRECTOTCORR,precipitation,0.02,mm/day,2024-02-02T00:00:00Z,NASA POWER (MERRA-2),"https://power.larc.nasa.gov/api/temporal/daily/point?parameters=T2M,PRECTOTCORR&community=RE&longitude=80.2707&latitude=13.0827&start=20210101&end=20241231&format=JSON",0.5x0.625 deg,daily,VALID,OBSERVED
IN-TN-CHE,Chennai,13.0827,80.2707,nasa_power_t2m_daily,T2M,temperature_2m,26.23,C,2024-02-03T00:00:00Z,NASA POWER (MERRA-2),"https://power.larc.nasa.gov/api/temporal/daily/point?parameters=T2M,PRECTOTCORR&community=RE&longitude=80.2707&latitude=13.0827&start=20210101&end=20241231&format=JSON",0.5x0.625 deg,daily,VALID,OBSERVED
IN-TN-CHE,Chennai,13.0827,80.2707,nasa_power_prectotcorr_daily,PRECTOTCORR,precipitation,0.0,mm/day,2024-02-03T00:00:00Z,NASA POWER (MERRA-2),"https://power.larc.nasa.gov/api/temporal/daily/point?parameters=T2M,PRECTOTCORR&community=RE&longitude=80.2707&latitude=13.0827&start=20210101&end=20241231&format=JSON",0.5x0.625 deg,daily,VALID,OBSERVED
IN-TN-CHE,Chennai,13.0827,80.2707,nasa_power_t2m_daily,T2M,temperature_2m,25.56,C,2024-02-04T00:00:00Z,NASA POWER (MERRA-2),"https://power.larc.nasa.gov/api/temporal/daily/point?parameters=T2M,PRECTOTCORR&community=RE&longitude=80.2707&latitude=13.0827&start=20210101&end=20241231&format=JSON",0.5x0.625 deg,daily,VALID,OBSERVED
IN-TN-CHE,Chennai,13.0827,80.2707,nasa_power_prectotcorr_daily,PRECTOTCORR,precipitation,0.0,mm/day,2024-02-04T00:00:00Z,NASA POWER (MERRA-2),"https://power.larc.nasa.gov/api/temporal/daily/point?parameters=T2M,PRECTOTCORR&community=RE&longitude=80.2707&latitude=13.0827&start=20210101&end=20241231&format=JSON",0.5x0.625 deg,daily,VALID,OBSERVED
IN-TN-CHE,Chennai,13.0827,80.2707,nasa_power_t2m_daily,T2M,temperature_2m,25.42,C,2024-02-05T00:00:00Z,NASA POWER (MERRA-2),"https://power.larc.nasa.gov/api/temporal/daily/point?parameters=T2M,PRECTOTCORR&community=RE&longitude=80.2707&latitude=13.0827&start=20210101&end=20241231&format=JSON",0.5x0.625 deg,daily,VALID,OBSERVED
IN-TN-CHE,Chennai,13.0827,80.2707,nasa_power_prectotcorr_daily,PRECTOTCORR,precipitation,0.0,mm/day,2024-02-05T00:00:00Z,NASA POWER (MERRA-2),"https://power.larc.nasa.gov/api/temporal/daily/point?parameters=T2M,PRECTOTCORR&community=RE&longitude=80.2707&latitude=13.0827&start=20210101&end=20241231&format=JSON",0.5x0.625 deg,daily,VALID,OBSERVED
IN-TN-CHE,Chennai,13.0827,80.2707,nasa_power_t2m_daily,T2M,temperature_2m,25.28,C,2024-02-06T00:00:00Z,NASA POWER (MERRA-2),"https://power.larc.nasa.gov/api/temporal/daily/point?parameters=T2M,PRECTOTCORR&community=RE&longitude=80.2707&latitude=13.0827&start=20210101&end=20241231&format=JSON",0.5x0.625 deg,daily,VALID,OBSERVED
IN-TN-CHE,Chennai,13.0827,80.2707,nasa_power_prectotcorr_daily,PRECTOTCORR,precipitation,0.0,mm/day,2024-02-06T00:00:00Z,NASA POWER (MERRA-2),"https://power.larc.nasa.gov/api/temporal/daily/point?parameters=T2M,PRECTOTCORR&community=RE&longitude=80.2707&latitude=13.0827&start=20210101&end=20241231&format=JSON",0.5x0.625 deg,daily,VALID,OBSERVED
IN-TN-CHE,Chennai,13.0827,80.2707,nasa_power_t2m_daily,T2M,temperature_2m,25.35,C,2024-02-07T00:00:00Z,NASA POWER (MERRA-2),"https://power.larc.nasa.gov/api/temporal/daily/point?parameters=T2M,PRECTOTCORR&community=RE&longitude=80.2707&latitude=13.0827&start=20210101&end=20241231&format=JSON",0.5x0.625 deg,daily,VALID,OBSERVED
IN-TN-CHE,Chennai,13.0827,80.2707,nasa_power_prectotcorr_daily,PRECTOTCORR,precipitation,0.0,mm/day,2024-02-07T00:00:00Z,NASA POWER (MERRA-2),"https://power.larc.nasa.gov/api/temporal/daily/point?parameters=T2M,PRECTOTCORR&community=RE&longitude=80.2707&latitude=13.0827&start=20210101&end=20241231&format=JSON",0.5x0.625 deg,daily,VALID,OBSERVED
IN-TN-CHE,Chennai,13.0827,80.2707,nasa_power_t2m_daily,T2M,temperature_2m,25.48,C,2024-02-08T00:00:00Z,NASA POWER (MERRA-2),"https://power.larc.nasa.gov/api/temporal/daily/point?parameters=T2M,PRECTOTCORR&community=RE&longitude=80.2707&latitude=13.0827&start=20210101&end=20241231&format=JSON",0.5x0.625 deg,daily,VALID,OBSERVED
IN-TN-CHE,Chennai,13.0827,80.2707,nasa_power_prectotcorr_daily,PRECTOTCORR,precipitation,0.0,mm/day,2024-02-08T00:00:00Z,NASA POWER (MERRA-2),"https://power.larc.nasa.gov/api/temporal/daily/point?parameters=T2M,PRECTOTCORR&community=RE&longitude=80.2707&latitude=13.0827&start=20210101&end=20241231&format=JSON",0.5x0.625 deg,daily,VALID,OBSERVED
IN-TN-CHE,Chennai,13.0827,80.2707,nasa_power_t2m_daily,T2M,temperature_2m,25.84,C,2024-02-09T00:00:00Z,NASA POWER (MERRA-2),"https://power.larc.nasa.gov/api/temporal/daily/point?parameters=T2M,PRECTOTCORR&community=RE&longitude=80.2707&latitude=13.0827&start=20210101&end=20241231&format=JSON",0.5x0.625 deg,daily,VALID,OBSERVED
IN-TN-CHE,Chennai,13.0827,80.2707,nasa_power_prectotcorr_daily,PRECTOTCORR,precipitation,0.0,mm/day,2024-02-09T00:00:00Z,NASA POWER (MERRA-2),"https://power.larc.nasa.gov/api/temporal/daily/point?parameters=T2M,PRECTOTCORR&community=RE&longitude=80.2707&latitude=13.0827&start=20210101&end=20241231&format=JSON",0.5x0.625 deg,daily,VALID,OBSERVED
IN-TN-CHE,Chennai,13.0827,80.2707,nasa_power_t2m_daily,T2M,temperature_2m,26.17,C,2024-02-10T00:00:00Z,NASA POWER (MERRA-2),"https://power.larc.nasa.gov/api/temporal/daily/point?parameters=T2M,PRECTOTCORR&community=RE&longitude=80.2707&latitude=13.0827&start=20210101&end=20241231&format=JSON",0.5x0.625 deg,daily,VALID,OBSERVED
IN-TN-CHE,Chennai,13.0827,80.2707,nasa_power_prectotcorr_daily,PRECTOTCORR,precipitation,0.0,mm/day,2024-02-10T00:00:00Z,NASA POWER (MERRA-2),"https://power.larc.nasa.gov/api/temporal/daily/point?parameters=T2M,PRECTOTCORR&community=RE&longitude=80.2707&latitude=13.0827&start=20210101&end=20241231&format=JSON",0.5x0.625 deg,daily,VALID,OBSERVED
IN-TN-CHE,Chennai,13.0827,80.2707,nasa_power_t2m_daily,T2M,temperature_2m,25.8,C,2024-02-11T00:00:00Z,NASA POWER (MERRA-2),"https://power.larc.nasa.gov/api/temporal/daily/point?parameters=T2M,PRECTOTCORR&community=RE&longitude=80.2707&latitude=13.0827&start=20210101&end=20241231&format=JSON",0.5x0.625 deg,daily,VALID,OBSERVED
IN-TN-CHE,Chennai,13.0827,80.2707,nasa_power_prectotcorr_daily,PRECTOTCORR,precipitation,0.0,mm/day,2024-02-11T00:00:00Z,NASA POWER (MERRA-2),"https://power.larc.nasa.gov/api/temporal/daily/point?parameters=T2M,PRECTOTCORR&community=RE&longitude=80.2707&latitude=13.0827&start=20210101&end=20241231&format=JSON",0.5x0.625 deg,daily,VALID,OBSERVED
IN-TN-CHE,Chennai,13.0827,80.2707,nasa_power_t2m_daily,T2M,temperature_2m,25.5,C,2024-02-12T00:00:00Z,NASA POWER (MERRA-2),"https://power.larc.nasa.gov/api/temporal/daily/point?parameters=T2M,PRECTOTCORR&community=RE&longitude=80.2707&latitude=13.0827&start=20210101&end=20241231&format=JSON",0.5x0.625 deg,daily,VALID,OBSERVED
IN-TN-CHE,Chennai,13.0827,80.2707,nasa_power_prectotcorr_daily,PRECTOTCORR,precipitation,0.0,mm/day,2024-02-12T00:00:00Z,NASA POWER (MERRA-2),"https://power.larc.nasa.gov/api/temporal/daily/point?parameters=T2M,PRECTOTCORR&community=RE&longitude=80.2707&latitude=13.0827&start=20210101&end=20241231&format=JSON",0.5x0.625 deg,daily,VALID,OBSERVED
IN-TN-CHE,Chennai,13.0827,80.2707,nasa_power_t2m_daily,T2M,temperature_2m,26.01,C,2024-02-13T00:00:00Z,NASA POWER (MERRA-2),"https://power.larc.nasa.gov/api/temporal/daily/point?parameters=T2M,PRECTOTCORR&community=RE&longitude=80.2707&latitude=13.0827&start=20210101&end=20241231&format=JSON",0.5x0.625 deg,daily,VALID,OBSERVED
IN-TN-CHE,Chennai,13.0827,80.2707,nasa_power_prectotcorr_daily,PRECTOTCORR,precipitation,0.0,mm/day,2024-02-13T00:00:00Z,NASA POWER (MERRA-2),"https://power.larc.nasa.gov/api/temporal/daily/point?parameters=T2M,PRECTOTCORR&community=RE&longitude=80.2707&latitude=13.0827&start=20210101&end=20241231&format=JSON",0.5x0.625 deg,daily,VALID,OBSERVED
IN-TN-CHE,Chennai,13.0827,80.2707,nasa_power_t2m_daily,T2M,temperature_2m,26.1,C,2024-02-14T00:00:00Z,NASA POWER (MERRA-2),"https://power.larc.nasa.gov/api/temporal/daily/point?parameters=T2M,PRECTOTCORR&community=RE&longitude=80.2707&latitude=13.0827&start=20210101&end=20241231&format=JSON",0.5x0.625 deg,daily,VALID,OBSERVED
IN-TN-CHE,Chennai,13.0827,80.2707,nasa_power_prectotcorr_daily,PRECTOTCORR,precipitation,0.0,mm/day,2024-02-14T00:00:00Z,NASA POWER (MERRA-2),"https://power.larc.nasa.gov/api/temporal/daily/point?parameters=T2M,PRECTOTCORR&community=RE&longitude=80.2707&latitude=13.0827&start=20210101&end=20241231&format=JSON",0.5x0.625 deg,daily,VALID,OBSERVED
IN-TN-CHE,Chennai,13.0827,80.2707,nasa_power_t2m_daily,T2M,temperature_2m,25.65,C,2024-02-15T00:00:00Z,NASA POWER (MERRA-2),"https://power.larc.nasa.gov/api/temporal/daily/point?parameters=T2M,PRECTOTCORR&community=RE&longitude=80.2707&latitude=13.0827&start=20210101&end=20241231&format=JSON",0.5x0.625 deg,daily,VALID,OBSERVED
IN-TN-CHE,Chennai,13.0827,80.2707,nasa_power_prectotcorr_daily,PRECTOTCORR,precipitation,0.0,mm/day,2024-02-15T00:00:00Z,NASA POWER (MERRA-2),"https://power.larc.nasa.gov/api/temporal/daily/point?parameters=T2M,PRECTOTCORR&community=RE&longitude=80.2707&latitude=13.0827&start=20210101&end=20241231&format=JSON",0.5x0.625 deg,daily,VALID,OBSERVED
IN-TN-CHE,Chennai,13.0827,80.2707,nasa_power_t2m_daily,T2M,temperature_2m,25.85,C,2024-02-16T00:00:00Z,NASA POWER (MERRA-2),"https://power.larc.nasa.gov/api/temporal/daily/point?parameters=T2M,PRECTOTCORR&community=RE&longitude=80.2707&latitude=13.0827&start=20210101&end=20241231&format=JSON",0.5x0.625 deg,daily,VALID,OBSERVED
IN-TN-CHE,Chennai,13.0827,80.2707,nasa_power_prectotcorr_daily,PRECTOTCORR,precipitation,0.0,mm/day,2024-02-16T00:00:00Z,NASA POWER (MERRA-2),"https://power.larc.nasa.gov/api/temporal/daily/point?parameters=T2M,PRECTOTCORR&community=RE&longitude=80.2707&latitude=13.0827&start=20210101&end=20241231&format=JSON",0.5x0.625 deg,daily,VALID,OBSERVED
IN-TN-CHE,Chennai,13.0827,80.2707,nasa_power_t2m_daily,T2M,temperature_2m,25.81,C,2024-02-17T00:00:00Z,NASA POWER (MERRA-2),"https://power.larc.nasa.gov/api/temporal/daily/point?parameters=T2M,PRECTOTCORR&community=RE&longitude=80.2707&latitude=13.0827&start=20210101&end=20241231&format=JSON",0.5x0.625 deg,daily,VALID,OBSERVED
IN-TN-CHE,Chennai,13.0827,80.2707,nasa_power_prectotcorr_daily,PRECTOTCORR,precipitation,0.0,mm/day,2024-02-17T00:00:00Z,NASA POWER (MERRA-2),"https://power.larc.nasa.gov/api/temporal/daily/point?parameters=T2M,PRECTOTCORR&community=RE&longitude=80.2707&latitude=13.0827&start=20210101&end=20241231&format=JSON",0.5x0.625 deg,daily,VALID,OBSERVED
IN-TN-CHE,Chennai,13.0827,80.2707,nasa_power_t2m_daily,T2M,temperature_2m,25.97,C,2024-02-18T00:00:00Z,NASA POWER (MERRA-2),"https://power.larc.nasa.gov/api/temporal/daily/point?parameters=T2M,PRECTOTCORR&community=RE&longitude=80.2707&latitude=13.0827&start=20210101&end=20241231&format=JSON",0.5x0.625 deg,daily,VALID,OBSERVED
IN-TN-CHE,Chennai,13.0827,80.2707,nasa_power_prectotcorr_daily,PRECTOTCORR,precipitation,0.0,mm/day,2024-02-18T00:00:00Z,NASA POWER (MERRA-2),"https://power.larc.nasa.gov/api/temporal/daily/point?parameters=T2M,PRECTOTCORR&community=RE&longitude=80.2707&latitude=13.0827&start=20210101&end=20241231&format=JSON",0.5x0.625 deg,daily,VALID,OBSERVED
IN-TN-CHE,Chennai,13.0827,80.2707,nasa_power_t2m_daily,T2M,temperature_2m,26.67,C,2024-02-19T00:00:00Z,NASA POWER (MERRA-2),"https://power.larc.nasa.gov/api/temporal/daily/point?parameters=T2M,PRECTOTCORR&community=RE&longitude=80.2707&latitude=13.0827&start=20210101&end=20241231&format=JSON",0.5x0.625 deg,daily,VALID,OBSERVED
IN-TN-CHE,Chennai,13.0827,80.2707,nasa_power_prectotcorr_daily,PRECTOTCORR,precipitation,0.0,mm/day,2024-02-19T00:00:00Z,NASA POWER (MERRA-2),"https://power.larc.nasa.gov/api/temporal/daily/point?parameters=T2M,PRECTOTCORR&community=RE&longitude=80.2707&latitude=13.0827&start=20210101&end=20241231&format=JSON",0.5x0.625 deg,daily,VALID,OBSERVED
IN-TN-CHE,Chennai,13.0827,80.2707,nasa_power_t2m_daily,T2M,temperature_2m,26.95,C,2024-02-20T00:00:00Z,NASA POWER (MERRA-2),"https://power.larc.nasa.gov/api/temporal/daily/point?parameters=T2M,PRECTOTCORR&community=RE&longitude=80.2707&latitude=13.0827&start=20210101&end=20241231&format=JSON",0.5x0.625 deg,daily,VALID,OBSERVED
IN-TN-CHE,Chennai,13.0827,80.2707,nasa_power_prectotcorr_daily,PRECTOTCORR,precipitation,0.0,mm/day,2024-02-20T00:00:00Z,NASA POWER (MERRA-2),"https://power.larc.nasa.gov/api/temporal/daily/point?parameters=T2M,PRECTOTCORR&community=RE&longitude=80.2707&latitude=13.0827&start=20210101&end=20241231&format=JSON",0.5x0.625 deg,daily,VALID,OBSERVED
IN-TN-CHE,Chennai,13.0827,80.2707,nasa_power_t2m_daily,T2M,temperature_2m,26.98,C,2024-02-21T00:00:00Z,NASA POWER (MERRA-2),"https://power.larc.nasa.gov/api/temporal/daily/point?parameters=T2M,PRECTOTCORR&community=RE&longitude=80.2707&latitude=13.0827&start=20210101&end=20241231&format=JSON",0.5x0.625 deg,daily,VALID,OBSERVED
IN-TN-CHE,Chennai,13.0827,80.2707,nasa_power_prectotcorr_daily,PRECTOTCORR,precipitation,0.0,mm/day,2024-02-21T00:00:00Z,NASA POWER (MERRA-2),"https://power.larc.nasa.gov/api/temporal/daily/point?parameters=T2M,PRECTOTCORR&community=RE&longitude=80.2707&latitude=13.0827&start=20210101&end=20241231&format=JSON",0.5x0.625 deg,daily,VALID,OBSERVED
IN-TN-CHE,Chennai,13.0827,80.2707,nasa_power_t2m_daily,T2M,temperature_2m,27.77,C,2024-02-22T00:00:00Z,NASA POWER (MERRA-2),"https://power.larc.nasa.gov/api/temporal/daily/point?parameters=T2M,PRECTOTCORR&community=RE&longitude=80.2707&latitude=13.0827&start=20210101&end=20241231&format=JSON",0.5x0.625 deg,daily,VALID,OBSERVED
IN-TN-CHE,Chennai,13.0827,80.2707,nasa_power_prectotcorr_daily,PRECTOTCORR,precipitation,0.0,mm/day,2024-02-22T00:00:00Z,NASA POWER (MERRA-2),"https://power.larc.nasa.gov/api/temporal/daily/point?parameters=T2M,PRECTOTCORR&community=RE&longitude=80.2707&latitude=13.0827&start=20210101&end=20241231&format=JSON",0.5x0.625 deg,daily,VALID,OBSERVED
IN-TN-CHE,Chennai,13.0827,80.2707,nasa_power_t2m_daily,T2M,temperature_2m,28.41,C,2024-02-23T00:00:00Z,NASA POWER (MERRA-2),"https://power.larc.nasa.gov/api/temporal/daily/point?parameters=T2M,PRECTOTCORR&community=RE&longitude=80.2707&latitude=13.0827&start=20210101&end=20241231&format=JSON",0.5x0.625 deg,daily,VALID,OBSERVED
IN-TN-CHE,Chennai,13.0827,80.2707,nasa_power_prectotcorr_daily,PRECTOTCORR,precipitation,0.01,mm/day,2024-02-23T00:00:00Z,NASA POWER (MERRA-2),"https://power.larc.nasa.gov/api/temporal/daily/point?parameters=T2M,PRECTOTCORR&community=RE&longitude=80.2707&latitude=13.0827&start=20210101&end=20241231&format=JSON",0.5x0.625 deg,daily,VALID,OBSERVED
IN-TN-CHE,Chennai,13.0827,80.2707,nasa_power_t2m_daily,T2M,temperature_2m,28.0,C,2024-02-24T00:00:00Z,NASA POWER (MERRA-2),"https://power.larc.nasa.gov/api/temporal/daily/point?parameters=T2M,PRECTOTCORR&community=RE&longitude=80.2707&latitude=13.0827&start=20210101&end=20241231&format=JSON",0.5x0.625 deg,daily,VALID,OBSERVED
IN-TN-CHE,Chennai,13.0827,80.2707,nasa_power_prectotcorr_daily,PRECTOTCORR,precipitation,0.0,mm/day,2024-02-24T00:00:00Z,NASA POWER (MERRA-2),"https://power.larc.nasa.gov/api/temporal/daily/point?parameters=T2M,PRECTOTCORR&community=RE&longitude=80.2707&latitude=13.0827&start=20210101&end=20241231&format=JSON",0.5x0.625 deg,daily,VALID,OBSERVED
IN-TN-CHE,Chennai,13.0827,80.2707,nasa_power_t2m_daily,T2M,temperature_2m,27.35,C,2024-02-25T00:00:00Z,NASA POWER (MERRA-2),"https://power.larc.nasa.gov/api/temporal/daily/point?parameters=T2M,PRECTOTCORR&community=RE&longitude=80.2707&latitude=13.0827&start=20210101&end=20241231&format=JSON",0.5x0.625 deg,daily,VALID,OBSERVED
IN-TN-CHE,Chennai,13.0827,80.2707,nasa_power_prectotcorr_daily,PRECTOTCORR,precipitation,0.0,mm/day,2024-02-25T00:00:00Z,NASA POWER (MERRA-2),"https://power.larc.nasa.gov/api/temporal/daily/point?parameters=T2M,PRECTOTCORR&community=RE&longitude=80.2707&latitude=13.0827&start=20210101&end=20241231&format=JSON",0.5x0.625 deg,daily,VALID,OBSERVED
IN-TN-CHE,Chennai,13.0827,80.2707,nasa_power_t2m_daily,T2M,temperature_2m,27.31,C,2024-02-26T00:00:00Z,NASA POWER (MERRA-2),"https://power.larc.nasa.gov/api/temporal/daily/point?parameters=T2M,PRECTOTCORR&community=RE&longitude=80.2707&latitude=13.0827&start=20210101&end=20241231&format=JSON",0.5x0.625 deg,daily,VALID,OBSERVED
IN-TN-CHE,Chennai,13.0827,80.2707,nasa_power_prectotcorr_daily,PRECTOTCORR,precipitation,0.0,mm/day,2024-02-26T00:00:00Z,NASA POWER (MERRA-2),"https://power.larc.nasa.gov/api/temporal/daily/point?parameters=T2M,PRECTOTCORR&community=RE&longitude=80.2707&latitude=13.0827&start=20210101&end=20241231&format=JSON",0.5x0.625 deg,daily,VALID,OBSERVED
IN-TN-CHE,Chennai,13.0827,80.2707,nasa_power_t2m_daily,T2M,temperature_2m,27.15,C,2024-02-27T00:00:00Z,NASA POWER (MERRA-2),"https://power.larc.nasa.gov/api/temporal/daily/point?parameters=T2M,PRECTOTCORR&community=RE&longitude=80.2707&latitude=13.0827&start=20210101&end=20241231&format=JSON",0.5x0.625 deg,daily,VALID,OBSERVED
IN-TN-CHE,Chennai,13.0827,80.2707,nasa_power_prectotcorr_daily,PRECTOTCORR,precipitation,0.0,mm/day,2024-02-27T00:00:00Z,NASA POWER (MERRA-2),"https://power.larc.nasa.gov/api/temporal/daily/point?parameters=T2M,PRECTOTCORR&community=RE&longitude=80.2707&latitude=13.0827&start=20210101&end=20241231&format=JSON",0.5x0.625 deg,daily,VALID,OBSERVED
IN-TN-CHE,Chennai,13.0827,80.2707,nasa_power_t2m_daily,T2M,temperature_2m,26.59,C,2024-02-28T00:00:00Z,NASA POWER (MERRA-2),"https://power.larc.nasa.gov/api/temporal/daily/point?parameters=T2M,PRECTOTCORR&community=RE&longitude=80.2707&latitude=13.0827&start=20210101&end=20241231&format=JSON",0.5x0.625 deg,daily,VALID,OBSERVED
IN-TN-CHE,Chennai,13.0827,80.2707,nasa_power_prectotcorr_daily,PRECTOTCORR,precipitation,0.0,mm/day,2024-02-28T00:00:00Z,NASA POWER (MERRA-2),"https://power.larc.nasa.gov/api/temporal/daily/point?parameters=T2M,PRECTOTCORR&community=RE&longitude=80.2707&latitude=13.0827&start=20210101&end=20241231&format=JSON",0.5x0.625 deg,daily,VALID,OBSERVED
IN-TN-CHE,Chennai,13.0827,80.2707,nasa_power_t2m_daily,T2M,temperature_2m,27.01,C,2024-02-29T00:00:00Z,NASA POWER (MERRA-2),"https://power.larc.nasa.gov/api/temporal/daily/point?parameters=T2M,PRECTOTCORR&community=RE&longitude=80.2707&latitude=13.0827&start=20210101&end=20241231&format=JSON",0.5x0.625 deg,daily,VALID,OBSERVED
IN-TN-CHE,Chennai,13.0827,80.2707,nasa_power_prectotcorr_daily,PRECTOTCORR,precipitation,0.0,mm/day,2024-02-29T00:00:00Z,NASA POWER (MERRA-2),"https://power.larc.nasa.gov/api/temporal/daily/point?parameters=T2M,PRECTOTCORR&community=RE&longitude=80.2707&latitude=13.0827&start=20210101&end=20241231&format=JSON",0.5x0.625 deg,daily,VALID,OBSERVED
IN-TN-CHE,Chennai,13.0827,80.2707,nasa_power_t2m_daily,T2M,temperature_2m,27.48,C,2024-03-01T00:00:00Z,NASA POWER (MERRA-2),"https://power.larc.nasa.gov/api/temporal/daily/point?parameters=T2M,PRECTOTCORR&community=RE&longitude=80.2707&latitude=13.0827&start=20210101&end=20241231&format=JSON",0.5x0.625 deg,daily,VALID,OBSERVED
IN-TN-CHE,Chennai,13.0827,80.2707,nasa_power_prectotcorr_daily,PRECTOTCORR,precipitation,0.0,mm/day,2024-03-01T00:00:00Z,NASA POWER (MERRA-2),"https://power.larc.nasa.gov/api/temporal/daily/point?parameters=T2M,PRECTOTCORR&community=RE&longitude=80.2707&latitude=13.0827&start=20210101&end=20241231&format=JSON",0.5x0.625 deg,daily,VALID,OBSERVED
IN-TN-CHE,Chennai,13.0827,80.2707,nasa_power_t2m_daily,T2M,temperature_2m,27.65,C,2024-03-02T00:00:00Z,NASA POWER (MERRA-2),"https://power.larc.nasa.gov/api/temporal/daily/point?parameters=T2M,PRECTOTCORR&community=RE&longitude=80.2707&latitude=13.0827&start=20210101&end=20241231&format=JSON",0.5x0.625 deg,daily,VALID,OBSERVED
IN-TN-CHE,Chennai,13.0827,80.2707,nasa_power_prectotcorr_daily,PRECTOTCORR,precipitation,0.0,mm/day,2024-03-02T00:00:00Z,NASA POWER (MERRA-2),"https://power.larc.nasa.gov/api/temporal/daily/point?parameters=T2M,PRECTOTCORR&community=RE&longitude=80.2707&latitude=13.0827&start=20210101&end=20241231&format=JSON",0.5x0.625 deg,daily,VALID,OBSERVED
IN-TN-CHE,Chennai,13.0827,80.2707,nasa_power_t2m_daily,T2M,temperature_2m,27.46,C,2024-03-03T00:00:00Z,NASA POWER (MERRA-2),"https://power.larc.nasa.gov/api/temporal/daily/point?parameters=T2M,PRECTOTCORR&community=RE&longitude=80.2707&latitude=13.0827&start=20210101&end=20241231&format=JSON",0.5x0.625 deg,daily,VALID,OBSERVED
IN-TN-CHE,Chennai,13.0827,80.2707,nasa_power_prectotcorr_daily,PRECTOTCORR,precipitation,0.0,mm/day,2024-03-03T00:00:00Z,NASA POWER (MERRA-2),"https://power.larc.nasa.gov/api/temporal/daily/point?parameters=T2M,PRECTOTCORR&community=RE&longitude=80.2707&latitude=13.0827&start=20210101&end=20241231&format=JSON",0.5x0.625 deg,daily,VALID,OBSERVED
IN-TN-CHE,Chennai,13.0827,80.2707,nasa_power_t2m_daily,T2M,temperature_2m,27.14,C,2024-03-04T00:00:00Z,NASA POWER (MERRA-2),"https://power.larc.nasa.gov/api/temporal/daily/point?parameters=T2M,PRECTOTCORR&community=RE&longitude=80.2707&latitude=13.0827&start=20210101&end=20241231&format=JSON",0.5x0.625 deg,daily,VALID,OBSERVED
IN-TN-CHE,Chennai,13.0827,80.2707,nasa_power_prectotcorr_daily,PRECTOTCORR,precipitation,0.0,mm/day,2024-03-04T00:00:00Z,NASA POWER (MERRA-2),"https://power.larc.nasa.gov/api/temporal/daily/point?parameters=T2M,PRECTOTCORR&community=RE&longitude=80.2707&latitude=13.0827&start=20210101&end=20241231&format=JSON",0.5x0.625 deg,daily,VALID,OBSERVED
IN-TN-CHE,Chennai,13.0827,80.2707,nasa_power_t2m_daily,T2M,temperature_2m,27.56,C,2024-03-05T00:00:00Z,NASA POWER (MERRA-2),"https://power.larc.nasa.gov/api/temporal/daily/point?parameters=T2M,PRECTOTCORR&community=RE&longitude=80.2707&latitude=13.0827&start=20210101&end=20241231&format=JSON",0.5x0.625 deg,daily,VALID,OBSERVED
IN-TN-CHE,Chennai,13.0827,80.2707,nasa_power_prectotcorr_daily,PRECTOTCORR,precipitation,0.0,mm/day,2024-03-05T00:00:00Z,NASA POWER (MERRA-2),"https://power.larc.nasa.gov/api/temporal/daily/point?parameters=T2M,PRECTOTCORR&community=RE&longitude=80.2707&latitude=13.0827&start=20210101&end=20241231&format=JSON",0.5x0.625 deg,daily,VALID,OBSERVED
IN-TN-CHE,Chennai,13.0827,80.2707,nasa_power_t2m_daily,T2M,temperature_2m,27.74,C,2024-03-06T00:00:00Z,NASA POWER (MERRA-2),"https://power.larc.nasa.gov/api/temporal/daily/point?parameters=T2M,PRECTOTCORR&community=RE&longitude=80.2707&latitude=13.0827&start=20210101&end=20241231&format=JSON",0.5x0.625 deg,daily,VALID,OBSERVED
IN-TN-CHE,Chennai,13.0827,80.2707,nasa_power_prectotcorr_daily,PRECTOTCORR,precipitation,0.0,mm/day,2024-03-06T00:00:00Z,NASA POWER (MERRA-2),"https://power.larc.nasa.gov/api/temporal/daily/point?parameters=T2M,PRECTOTCORR&community=RE&longitude=80.2707&latitude=13.0827&start=20210101&end=20241231&format=JSON",0.5x0.625 deg,daily,VALID,OBSERVED
IN-TN-CHE,Chennai,13.0827,80.2707,nasa_power_t2m_daily,T2M,temperature_2m,27.87,C,2024-03-07T00:00:00Z,NASA POWER (MERRA-2),"https://power.larc.nasa.gov/api/temporal/daily/point?parameters=T2M,PRECTOTCORR&community=RE&longitude=80.2707&latitude=13.0827&start=20210101&end=20241231&format=JSON",0.5x0.625 deg,daily,VALID,OBSERVED
IN-TN-CHE,Chennai,13.0827,80.2707,nasa_power_prectotcorr_daily,PRECTOTCORR,precipitation,0.0,mm/day,2024-03-07T00:00:00Z,NASA POWER (MERRA-2),"https://power.larc.nasa.gov/api/temporal/daily/point?parameters=T2M,PRECTOTCORR&community=RE&longitude=80.2707&latitude=13.0827&start=20210101&end=20241231&format=JSON",0.5x0.625 deg,daily,VALID,OBSERVED
IN-TN-CHE,Chennai,13.0827,80.2707,nasa_power_t2m_daily,T2M,temperature_2m,27.96,C,2024-03-08T00:00:00Z,NASA POWER (MERRA-2),"https://power.larc.nasa.gov/api/temporal/daily/point?parameters=T2M,PRECTOTCORR&community=RE&longitude=80.2707&latitude=13.0827&start=20210101&end=20241231&format=JSON",0.5x0.625 deg,daily,VALID,OBSERVED
IN-TN-CHE,Chennai,13.0827,80.2707,nasa_power_prectotcorr_daily,PRECTOTCORR,precipitation,0.0,mm/day,2024-03-08T00:00:00Z,NASA POWER (MERRA-2),"https://power.larc.nasa.gov/api/temporal/daily/point?parameters=T2M,PRECTOTCORR&community=RE&longitude=80.2707&latitude=13.0827&start=20210101&end=20241231&format=JSON",0.5x0.625 deg,daily,VALID,OBSERVED
IN-TN-CHE,Chennai,13.0827,80.2707,nasa_power_t2m_daily,T2M,temperature_2m,28.49,C,2024-03-09T00:00:00Z,NASA POWER (MERRA-2),"https://power.larc.nasa.gov/api/temporal/daily/point?parameters=T2M,PRECTOTCORR&community=RE&longitude=80.2707&latitude=13.0827&start=20210101&end=20241231&format=JSON",0.5x0.625 deg,daily,VALID,OBSERVED
IN-TN-CHE,Chennai,13.0827,80.2707,nasa_power_prectotcorr_daily,PRECTOTCORR,precipitation,0.0,mm/day,2024-03-09T00:00:00Z,NASA POWER (MERRA-2),"https://power.larc.nasa.gov/api/temporal/daily/point?parameters=T2M,PRECTOTCORR&community=RE&longitude=80.2707&latitude=13.0827&start=20210101&end=20241231&format=JSON",0.5x0.625 deg,daily,VALID,OBSERVED
IN-TN-CHE,Chennai,13.0827,80.2707,nasa_power_t2m_daily,T2M,temperature_2m,28.55,C,2024-03-10T00:00:00Z,NASA POWER (MERRA-2),"https://power.larc.nasa.gov/api/temporal/daily/point?parameters=T2M,PRECTOTCORR&community=RE&longitude=80.2707&latitude=13.0827&start=20210101&end=20241231&format=JSON",0.5x0.625 deg,daily,VALID,OBSERVED
IN-TN-CHE,Chennai,13.0827,80.2707,nasa_power_prectotcorr_daily,PRECTOTCORR,precipitation,0.0,mm/day,2024-03-10T00:00:00Z,NASA POWER (MERRA-2),"https://power.larc.nasa.gov/api/temporal/daily/point?parameters=T2M,PRECTOTCORR&community=RE&longitude=80.2707&latitude=13.0827&start=20210101&end=20241231&format=JSON",0.5x0.625 deg,daily,VALID,OBSERVED
IN-TN-CHE,Chennai,13.0827,80.2707,nasa_power_t2m_daily,T2M,temperature_2m,28.76,C,2024-03-11T00:00:00Z,NASA POWER (MERRA-2),"https://power.larc.nasa.gov/api/temporal/daily/point?parameters=T2M,PRECTOTCORR&community=RE&longitude=80.2707&latitude=13.0827&start=20210101&end=20241231&format=JSON",0.5x0.625 deg,daily,VALID,OBSERVED
IN-TN-CHE,Chennai,13.0827,80.2707,nasa_power_prectotcorr_daily,PRECTOTCORR,precipitation,0.01,mm/day,2024-03-11T00:00:00Z,NASA POWER (MERRA-2),"https://power.larc.nasa.gov/api/temporal/daily/point?parameters=T2M,PRECTOTCORR&community=RE&longitude=80.2707&latitude=13.0827&start=20210101&end=20241231&format=JSON",0.5x0.625 deg,daily,VALID,OBSERVED
IN-TN-CHE,Chennai,13.0827,80.2707,nasa_power_t2m_daily,T2M,temperature_2m,28.95,C,2024-03-12T00:00:00Z,NASA POWER (MERRA-2),"https://power.larc.nasa.gov/api/temporal/daily/point?parameters=T2M,PRECTOTCORR&community=RE&longitude=80.2707&latitude=13.0827&start=20210101&end=20241231&format=JSON",0.5x0.625 deg,daily,VALID,OBSERVED
IN-TN-CHE,Chennai,13.0827,80.2707,nasa_power_prectotcorr_daily,PRECTOTCORR,precipitation,0.0,mm/day,2024-03-12T00:00:00Z,NASA POWER (MERRA-2),"https://power.larc.nasa.gov/api/temporal/daily/point?parameters=T2M,PRECTOTCORR&community=RE&longitude=80.2707&latitude=13.0827&start=20210101&end=20241231&format=JSON",0.5x0.625 deg,daily,VALID,OBSERVED
IN-TN-CHE,Chennai,13.0827,80.2707,nasa_power_t2m_daily,T2M,temperature_2m,29.33,C,2024-03-13T00:00:00Z,NASA POWER (MERRA-2),"https://power.larc.nasa.gov/api/temporal/daily/point?parameters=T2M,PRECTOTCORR&community=RE&longitude=80.2707&latitude=13.0827&start=20210101&end=20241231&format=JSON",0.5x0.625 deg,daily,VALID,OBSERVED
IN-TN-CHE,Chennai,13.0827,80.2707,nasa_power_prectotcorr_daily,PRECTOTCORR,precipitation,0.0,mm/day,2024-03-13T00:00:00Z,NASA POWER (MERRA-2),"https://power.larc.nasa.gov/api/temporal/daily/point?parameters=T2M,PRECTOTCORR&community=RE&longitude=80.2707&latitude=13.0827&start=20210101&end=20241231&format=JSON",0.5x0.625 deg,daily,VALID,OBSERVED
IN-TN-CHE,Chennai,13.0827,80.2707,nasa_power_t2m_daily,T2M,temperature_2m,29.38,C,2024-03-14T00:00:00Z,NASA POWER (MERRA-2),"https://power.larc.nasa.gov/api/temporal/daily/point?parameters=T2M,PRECTOTCORR&community=RE&longitude=80.2707&latitude=13.0827&start=20210101&end=20241231&format=JSON",0.5x0.625 deg,daily,VALID,OBSERVED
IN-TN-CHE,Chennai,13.0827,80.2707,nasa_power_prectotcorr_daily,PRECTOTCORR,precipitation,0.0,mm/day,2024-03-14T00:00:00Z,NASA POWER (MERRA-2),"https://power.larc.nasa.gov/api/temporal/daily/point?parameters=T2M,PRECTOTCORR&community=RE&longitude=80.2707&latitude=13.0827&start=20210101&end=20241231&format=JSON",0.5x0.625 deg,daily,VALID,OBSERVED
IN-TN-CHE,Chennai,13.0827,80.2707,nasa_power_t2m_daily,T2M,temperature_2m,28.98,C,2024-03-15T00:00:00Z,NASA POWER (MERRA-2),"https://power.larc.nasa.gov/api/temporal/daily/point?parameters=T2M,PRECTOTCORR&community=RE&longitude=80.2707&latitude=13.0827&start=20210101&end=20241231&format=JSON",0.5x0.625 deg,daily,VALID,OBSERVED
IN-TN-CHE,Chennai,13.0827,80.2707,nasa_power_prectotcorr_daily,PRECTOTCORR,precipitation,0.0,mm/day,2024-03-15T00:00:00Z,NASA POWER (MERRA-2),"https://power.larc.nasa.gov/api/temporal/daily/point?parameters=T2M,PRECTOTCORR&community=RE&longitude=80.2707&latitude=13.0827&start=20210101&end=20241231&format=JSON",0.5x0.625 deg,daily,VALID,OBSERVED
IN-TN-CHE,Chennai,13.0827,80.2707,nasa_power_t2m_daily,T2M,temperature_2m,29.0,C,2024-03-16T00:00:00Z,NASA POWER (MERRA-2),"https://power.larc.nasa.gov/api/temporal/daily/point?parameters=T2M,PRECTOTCORR&community=RE&longitude=80.2707&latitude=13.0827&start=20210101&end=20241231&format=JSON",0.5x0.625 deg,daily,VALID,OBSERVED
IN-TN-CHE,Chennai,13.0827,80.2707,nasa_power_prectotcorr_daily,PRECTOTCORR,precipitation,0.0,mm/day,2024-03-16T00:00:00Z,NASA POWER (MERRA-2),"https://power.larc.nasa.gov/api/temporal/daily/point?parameters=T2M,PRECTOTCORR&community=RE&longitude=80.2707&latitude=13.0827&start=20210101&end=20241231&format=JSON",0.5x0.625 deg,daily,VALID,OBSERVED
IN-TN-CHE,Chennai,13.0827,80.2707,nasa_power_t2m_daily,T2M,temperature_2m,29.02,C,2024-03-17T00:00:00Z,NASA POWER (MERRA-2),"https://power.larc.nasa.gov/api/temporal/daily/point?parameters=T2M,PRECTOTCORR&community=RE&longitude=80.2707&latitude=13.0827&start=20210101&end=20241231&format=JSON",0.5x0.625 deg,daily,VALID,OBSERVED
IN-TN-CHE,Chennai,13.0827,80.2707,nasa_power_prectotcorr_daily,PRECTOTCORR,precipitation,0.0,mm/day,2024-03-17T00:00:00Z,NASA POWER (MERRA-2),"https://power.larc.nasa.gov/api/temporal/daily/point?parameters=T2M,PRECTOTCORR&community=RE&longitude=80.2707&latitude=13.0827&start=20210101&end=20241231&format=JSON",0.5x0.625 deg,daily,VALID,OBSERVED
IN-TN-CHE,Chennai,13.0827,80.2707,nasa_power_t2m_daily,T2M,temperature_2m,29.04,C,2024-03-18T00:00:00Z,NASA POWER (MERRA-2),"https://power.larc.nasa.gov/api/temporal/daily/point?parameters=T2M,PRECTOTCORR&community=RE&longitude=80.2707&latitude=13.0827&start=20210101&end=20241231&format=JSON",0.5x0.625 deg,daily,VALID,OBSERVED
IN-TN-CHE,Chennai,13.0827,80.2707,nasa_power_prectotcorr_daily,PRECTOTCORR,precipitation,0.0,mm/day,2024-03-18T00:00:00Z,NASA POWER (MERRA-2),"https://power.larc.nasa.gov/api/temporal/daily/point?parameters=T2M,PRECTOTCORR&community=RE&longitude=80.2707&latitude=13.0827&start=20210101&end=20241231&format=JSON",0.5x0.625 deg,daily,VALID,OBSERVED
IN-TN-CHE,Chennai,13.0827,80.2707,nasa_power_t2m_daily,T2M,temperature_2m,29.06,C,2024-03-19T00:00:00Z,NASA POWER (MERRA-2),"https://power.larc.nasa.gov/api/temporal/daily/point?parameters=T2M,PRECTOTCORR&community=RE&longitude=80.2707&latitude=13.0827&start=20210101&end=20241231&format=JSON",0.5x0.625 deg,daily,VALID,OBSERVED
IN-TN-CHE,Chennai,13.0827,80.2707,nasa_power_prectotcorr_daily,PRECTOTCORR,precipitation,0.0,mm/day,2024-03-19T00:00:00Z,NASA POWER (MERRA-2),"https://power.larc.nasa.gov/api/temporal/daily/point?parameters=T2M,PRECTOTCORR&community=RE&longitude=80.2707&latitude=13.0827&start=20210101&end=20241231&format=JSON",0.5x0.625 deg,daily,VALID,OBSERVED
IN-TN-CHE,Chennai,13.0827,80.2707,nasa_power_t2m_daily,T2M,temperature_2m,28.56,C,2024-03-20T00:00:00Z,NASA POWER (MERRA-2),"https://power.larc.nasa.gov/api/temporal/daily/point?parameters=T2M,PRECTOTCORR&community=RE&longitude=80.2707&latitude=13.0827&start=20210101&end=20241231&format=JSON",0.5x0.625 deg,daily,VALID,OBSERVED
IN-TN-CHE,Chennai,13.0827,80.2707,nasa_power_prectotcorr_daily,PRECTOTCORR,precipitation,0.0,mm/day,2024-03-20T00:00:00Z,NASA POWER (MERRA-2),"https://power.larc.nasa.gov/api/temporal/daily/point?parameters=T2M,PRECTOTCORR&community=RE&longitude=80.2707&latitude=13.0827&start=20210101&end=20241231&format=JSON",0.5x0.625 deg,daily,VALID,OBSERVED
IN-TN-CHE,Chennai,13.0827,80.2707,nasa_power_t2m_daily,T2M,temperature_2m,29.23,C,2024-03-21T00:00:00Z,NASA POWER (MERRA-2),"https://power.larc.nasa.gov/api/temporal/daily/point?parameters=T2M,PRECTOTCORR&community=RE&longitude=80.2707&latitude=13.0827&start=20210101&end=20241231&format=JSON",0.5x0.625 deg,daily,VALID,OBSERVED
IN-TN-CHE,Chennai,13.0827,80.2707,nasa_power_prectotcorr_daily,PRECTOTCORR,precipitation,0.02,mm/day,2024-03-21T00:00:00Z,NASA POWER (MERRA-2),"https://power.larc.nasa.gov/api/temporal/daily/point?parameters=T2M,PRECTOTCORR&community=RE&longitude=80.2707&latitude=13.0827&start=20210101&end=20241231&format=JSON",0.5x0.625 deg,daily,VALID,OBSERVED
IN-TN-CHE,Chennai,13.0827,80.2707,nasa_power_t2m_daily,T2M,temperature_2m,29.56,C,2024-03-22T00:00:00Z,NASA POWER (MERRA-2),"https://power.larc.nasa.gov/api/temporal/daily/point?parameters=T2M,PRECTOTCORR&community=RE&longitude=80.2707&latitude=13.0827&start=20210101&end=20241231&format=JSON",0.5x0.625 deg,daily,VALID,OBSERVED
IN-TN-CHE,Chennai,13.0827,80.2707,nasa_power_prectotcorr_daily,PRECTOTCORR,precipitation,0.0,mm/day,2024-03-22T00:00:00Z,NASA POWER (MERRA-2),"https://power.larc.nasa.gov/api/temporal/daily/point?parameters=T2M,PRECTOTCORR&community=RE&longitude=80.2707&latitude=13.0827&start=20210101&end=20241231&format=JSON",0.5x0.625 deg,daily,VALID,OBSERVED
IN-TN-CHE,Chennai,13.0827,80.2707,nasa_power_t2m_daily,T2M,temperature_2m,29.25,C,2024-03-23T00:00:00Z,NASA POWER (MERRA-2),"https://power.larc.nasa.gov/api/temporal/daily/point?parameters=T2M,PRECTOTCORR&community=RE&longitude=80.2707&latitude=13.0827&start=20210101&end=20241231&format=JSON",0.5x0.625 deg,daily,VALID,OBSERVED
IN-TN-CHE,Chennai,13.0827,80.2707,nasa_power_prectotcorr_daily,PRECTOTCORR,precipitation,0.0,mm/day,2024-03-23T00:00:00Z,NASA POWER (MERRA-2),"https://power.larc.nasa.gov/api/temporal/daily/point?parameters=T2M,PRECTOTCORR&community=RE&longitude=80.2707&latitude=13.0827&start=20210101&end=20241231&format=JSON",0.5x0.625 deg,daily,VALID,OBSERVED
IN-TN-CHE,Chennai,13.0827,80.2707,nasa_power_t2m_daily,T2M,temperature_2m,29.34,C,2024-03-24T00:00:00Z,NASA POWER (MERRA-2),"https://power.larc.nasa.gov/api/temporal/daily/point?parameters=T2M,PRECTOTCORR&community=RE&longitude=80.2707&latitude=13.0827&start=20210101&end=20241231&format=JSON",0.5x0.625 deg,daily,VALID,OBSERVED
IN-TN-CHE,Chennai,13.0827,80.2707,nasa_power_prectotcorr_daily,PRECTOTCORR,precipitation,0.0,mm/day,2024-03-24T00:00:00Z,NASA POWER (MERRA-2),"https://power.larc.nasa.gov/api/temporal/daily/point?parameters=T2M,PRECTOTCORR&community=RE&longitude=80.2707&latitude=13.0827&start=20210101&end=20241231&format=JSON",0.5x0.625 deg,daily,VALID,OBSERVED
IN-TN-CHE,Chennai,13.0827,80.2707,nasa_power_t2m_daily,T2M,temperature_2m,29.39,C,2024-03-25T00:00:00Z,NASA POWER (MERRA-2),"https://power.larc.nasa.gov/api/temporal/daily/point?parameters=T2M,PRECTOTCORR&community=RE&longitude=80.2707&latitude=13.0827&start=20210101&end=20241231&format=JSON",0.5x0.625 deg,daily,VALID,OBSERVED
IN-TN-CHE,Chennai,13.0827,80.2707,nasa_power_prectotcorr_daily,PRECTOTCORR,precipitation,0.0,mm/day,2024-03-25T00:00:00Z,NASA POWER (MERRA-2),"https://power.larc.nasa.gov/api/temporal/daily/point?parameters=T2M,PRECTOTCORR&community=RE&longitude=80.2707&latitude=13.0827&start=20210101&end=20241231&format=JSON",0.5x0.625 deg,daily,VALID,OBSERVED
IN-TN-CHE,Chennai,13.0827,80.2707,nasa_power_t2m_daily,T2M,temperature_2m,29.14,C,2024-03-26T00:00:00Z,NASA POWER (MERRA-2),"https://power.larc.nasa.gov/api/temporal/daily/point?parameters=T2M,PRECTOTCORR&community=RE&longitude=80.2707&latitude=13.0827&start=20210101&end=20241231&format=JSON",0.5x0.625 deg,daily,VALID,OBSERVED
IN-TN-CHE,Chennai,13.0827,80.2707,nasa_power_prectotcorr_daily,PRECTOTCORR,precipitation,0.0,mm/day,2024-03-26T00:00:00Z,NASA POWER (MERRA-2),"https://power.larc.nasa.gov/api/temporal/daily/point?parameters=T2M,PRECTOTCORR&community=RE&longitude=80.2707&latitude=13.0827&start=20210101&end=20241231&format=JSON",0.5x0.625 deg,daily,VALID,OBSERVED
IN-TN-CHE,Chennai,13.0827,80.2707,nasa_power_t2m_daily,T2M,temperature_2m,29.3,C,2024-03-27T00:00:00Z,NASA POWER (MERRA-2),"https://power.larc.nasa.gov/api/temporal/daily/point?parameters=T2M,PRECTOTCORR&community=RE&longitude=80.2707&latitude=13.0827&start=20210101&end=20241231&format=JSON",0.5x0.625 deg,daily,VALID,OBSERVED
IN-TN-CHE,Chennai,13.0827,80.2707,nasa_power_prectotcorr_daily,PRECTOTCORR,precipitation,0.0,mm/day,2024-03-27T00:00:00Z,NASA POWER (MERRA-2),"https://power.larc.nasa.gov/api/temporal/daily/point?parameters=T2M,PRECTOTCORR&community=RE&longitude=80.2707&latitude=13.0827&start=20210101&end=20241231&format=JSON",0.5x0.625 deg,daily,VALID,OBSERVED
IN-TN-CHE,Chennai,13.0827,80.2707,nasa_power_t2m_daily,T2M,temperature_2m,30.12,C,2024-03-28T00:00:00Z,NASA POWER (MERRA-2),"https://power.larc.nasa.gov/api/temporal/daily/point?parameters=T2M,PRECTOTCORR&community=RE&longitude=80.2707&latitude=13.0827&start=20210101&end=20241231&format=JSON",0.5x0.625 deg,daily,VALID,OBSERVED
IN-TN-CHE,Chennai,13.0827,80.2707,nasa_power_prectotcorr_daily,PRECTOTCORR,precipitation,0.0,mm/day,2024-03-28T00:00:00Z,NASA POWER (MERRA-2),"https://power.larc.nasa.gov/api/temporal/daily/point?parameters=T2M,PRECTOTCORR&community=RE&longitude=80.2707&latitude=13.0827&start=20210101&end=20241231&format=JSON",0.5x0.625 deg,daily,VALID,OBSERVED
IN-TN-CHE,Chennai,13.0827,80.2707,nasa_power_t2m_daily,T2M,temperature_2m,30.39,C,2024-03-29T00:00:00Z,NASA POWER (MERRA-2),"https://power.larc.nasa.gov/api/temporal/daily/point?parameters=T2M,PRECTOTCORR&community=RE&longitude=80.2707&latitude=13.0827&start=20210101&end=20241231&format=JSON",0.5x0.625 deg,daily,VALID,OBSERVED
IN-TN-CHE,Chennai,13.0827,80.2707,nasa_power_prectotcorr_daily,PRECTOTCORR,precipitation,0.0,mm/day,2024-03-29T00:00:00Z,NASA POWER (MERRA-2),"https://power.larc.nasa.gov/api/temporal/daily/point?parameters=T2M,PRECTOTCORR&community=RE&longitude=80.2707&latitude=13.0827&start=20210101&end=20241231&format=JSON",0.5x0.625 deg,daily,VALID,OBSERVED
IN-TN-CHE,Chennai,13.0827,80.2707,nasa_power_t2m_daily,T2M,temperature_2m,30.17,C,2024-03-30T00:00:00Z,NASA POWER (MERRA-2),"https://power.larc.nasa.gov/api/temporal/daily/point?parameters=T2M,PRECTOTCORR&community=RE&longitude=80.2707&latitude=13.0827&start=20210101&end=20241231&format=JSON",0.5x0.625 deg,daily,VALID,OBSERVED
IN-TN-CHE,Chennai,13.0827,80.2707,nasa_power_prectotcorr_daily,PRECTOTCORR,precipitation,0.0,mm/day,2024-03-30T00:00:00Z,NASA POWER (MERRA-2),"https://power.larc.nasa.gov/api/temporal/daily/point?parameters=T2M,PRECTOTCORR&community=RE&longitude=80.2707&latitude=13.0827&start=20210101&end=20241231&format=JSON",0.5x0.625 deg,daily,VALID,OBSERVED
IN-TN-CHE,Chennai,13.0827,80.2707,nasa_power_t2m_daily,T2M,temperature_2m,30.04,C,2024-03-31T00:00:00Z,NASA POWER (MERRA-2),"https://power.larc.nasa.gov/api/temporal/daily/point?parameters=T2M,PRECTOTCORR&community=RE&longitude=80.2707&latitude=13.0827&start=20210101&end=20241231&format=JSON",0.5x0.625 deg,daily,VALID,OBSERVED
IN-TN-CHE,Chennai,13.0827,80.2707,nasa_power_prectotcorr_daily,PRECTOTCORR,precipitation,0.0,mm/day,2024-03-31T00:00:00Z,NASA POWER (MERRA-2),"https://power.larc.nasa.gov/api/temporal/daily/point?parameters=T2M,PRECTOTCORR&community=RE&longitude=80.2707&latitude=13.0827&start=20210101&end=20241231&format=JSON",0.5x0.625 deg,daily,VALID,OBSERVED
IN-TN-CHE,Chennai,13.0827,80.2707,nasa_power_t2m_daily,T2M,temperature_2m,30.65,C,2024-04-01T00:00:00Z,NASA POWER (MERRA-2),"https://power.larc.nasa.gov/api/temporal/daily/point?parameters=T2M,PRECTOTCORR&community=RE&longitude=80.2707&latitude=13.0827&start=20210101&end=20241231&format=JSON",0.5x0.625 deg,daily,VALID,OBSERVED
IN-TN-CHE,Chennai,13.0827,80.2707,nasa_power_prectotcorr_daily,PRECTOTCORR,precipitation,0.0,mm/day,2024-04-01T00:00:00Z,NASA POWER (MERRA-2),"https://power.larc.nasa.gov/api/temporal/daily/point?parameters=T2M,PRECTOTCORR&community=RE&longitude=80.2707&latitude=13.0827&start=20210101&end=20241231&format=JSON",0.5x0.625 deg,daily,VALID,OBSERVED
IN-TN-CHE,Chennai,13.0827,80.2707,nasa_power_t2m_daily,T2M,temperature_2m,30.71,C,2024-04-02T00:00:00Z,NASA POWER (MERRA-2),"https://power.larc.nasa.gov/api/temporal/daily/point?parameters=T2M,PRECTOTCORR&community=RE&longitude=80.2707&latitude=13.0827&start=20210101&end=20241231&format=JSON",0.5x0.625 deg,daily,VALID,OBSERVED
IN-TN-CHE,Chennai,13.0827,80.2707,nasa_power_prectotcorr_daily,PRECTOTCORR,precipitation,0.0,mm/day,2024-04-02T00:00:00Z,NASA POWER (MERRA-2),"https://power.larc.nasa.gov/api/temporal/daily/point?parameters=T2M,PRECTOTCORR&community=RE&longitude=80.2707&latitude=13.0827&start=20210101&end=20241231&format=JSON",0.5x0.625 deg,daily,VALID,OBSERVED
IN-TN-CHE,Chennai,13.0827,80.2707,nasa_power_t2m_daily,T2M,temperature_2m,30.49,C,2024-04-03T00:00:00Z,NASA POWER (MERRA-2),"https://power.larc.nasa.gov/api/temporal/daily/point?parameters=T2M,PRECTOTCORR&community=RE&longitude=80.2707&latitude=13.0827&start=20210101&end=20241231&format=JSON",0.5x0.625 deg,daily,VALID,OBSERVED
IN-TN-CHE,Chennai,13.0827,80.2707,nasa_power_prectotcorr_daily,PRECTOTCORR,precipitation,0.0,mm/day,2024-04-03T00:00:00Z,NASA POWER (MERRA-2),"https://power.larc.nasa.gov/api/temporal/daily/point?parameters=T2M,PRECTOTCORR&community=RE&longitude=80.2707&latitude=13.0827&start=20210101&end=20241231&format=JSON",0.5x0.625 deg,daily,VALID,OBSERVED
IN-TN-CHE,Chennai,13.0827,80.2707,nasa_power_t2m_daily,T2M,temperature_2m,30.88,C,2024-04-04T00:00:00Z,NASA POWER (MERRA-2),"https://power.larc.nasa.gov/api/temporal/daily/point?parameters=T2M,PRECTOTCORR&community=RE&longitude=80.2707&latitude=13.0827&start=20210101&end=20241231&format=JSON",0.5x0.625 deg,daily,VALID,OBSERVED
IN-TN-CHE,Chennai,13.0827,80.2707,nasa_power_prectotcorr_daily,PRECTOTCORR,precipitation,0.0,mm/day,2024-04-04T00:00:00Z,NASA POWER (MERRA-2),"https://power.larc.nasa.gov/api/temporal/daily/point?parameters=T2M,PRECTOTCORR&community=RE&longitude=80.2707&latitude=13.0827&start=20210101&end=20241231&format=JSON",0.5x0.625 deg,daily,VALID,OBSERVED
IN-TN-CHE,Chennai,13.0827,80.2707,nasa_power_t2m_daily,T2M,temperature_2m,31.29,C,2024-04-05T00:00:00Z,NASA POWER (MERRA-2),"https://power.larc.nasa.gov/api/temporal/daily/point?parameters=T2M,PRECTOTCORR&community=RE&longitude=80.2707&latitude=13.0827&start=20210101&end=20241231&format=JSON",0.5x0.625 deg,daily,VALID,OBSERVED
IN-TN-CHE,Chennai,13.0827,80.2707,nasa_power_prectotcorr_daily,PRECTOTCORR,precipitation,0.0,mm/day,2024-04-05T00:00:00Z,NASA POWER (MERRA-2),"https://power.larc.nasa.gov/api/temporal/daily/point?parameters=T2M,PRECTOTCORR&community=RE&longitude=80.2707&latitude=13.0827&start=20210101&end=20241231&format=JSON",0.5x0.625 deg,daily,VALID,OBSERVED
IN-TN-CHE,Chennai,13.0827,80.2707,nasa_power_t2m_daily,T2M,temperature_2m,31.85,C,2024-04-06T00:00:00Z,NASA POWER (MERRA-2),"https://power.larc.nasa.gov/api/temporal/daily/point?parameters=T2M,PRECTOTCORR&community=RE&longitude=80.2707&latitude=13.0827&start=20210101&end=20241231&format=JSON",0.5x0.625 deg,daily,VALID,OBSERVED
IN-TN-CHE,Chennai,13.0827,80.2707,nasa_power_prectotcorr_daily,PRECTOTCORR,precipitation,0.0,mm/day,2024-04-06T00:00:00Z,NASA POWER (MERRA-2),"https://power.larc.nasa.gov/api/temporal/daily/point?parameters=T2M,PRECTOTCORR&community=RE&longitude=80.2707&latitude=13.0827&start=20210101&end=20241231&format=JSON",0.5x0.625 deg,daily,VALID,OBSERVED
IN-TN-CHE,Chennai,13.0827,80.2707,nasa_power_t2m_daily,T2M,temperature_2m,31.75,C,2024-04-07T00:00:00Z,NASA POWER (MERRA-2),"https://power.larc.nasa.gov/api/temporal/daily/point?parameters=T2M,PRECTOTCORR&community=RE&longitude=80.2707&latitude=13.0827&start=20210101&end=20241231&format=JSON",0.5x0.625 deg,daily,VALID,OBSERVED
IN-TN-CHE,Chennai,13.0827,80.2707,nasa_power_prectotcorr_daily,PRECTOTCORR,precipitation,0.0,mm/day,2024-04-07T00:00:00Z,NASA POWER (MERRA-2),"https://power.larc.nasa.gov/api/temporal/daily/point?parameters=T2M,PRECTOTCORR&community=RE&longitude=80.2707&latitude=13.0827&start=20210101&end=20241231&format=JSON",0.5x0.625 deg,daily,VALID,OBSERVED
IN-TN-CHE,Chennai,13.0827,80.2707,nasa_power_t2m_daily,T2M,temperature_2m,30.84,C,2024-04-08T00:00:00Z,NASA POWER (MERRA-2),"https://power.larc.nasa.gov/api/temporal/daily/point?parameters=T2M,PRECTOTCORR&community=RE&longitude=80.2707&latitude=13.0827&start=20210101&end=20241231&format=JSON",0.5x0.625 deg,daily,VALID,OBSERVED
IN-TN-CHE,Chennai,13.0827,80.2707,nasa_power_prectotcorr_daily,PRECTOTCORR,precipitation,0.0,mm/day,2024-04-08T00:00:00Z,NASA POWER (MERRA-2),"https://power.larc.nasa.gov/api/temporal/daily/point?parameters=T2M,PRECTOTCORR&community=RE&longitude=80.2707&latitude=13.0827&start=20210101&end=20241231&format=JSON",0.5x0.625 deg,daily,VALID,OBSERVED
IN-TN-CHE,Chennai,13.0827,80.2707,nasa_power_t2m_daily,T2M,temperature_2m,30.85,C,2024-04-09T00:00:00Z,NASA POWER (MERRA-2),"https://power.larc.nasa.gov/api/temporal/daily/point?parameters=T2M,PRECTOTCORR&community=RE&longitude=80.2707&latitude=13.0827&start=20210101&end=20241231&format=JSON",0.5x0.625 deg,daily,VALID,OBSERVED
IN-TN-CHE,Chennai,13.0827,80.2707,nasa_power_prectotcorr_daily,PRECTOTCORR,precipitation,0.0,mm/day,2024-04-09T00:00:00Z,NASA POWER (MERRA-2),"https://power.larc.nasa.gov/api/temporal/daily/point?parameters=T2M,PRECTOTCORR&community=RE&longitude=80.2707&latitude=13.0827&start=20210101&end=20241231&format=JSON",0.5x0.625 deg,daily,VALID,OBSERVED
IN-TN-CHE,Chennai,13.0827,80.2707,nasa_power_t2m_daily,T2M,temperature_2m,30.95,C,2024-04-10T00:00:00Z,NASA POWER (MERRA-2),"https://power.larc.nasa.gov/api/temporal/daily/point?parameters=T2M,PRECTOTCORR&community=RE&longitude=80.2707&latitude=13.0827&start=20210101&end=20241231&format=JSON",0.5x0.625 deg,daily,VALID,OBSERVED
IN-TN-CHE,Chennai,13.0827,80.2707,nasa_power_prectotcorr_daily,PRECTOTCORR,precipitation,0.0,mm/day,2024-04-10T00:00:00Z,NASA POWER (MERRA-2),"https://power.larc.nasa.gov/api/temporal/daily/point?parameters=T2M,PRECTOTCORR&community=RE&longitude=80.2707&latitude=13.0827&start=20210101&end=20241231&format=JSON",0.5x0.625 deg,daily,VALID,OBSERVED
IN-TN-CHE,Chennai,13.0827,80.2707,nasa_power_t2m_daily,T2M,temperature_2m,31.41,C,2024-04-11T00:00:00Z,NASA POWER (MERRA-2),"https://power.larc.nasa.gov/api/temporal/daily/point?parameters=T2M,PRECTOTCORR&community=RE&longitude=80.2707&latitude=13.0827&start=20210101&end=20241231&format=JSON",0.5x0.625 deg,daily,VALID,OBSERVED
IN-TN-CHE,Chennai,13.0827,80.2707,nasa_power_prectotcorr_daily,PRECTOTCORR,precipitation,0.03,mm/day,2024-04-11T00:00:00Z,NASA POWER (MERRA-2),"https://power.larc.nasa.gov/api/temporal/daily/point?parameters=T2M,PRECTOTCORR&community=RE&longitude=80.2707&latitude=13.0827&start=20210101&end=20241231&format=JSON",0.5x0.625 deg,daily,VALID,OBSERVED
IN-TN-CHE,Chennai,13.0827,80.2707,nasa_power_t2m_daily,T2M,temperature_2m,31.39,C,2024-04-12T00:00:00Z,NASA POWER (MERRA-2),"https://power.larc.nasa.gov/api/temporal/daily/point?parameters=T2M,PRECTOTCORR&community=RE&longitude=80.2707&latitude=13.0827&start=20210101&end=20241231&format=JSON",0.5x0.625 deg,daily,VALID,OBSERVED
IN-TN-CHE,Chennai,13.0827,80.2707,nasa_power_prectotcorr_daily,PRECTOTCORR,precipitation,0.05,mm/day,2024-04-12T00:00:00Z,NASA POWER (MERRA-2),"https://power.larc.nasa.gov/api/temporal/daily/point?parameters=T2M,PRECTOTCORR&community=RE&longitude=80.2707&latitude=13.0827&start=20210101&end=20241231&format=JSON",0.5x0.625 deg,daily,VALID,OBSERVED
IN-TN-CHE,Chennai,13.0827,80.2707,nasa_power_t2m_daily,T2M,temperature_2m,31.33,C,2024-04-13T00:00:00Z,NASA POWER (MERRA-2),"https://power.larc.nasa.gov/api/temporal/daily/point?parameters=T2M,PRECTOTCORR&community=RE&longitude=80.2707&latitude=13.0827&start=20210101&end=20241231&format=JSON",0.5x0.625 deg,daily,VALID,OBSERVED
IN-TN-CHE,Chennai,13.0827,80.2707,nasa_power_prectotcorr_daily,PRECTOTCORR,precipitation,0.06,mm/day,2024-04-13T00:00:00Z,NASA POWER (MERRA-2),"https://power.larc.nasa.gov/api/temporal/daily/point?parameters=T2M,PRECTOTCORR&community=RE&longitude=80.2707&latitude=13.0827&start=20210101&end=20241231&format=JSON",0.5x0.625 deg,daily,VALID,OBSERVED
IN-TN-CHE,Chennai,13.0827,80.2707,nasa_power_t2m_daily,T2M,temperature_2m,31.25,C,2024-04-14T00:00:00Z,NASA POWER (MERRA-2),"https://power.larc.nasa.gov/api/temporal/daily/point?parameters=T2M,PRECTOTCORR&community=RE&longitude=80.2707&latitude=13.0827&start=20210101&end=20241231&format=JSON",0.5x0.625 deg,daily,VALID,OBSERVED
IN-TN-CHE,Chennai,13.0827,80.2707,nasa_power_prectotcorr_daily,PRECTOTCORR,precipitation,0.04,mm/day,2024-04-14T00:00:00Z,NASA POWER (MERRA-2),"https://power.larc.nasa.gov/api/temporal/daily/point?parameters=T2M,PRECTOTCORR&community=RE&longitude=80.2707&latitude=13.0827&start=20210101&end=20241231&format=JSON",0.5x0.625 deg,daily,VALID,OBSERVED
IN-TN-CHE,Chennai,13.0827,80.2707,nasa_power_t2m_daily,T2M,temperature_2m,31.41,C,2024-04-15T00:00:00Z,NASA POWER (MERRA-2),"https://power.larc.nasa.gov/api/temporal/daily/point?parameters=T2M,PRECTOTCORR&community=RE&longitude=80.2707&latitude=13.0827&start=20210101&end=20241231&format=JSON",0.5x0.625 deg,daily,VALID,OBSERVED
IN-TN-CHE,Chennai,13.0827,80.2707,nasa_power_prectotcorr_daily,PRECTOTCORR,precipitation,0.0,mm/day,2024-04-15T00:00:00Z,NASA POWER (MERRA-2),"https://power.larc.nasa.gov/api/temporal/daily/point?parameters=T2M,PRECTOTCORR&community=RE&longitude=80.2707&latitude=13.0827&start=20210101&end=20241231&format=JSON",0.5x0.625 deg,daily,VALID,OBSERVED
IN-TN-CHE,Chennai,13.0827,80.2707,nasa_power_t2m_daily,T2M,temperature_2m,31.61,C,2024-04-16T00:00:00Z,NASA POWER (MERRA-2),"https://power.larc.nasa.gov/api/temporal/daily/point?parameters=T2M,PRECTOTCORR&community=RE&longitude=80.2707&latitude=13.0827&start=20210101&end=20241231&format=JSON",0.5x0.625 deg,daily,VALID,OBSERVED
IN-TN-CHE,Chennai,13.0827,80.2707,nasa_power_prectotcorr_daily,PRECTOTCORR,precipitation,0.0,mm/day,2024-04-16T00:00:00Z,NASA POWER (MERRA-2),"https://power.larc.nasa.gov/api/temporal/daily/point?parameters=T2M,PRECTOTCORR&community=RE&longitude=80.2707&latitude=13.0827&start=20210101&end=20241231&format=JSON",0.5x0.625 deg,daily,VALID,OBSERVED
IN-TN-CHE,Chennai,13.0827,80.2707,nasa_power_t2m_daily,T2M,temperature_2m,32.22,C,2024-04-17T00:00:00Z,NASA POWER (MERRA-2),"https://power.larc.nasa.gov/api/temporal/daily/point?parameters=T2M,PRECTOTCORR&community=RE&longitude=80.2707&latitude=13.0827&start=20210101&end=20241231&format=JSON",0.5x0.625 deg,daily,VALID,OBSERVED
IN-TN-CHE,Chennai,13.0827,80.2707,nasa_power_prectotcorr_daily,PRECTOTCORR,precipitation,0.0,mm/day,2024-04-17T00:00:00Z,NASA POWER (MERRA-2),"https://power.larc.nasa.gov/api/temporal/daily/point?parameters=T2M,PRECTOTCORR&community=RE&longitude=80.2707&latitude=13.0827&start=20210101&end=20241231&format=JSON",0.5x0.625 deg,daily,VALID,OBSERVED
IN-TN-CHE,Chennai,13.0827,80.2707,nasa_power_t2m_daily,T2M,temperature_2m,32.5,C,2024-04-18T00:00:00Z,NASA POWER (MERRA-2),"https://power.larc.nasa.gov/api/temporal/daily/point?parameters=T2M,PRECTOTCORR&community=RE&longitude=80.2707&latitude=13.0827&start=20210101&end=20241231&format=JSON",0.5x0.625 deg,daily,VALID,OBSERVED
IN-TN-CHE,Chennai,13.0827,80.2707,nasa_power_prectotcorr_daily,PRECTOTCORR,precipitation,0.0,mm/day,2024-04-18T00:00:00Z,NASA POWER (MERRA-2),"https://power.larc.nasa.gov/api/temporal/daily/point?parameters=T2M,PRECTOTCORR&community=RE&longitude=80.2707&latitude=13.0827&start=20210101&end=20241231&format=JSON",0.5x0.625 deg,daily,VALID,OBSERVED
IN-TN-CHE,Chennai,13.0827,80.2707,nasa_power_t2m_daily,T2M,temperature_2m,32.59,C,2024-04-19T00:00:00Z,NASA POWER (MERRA-2),"https://power.larc.nasa.gov/api/temporal/daily/point?parameters=T2M,PRECTOTCORR&community=RE&longitude=80.2707&latitude=13.0827&start=20210101&end=20241231&format=JSON",0.5x0.625 deg,daily,VALID,OBSERVED
IN-TN-CHE,Chennai,13.0827,80.2707,nasa_power_prectotcorr_daily,PRECTOTCORR,precipitation,0.0,mm/day,2024-04-19T00:00:00Z,NASA POWER (MERRA-2),"https://power.larc.nasa.gov/api/temporal/daily/point?parameters=T2M,PRECTOTCORR&community=RE&longitude=80.2707&latitude=13.0827&start=20210101&end=20241231&format=JSON",0.5x0.625 deg,daily,VALID,OBSERVED
IN-TN-CHE,Chennai,13.0827,80.2707,nasa_power_t2m_daily,T2M,temperature_2m,32.29,C,2024-04-20T00:00:00Z,NASA POWER (MERRA-2),"https://power.larc.nasa.gov/api/temporal/daily/point?parameters=T2M,PRECTOTCORR&community=RE&longitude=80.2707&latitude=13.0827&start=20210101&end=20241231&format=JSON",0.5x0.625 deg,daily,VALID,OBSERVED
IN-TN-CHE,Chennai,13.0827,80.2707,nasa_power_prectotcorr_daily,PRECTOTCORR,precipitation,0.01,mm/day,2024-04-20T00:00:00Z,NASA POWER (MERRA-2),"https://power.larc.nasa.gov/api/temporal/daily/point?parameters=T2M,PRECTOTCORR&community=RE&longitude=80.2707&latitude=13.0827&start=20210101&end=20241231&format=JSON",0.5x0.625 deg,daily,VALID,OBSERVED
IN-TN-CHE,Chennai,13.0827,80.2707,nasa_power_t2m_daily,T2M,temperature_2m,32.18,C,2024-04-21T00:00:00Z,NASA POWER (MERRA-2),"https://power.larc.nasa.gov/api/temporal/daily/point?parameters=T2M,PRECTOTCORR&community=RE&longitude=80.2707&latitude=13.0827&start=20210101&end=20241231&format=JSON",0.5x0.625 deg,daily,VALID,OBSERVED
IN-TN-CHE,Chennai,13.0827,80.2707,nasa_power_prectotcorr_daily,PRECTOTCORR,precipitation,0.01,mm/day,2024-04-21T00:00:00Z,NASA POWER (MERRA-2),"https://power.larc.nasa.gov/api/temporal/daily/point?parameters=T2M,PRECTOTCORR&community=RE&longitude=80.2707&latitude=13.0827&start=20210101&end=20241231&format=JSON",0.5x0.625 deg,daily,VALID,OBSERVED
IN-TN-CHE,Chennai,13.0827,80.2707,nasa_power_t2m_daily,T2M,temperature_2m,32.05,C,2024-04-22T00:00:00Z,NASA POWER (MERRA-2),"https://power.larc.nasa.gov/api/temporal/daily/point?parameters=T2M,PRECTOTCORR&community=RE&longitude=80.2707&latitude=13.0827&start=20210101&end=20241231&format=JSON",0.5x0.625 deg,daily,VALID,OBSERVED
IN-TN-CHE,Chennai,13.0827,80.2707,nasa_power_prectotcorr_daily,PRECTOTCORR,precipitation,0.0,mm/day,2024-04-22T00:00:00Z,NASA POWER (MERRA-2),"https://power.larc.nasa.gov/api/temporal/daily/point?parameters=T2M,PRECTOTCORR&community=RE&longitude=80.2707&latitude=13.0827&start=20210101&end=20241231&format=JSON",0.5x0.625 deg,daily,VALID,OBSERVED
IN-TN-CHE,Chennai,13.0827,80.2707,nasa_power_t2m_daily,T2M,temperature_2m,31.95,C,2024-04-23T00:00:00Z,NASA POWER (MERRA-2),"https://power.larc.nasa.gov/api/temporal/daily/point?parameters=T2M,PRECTOTCORR&community=RE&longitude=80.2707&latitude=13.0827&start=20210101&end=20241231&format=JSON",0.5x0.625 deg,daily,VALID,OBSERVED
IN-TN-CHE,Chennai,13.0827,80.2707,nasa_power_prectotcorr_daily,PRECTOTCORR,precipitation,0.0,mm/day,2024-04-23T00:00:00Z,NASA POWER (MERRA-2),"https://power.larc.nasa.gov/api/temporal/daily/point?parameters=T2M,PRECTOTCORR&community=RE&longitude=80.2707&latitude=13.0827&start=20210101&end=20241231&format=JSON",0.5x0.625 deg,daily,VALID,OBSERVED
IN-TN-CHE,Chennai,13.0827,80.2707,nasa_power_t2m_daily,T2M,temperature_2m,32.32,C,2024-04-24T00:00:00Z,NASA POWER (MERRA-2),"https://power.larc.nasa.gov/api/temporal/daily/point?parameters=T2M,PRECTOTCORR&community=RE&longitude=80.2707&latitude=13.0827&start=20210101&end=20241231&format=JSON",0.5x0.625 deg,daily,VALID,OBSERVED
IN-TN-CHE,Chennai,13.0827,80.2707,nasa_power_prectotcorr_daily,PRECTOTCORR,precipitation,0.0,mm/day,2024-04-24T00:00:00Z,NASA POWER (MERRA-2),"https://power.larc.nasa.gov/api/temporal/daily/point?parameters=T2M,PRECTOTCORR&community=RE&longitude=80.2707&latitude=13.0827&start=20210101&end=20241231&format=JSON",0.5x0.625 deg,daily,VALID,OBSERVED
IN-TN-CHE,Chennai,13.0827,80.2707,nasa_power_t2m_daily,T2M,temperature_2m,32.51,C,2024-04-25T00:00:00Z,NASA POWER (MERRA-2),"https://power.larc.nasa.gov/api/temporal/daily/point?parameters=T2M,PRECTOTCORR&community=RE&longitude=80.2707&latitude=13.0827&start=20210101&end=20241231&format=JSON",0.5x0.625 deg,daily,VALID,OBSERVED
IN-TN-CHE,Chennai,13.0827,80.2707,nasa_power_prectotcorr_daily,PRECTOTCORR,precipitation,0.0,mm/day,2024-04-25T00:00:00Z,NASA POWER (MERRA-2),"https://power.larc.nasa.gov/api/temporal/daily/point?parameters=T2M,PRECTOTCORR&community=RE&longitude=80.2707&latitude=13.0827&start=20210101&end=20241231&format=JSON",0.5x0.625 deg,daily,VALID,OBSERVED
IN-TN-CHE,Chennai,13.0827,80.2707,nasa_power_t2m_daily,T2M,temperature_2m,32.34,C,2024-04-26T00:00:00Z,NASA POWER (MERRA-2),"https://power.larc.nasa.gov/api/temporal/daily/point?parameters=T2M,PRECTOTCORR&community=RE&longitude=80.2707&latitude=13.0827&start=20210101&end=20241231&format=JSON",0.5x0.625 deg,daily,VALID,OBSERVED
IN-TN-CHE,Chennai,13.0827,80.2707,nasa_power_prectotcorr_daily,PRECTOTCORR,precipitation,0.0,mm/day,2024-04-26T00:00:00Z,NASA POWER (MERRA-2),"https://power.larc.nasa.gov/api/temporal/daily/point?parameters=T2M,PRECTOTCORR&community=RE&longitude=80.2707&latitude=13.0827&start=20210101&end=20241231&format=JSON",0.5x0.625 deg,daily,VALID,OBSERVED
IN-TN-CHE,Chennai,13.0827,80.2707,nasa_power_t2m_daily,T2M,temperature_2m,32.01,C,2024-04-27T00:00:00Z,NASA POWER (MERRA-2),"https://power.larc.nasa.gov/api/temporal/daily/point?parameters=T2M,PRECTOTCORR&community=RE&longitude=80.2707&latitude=13.0827&start=20210101&end=20241231&format=JSON",0.5x0.625 deg,daily,VALID,OBSERVED
IN-TN-CHE,Chennai,13.0827,80.2707,nasa_power_prectotcorr_daily,PRECTOTCORR,precipitation,0.0,mm/day,2024-04-27T00:00:00Z,NASA POWER (MERRA-2),"https://power.larc.nasa.gov/api/temporal/daily/point?parameters=T2M,PRECTOTCORR&community=RE&longitude=80.2707&latitude=13.0827&start=20210101&end=20241231&format=JSON",0.5x0.625 deg,daily,VALID,OBSERVED
IN-TN-CHE,Chennai,13.0827,80.2707,nasa_power_t2m_daily,T2M,temperature_2m,32.16,C,2024-04-28T00:00:00Z,NASA POWER (MERRA-2),"https://power.larc.nasa.gov/api/temporal/daily/point?parameters=T2M,PRECTOTCORR&community=RE&longitude=80.2707&latitude=13.0827&start=20210101&end=20241231&format=JSON",0.5x0.625 deg,daily,VALID,OBSERVED
IN-TN-CHE,Chennai,13.0827,80.2707,nasa_power_prectotcorr_daily,PRECTOTCORR,precipitation,0.0,mm/day,2024-04-28T00:00:00Z,NASA POWER (MERRA-2),"https://power.larc.nasa.gov/api/temporal/daily/point?parameters=T2M,PRECTOTCORR&community=RE&longitude=80.2707&latitude=13.0827&start=20210101&end=20241231&format=JSON",0.5x0.625 deg,daily,VALID,OBSERVED
IN-TN-CHE,Chennai,13.0827,80.2707,nasa_power_t2m_daily,T2M,temperature_2m,32.14,C,2024-04-29T00:00:00Z,NASA POWER (MERRA-2),"https://power.larc.nasa.gov/api/temporal/daily/point?parameters=T2M,PRECTOTCORR&community=RE&longitude=80.2707&latitude=13.0827&start=20210101&end=20241231&format=JSON",0.5x0.625 deg,daily,VALID,OBSERVED
IN-TN-CHE,Chennai,13.0827,80.2707,nasa_power_prectotcorr_daily,PRECTOTCORR,precipitation,0.0,mm/day,2024-04-29T00:00:00Z,NASA POWER (MERRA-2),"https://power.larc.nasa.gov/api/temporal/daily/point?parameters=T2M,PRECTOTCORR&community=RE&longitude=80.2707&latitude=13.0827&start=20210101&end=20241231&format=JSON",0.5x0.625 deg,daily,VALID,OBSERVED
IN-TN-CHE,Chennai,13.0827,80.2707,nasa_power_t2m_daily,T2M,temperature_2m,32.17,C,2024-04-30T00:00:00Z,NASA POWER (MERRA-2),"https://power.larc.nasa.gov/api/temporal/daily/point?parameters=T2M,PRECTOTCORR&community=RE&longitude=80.2707&latitude=13.0827&start=20210101&end=20241231&format=JSON",0.5x0.625 deg,daily,VALID,OBSERVED
IN-TN-CHE,Chennai,13.0827,80.2707,nasa_power_prectotcorr_daily,PRECTOTCORR,precipitation,0.0,mm/day,2024-04-30T00:00:00Z,NASA POWER (MERRA-2),"https://power.larc.nasa.gov/api/temporal/daily/point?parameters=T2M,PRECTOTCORR&community=RE&longitude=80.2707&latitude=13.0827&start=20210101&end=20241231&format=JSON",0.5x0.625 deg,daily,VALID,OBSERVED
IN-TN-CHE,Chennai,13.0827,80.2707,nasa_power_t2m_daily,T2M,temperature_2m,33.78,C,2024-05-01T00:00:00Z,NASA POWER (MERRA-2),"https://power.larc.nasa.gov/api/temporal/daily/point?parameters=T2M,PRECTOTCORR&community=RE&longitude=80.2707&latitude=13.0827&start=20210101&end=20241231&format=JSON",0.5x0.625 deg,daily,VALID,OBSERVED
IN-TN-CHE,Chennai,13.0827,80.2707,nasa_power_prectotcorr_daily,PRECTOTCORR,precipitation,0.01,mm/day,2024-05-01T00:00:00Z,NASA POWER (MERRA-2),"https://power.larc.nasa.gov/api/temporal/daily/point?parameters=T2M,PRECTOTCORR&community=RE&longitude=80.2707&latitude=13.0827&start=20210101&end=20241231&format=JSON",0.5x0.625 deg,daily,VALID,OBSERVED
IN-TN-CHE,Chennai,13.0827,80.2707,nasa_power_t2m_daily,T2M,temperature_2m,33.83,C,2024-05-02T00:00:00Z,NASA POWER (MERRA-2),"https://power.larc.nasa.gov/api/temporal/daily/point?parameters=T2M,PRECTOTCORR&community=RE&longitude=80.2707&latitude=13.0827&start=20210101&end=20241231&format=JSON",0.5x0.625 deg,daily,VALID,OBSERVED
IN-TN-CHE,Chennai,13.0827,80.2707,nasa_power_prectotcorr_daily,PRECTOTCORR,precipitation,0.01,mm/day,2024-05-02T00:00:00Z,NASA POWER (MERRA-2),"https://power.larc.nasa.gov/api/temporal/daily/point?parameters=T2M,PRECTOTCORR&community=RE&longitude=80.2707&latitude=13.0827&start=20210101&end=20241231&format=JSON",0.5x0.625 deg,daily,VALID,OBSERVED
IN-TN-CHE,Chennai,13.0827,80.2707,nasa_power_t2m_daily,T2M,temperature_2m,33.53,C,2024-05-03T00:00:00Z,NASA POWER (MERRA-2),"https://power.larc.nasa.gov/api/temporal/daily/point?parameters=T2M,PRECTOTCORR&community=RE&longitude=80.2707&latitude=13.0827&start=20210101&end=20241231&format=JSON",0.5x0.625 deg,daily,VALID,OBSERVED
IN-TN-CHE,Chennai,13.0827,80.2707,nasa_power_prectotcorr_daily,PRECTOTCORR,precipitation,0.03,mm/day,2024-05-03T00:00:00Z,NASA POWER (MERRA-2),"https://power.larc.nasa.gov/api/temporal/daily/point?parameters=T2M,PRECTOTCORR&community=RE&longitude=80.2707&latitude=13.0827&start=20210101&end=20241231&format=JSON",0.5x0.625 deg,daily,VALID,OBSERVED
IN-TN-CHE,Chennai,13.0827,80.2707,nasa_power_t2m_daily,T2M,temperature_2m,33.14,C,2024-05-04T00:00:00Z,NASA POWER (MERRA-2),"https://power.larc.nasa.gov/api/temporal/daily/point?parameters=T2M,PRECTOTCORR&community=RE&longitude=80.2707&latitude=13.0827&start=20210101&end=20241231&format=JSON",0.5x0.625 deg,daily,VALID,OBSERVED
IN-TN-CHE,Chennai,13.0827,80.2707,nasa_power_prectotcorr_daily,PRECTOTCORR,precipitation,0.86,mm/day,2024-05-04T00:00:00Z,NASA POWER (MERRA-2),"https://power.larc.nasa.gov/api/temporal/daily/point?parameters=T2M,PRECTOTCORR&community=RE&longitude=80.2707&latitude=13.0827&start=20210101&end=20241231&format=JSON",0.5x0.625 deg,daily,VALID,OBSERVED
IN-TN-CHE,Chennai,13.0827,80.2707,nasa_power_t2m_daily,T2M,temperature_2m,33.5,C,2024-05-05T00:00:00Z,NASA POWER (MERRA-2),"https://power.larc.nasa.gov/api/temporal/daily/point?parameters=T2M,PRECTOTCORR&community=RE&longitude=80.2707&latitude=13.0827&start=20210101&end=20241231&format=JSON",0.5x0.625 deg,daily,VALID,OBSERVED
IN-TN-CHE,Chennai,13.0827,80.2707,nasa_power_prectotcorr_daily,PRECTOTCORR,precipitation,0.29,mm/day,2024-05-05T00:00:00Z,NASA POWER (MERRA-2),"https://power.larc.nasa.gov/api/temporal/daily/point?parameters=T2M,PRECTOTCORR&community=RE&longitude=80.2707&latitude=13.0827&start=20210101&end=20241231&format=JSON",0.5x0.625 deg,daily,VALID,OBSERVED
IN-TN-CHE,Chennai,13.0827,80.2707,nasa_power_t2m_daily,T2M,temperature_2m,33.43,C,2024-05-06T00:00:00Z,NASA POWER (MERRA-2),"https://power.larc.nasa.gov/api/temporal/daily/point?parameters=T2M,PRECTOTCORR&community=RE&longitude=80.2707&latitude=13.0827&start=20210101&end=20241231&format=JSON",0.5x0.625 deg,daily,VALID,OBSERVED
IN-TN-CHE,Chennai,13.0827,80.2707,nasa_power_prectotcorr_daily,PRECTOTCORR,precipitation,0.64,mm/day,2024-05-06T00:00:00Z,NASA POWER (MERRA-2),"https://power.larc.nasa.gov/api/temporal/daily/point?parameters=T2M,PRECTOTCORR&community=RE&longitude=80.2707&latitude=13.0827&start=20210101&end=20241231&format=JSON",0.5x0.625 deg,daily,VALID,OBSERVED
IN-TN-CHE,Chennai,13.0827,80.2707,nasa_power_t2m_daily,T2M,temperature_2m,32.48,C,2024-05-07T00:00:00Z,NASA POWER (MERRA-2),"https://power.larc.nasa.gov/api/temporal/daily/point?parameters=T2M,PRECTOTCORR&community=RE&longitude=80.2707&latitude=13.0827&start=20210101&end=20241231&format=JSON",0.5x0.625 deg,daily,VALID,OBSERVED
IN-TN-CHE,Chennai,13.0827,80.2707,nasa_power_prectotcorr_daily,PRECTOTCORR,precipitation,2.35,mm/day,2024-05-07T00:00:00Z,NASA POWER (MERRA-2),"https://power.larc.nasa.gov/api/temporal/daily/point?parameters=T2M,PRECTOTCORR&community=RE&longitude=80.2707&latitude=13.0827&start=20210101&end=20241231&format=JSON",0.5x0.625 deg,daily,VALID,OBSERVED
IN-TN-CHE,Chennai,13.0827,80.2707,nasa_power_t2m_daily,T2M,temperature_2m,31.53,C,2024-05-08T00:00:00Z,NASA POWER (MERRA-2),"https://power.larc.nasa.gov/api/temporal/daily/point?parameters=T2M,PRECTOTCORR&community=RE&longitude=80.2707&latitude=13.0827&start=20210101&end=20241231&format=JSON",0.5x0.625 deg,daily,VALID,OBSERVED
IN-TN-CHE,Chennai,13.0827,80.2707,nasa_power_prectotcorr_daily,PRECTOTCORR,precipitation,4.73,mm/day,2024-05-08T00:00:00Z,NASA POWER (MERRA-2),"https://power.larc.nasa.gov/api/temporal/daily/point?parameters=T2M,PRECTOTCORR&community=RE&longitude=80.2707&latitude=13.0827&start=20210101&end=20241231&format=JSON",0.5x0.625 deg,daily,VALID,OBSERVED
IN-TN-CHE,Chennai,13.0827,80.2707,nasa_power_t2m_daily,T2M,temperature_2m,31.37,C,2024-05-09T00:00:00Z,NASA POWER (MERRA-2),"https://power.larc.nasa.gov/api/temporal/daily/point?parameters=T2M,PRECTOTCORR&community=RE&longitude=80.2707&latitude=13.0827&start=20210101&end=20241231&format=JSON",0.5x0.625 deg,daily,VALID,OBSERVED
IN-TN-CHE,Chennai,13.0827,80.2707,nasa_power_prectotcorr_daily,PRECTOTCORR,precipitation,0.83,mm/day,2024-05-09T00:00:00Z,NASA POWER (MERRA-2),"https://power.larc.nasa.gov/api/temporal/daily/point?parameters=T2M,PRECTOTCORR&community=RE&longitude=80.2707&latitude=13.0827&start=20210101&end=20241231&format=JSON",0.5x0.625 deg,daily,VALID,OBSERVED
IN-TN-CHE,Chennai,13.0827,80.2707,nasa_power_t2m_daily,T2M,temperature_2m,31.75,C,2024-05-10T00:00:00Z,NASA POWER (MERRA-2),"https://power.larc.nasa.gov/api/temporal/daily/point?parameters=T2M,PRECTOTCORR&community=RE&longitude=80.2707&latitude=13.0827&start=20210101&end=20241231&format=JSON",0.5x0.625 deg,daily,VALID,OBSERVED
IN-TN-CHE,Chennai,13.0827,80.2707,nasa_power_prectotcorr_daily,PRECTOTCORR,precipitation,0.98,mm/day,2024-05-10T00:00:00Z,NASA POWER (MERRA-2),"https://power.larc.nasa.gov/api/temporal/daily/point?parameters=T2M,PRECTOTCORR&community=RE&longitude=80.2707&latitude=13.0827&start=20210101&end=20241231&format=JSON",0.5x0.625 deg,daily,VALID,OBSERVED
IN-TN-CHE,Chennai,13.0827,80.2707,nasa_power_t2m_daily,T2M,temperature_2m,31.72,C,2024-05-11T00:00:00Z,NASA POWER (MERRA-2),"https://power.larc.nasa.gov/api/temporal/daily/point?parameters=T2M,PRECTOTCORR&community=RE&longitude=80.2707&latitude=13.0827&start=20210101&end=20241231&format=JSON",0.5x0.625 deg,daily,VALID,OBSERVED
IN-TN-CHE,Chennai,13.0827,80.2707,nasa_power_prectotcorr_daily,PRECTOTCORR,precipitation,0.31,mm/day,2024-05-11T00:00:00Z,NASA POWER (MERRA-2),"https://power.larc.nasa.gov/api/temporal/daily/point?parameters=T2M,PRECTOTCORR&community=RE&longitude=80.2707&latitude=13.0827&start=20210101&end=20241231&format=JSON",0.5x0.625 deg,daily,VALID,OBSERVED
IN-TN-CHE,Chennai,13.0827,80.2707,nasa_power_t2m_daily,T2M,temperature_2m,31.54,C,2024-05-12T00:00:00Z,NASA POWER (MERRA-2),"https://power.larc.nasa.gov/api/temporal/daily/point?parameters=T2M,PRECTOTCORR&community=RE&longitude=80.2707&latitude=13.0827&start=20210101&end=20241231&format=JSON",0.5x0.625 deg,daily,VALID,OBSERVED
IN-TN-CHE,Chennai,13.0827,80.2707,nasa_power_prectotcorr_daily,PRECTOTCORR,precipitation,0.41,mm/day,2024-05-12T00:00:00Z,NASA POWER (MERRA-2),"https://power.larc.nasa.gov/api/temporal/daily/point?parameters=T2M,PRECTOTCORR&community=RE&longitude=80.2707&latitude=13.0827&start=20210101&end=20241231&format=JSON",0.5x0.625 deg,daily,VALID,OBSERVED
IN-TN-CHE,Chennai,13.0827,80.2707,nasa_power_t2m_daily,T2M,temperature_2m,31.32,C,2024-05-13T00:00:00Z,NASA POWER (MERRA-2),"https://power.larc.nasa.gov/api/temporal/daily/point?parameters=T2M,PRECTOTCORR&community=RE&longitude=80.2707&latitude=13.0827&start=20210101&end=20241231&format=JSON",0.5x0.625 deg,daily,VALID,OBSERVED
IN-TN-CHE,Chennai,13.0827,80.2707,nasa_power_prectotcorr_daily,PRECTOTCORR,precipitation,0.64,mm/day,2024-05-13T00:00:00Z,NASA POWER (MERRA-2),"https://power.larc.nasa.gov/api/temporal/daily/point?parameters=T2M,PRECTOTCORR&community=RE&longitude=80.2707&latitude=13.0827&start=20210101&end=20241231&format=JSON",0.5x0.625 deg,daily,VALID,OBSERVED
IN-TN-CHE,Chennai,13.0827,80.2707,nasa_power_t2m_daily,T2M,temperature_2m,31.12,C,2024-05-14T00:00:00Z,NASA POWER (MERRA-2),"https://power.larc.nasa.gov/api/temporal/daily/point?parameters=T2M,PRECTOTCORR&community=RE&longitude=80.2707&latitude=13.0827&start=20210101&end=20241231&format=JSON",0.5x0.625 deg,daily,VALID,OBSERVED
IN-TN-CHE,Chennai,13.0827,80.2707,nasa_power_prectotcorr_daily,PRECTOTCORR,precipitation,0.59,mm/day,2024-05-14T00:00:00Z,NASA POWER (MERRA-2),"https://power.larc.nasa.gov/api/temporal/daily/point?parameters=T2M,PRECTOTCORR&community=RE&longitude=80.2707&latitude=13.0827&start=20210101&end=20241231&format=JSON",0.5x0.625 deg,daily,VALID,OBSERVED
IN-TN-CHE,Chennai,13.0827,80.2707,nasa_power_t2m_daily,T2M,temperature_2m,31.48,C,2024-05-15T00:00:00Z,NASA POWER (MERRA-2),"https://power.larc.nasa.gov/api/temporal/daily/point?parameters=T2M,PRECTOTCORR&community=RE&longitude=80.2707&latitude=13.0827&start=20210101&end=20241231&format=JSON",0.5x0.625 deg,daily,VALID,OBSERVED
IN-TN-CHE,Chennai,13.0827,80.2707,nasa_power_prectotcorr_daily,PRECTOTCORR,precipitation,0.4,mm/day,2024-05-15T00:00:00Z,NASA POWER (MERRA-2),"https://power.larc.nasa.gov/api/temporal/daily/point?parameters=T2M,PRECTOTCORR&community=RE&longitude=80.2707&latitude=13.0827&start=20210101&end=20241231&format=JSON",0.5x0.625 deg,daily,VALID,OBSERVED
IN-TN-CHE,Chennai,13.0827,80.2707,nasa_power_t2m_daily,T2M,temperature_2m,28.92,C,2024-05-16T00:00:00Z,NASA POWER (MERRA-2),"https://power.larc.nasa.gov/api/temporal/daily/point?parameters=T2M,PRECTOTCORR&community=RE&longitude=80.2707&latitude=13.0827&start=20210101&end=20241231&format=JSON",0.5x0.625 deg,daily,VALID,OBSERVED
IN-TN-CHE,Chennai,13.0827,80.2707,nasa_power_prectotcorr_daily,PRECTOTCORR,precipitation,7.7,mm/day,2024-05-16T00:00:00Z,NASA POWER (MERRA-2),"https://power.larc.nasa.gov/api/temporal/daily/point?parameters=T2M,PRECTOTCORR&community=RE&longitude=80.2707&latitude=13.0827&start=20210101&end=20241231&format=JSON",0.5x0.625 deg,daily,VALID,OBSERVED
IN-TN-CHE,Chennai,13.0827,80.2707,nasa_power_t2m_daily,T2M,temperature_2m,29.78,C,2024-05-17T00:00:00Z,NASA POWER (MERRA-2),"https://power.larc.nasa.gov/api/temporal/daily/point?parameters=T2M,PRECTOTCORR&community=RE&longitude=80.2707&latitude=13.0827&start=20210101&end=20241231&format=JSON",0.5x0.625 deg,daily,VALID,OBSERVED
IN-TN-CHE,Chennai,13.0827,80.2707,nasa_power_prectotcorr_daily,PRECTOTCORR,precipitation,2.99,mm/day,2024-05-17T00:00:00Z,NASA POWER (MERRA-2),"https://power.larc.nasa.gov/api/temporal/daily/point?parameters=T2M,PRECTOTCORR&community=RE&longitude=80.2707&latitude=13.0827&start=20210101&end=20241231&format=JSON",0.5x0.625 deg,daily,VALID,OBSERVED
IN-TN-CHE,Chennai,13.0827,80.2707,nasa_power_t2m_daily,T2M,temperature_2m,30.2,C,2024-05-18T00:00:00Z,NASA POWER (MERRA-2),"https://power.larc.nasa.gov/api/temporal/daily/point?parameters=T2M,PRECTOTCORR&community=RE&longitude=80.2707&latitude=13.0827&start=20210101&end=20241231&format=JSON",0.5x0.625 deg,daily,VALID,OBSERVED
IN-TN-CHE,Chennai,13.0827,80.2707,nasa_power_prectotcorr_daily,PRECTOTCORR,precipitation,1.74,mm/day,2024-05-18T00:00:00Z,NASA POWER (MERRA-2),"https://power.larc.nasa.gov/api/temporal/daily/point?parameters=T2M,PRECTOTCORR&community=RE&longitude=80.2707&latitude=13.0827&start=20210101&end=20241231&format=JSON",0.5x0.625 deg,daily,VALID,OBSERVED
IN-TN-CHE,Chennai,13.0827,80.2707,nasa_power_t2m_daily,T2M,temperature_2m,30.71,C,2024-05-19T00:00:00Z,NASA POWER (MERRA-2),"https://power.larc.nasa.gov/api/temporal/daily/point?parameters=T2M,PRECTOTCORR&community=RE&longitude=80.2707&latitude=13.0827&start=20210101&end=20241231&format=JSON",0.5x0.625 deg,daily,VALID,OBSERVED
IN-TN-CHE,Chennai,13.0827,80.2707,nasa_power_prectotcorr_daily,PRECTOTCORR,precipitation,2.76,mm/day,2024-05-19T00:00:00Z,NASA POWER (MERRA-2),"https://power.larc.nasa.gov/api/temporal/daily/point?parameters=T2M,PRECTOTCORR&community=RE&longitude=80.2707&latitude=13.0827&start=20210101&end=20241231&format=JSON",0.5x0.625 deg,daily,VALID,OBSERVED
IN-TN-CHE,Chennai,13.0827,80.2707,nasa_power_t2m_daily,T2M,temperature_2m,30.12,C,2024-05-20T00:00:00Z,NASA POWER (MERRA-2),"https://power.larc.nasa.gov/api/temporal/daily/point?parameters=T2M,PRECTOTCORR&community=RE&longitude=80.2707&latitude=13.0827&start=20210101&end=20241231&format=JSON",0.5x0.625 deg,daily,VALID,OBSERVED
IN-TN-CHE,Chennai,13.0827,80.2707,nasa_power_prectotcorr_daily,PRECTOTCORR,precipitation,4.13,mm/day,2024-05-20T00:00:00Z,NASA POWER (MERRA-2),"https://power.larc.nasa.gov/api/temporal/daily/point?parameters=T2M,PRECTOTCORR&community=RE&longitude=80.2707&latitude=13.0827&start=20210101&end=20241231&format=JSON",0.5x0.625 deg,daily,VALID,OBSERVED
IN-TN-CHE,Chennai,13.0827,80.2707,nasa_power_t2m_daily,T2M,temperature_2m,30.2,C,2024-05-21T00:00:00Z,NASA POWER (MERRA-2),"https://power.larc.nasa.gov/api/temporal/daily/point?parameters=T2M,PRECTOTCORR&community=RE&longitude=80.2707&latitude=13.0827&start=20210101&end=20241231&format=JSON",0.5x0.625 deg,daily,VALID,OBSERVED
IN-TN-CHE,Chennai,13.0827,80.2707,nasa_power_prectotcorr_daily,PRECTOTCORR,precipitation,1.98,mm/day,2024-05-21T00:00:00Z,NASA POWER (MERRA-2),"https://power.larc.nasa.gov/api/temporal/daily/point?parameters=T2M,PRECTOTCORR&community=RE&longitude=80.2707&latitude=13.0827&start=20210101&end=20241231&format=JSON",0.5x0.625 deg,daily,VALID,OBSERVED
IN-TN-CHE,Chennai,13.0827,80.2707,nasa_power_t2m_daily,T2M,temperature_2m,30.97,C,2024-05-22T00:00:00Z,NASA POWER (MERRA-2),"https://power.larc.nasa.gov/api/temporal/daily/point?parameters=T2M,PRECTOTCORR&community=RE&longitude=80.2707&latitude=13.0827&start=20210101&end=20241231&format=JSON",0.5x0.625 deg,daily,VALID,OBSERVED
IN-TN-CHE,Chennai,13.0827,80.2707,nasa_power_prectotcorr_daily,PRECTOTCORR,precipitation,0.73,mm/day,2024-05-22T00:00:00Z,NASA POWER (MERRA-2),"https://power.larc.nasa.gov/api/temporal/daily/point?parameters=T2M,PRECTOTCORR&community=RE&longitude=80.2707&latitude=13.0827&start=20210101&end=20241231&format=JSON",0.5x0.625 deg,daily,VALID,OBSERVED
IN-TN-CHE,Chennai,13.0827,80.2707,nasa_power_t2m_daily,T2M,temperature_2m,31.09,C,2024-05-23T00:00:00Z,NASA POWER (MERRA-2),"https://power.larc.nasa.gov/api/temporal/daily/point?parameters=T2M,PRECTOTCORR&community=RE&longitude=80.2707&latitude=13.0827&start=20210101&end=20241231&format=JSON",0.5x0.625 deg,daily,VALID,OBSERVED
IN-TN-CHE,Chennai,13.0827,80.2707,nasa_power_prectotcorr_daily,PRECTOTCORR,precipitation,0.34,mm/day,2024-05-23T00:00:00Z,NASA POWER (MERRA-2),"https://power.larc.nasa.gov/api/temporal/daily/point?parameters=T2M,PRECTOTCORR&community=RE&longitude=80.2707&latitude=13.0827&start=20210101&end=20241231&format=JSON",0.5x0.625 deg,daily,VALID,OBSERVED
IN-TN-CHE,Chennai,13.0827,80.2707,nasa_power_t2m_daily,T2M,temperature_2m,31.75,C,2024-05-24T00:00:00Z,NASA POWER (MERRA-2),"https://power.larc.nasa.gov/api/temporal/daily/point?parameters=T2M,PRECTOTCORR&community=RE&longitude=80.2707&latitude=13.0827&start=20210101&end=20241231&format=JSON",0.5x0.625 deg,daily,VALID,OBSERVED
IN-TN-CHE,Chennai,13.0827,80.2707,nasa_power_prectotcorr_daily,PRECTOTCORR,precipitation,0.03,mm/day,2024-05-24T00:00:00Z,NASA POWER (MERRA-2),"https://power.larc.nasa.gov/api/temporal/daily/point?parameters=T2M,PRECTOTCORR&community=RE&longitude=80.2707&latitude=13.0827&start=20210101&end=20241231&format=JSON",0.5x0.625 deg,daily,VALID,OBSERVED
IN-TN-CHE,Chennai,13.0827,80.2707,nasa_power_t2m_daily,T2M,temperature_2m,31.53,C,2024-05-25T00:00:00Z,NASA POWER (MERRA-2),"https://power.larc.nasa.gov/api/temporal/daily/point?parameters=T2M,PRECTOTCORR&community=RE&longitude=80.2707&latitude=13.0827&start=20210101&end=20241231&format=JSON",0.5x0.625 deg,daily,VALID,OBSERVED
IN-TN-CHE,Chennai,13.0827,80.2707,nasa_power_prectotcorr_daily,PRECTOTCORR,precipitation,1.18,mm/day,2024-05-25T00:00:00Z,NASA POWER (MERRA-2),"https://power.larc.nasa.gov/api/temporal/daily/point?parameters=T2M,PRECTOTCORR&community=RE&longitude=80.2707&latitude=13.0827&start=20210101&end=20241231&format=JSON",0.5x0.625 deg,daily,VALID,OBSERVED
IN-TN-CHE,Chennai,13.0827,80.2707,nasa_power_t2m_daily,T2M,temperature_2m,33.33,C,2024-05-26T00:00:00Z,NASA POWER (MERRA-2),"https://power.larc.nasa.gov/api/temporal/daily/point?parameters=T2M,PRECTOTCORR&community=RE&longitude=80.2707&latitude=13.0827&start=20210101&end=20241231&format=JSON",0.5x0.625 deg,daily,VALID,OBSERVED
IN-TN-CHE,Chennai,13.0827,80.2707,nasa_power_prectotcorr_daily,PRECTOTCORR,precipitation,0.05,mm/day,2024-05-26T00:00:00Z,NASA POWER (MERRA-2),"https://power.larc.nasa.gov/api/temporal/daily/point?parameters=T2M,PRECTOTCORR&community=RE&longitude=80.2707&latitude=13.0827&start=20210101&end=20241231&format=JSON",0.5x0.625 deg,daily,VALID,OBSERVED
IN-TN-CHE,Chennai,13.0827,80.2707,nasa_power_t2m_daily,T2M,temperature_2m,34.14,C,2024-05-27T00:00:00Z,NASA POWER (MERRA-2),"https://power.larc.nasa.gov/api/temporal/daily/point?parameters=T2M,PRECTOTCORR&community=RE&longitude=80.2707&latitude=13.0827&start=20210101&end=20241231&format=JSON",0.5x0.625 deg,daily,VALID,OBSERVED
IN-TN-CHE,Chennai,13.0827,80.2707,nasa_power_prectotcorr_daily,PRECTOTCORR,precipitation,0.01,mm/day,2024-05-27T00:00:00Z,NASA POWER (MERRA-2),"https://power.larc.nasa.gov/api/temporal/daily/point?parameters=T2M,PRECTOTCORR&community=RE&longitude=80.2707&latitude=13.0827&start=20210101&end=20241231&format=JSON",0.5x0.625 deg,daily,VALID,OBSERVED
IN-TN-CHE,Chennai,13.0827,80.2707,nasa_power_t2m_daily,T2M,temperature_2m,33.79,C,2024-05-28T00:00:00Z,NASA POWER (MERRA-2),"https://power.larc.nasa.gov/api/temporal/daily/point?parameters=T2M,PRECTOTCORR&community=RE&longitude=80.2707&latitude=13.0827&start=20210101&end=20241231&format=JSON",0.5x0.625 deg,daily,VALID,OBSERVED
IN-TN-CHE,Chennai,13.0827,80.2707,nasa_power_prectotcorr_daily,PRECTOTCORR,precipitation,0.01,mm/day,2024-05-28T00:00:00Z,NASA POWER (MERRA-2),"https://power.larc.nasa.gov/api/temporal/daily/point?parameters=T2M,PRECTOTCORR&community=RE&longitude=80.2707&latitude=13.0827&start=20210101&end=20241231&format=JSON",0.5x0.625 deg,daily,VALID,OBSERVED
IN-TN-CHE,Chennai,13.0827,80.2707,nasa_power_t2m_daily,T2M,temperature_2m,34.6,C,2024-05-29T00:00:00Z,NASA POWER (MERRA-2),"https://power.larc.nasa.gov/api/temporal/daily/point?parameters=T2M,PRECTOTCORR&community=RE&longitude=80.2707&latitude=13.0827&start=20210101&end=20241231&format=JSON",0.5x0.625 deg,daily,VALID,OBSERVED
IN-TN-CHE,Chennai,13.0827,80.2707,nasa_power_prectotcorr_daily,PRECTOTCORR,precipitation,0.01,mm/day,2024-05-29T00:00:00Z,NASA POWER (MERRA-2),"https://power.larc.nasa.gov/api/temporal/daily/point?parameters=T2M,PRECTOTCORR&community=RE&longitude=80.2707&latitude=13.0827&start=20210101&end=20241231&format=JSON",0.5x0.625 deg,daily,VALID,OBSERVED
IN-TN-CHE,Chennai,13.0827,80.2707,nasa_power_t2m_daily,T2M,temperature_2m,34.53,C,2024-05-30T00:00:00Z,NASA POWER (MERRA-2),"https://power.larc.nasa.gov/api/temporal/daily/point?parameters=T2M,PRECTOTCORR&community=RE&longitude=80.2707&latitude=13.0827&start=20210101&end=20241231&format=JSON",0.5x0.625 deg,daily,VALID,OBSERVED
IN-TN-CHE,Chennai,13.0827,80.2707,nasa_power_prectotcorr_daily,PRECTOTCORR,precipitation,0.26,mm/day,2024-05-30T00:00:00Z,NASA POWER (MERRA-2),"https://power.larc.nasa.gov/api/temporal/daily/point?parameters=T2M,PRECTOTCORR&community=RE&longitude=80.2707&latitude=13.0827&start=20210101&end=20241231&format=JSON",0.5x0.625 deg,daily,VALID,OBSERVED
IN-TN-CHE,Chennai,13.0827,80.2707,nasa_power_t2m_daily,T2M,temperature_2m,34.06,C,2024-05-31T00:00:00Z,NASA POWER (MERRA-2),"https://power.larc.nasa.gov/api/temporal/daily/point?parameters=T2M,PRECTOTCORR&community=RE&longitude=80.2707&latitude=13.0827&start=20210101&end=20241231&format=JSON",0.5x0.625 deg,daily,VALID,OBSERVED
IN-TN-CHE,Chennai,13.0827,80.2707,nasa_power_prectotcorr_daily,PRECTOTCORR,precipitation,0.29,mm/day,2024-05-31T00:00:00Z,NASA POWER (MERRA-2),"https://power.larc.nasa.gov/api/temporal/daily/point?parameters=T2M,PRECTOTCORR&community=RE&longitude=80.2707&latitude=13.0827&start=20210101&end=20241231&format=JSON",0.5x0.625 deg,daily,VALID,OBSERVED
IN-TN-CHE,Chennai,13.0827,80.2707,nasa_power_t2m_daily,T2M,temperature_2m,33.33,C,2024-06-01T00:00:00Z,NASA POWER (MERRA-2),"https://power.larc.nasa.gov/api/temporal/daily/point?parameters=T2M,PRECTOTCORR&community=RE&longitude=80.2707&latitude=13.0827&start=20210101&end=20241231&format=JSON",0.5x0.625 deg,daily,VALID,OBSERVED
IN-TN-CHE,Chennai,13.0827,80.2707,nasa_power_prectotcorr_daily,PRECTOTCORR,precipitation,6.81,mm/day,2024-06-01T00:00:00Z,NASA POWER (MERRA-2),"https://power.larc.nasa.gov/api/temporal/daily/point?parameters=T2M,PRECTOTCORR&community=RE&longitude=80.2707&latitude=13.0827&start=20210101&end=20241231&format=JSON",0.5x0.625 deg,daily,VALID,OBSERVED
IN-TN-CHE,Chennai,13.0827,80.2707,nasa_power_t2m_daily,T2M,temperature_2m,29.65,C,2024-06-02T00:00:00Z,NASA POWER (MERRA-2),"https://power.larc.nasa.gov/api/temporal/daily/point?parameters=T2M,PRECTOTCORR&community=RE&longitude=80.2707&latitude=13.0827&start=20210101&end=20241231&format=JSON",0.5x0.625 deg,daily,VALID,OBSERVED
IN-TN-CHE,Chennai,13.0827,80.2707,nasa_power_prectotcorr_daily,PRECTOTCORR,precipitation,12.36,mm/day,2024-06-02T00:00:00Z,NASA POWER (MERRA-2),"https://power.larc.nasa.gov/api/temporal/daily/point?parameters=T2M,PRECTOTCORR&community=RE&longitude=80.2707&latitude=13.0827&start=20210101&end=20241231&format=JSON",0.5x0.625 deg,daily,VALID,OBSERVED
IN-TN-CHE,Chennai,13.0827,80.2707,nasa_power_t2m_daily,T2M,temperature_2m,29.58,C,2024-06-03T00:00:00Z,NASA POWER (MERRA-2),"https://power.larc.nasa.gov/api/temporal/daily/point?parameters=T2M,PRECTOTCORR&community=RE&longitude=80.2707&latitude=13.0827&start=20210101&end=20241231&format=JSON",0.5x0.625 deg,daily,VALID,OBSERVED
IN-TN-CHE,Chennai,13.0827,80.2707,nasa_power_prectotcorr_daily,PRECTOTCORR,precipitation,1.7,mm/day,2024-06-03T00:00:00Z,NASA POWER (MERRA-2),"https://power.larc.nasa.gov/api/temporal/daily/point?parameters=T2M,PRECTOTCORR&community=RE&longitude=80.2707&latitude=13.0827&start=20210101&end=20241231&format=JSON",0.5x0.625 deg,daily,VALID,OBSERVED
IN-TN-CHE,Chennai,13.0827,80.2707,nasa_power_t2m_daily,T2M,temperature_2m,30.56,C,2024-06-04T00:00:00Z,NASA POWER (MERRA-2),"https://power.larc.nasa.gov/api/temporal/daily/point?parameters=T2M,PRECTOTCORR&community=RE&longitude=80.2707&latitude=13.0827&start=20210101&end=20241231&format=JSON",0.5x0.625 deg,daily,VALID,OBSERVED
IN-TN-CHE,Chennai,13.0827,80.2707,nasa_power_prectotcorr_daily,PRECTOTCORR,precipitation,5.73,mm/day,2024-06-04T00:00:00Z,NASA POWER (MERRA-2),"https://power.larc.nasa.gov/api/temporal/daily/point?parameters=T2M,PRECTOTCORR&community=RE&longitude=80.2707&latitude=13.0827&start=20210101&end=20241231&format=JSON",0.5x0.625 deg,daily,VALID,OBSERVED
IN-TN-CHE,Chennai,13.0827,80.2707,nasa_power_t2m_daily,T2M,temperature_2m,29.74,C,2024-06-05T00:00:00Z,NASA POWER (MERRA-2),"https://power.larc.nasa.gov/api/temporal/daily/point?parameters=T2M,PRECTOTCORR&community=RE&longitude=80.2707&latitude=13.0827&start=20210101&end=20241231&format=JSON",0.5x0.625 deg,daily,VALID,OBSERVED
IN-TN-CHE,Chennai,13.0827,80.2707,nasa_power_prectotcorr_daily,PRECTOTCORR,precipitation,22.77,mm/day,2024-06-05T00:00:00Z,NASA POWER (MERRA-2),"https://power.larc.nasa.gov/api/temporal/daily/point?parameters=T2M,PRECTOTCORR&community=RE&longitude=80.2707&latitude=13.0827&start=20210101&end=20241231&format=JSON",0.5x0.625 deg,daily,VALID,OBSERVED
IN-TN-CHE,Chennai,13.0827,80.2707,nasa_power_t2m_daily,T2M,temperature_2m,28.47,C,2024-06-06T00:00:00Z,NASA POWER (MERRA-2),"https://power.larc.nasa.gov/api/temporal/daily/point?parameters=T2M,PRECTOTCORR&community=RE&longitude=80.2707&latitude=13.0827&start=20210101&end=20241231&format=JSON",0.5x0.625 deg,daily,VALID,OBSERVED
IN-TN-CHE,Chennai,13.0827,80.2707,nasa_power_prectotcorr_daily,PRECTOTCORR,precipitation,13.65,mm/day,2024-06-06T00:00:00Z,NASA POWER (MERRA-2),"https://power.larc.nasa.gov/api/temporal/daily/point?parameters=T2M,PRECTOTCORR&community=RE&longitude=80.2707&latitude=13.0827&start=20210101&end=20241231&format=JSON",0.5x0.625 deg,daily,VALID,OBSERVED
IN-TN-CHE,Chennai,13.0827,80.2707,nasa_power_t2m_daily,T2M,temperature_2m,28.78,C,2024-06-07T00:00:00Z,NASA POWER (MERRA-2),"https://power.larc.nasa.gov/api/temporal/daily/point?parameters=T2M,PRECTOTCORR&community=RE&longitude=80.2707&latitude=13.0827&start=20210101&end=20241231&format=JSON",0.5x0.625 deg,daily,VALID,OBSERVED
IN-TN-CHE,Chennai,13.0827,80.2707,nasa_power_prectotcorr_daily,PRECTOTCORR,precipitation,11.92,mm/day,2024-06-07T00:00:00Z,NASA POWER (MERRA-2),"https://power.larc.nasa.gov/api/temporal/daily/point?parameters=T2M,PRECTOTCORR&community=RE&longitude=80.2707&latitude=13.0827&start=20210101&end=20241231&format=JSON",0.5x0.625 deg,daily,VALID,OBSERVED
IN-TN-CHE,Chennai,13.0827,80.2707,nasa_power_t2m_daily,T2M,temperature_2m,30.3,C,2024-06-08T00:00:00Z,NASA POWER (MERRA-2),"https://power.larc.nasa.gov/api/temporal/daily/point?parameters=T2M,PRECTOTCORR&community=RE&longitude=80.2707&latitude=13.0827&start=20210101&end=20241231&format=JSON",0.5x0.625 deg,daily,VALID,OBSERVED
IN-TN-CHE,Chennai,13.0827,80.2707,nasa_power_prectotcorr_daily,PRECTOTCORR,precipitation,4.97,mm/day,2024-06-08T00:00:00Z,NASA POWER (MERRA-2),"https://power.larc.nasa.gov/api/temporal/daily/point?parameters=T2M,PRECTOTCORR&community=RE&longitude=80.2707&latitude=13.0827&start=20210101&end=20241231&format=JSON",0.5x0.625 deg,daily,VALID,OBSERVED
IN-TN-CHE,Chennai,13.0827,80.2707,nasa_power_t2m_daily,T2M,temperature_2m,29.9,C,2024-06-09T00:00:00Z,NASA POWER (MERRA-2),"https://power.larc.nasa.gov/api/temporal/daily/point?parameters=T2M,PRECTOTCORR&community=RE&longitude=80.2707&latitude=13.0827&start=20210101&end=20241231&format=JSON",0.5x0.625 deg,daily,VALID,OBSERVED
IN-TN-CHE,Chennai,13.0827,80.2707,nasa_power_prectotcorr_daily,PRECTOTCORR,precipitation,2.93,mm/day,2024-06-09T00:00:00Z,NASA POWER (MERRA-2),"https://power.larc.nasa.gov/api/temporal/daily/point?parameters=T2M,PRECTOTCORR&community=RE&longitude=80.2707&latitude=13.0827&start=20210101&end=20241231&format=JSON",0.5x0.625 deg,daily,VALID,OBSERVED
IN-TN-CHE,Chennai,13.0827,80.2707,nasa_power_t2m_daily,T2M,temperature_2m,30.54,C,2024-06-10T00:00:00Z,NASA POWER (MERRA-2),"https://power.larc.nasa.gov/api/temporal/daily/point?parameters=T2M,PRECTOTCORR&community=RE&longitude=80.2707&latitude=13.0827&start=20210101&end=20241231&format=JSON",0.5x0.625 deg,daily,VALID,OBSERVED
IN-TN-CHE,Chennai,13.0827,80.2707,nasa_power_prectotcorr_daily,PRECTOTCORR,precipitation,1.81,mm/day,2024-06-10T00:00:00Z,NASA POWER (MERRA-2),"https://power.larc.nasa.gov/api/temporal/daily/point?parameters=T2M,PRECTOTCORR&community=RE&longitude=80.2707&latitude=13.0827&start=20210101&end=20241231&format=JSON",0.5x0.625 deg,daily,VALID,OBSERVED
IN-TN-CHE,Chennai,13.0827,80.2707,nasa_power_t2m_daily,T2M,temperature_2m,29.07,C,2024-06-11T00:00:00Z,NASA POWER (MERRA-2),"https://power.larc.nasa.gov/api/temporal/daily/point?parameters=T2M,PRECTOTCORR&community=RE&longitude=80.2707&latitude=13.0827&start=20210101&end=20241231&format=JSON",0.5x0.625 deg,daily,VALID,OBSERVED
IN-TN-CHE,Chennai,13.0827,80.2707,nasa_power_prectotcorr_daily,PRECTOTCORR,precipitation,4.55,mm/day,2024-06-11T00:00:00Z,NASA POWER (MERRA-2),"https://power.larc.nasa.gov/api/temporal/daily/point?parameters=T2M,PRECTOTCORR&community=RE&longitude=80.2707&latitude=13.0827&start=20210101&end=20241231&format=JSON",0.5x0.625 deg,daily,VALID,OBSERVED
IN-TN-CHE,Chennai,13.0827,80.2707,nasa_power_t2m_daily,T2M,temperature_2m,28.93,C,2024-06-12T00:00:00Z,NASA POWER (MERRA-2),"https://power.larc.nasa.gov/api/temporal/daily/point?parameters=T2M,PRECTOTCORR&community=RE&longitude=80.2707&latitude=13.0827&start=20210101&end=20241231&format=JSON",0.5x0.625 deg,daily,VALID,OBSERVED
IN-TN-CHE,Chennai,13.0827,80.2707,nasa_power_prectotcorr_daily,PRECTOTCORR,precipitation,6.39,mm/day,2024-06-12T00:00:00Z,NASA POWER (MERRA-2),"https://power.larc.nasa.gov/api/temporal/daily/point?parameters=T2M,PRECTOTCORR&community=RE&longitude=80.2707&latitude=13.0827&start=20210101&end=20241231&format=JSON",0.5x0.625 deg,daily,VALID,OBSERVED
IN-TN-CHE,Chennai,13.0827,80.2707,nasa_power_t2m_daily,T2M,temperature_2m,30.14,C,2024-06-13T00:00:00Z,NASA POWER (MERRA-2),"https://power.larc.nasa.gov/api/temporal/daily/point?parameters=T2M,PRECTOTCORR&community=RE&longitude=80.2707&latitude=13.0827&start=20210101&end=20241231&format=JSON",0.5x0.625 deg,daily,VALID,OBSERVED
IN-TN-CHE,Chennai,13.0827,80.2707,nasa_power_prectotcorr_daily,PRECTOTCORR,precipitation,1.3,mm/day,2024-06-13T00:00:00Z,NASA POWER (MERRA-2),"https://power.larc.nasa.gov/api/temporal/daily/point?parameters=T2M,PRECTOTCORR&community=RE&longitude=80.2707&latitude=13.0827&start=20210101&end=20241231&format=JSON",0.5x0.625 deg,daily,VALID,OBSERVED
IN-TN-CHE,Chennai,13.0827,80.2707,nasa_power_t2m_daily,T2M,temperature_2m,29.67,C,2024-06-14T00:00:00Z,NASA POWER (MERRA-2),"https://power.larc.nasa.gov/api/temporal/daily/point?parameters=T2M,PRECTOTCORR&community=RE&longitude=80.2707&latitude=13.0827&start=20210101&end=20241231&format=JSON",0.5x0.625 deg,daily,VALID,OBSERVED
IN-TN-CHE,Chennai,13.0827,80.2707,nasa_power_prectotcorr_daily,PRECTOTCORR,precipitation,0.07,mm/day,2024-06-14T00:00:00Z,NASA POWER (MERRA-2),"https://power.larc.nasa.gov/api/temporal/daily/point?parameters=T2M,PRECTOTCORR&community=RE&longitude=80.2707&latitude=13.0827&start=20210101&end=20241231&format=JSON",0.5x0.625 deg,daily,VALID,OBSERVED
IN-TN-CHE,Chennai,13.0827,80.2707,nasa_power_t2m_daily,T2M,temperature_2m,30.09,C,2024-06-15T00:00:00Z,NASA POWER (MERRA-2),"https://power.larc.nasa.gov/api/temporal/daily/point?parameters=T2M,PRECTOTCORR&community=RE&longitude=80.2707&latitude=13.0827&start=20210101&end=20241231&format=JSON",0.5x0.625 deg,daily,VALID,OBSERVED
IN-TN-CHE,Chennai,13.0827,80.2707,nasa_power_prectotcorr_daily,PRECTOTCORR,precipitation,0.96,mm/day,2024-06-15T00:00:00Z,NASA POWER (MERRA-2),"https://power.larc.nasa.gov/api/temporal/daily/point?parameters=T2M,PRECTOTCORR&community=RE&longitude=80.2707&latitude=13.0827&start=20210101&end=20241231&format=JSON",0.5x0.625 deg,daily,VALID,OBSERVED
IN-TN-CHE,Chennai,13.0827,80.2707,nasa_power_t2m_daily,T2M,temperature_2m,30.79,C,2024-06-16T00:00:00Z,NASA POWER (MERRA-2),"https://power.larc.nasa.gov/api/temporal/daily/point?parameters=T2M,PRECTOTCORR&community=RE&longitude=80.2707&latitude=13.0827&start=20210101&end=20241231&format=JSON",0.5x0.625 deg,daily,VALID,OBSERVED
IN-TN-CHE,Chennai,13.0827,80.2707,nasa_power_prectotcorr_daily,PRECTOTCORR,precipitation,6.97,mm/day,2024-06-16T00:00:00Z,NASA POWER (MERRA-2),"https://power.larc.nasa.gov/api/temporal/daily/point?parameters=T2M,PRECTOTCORR&community=RE&longitude=80.2707&latitude=13.0827&start=20210101&end=20241231&format=JSON",0.5x0.625 deg,daily,VALID,OBSERVED
IN-TN-CHE,Chennai,13.0827,80.2707,nasa_power_t2m_daily,T2M,temperature_2m,29.86,C,2024-06-17T00:00:00Z,NASA POWER (MERRA-2),"https://power.larc.nasa.gov/api/temporal/daily/point?parameters=T2M,PRECTOTCORR&community=RE&longitude=80.2707&latitude=13.0827&start=20210101&end=20241231&format=JSON",0.5x0.625 deg,daily,VALID,OBSERVED
IN-TN-CHE,Chennai,13.0827,80.2707,nasa_power_prectotcorr_daily,PRECTOTCORR,precipitation,13.08,mm/day,2024-06-17T00:00:00Z,NASA POWER (MERRA-2),"https://power.larc.nasa.gov/api/temporal/daily/point?parameters=T2M,PRECTOTCORR&community=RE&longitude=80.2707&latitude=13.0827&start=20210101&end=20241231&format=JSON",0.5x0.625 deg,daily,VALID,OBSERVED
IN-TN-CHE,Chennai,13.0827,80.2707,nasa_power_t2m_daily,T2M,temperature_2m,29.65,C,2024-06-18T00:00:00Z,NASA POWER (MERRA-2),"https://power.larc.nasa.gov/api/temporal/daily/point?parameters=T2M,PRECTOTCORR&community=RE&longitude=80.2707&latitude=13.0827&start=20210101&end=20241231&format=JSON",0.5x0.625 deg,daily,VALID,OBSERVED
IN-TN-CHE,Chennai,13.0827,80.2707,nasa_power_prectotcorr_daily,PRECTOTCORR,precipitation,36.01,mm/day,2024-06-18T00:00:00Z,NASA POWER (MERRA-2),"https://power.larc.nasa.gov/api/temporal/daily/point?parameters=T2M,PRECTOTCORR&community=RE&longitude=80.2707&latitude=13.0827&start=20210101&end=20241231&format=JSON",0.5x0.625 deg,daily,VALID,OBSERVED
IN-TN-CHE,Chennai,13.0827,80.2707,nasa_power_t2m_daily,T2M,temperature_2m,28.99,C,2024-06-19T00:00:00Z,NASA POWER (MERRA-2),"https://power.larc.nasa.gov/api/temporal/daily/point?parameters=T2M,PRECTOTCORR&community=RE&longitude=80.2707&latitude=13.0827&start=20210101&end=20241231&format=JSON",0.5x0.625 deg,daily,VALID,OBSERVED
IN-TN-CHE,Chennai,13.0827,80.2707,nasa_power_prectotcorr_daily,PRECTOTCORR,precipitation,5.54,mm/day,2024-06-19T00:00:00Z,NASA POWER (MERRA-2),"https://power.larc.nasa.gov/api/temporal/daily/point?parameters=T2M,PRECTOTCORR&community=RE&longitude=80.2707&latitude=13.0827&start=20210101&end=20241231&format=JSON",0.5x0.625 deg,daily,VALID,OBSERVED
IN-TN-CHE,Chennai,13.0827,80.2707,nasa_power_t2m_daily,T2M,temperature_2m,29.83,C,2024-06-20T00:00:00Z,NASA POWER (MERRA-2),"https://power.larc.nasa.gov/api/temporal/daily/point?parameters=T2M,PRECTOTCORR&community=RE&longitude=80.2707&latitude=13.0827&start=20210101&end=20241231&format=JSON",0.5x0.625 deg,daily,VALID,OBSERVED
IN-TN-CHE,Chennai,13.0827,80.2707,nasa_power_prectotcorr_daily,PRECTOTCORR,precipitation,2.52,mm/day,2024-06-20T00:00:00Z,NASA POWER (MERRA-2),"https://power.larc.nasa.gov/api/temporal/daily/point?parameters=T2M,PRECTOTCORR&community=RE&longitude=80.2707&latitude=13.0827&start=20210101&end=20241231&format=JSON",0.5x0.625 deg,daily,VALID,OBSERVED
IN-TN-CHE,Chennai,13.0827,80.2707,nasa_power_t2m_daily,T2M,temperature_2m,29.72,C,2024-06-21T00:00:00Z,NASA POWER (MERRA-2),"https://power.larc.nasa.gov/api/temporal/daily/point?parameters=T2M,PRECTOTCORR&community=RE&longitude=80.2707&latitude=13.0827&start=20210101&end=20241231&format=JSON",0.5x0.625 deg,daily,VALID,OBSERVED
IN-TN-CHE,Chennai,13.0827,80.2707,nasa_power_prectotcorr_daily,PRECTOTCORR,precipitation,4.92,mm/day,2024-06-21T00:00:00Z,NASA POWER (MERRA-2),"https://power.larc.nasa.gov/api/temporal/daily/point?parameters=T2M,PRECTOTCORR&community=RE&longitude=80.2707&latitude=13.0827&start=20210101&end=20241231&format=JSON",0.5x0.625 deg,daily,VALID,OBSERVED
IN-TN-CHE,Chennai,13.0827,80.2707,nasa_power_t2m_daily,T2M,temperature_2m,30.01,C,2024-06-22T00:00:00Z,NASA POWER (MERRA-2),"https://power.larc.nasa.gov/api/temporal/daily/point?parameters=T2M,PRECTOTCORR&community=RE&longitude=80.2707&latitude=13.0827&start=20210101&end=20241231&format=JSON",0.5x0.625 deg,daily,VALID,OBSERVED
IN-TN-CHE,Chennai,13.0827,80.2707,nasa_power_prectotcorr_daily,PRECTOTCORR,precipitation,3.38,mm/day,2024-06-22T00:00:00Z,NASA POWER (MERRA-2),"https://power.larc.nasa.gov/api/temporal/daily/point?parameters=T2M,PRECTOTCORR&community=RE&longitude=80.2707&latitude=13.0827&start=20210101&end=20241231&format=JSON",0.5x0.625 deg,daily,VALID,OBSERVED
IN-TN-CHE,Chennai,13.0827,80.2707,nasa_power_t2m_daily,T2M,temperature_2m,29.25,C,2024-06-23T00:00:00Z,NASA POWER (MERRA-2),"https://power.larc.nasa.gov/api/temporal/daily/point?parameters=T2M,PRECTOTCORR&community=RE&longitude=80.2707&latitude=13.0827&start=20210101&end=20241231&format=JSON",0.5x0.625 deg,daily,VALID,OBSERVED
IN-TN-CHE,Chennai,13.0827,80.2707,nasa_power_prectotcorr_daily,PRECTOTCORR,precipitation,2.96,mm/day,2024-06-23T00:00:00Z,NASA POWER (MERRA-2),"https://power.larc.nasa.gov/api/temporal/daily/point?parameters=T2M,PRECTOTCORR&community=RE&longitude=80.2707&latitude=13.0827&start=20210101&end=20241231&format=JSON",0.5x0.625 deg,daily,VALID,OBSERVED
IN-TN-CHE,Chennai,13.0827,80.2707,nasa_power_t2m_daily,T2M,temperature_2m,29.67,C,2024-06-24T00:00:00Z,NASA POWER (MERRA-2),"https://power.larc.nasa.gov/api/temporal/daily/point?parameters=T2M,PRECTOTCORR&community=RE&longitude=80.2707&latitude=13.0827&start=20210101&end=20241231&format=JSON",0.5x0.625 deg,daily,VALID,OBSERVED
IN-TN-CHE,Chennai,13.0827,80.2707,nasa_power_prectotcorr_daily,PRECTOTCORR,precipitation,1.01,mm/day,2024-06-24T00:00:00Z,NASA POWER (MERRA-2),"https://power.larc.nasa.gov/api/temporal/daily/point?parameters=T2M,PRECTOTCORR&community=RE&longitude=80.2707&latitude=13.0827&start=20210101&end=20241231&format=JSON",0.5x0.625 deg,daily,VALID,OBSERVED
IN-TN-CHE,Chennai,13.0827,80.2707,nasa_power_t2m_daily,T2M,temperature_2m,29.23,C,2024-06-25T00:00:00Z,NASA POWER (MERRA-2),"https://power.larc.nasa.gov/api/temporal/daily/point?parameters=T2M,PRECTOTCORR&community=RE&longitude=80.2707&latitude=13.0827&start=20210101&end=20241231&format=JSON",0.5x0.625 deg,daily,VALID,OBSERVED
IN-TN-CHE,Chennai,13.0827,80.2707,nasa_power_prectotcorr_daily,PRECTOTCORR,precipitation,0.63,mm/day,2024-06-25T00:00:00Z,NASA POWER (MERRA-2),"https://power.larc.nasa.gov/api/temporal/daily/point?parameters=T2M,PRECTOTCORR&community=RE&longitude=80.2707&latitude=13.0827&start=20210101&end=20241231&format=JSON",0.5x0.625 deg,daily,VALID,OBSERVED
IN-TN-CHE,Chennai,13.0827,80.2707,nasa_power_t2m_daily,T2M,temperature_2m,28.91,C,2024-06-26T00:00:00Z,NASA POWER (MERRA-2),"https://power.larc.nasa.gov/api/temporal/daily/point?parameters=T2M,PRECTOTCORR&community=RE&longitude=80.2707&latitude=13.0827&start=20210101&end=20241231&format=JSON",0.5x0.625 deg,daily,VALID,OBSERVED
IN-TN-CHE,Chennai,13.0827,80.2707,nasa_power_prectotcorr_daily,PRECTOTCORR,precipitation,0.66,mm/day,2024-06-26T00:00:00Z,NASA POWER (MERRA-2),"https://power.larc.nasa.gov/api/temporal/daily/point?parameters=T2M,PRECTOTCORR&community=RE&longitude=80.2707&latitude=13.0827&start=20210101&end=20241231&format=JSON",0.5x0.625 deg,daily,VALID,OBSERVED
IN-TN-CHE,Chennai,13.0827,80.2707,nasa_power_t2m_daily,T2M,temperature_2m,28.09,C,2024-06-27T00:00:00Z,NASA POWER (MERRA-2),"https://power.larc.nasa.gov/api/temporal/daily/point?parameters=T2M,PRECTOTCORR&community=RE&longitude=80.2707&latitude=13.0827&start=20210101&end=20241231&format=JSON",0.5x0.625 deg,daily,VALID,OBSERVED
IN-TN-CHE,Chennai,13.0827,80.2707,nasa_power_prectotcorr_daily,PRECTOTCORR,precipitation,0.07,mm/day,2024-06-27T00:00:00Z,NASA POWER (MERRA-2),"https://power.larc.nasa.gov/api/temporal/daily/point?parameters=T2M,PRECTOTCORR&community=RE&longitude=80.2707&latitude=13.0827&start=20210101&end=20241231&format=JSON",0.5x0.625 deg,daily,VALID,OBSERVED
IN-TN-CHE,Chennai,13.0827,80.2707,nasa_power_t2m_daily,T2M,temperature_2m,29.3,C,2024-06-28T00:00:00Z,NASA POWER (MERRA-2),"https://power.larc.nasa.gov/api/temporal/daily/point?parameters=T2M,PRECTOTCORR&community=RE&longitude=80.2707&latitude=13.0827&start=20210101&end=20241231&format=JSON",0.5x0.625 deg,daily,VALID,OBSERVED
IN-TN-CHE,Chennai,13.0827,80.2707,nasa_power_prectotcorr_daily,PRECTOTCORR,precipitation,0.0,mm/day,2024-06-28T00:00:00Z,NASA POWER (MERRA-2),"https://power.larc.nasa.gov/api/temporal/daily/point?parameters=T2M,PRECTOTCORR&community=RE&longitude=80.2707&latitude=13.0827&start=20210101&end=20241231&format=JSON",0.5x0.625 deg,daily,VALID,OBSERVED
IN-TN-CHE,Chennai,13.0827,80.2707,nasa_power_t2m_daily,T2M,temperature_2m,29.76,C,2024-06-29T00:00:00Z,NASA POWER (MERRA-2),"https://power.larc.nasa.gov/api/temporal/daily/point?parameters=T2M,PRECTOTCORR&community=RE&longitude=80.2707&latitude=13.0827&start=20210101&end=20241231&format=JSON",0.5x0.625 deg,daily,VALID,OBSERVED
IN-TN-CHE,Chennai,13.0827,80.2707,nasa_power_prectotcorr_daily,PRECTOTCORR,precipitation,0.04,mm/day,2024-06-29T00:00:00Z,NASA POWER (MERRA-2),"https://power.larc.nasa.gov/api/temporal/daily/point?parameters=T2M,PRECTOTCORR&community=RE&longitude=80.2707&latitude=13.0827&start=20210101&end=20241231&format=JSON",0.5x0.625 deg,daily,VALID,OBSERVED
IN-TN-CHE,Chennai,13.0827,80.2707,nasa_power_t2m_daily,T2M,temperature_2m,29.05,C,2024-06-30T00:00:00Z,NASA POWER (MERRA-2),"https://power.larc.nasa.gov/api/temporal/daily/point?parameters=T2M,PRECTOTCORR&community=RE&longitude=80.2707&latitude=13.0827&start=20210101&end=20241231&format=JSON",0.5x0.625 deg,daily,VALID,OBSERVED
IN-TN-CHE,Chennai,13.0827,80.2707,nasa_power_prectotcorr_daily,PRECTOTCORR,precipitation,17.07,mm/day,2024-06-30T00:00:00Z,NASA POWER (MERRA-2),"https://power.larc.nasa.gov/api/temporal/daily/point?parameters=T2M,PRECTOTCORR&community=RE&longitude=80.2707&latitude=13.0827&start=20210101&end=20241231&format=JSON",0.5x0.625 deg,daily,VALID,OBSERVED
IN-TN-CHE,Chennai,13.0827,80.2707,nasa_power_t2m_daily,T2M,temperature_2m,29.29,C,2024-07-01T00:00:00Z,NASA POWER (MERRA-2),"https://power.larc.nasa.gov/api/temporal/daily/point?parameters=T2M,PRECTOTCORR&community=RE&longitude=80.2707&latitude=13.0827&start=20210101&end=20241231&format=JSON",0.5x0.625 deg,daily,VALID,OBSERVED
IN-TN-CHE,Chennai,13.0827,80.2707,nasa_power_prectotcorr_daily,PRECTOTCORR,precipitation,2.41,mm/day,2024-07-01T00:00:00Z,NASA POWER (MERRA-2),"https://power.larc.nasa.gov/api/temporal/daily/point?parameters=T2M,PRECTOTCORR&community=RE&longitude=80.2707&latitude=13.0827&start=20210101&end=20241231&format=JSON",0.5x0.625 deg,daily,VALID,OBSERVED
IN-TN-CHE,Chennai,13.0827,80.2707,nasa_power_t2m_daily,T2M,temperature_2m,30.42,C,2024-07-02T00:00:00Z,NASA POWER (MERRA-2),"https://power.larc.nasa.gov/api/temporal/daily/point?parameters=T2M,PRECTOTCORR&community=RE&longitude=80.2707&latitude=13.0827&start=20210101&end=20241231&format=JSON",0.5x0.625 deg,daily,VALID,OBSERVED
IN-TN-CHE,Chennai,13.0827,80.2707,nasa_power_prectotcorr_daily,PRECTOTCORR,precipitation,0.89,mm/day,2024-07-02T00:00:00Z,NASA POWER (MERRA-2),"https://power.larc.nasa.gov/api/temporal/daily/point?parameters=T2M,PRECTOTCORR&community=RE&longitude=80.2707&latitude=13.0827&start=20210101&end=20241231&format=JSON",0.5x0.625 deg,daily,VALID,OBSERVED
IN-TN-CHE,Chennai,13.0827,80.2707,nasa_power_t2m_daily,T2M,temperature_2m,29.93,C,2024-07-03T00:00:00Z,NASA POWER (MERRA-2),"https://power.larc.nasa.gov/api/temporal/daily/point?parameters=T2M,PRECTOTCORR&community=RE&longitude=80.2707&latitude=13.0827&start=20210101&end=20241231&format=JSON",0.5x0.625 deg,daily,VALID,OBSERVED
IN-TN-CHE,Chennai,13.0827,80.2707,nasa_power_prectotcorr_daily,PRECTOTCORR,precipitation,19.5,mm/day,2024-07-03T00:00:00Z,NASA POWER (MERRA-2),"https://power.larc.nasa.gov/api/temporal/daily/point?parameters=T2M,PRECTOTCORR&community=RE&longitude=80.2707&latitude=13.0827&start=20210101&end=20241231&format=JSON",0.5x0.625 deg,daily,VALID,OBSERVED
IN-TN-CHE,Chennai,13.0827,80.2707,nasa_power_t2m_daily,T2M,temperature_2m,30.04,C,2024-07-04T00:00:00Z,NASA POWER (MERRA-2),"https://power.larc.nasa.gov/api/temporal/daily/point?parameters=T2M,PRECTOTCORR&community=RE&longitude=80.2707&latitude=13.0827&start=20210101&end=20241231&format=JSON",0.5x0.625 deg,daily,VALID,OBSERVED
IN-TN-CHE,Chennai,13.0827,80.2707,nasa_power_prectotcorr_daily,PRECTOTCORR,precipitation,2.61,mm/day,2024-07-04T00:00:00Z,NASA POWER (MERRA-2),"https://power.larc.nasa.gov/api/temporal/daily/point?parameters=T2M,PRECTOTCORR&community=RE&longitude=80.2707&latitude=13.0827&start=20210101&end=20241231&format=JSON",0.5x0.625 deg,daily,VALID,OBSERVED
IN-TN-CHE,Chennai,13.0827,80.2707,nasa_power_t2m_daily,T2M,temperature_2m,29.45,C,2024-07-05T00:00:00Z,NASA POWER (MERRA-2),"https://power.larc.nasa.gov/api/temporal/daily/point?parameters=T2M,PRECTOTCORR&community=RE&longitude=80.2707&latitude=13.0827&start=20210101&end=20241231&format=JSON",0.5x0.625 deg,daily,VALID,OBSERVED
IN-TN-CHE,Chennai,13.0827,80.2707,nasa_power_prectotcorr_daily,PRECTOTCORR,precipitation,22.96,mm/day,2024-07-05T00:00:00Z,NASA POWER (MERRA-2),"https://power.larc.nasa.gov/api/temporal/daily/point?parameters=T2M,PRECTOTCORR&community=RE&longitude=80.2707&latitude=13.0827&start=20210101&end=20241231&format=JSON",0.5x0.625 deg,daily,VALID,OBSERVED
IN-TN-CHE,Chennai,13.0827,80.2707,nasa_power_t2m_daily,T2M,temperature_2m,28.28,C,2024-07-06T00:00:00Z,NASA POWER (MERRA-2),"https://power.larc.nasa.gov/api/temporal/daily/point?parameters=T2M,PRECTOTCORR&community=RE&longitude=80.2707&latitude=13.0827&start=20210101&end=20241231&format=JSON",0.5x0.625 deg,daily,VALID,OBSERVED
IN-TN-CHE,Chennai,13.0827,80.2707,nasa_power_prectotcorr_daily,PRECTOTCORR,precipitation,9.82,mm/day,2024-07-06T00:00:00Z,NASA POWER (MERRA-2),"https://power.larc.nasa.gov/api/temporal/daily/point?parameters=T2M,PRECTOTCORR&community=RE&longitude=80.2707&latitude=13.0827&start=20210101&end=20241231&format=JSON",0.5x0.625 deg,daily,VALID,OBSERVED
IN-TN-CHE,Chennai,13.0827,80.2707,nasa_power_t2m_daily,T2M,temperature_2m,28.85,C,2024-07-07T00:00:00Z,NASA POWER (MERRA-2),"https://power.larc.nasa.gov/api/temporal/daily/point?parameters=T2M,PRECTOTCORR&community=RE&longitude=80.2707&latitude=13.0827&start=20210101&end=20241231&format=JSON",0.5x0.625 deg,daily,VALID,OBSERVED
IN-TN-CHE,Chennai,13.0827,80.2707,nasa_power_prectotcorr_daily,PRECTOTCORR,precipitation,11.48,mm/day,2024-07-07T00:00:00Z,NASA POWER (MERRA-2),"https://power.larc.nasa.gov/api/temporal/daily/point?parameters=T2M,PRECTOTCORR&community=RE&longitude=80.2707&latitude=13.0827&start=20210101&end=20241231&format=JSON",0.5x0.625 deg,daily,VALID,OBSERVED
IN-TN-CHE,Chennai,13.0827,80.2707,nasa_power_t2m_daily,T2M,temperature_2m,29.3,C,2024-07-08T00:00:00Z,NASA POWER (MERRA-2),"https://power.larc.nasa.gov/api/temporal/daily/point?parameters=T2M,PRECTOTCORR&community=RE&longitude=80.2707&latitude=13.0827&start=20210101&end=20241231&format=JSON",0.5x0.625 deg,daily,VALID,OBSERVED
IN-TN-CHE,Chennai,13.0827,80.2707,nasa_power_prectotcorr_daily,PRECTOTCORR,precipitation,2.77,mm/day,2024-07-08T00:00:00Z,NASA POWER (MERRA-2),"https://power.larc.nasa.gov/api/temporal/daily/point?parameters=T2M,PRECTOTCORR&community=RE&longitude=80.2707&latitude=13.0827&start=20210101&end=20241231&format=JSON",0.5x0.625 deg,daily,VALID,OBSERVED
IN-TN-CHE,Chennai,13.0827,80.2707,nasa_power_t2m_daily,T2M,temperature_2m,28.35,C,2024-07-09T00:00:00Z,NASA POWER (MERRA-2),"https://power.larc.nasa.gov/api/temporal/daily/point?parameters=T2M,PRECTOTCORR&community=RE&longitude=80.2707&latitude=13.0827&start=20210101&end=20241231&format=JSON",0.5x0.625 deg,daily,VALID,OBSERVED
IN-TN-CHE,Chennai,13.0827,80.2707,nasa_power_prectotcorr_daily,PRECTOTCORR,precipitation,3.48,mm/day,2024-07-09T00:00:00Z,NASA POWER (MERRA-2),"https://power.larc.nasa.gov/api/temporal/daily/point?parameters=T2M,PRECTOTCORR&community=RE&longitude=80.2707&latitude=13.0827&start=20210101&end=20241231&format=JSON",0.5x0.625 deg,daily,VALID,OBSERVED
IN-TN-CHE,Chennai,13.0827,80.2707,nasa_power_t2m_daily,T2M,temperature_2m,28.81,C,2024-07-10T00:00:00Z,NASA POWER (MERRA-2),"https://power.larc.nasa.gov/api/temporal/daily/point?parameters=T2M,PRECTOTCORR&community=RE&longitude=80.2707&latitude=13.0827&start=20210101&end=20241231&format=JSON",0.5x0.625 deg,daily,VALID,OBSERVED
IN-TN-CHE,Chennai,13.0827,80.2707,nasa_power_prectotcorr_daily,PRECTOTCORR,precipitation,4.31,mm/day,2024-07-10T00:00:00Z,NASA POWER (MERRA-2),"https://power.larc.nasa.gov/api/temporal/daily/point?parameters=T2M,PRECTOTCORR&community=RE&longitude=80.2707&latitude=13.0827&start=20210101&end=20241231&format=JSON",0.5x0.625 deg,daily,VALID,OBSERVED
IN-TN-CHE,Chennai,13.0827,80.2707,nasa_power_t2m_daily,T2M,temperature_2m,28.65,C,2024-07-11T00:00:00Z,NASA POWER (MERRA-2),"https://power.larc.nasa.gov/api/temporal/daily/point?parameters=T2M,PRECTOTCORR&community=RE&longitude=80.2707&latitude=13.0827&start=20210101&end=20241231&format=JSON",0.5x0.625 deg,daily,VALID,OBSERVED
IN-TN-CHE,Chennai,13.0827,80.2707,nasa_power_prectotcorr_daily,PRECTOTCORR,precipitation,17.07,mm/day,2024-07-11T00:00:00Z,NASA POWER (MERRA-2),"https://power.larc.nasa.gov/api/temporal/daily/point?parameters=T2M,PRECTOTCORR&community=RE&longitude=80.2707&latitude=13.0827&start=20210101&end=20241231&format=JSON",0.5x0.625 deg,daily,VALID,OBSERVED
IN-TN-CHE,Chennai,13.0827,80.2707,nasa_power_t2m_daily,T2M,temperature_2m,28.79,C,2024-07-12T00:00:00Z,NASA POWER (MERRA-2),"https://power.larc.nasa.gov/api/temporal/daily/point?parameters=T2M,PRECTOTCORR&community=RE&longitude=80.2707&latitude=13.0827&start=20210101&end=20241231&format=JSON",0.5x0.625 deg,daily,VALID,OBSERVED
IN-TN-CHE,Chennai,13.0827,80.2707,nasa_power_prectotcorr_daily,PRECTOTCORR,precipitation,29.31,mm/day,2024-07-12T00:00:00Z,NASA POWER (MERRA-2),"https://power.larc.nasa.gov/api/temporal/daily/point?parameters=T2M,PRECTOTCORR&community=RE&longitude=80.2707&latitude=13.0827&start=20210101&end=20241231&format=JSON",0.5x0.625 deg,daily,VALID,OBSERVED
IN-TN-CHE,Chennai,13.0827,80.2707,nasa_power_t2m_daily,T2M,temperature_2m,28.81,C,2024-07-13T00:00:00Z,NASA POWER (MERRA-2),"https://power.larc.nasa.gov/api/temporal/daily/point?parameters=T2M,PRECTOTCORR&community=RE&longitude=80.2707&latitude=13.0827&start=20210101&end=20241231&format=JSON",0.5x0.625 deg,daily,VALID,OBSERVED
IN-TN-CHE,Chennai,13.0827,80.2707,nasa_power_prectotcorr_daily,PRECTOTCORR,precipitation,8.48,mm/day,2024-07-13T00:00:00Z,NASA POWER (MERRA-2),"https://power.larc.nasa.gov/api/temporal/daily/point?parameters=T2M,PRECTOTCORR&community=RE&longitude=80.2707&latitude=13.0827&start=20210101&end=20241231&format=JSON",0.5x0.625 deg,daily,VALID,OBSERVED
IN-TN-CHE,Chennai,13.0827,80.2707,nasa_power_t2m_daily,T2M,temperature_2m,28.79,C,2024-07-14T00:00:00Z,NASA POWER (MERRA-2),"https://power.larc.nasa.gov/api/temporal/daily/point?parameters=T2M,PRECTOTCORR&community=RE&longitude=80.2707&latitude=13.0827&start=20210101&end=20241231&format=JSON",0.5x0.625 deg,daily,VALID,OBSERVED
IN-TN-CHE,Chennai,13.0827,80.2707,nasa_power_prectotcorr_daily,PRECTOTCORR,precipitation,7.89,mm/day,2024-07-14T00:00:00Z,NASA POWER (MERRA-2),"https://power.larc.nasa.gov/api/temporal/daily/point?parameters=T2M,PRECTOTCORR&community=RE&longitude=80.2707&latitude=13.0827&start=20210101&end=20241231&format=JSON",0.5x0.625 deg,daily,VALID,OBSERVED
IN-TN-CHE,Chennai,13.0827,80.2707,nasa_power_t2m_daily,T2M,temperature_2m,27.74,C,2024-07-15T00:00:00Z,NASA POWER (MERRA-2),"https://power.larc.nasa.gov/api/temporal/daily/point?parameters=T2M,PRECTOTCORR&community=RE&longitude=80.2707&latitude=13.0827&start=20210101&end=20241231&format=JSON",0.5x0.625 deg,daily,VALID,OBSERVED
IN-TN-CHE,Chennai,13.0827,80.2707,nasa_power_prectotcorr_daily,PRECTOTCORR,precipitation,5.31,mm/day,2024-07-15T00:00:00Z,NASA POWER (MERRA-2),"https://power.larc.nasa.gov/api/temporal/daily/point?parameters=T2M,PRECTOTCORR&community=RE&longitude=80.2707&latitude=13.0827&start=20210101&end=20241231&format=JSON",0.5x0.625 deg,daily,VALID,OBSERVED
IN-TN-CHE,Chennai,13.0827,80.2707,nasa_power_t2m_daily,T2M,temperature_2m,28.61,C,2024-07-16T00:00:00Z,NASA POWER (MERRA-2),"https://power.larc.nasa.gov/api/temporal/daily/point?parameters=T2M,PRECTOTCORR&community=RE&longitude=80.2707&latitude=13.0827&start=20210101&end=20241231&format=JSON",0.5x0.625 deg,daily,VALID,OBSERVED
IN-TN-CHE,Chennai,13.0827,80.2707,nasa_power_prectotcorr_daily,PRECTOTCORR,precipitation,1.88,mm/day,2024-07-16T00:00:00Z,NASA POWER (MERRA-2),"https://power.larc.nasa.gov/api/temporal/daily/point?parameters=T2M,PRECTOTCORR&community=RE&longitude=80.2707&latitude=13.0827&start=20210101&end=20241231&format=JSON",0.5x0.625 deg,daily,VALID,OBSERVED
IN-TN-CHE,Chennai,13.0827,80.2707,nasa_power_t2m_daily,T2M,temperature_2m,28.87,C,2024-07-17T00:00:00Z,NASA POWER (MERRA-2),"https://power.larc.nasa.gov/api/temporal/daily/point?parameters=T2M,PRECTOTCORR&community=RE&longitude=80.2707&latitude=13.0827&start=20210101&end=20241231&format=JSON",0.5x0.625 deg,daily,VALID,OBSERVED
IN-TN-CHE,Chennai,13.0827,80.2707,nasa_power_prectotcorr_daily,PRECTOTCORR,precipitation,1.21,mm/day,2024-07-17T00:00:00Z,NASA POWER (MERRA-2),"https://power.larc.nasa.gov/api/temporal/daily/point?parameters=T2M,PRECTOTCORR&community=RE&longitude=80.2707&latitude=13.0827&start=20210101&end=20241231&format=JSON",0.5x0.625 deg,daily,VALID,OBSERVED
IN-TN-CHE,Chennai,13.0827,80.2707,nasa_power_t2m_daily,T2M,temperature_2m,28.36,C,2024-07-18T00:00:00Z,NASA POWER (MERRA-2),"https://power.larc.nasa.gov/api/temporal/daily/point?parameters=T2M,PRECTOTCORR&community=RE&longitude=80.2707&latitude=13.0827&start=20210101&end=20241231&format=JSON",0.5x0.625 deg,daily,VALID,OBSERVED
IN-TN-CHE,Chennai,13.0827,80.2707,nasa_power_prectotcorr_daily,PRECTOTCORR,precipitation,4.56,mm/day,2024-07-18T00:00:00Z,NASA POWER (MERRA-2),"https://power.larc.nasa.gov/api/temporal/daily/point?parameters=T2M,PRECTOTCORR&community=RE&longitude=80.2707&latitude=13.0827&start=20210101&end=20241231&format=JSON",0.5x0.625 deg,daily,VALID,OBSERVED
IN-TN-CHE,Chennai,13.0827,80.2707,nasa_power_t2m_daily,T2M,temperature_2m,28.4,C,2024-07-19T00:00:00Z,NASA POWER (MERRA-2),"https://power.larc.nasa.gov/api/temporal/daily/point?parameters=T2M,PRECTOTCORR&community=RE&longitude=80.2707&latitude=13.0827&start=20210101&end=20241231&format=JSON",0.5x0.625 deg,daily,VALID,OBSERVED
IN-TN-CHE,Chennai,13.0827,80.2707,nasa_power_prectotcorr_daily,PRECTOTCORR,precipitation,0.46,mm/day,2024-07-19T00:00:00Z,NASA POWER (MERRA-2),"https://power.larc.nasa.gov/api/temporal/daily/point?parameters=T2M,PRECTOTCORR&community=RE&longitude=80.2707&latitude=13.0827&start=20210101&end=20241231&format=JSON",0.5x0.625 deg,daily,VALID,OBSERVED
IN-TN-CHE,Chennai,13.0827,80.2707,nasa_power_t2m_daily,T2M,temperature_2m,29.03,C,2024-07-20T00:00:00Z,NASA POWER (MERRA-2),"https://power.larc.nasa.gov/api/temporal/daily/point?parameters=T2M,PRECTOTCORR&community=RE&longitude=80.2707&latitude=13.0827&start=20210101&end=20241231&format=JSON",0.5x0.625 deg,daily,VALID,OBSERVED
IN-TN-CHE,Chennai,13.0827,80.2707,nasa_power_prectotcorr_daily,PRECTOTCORR,precipitation,0.36,mm/day,2024-07-20T00:00:00Z,NASA POWER (MERRA-2),"https://power.larc.nasa.gov/api/temporal/daily/point?parameters=T2M,PRECTOTCORR&community=RE&longitude=80.2707&latitude=13.0827&start=20210101&end=20241231&format=JSON",0.5x0.625 deg,daily,VALID,OBSERVED
IN-TN-CHE,Chennai,13.0827,80.2707,nasa_power_t2m_daily,T2M,temperature_2m,29.88,C,2024-07-21T00:00:00Z,NASA POWER (MERRA-2),"https://power.larc.nasa.gov/api/temporal/daily/point?parameters=T2M,PRECTOTCORR&community=RE&longitude=80.2707&latitude=13.0827&start=20210101&end=20241231&format=JSON",0.5x0.625 deg,daily,VALID,OBSERVED
IN-TN-CHE,Chennai,13.0827,80.2707,nasa_power_prectotcorr_daily,PRECTOTCORR,precipitation,0.18,mm/day,2024-07-21T00:00:00Z,NASA POWER (MERRA-2),"https://power.larc.nasa.gov/api/temporal/daily/point?parameters=T2M,PRECTOTCORR&community=RE&longitude=80.2707&latitude=13.0827&start=20210101&end=20241231&format=JSON",0.5x0.625 deg,daily,VALID,OBSERVED
IN-TN-CHE,Chennai,13.0827,80.2707,nasa_power_t2m_daily,T2M,temperature_2m,29.76,C,2024-07-22T00:00:00Z,NASA POWER (MERRA-2),"https://power.larc.nasa.gov/api/temporal/daily/point?parameters=T2M,PRECTOTCORR&community=RE&longitude=80.2707&latitude=13.0827&start=20210101&end=20241231&format=JSON",0.5x0.625 deg,daily,VALID,OBSERVED
IN-TN-CHE,Chennai,13.0827,80.2707,nasa_power_prectotcorr_daily,PRECTOTCORR,precipitation,0.02,mm/day,2024-07-22T00:00:00Z,NASA POWER (MERRA-2),"https://power.larc.nasa.gov/api/temporal/daily/point?parameters=T2M,PRECTOTCORR&community=RE&longitude=80.2707&latitude=13.0827&start=20210101&end=20241231&format=JSON",0.5x0.625 deg,daily,VALID,OBSERVED
IN-TN-CHE,Chennai,13.0827,80.2707,nasa_power_t2m_daily,T2M,temperature_2m,29.69,C,2024-07-23T00:00:00Z,NASA POWER (MERRA-2),"https://power.larc.nasa.gov/api/temporal/daily/point?parameters=T2M,PRECTOTCORR&community=RE&longitude=80.2707&latitude=13.0827&start=20210101&end=20241231&format=JSON",0.5x0.625 deg,daily,VALID,OBSERVED
IN-TN-CHE,Chennai,13.0827,80.2707,nasa_power_prectotcorr_daily,PRECTOTCORR,precipitation,0.66,mm/day,2024-07-23T00:00:00Z,NASA POWER (MERRA-2),"https://power.larc.nasa.gov/api/temporal/daily/point?parameters=T2M,PRECTOTCORR&community=RE&longitude=80.2707&latitude=13.0827&start=20210101&end=20241231&format=JSON",0.5x0.625 deg,daily,VALID,OBSERVED
IN-TN-CHE,Chennai,13.0827,80.2707,nasa_power_t2m_daily,T2M,temperature_2m,29.28,C,2024-07-24T00:00:00Z,NASA POWER (MERRA-2),"https://power.larc.nasa.gov/api/temporal/daily/point?parameters=T2M,PRECTOTCORR&community=RE&longitude=80.2707&latitude=13.0827&start=20210101&end=20241231&format=JSON",0.5x0.625 deg,daily,VALID,OBSERVED
IN-TN-CHE,Chennai,13.0827,80.2707,nasa_power_prectotcorr_daily,PRECTOTCORR,precipitation,0.27,mm/day,2024-07-24T00:00:00Z,NASA POWER (MERRA-2),"https://power.larc.nasa.gov/api/temporal/daily/point?parameters=T2M,PRECTOTCORR&community=RE&longitude=80.2707&latitude=13.0827&start=20210101&end=20241231&format=JSON",0.5x0.625 deg,daily,VALID,OBSERVED
IN-TN-CHE,Chennai,13.0827,80.2707,nasa_power_t2m_daily,T2M,temperature_2m,29.53,C,2024-07-25T00:00:00Z,NASA POWER (MERRA-2),"https://power.larc.nasa.gov/api/temporal/daily/point?parameters=T2M,PRECTOTCORR&community=RE&longitude=80.2707&latitude=13.0827&start=20210101&end=20241231&format=JSON",0.5x0.625 deg,daily,VALID,OBSERVED
IN-TN-CHE,Chennai,13.0827,80.2707,nasa_power_prectotcorr_daily,PRECTOTCORR,precipitation,0.05,mm/day,2024-07-25T00:00:00Z,NASA POWER (MERRA-2),"https://power.larc.nasa.gov/api/temporal/daily/point?parameters=T2M,PRECTOTCORR&community=RE&longitude=80.2707&latitude=13.0827&start=20210101&end=20241231&format=JSON",0.5x0.625 deg,daily,VALID,OBSERVED
IN-TN-CHE,Chennai,13.0827,80.2707,nasa_power_t2m_daily,T2M,temperature_2m,29.73,C,2024-07-26T00:00:00Z,NASA POWER (MERRA-2),"https://power.larc.nasa.gov/api/temporal/daily/point?parameters=T2M,PRECTOTCORR&community=RE&longitude=80.2707&latitude=13.0827&start=20210101&end=20241231&format=JSON",0.5x0.625 deg,daily,VALID,OBSERVED
IN-TN-CHE,Chennai,13.0827,80.2707,nasa_power_prectotcorr_daily,PRECTOTCORR,precipitation,0.47,mm/day,2024-07-26T00:00:00Z,NASA POWER (MERRA-2),"https://power.larc.nasa.gov/api/temporal/daily/point?parameters=T2M,PRECTOTCORR&community=RE&longitude=80.2707&latitude=13.0827&start=20210101&end=20241231&format=JSON",0.5x0.625 deg,daily,VALID,OBSERVED
IN-TN-CHE,Chennai,13.0827,80.2707,nasa_power_t2m_daily,T2M,temperature_2m,30.47,C,2024-07-27T00:00:00Z,NASA POWER (MERRA-2),"https://power.larc.nasa.gov/api/temporal/daily/point?parameters=T2M,PRECTOTCORR&community=RE&longitude=80.2707&latitude=13.0827&start=20210101&end=20241231&format=JSON",0.5x0.625 deg,daily,VALID,OBSERVED
IN-TN-CHE,Chennai,13.0827,80.2707,nasa_power_prectotcorr_daily,PRECTOTCORR,precipitation,0.02,mm/day,2024-07-27T00:00:00Z,NASA POWER (MERRA-2),"https://power.larc.nasa.gov/api/temporal/daily/point?parameters=T2M,PRECTOTCORR&community=RE&longitude=80.2707&latitude=13.0827&start=20210101&end=20241231&format=JSON",0.5x0.625 deg,daily,VALID,OBSERVED
IN-TN-CHE,Chennai,13.0827,80.2707,nasa_power_t2m_daily,T2M,temperature_2m,30.16,C,2024-07-28T00:00:00Z,NASA POWER (MERRA-2),"https://power.larc.nasa.gov/api/temporal/daily/point?parameters=T2M,PRECTOTCORR&community=RE&longitude=80.2707&latitude=13.0827&start=20210101&end=20241231&format=JSON",0.5x0.625 deg,daily,VALID,OBSERVED
IN-TN-CHE,Chennai,13.0827,80.2707,nasa_power_prectotcorr_daily,PRECTOTCORR,precipitation,0.01,mm/day,2024-07-28T00:00:00Z,NASA POWER (MERRA-2),"https://power.larc.nasa.gov/api/temporal/daily/point?parameters=T2M,PRECTOTCORR&community=RE&longitude=80.2707&latitude=13.0827&start=20210101&end=20241231&format=JSON",0.5x0.625 deg,daily,VALID,OBSERVED
IN-TN-CHE,Chennai,13.0827,80.2707,nasa_power_t2m_daily,T2M,temperature_2m,30.07,C,2024-07-29T00:00:00Z,NASA POWER (MERRA-2),"https://power.larc.nasa.gov/api/temporal/daily/point?parameters=T2M,PRECTOTCORR&community=RE&longitude=80.2707&latitude=13.0827&start=20210101&end=20241231&format=JSON",0.5x0.625 deg,daily,VALID,OBSERVED
IN-TN-CHE,Chennai,13.0827,80.2707,nasa_power_prectotcorr_daily,PRECTOTCORR,precipitation,1.08,mm/day,2024-07-29T00:00:00Z,NASA POWER (MERRA-2),"https://power.larc.nasa.gov/api/temporal/daily/point?parameters=T2M,PRECTOTCORR&community=RE&longitude=80.2707&latitude=13.0827&start=20210101&end=20241231&format=JSON",0.5x0.625 deg,daily,VALID,OBSERVED
IN-TN-CHE,Chennai,13.0827,80.2707,nasa_power_t2m_daily,T2M,temperature_2m,29.47,C,2024-07-30T00:00:00Z,NASA POWER (MERRA-2),"https://power.larc.nasa.gov/api/temporal/daily/point?parameters=T2M,PRECTOTCORR&community=RE&longitude=80.2707&latitude=13.0827&start=20210101&end=20241231&format=JSON",0.5x0.625 deg,daily,VALID,OBSERVED
IN-TN-CHE,Chennai,13.0827,80.2707,nasa_power_prectotcorr_daily,PRECTOTCORR,precipitation,3.44,mm/day,2024-07-30T00:00:00Z,NASA POWER (MERRA-2),"https://power.larc.nasa.gov/api/temporal/daily/point?parameters=T2M,PRECTOTCORR&community=RE&longitude=80.2707&latitude=13.0827&start=20210101&end=20241231&format=JSON",0.5x0.625 deg,daily,VALID,OBSERVED
IN-TN-CHE,Chennai,13.0827,80.2707,nasa_power_t2m_daily,T2M,temperature_2m,29.7,C,2024-07-31T00:00:00Z,NASA POWER (MERRA-2),"https://power.larc.nasa.gov/api/temporal/daily/point?parameters=T2M,PRECTOTCORR&community=RE&longitude=80.2707&latitude=13.0827&start=20210101&end=20241231&format=JSON",0.5x0.625 deg,daily,VALID,OBSERVED
IN-TN-CHE,Chennai,13.0827,80.2707,nasa_power_prectotcorr_daily,PRECTOTCORR,precipitation,0.93,mm/day,2024-07-31T00:00:00Z,NASA POWER (MERRA-2),"https://power.larc.nasa.gov/api/temporal/daily/point?parameters=T2M,PRECTOTCORR&community=RE&longitude=80.2707&latitude=13.0827&start=20210101&end=20241231&format=JSON",0.5x0.625 deg,daily,VALID,OBSERVED
IN-TN-CHE,Chennai,13.0827,80.2707,nasa_power_t2m_daily,T2M,temperature_2m,30.32,C,2024-08-01T00:00:00Z,NASA POWER (MERRA-2),"https://power.larc.nasa.gov/api/temporal/daily/point?parameters=T2M,PRECTOTCORR&community=RE&longitude=80.2707&latitude=13.0827&start=20210101&end=20241231&format=JSON",0.5x0.625 deg,daily,VALID,OBSERVED
IN-TN-CHE,Chennai,13.0827,80.2707,nasa_power_prectotcorr_daily,PRECTOTCORR,precipitation,1.33,mm/day,2024-08-01T00:00:00Z,NASA POWER (MERRA-2),"https://power.larc.nasa.gov/api/temporal/daily/point?parameters=T2M,PRECTOTCORR&community=RE&longitude=80.2707&latitude=13.0827&start=20210101&end=20241231&format=JSON",0.5x0.625 deg,daily,VALID,OBSERVED
IN-TN-CHE,Chennai,13.0827,80.2707,nasa_power_t2m_daily,T2M,temperature_2m,29.87,C,2024-08-02T00:00:00Z,NASA POWER (MERRA-2),"https://power.larc.nasa.gov/api/temporal/daily/point?parameters=T2M,PRECTOTCORR&community=RE&longitude=80.2707&latitude=13.0827&start=20210101&end=20241231&format=JSON",0.5x0.625 deg,daily,VALID,OBSERVED
IN-TN-CHE,Chennai,13.0827,80.2707,nasa_power_prectotcorr_daily,PRECTOTCORR,precipitation,3.04,mm/day,2024-08-02T00:00:00Z,NASA POWER (MERRA-2),"https://power.larc.nasa.gov/api/temporal/daily/point?parameters=T2M,PRECTOTCORR&community=RE&longitude=80.2707&latitude=13.0827&start=20210101&end=20241231&format=JSON",0.5x0.625 deg,daily,VALID,OBSERVED
IN-TN-CHE,Chennai,13.0827,80.2707,nasa_power_t2m_daily,T2M,temperature_2m,29.53,C,2024-08-03T00:00:00Z,NASA POWER (MERRA-2),"https://power.larc.nasa.gov/api/temporal/daily/point?parameters=T2M,PRECTOTCORR&community=RE&longitude=80.2707&latitude=13.0827&start=20210101&end=20241231&format=JSON",0.5x0.625 deg,daily,VALID,OBSERVED
IN-TN-CHE,Chennai,13.0827,80.2707,nasa_power_prectotcorr_daily,PRECTOTCORR,precipitation,4.58,mm/day,2024-08-03T00:00:00Z,NASA POWER (MERRA-2),"https://power.larc.nasa.gov/api/temporal/daily/point?parameters=T2M,PRECTOTCORR&community=RE&longitude=80.2707&latitude=13.0827&start=20210101&end=20241231&format=JSON",0.5x0.625 deg,daily,VALID,OBSERVED
IN-TN-CHE,Chennai,13.0827,80.2707,nasa_power_t2m_daily,T2M,temperature_2m,28.79,C,2024-08-04T00:00:00Z,NASA POWER (MERRA-2),"https://power.larc.nasa.gov/api/temporal/daily/point?parameters=T2M,PRECTOTCORR&community=RE&longitude=80.2707&latitude=13.0827&start=20210101&end=20241231&format=JSON",0.5x0.625 deg,daily,VALID,OBSERVED
IN-TN-CHE,Chennai,13.0827,80.2707,nasa_power_prectotcorr_daily,PRECTOTCORR,precipitation,14.82,mm/day,2024-08-04T00:00:00Z,NASA POWER (MERRA-2),"https://power.larc.nasa.gov/api/temporal/daily/point?parameters=T2M,PRECTOTCORR&community=RE&longitude=80.2707&latitude=13.0827&start=20210101&end=20241231&format=JSON",0.5x0.625 deg,daily,VALID,OBSERVED
IN-TN-CHE,Chennai,13.0827,80.2707,nasa_power_t2m_daily,T2M,temperature_2m,28.59,C,2024-08-05T00:00:00Z,NASA POWER (MERRA-2),"https://power.larc.nasa.gov/api/temporal/daily/point?parameters=T2M,PRECTOTCORR&community=RE&longitude=80.2707&latitude=13.0827&start=20210101&end=20241231&format=JSON",0.5x0.625 deg,daily,VALID,OBSERVED
IN-TN-CHE,Chennai,13.0827,80.2707,nasa_power_prectotcorr_daily,PRECTOTCORR,precipitation,15.59,mm/day,2024-08-05T00:00:00Z,NASA POWER (MERRA-2),"https://power.larc.nasa.gov/api/temporal/daily/point?parameters=T2M,PRECTOTCORR&community=RE&longitude=80.2707&latitude=13.0827&start=20210101&end=20241231&format=JSON",0.5x0.625 deg,daily,VALID,OBSERVED
IN-TN-CHE,Chennai,13.0827,80.2707,nasa_power_t2m_daily,T2M,temperature_2m,27.85,C,2024-08-06T00:00:00Z,NASA POWER (MERRA-2),"https://power.larc.nasa.gov/api/temporal/daily/point?parameters=T2M,PRECTOTCORR&community=RE&longitude=80.2707&latitude=13.0827&start=20210101&end=20241231&format=JSON",0.5x0.625 deg,daily,VALID,OBSERVED
IN-TN-CHE,Chennai,13.0827,80.2707,nasa_power_prectotcorr_daily,PRECTOTCORR,precipitation,25.91,mm/day,2024-08-06T00:00:00Z,NASA POWER (MERRA-2),"https://power.larc.nasa.gov/api/temporal/daily/point?parameters=T2M,PRECTOTCORR&community=RE&longitude=80.2707&latitude=13.0827&start=20210101&end=20241231&format=JSON",0.5x0.625 deg,daily,VALID,OBSERVED
IN-TN-CHE,Chennai,13.0827,80.2707,nasa_power_t2m_daily,T2M,temperature_2m,27.62,C,2024-08-07T00:00:00Z,NASA POWER (MERRA-2),"https://power.larc.nasa.gov/api/temporal/daily/point?parameters=T2M,PRECTOTCORR&community=RE&longitude=80.2707&latitude=13.0827&start=20210101&end=20241231&format=JSON",0.5x0.625 deg,daily,VALID,OBSERVED
IN-TN-CHE,Chennai,13.0827,80.2707,nasa_power_prectotcorr_daily,PRECTOTCORR,precipitation,9.33,mm/day,2024-08-07T00:00:00Z,NASA POWER (MERRA-2),"https://power.larc.nasa.gov/api/temporal/daily/point?parameters=T2M,PRECTOTCORR&community=RE&longitude=80.2707&latitude=13.0827&start=20210101&end=20241231&format=JSON",0.5x0.625 deg,daily,VALID,OBSERVED
IN-TN-CHE,Chennai,13.0827,80.2707,nasa_power_t2m_daily,T2M,temperature_2m,28.45,C,2024-08-08T00:00:00Z,NASA POWER (MERRA-2),"https://power.larc.nasa.gov/api/temporal/daily/point?parameters=T2M,PRECTOTCORR&community=RE&longitude=80.2707&latitude=13.0827&start=20210101&end=20241231&format=JSON",0.5x0.625 deg,daily,VALID,OBSERVED
IN-TN-CHE,Chennai,13.0827,80.2707,nasa_power_prectotcorr_daily,PRECTOTCORR,precipitation,12.35,mm/day,2024-08-08T00:00:00Z,NASA POWER (MERRA-2),"https://power.larc.nasa.gov/api/temporal/daily/point?parameters=T2M,PRECTOTCORR&community=RE&longitude=80.2707&latitude=13.0827&start=20210101&end=20241231&format=JSON",0.5x0.625 deg,daily,VALID,OBSERVED
IN-TN-CHE,Chennai,13.0827,80.2707,nasa_power_t2m_daily,T2M,temperature_2m,28.82,C,2024-08-09T00:00:00Z,NASA POWER (MERRA-2),"https://power.larc.nasa.gov/api/temporal/daily/point?parameters=T2M,PRECTOTCORR&community=RE&longitude=80.2707&latitude=13.0827&start=20210101&end=20241231&format=JSON",0.5x0.625 deg,daily,VALID,OBSERVED
IN-TN-CHE,Chennai,13.0827,80.2707,nasa_power_prectotcorr_daily,PRECTOTCORR,precipitation,10.74,mm/day,2024-08-09T00:00:00Z,NASA POWER (MERRA-2),"https://power.larc.nasa.gov/api/temporal/daily/point?parameters=T2M,PRECTOTCORR&community=RE&longitude=80.2707&latitude=13.0827&start=20210101&end=20241231&format=JSON",0.5x0.625 deg,daily,VALID,OBSERVED
IN-TN-CHE,Chennai,13.0827,80.2707,nasa_power_t2m_daily,T2M,temperature_2m,28.92,C,2024-08-10T00:00:00Z,NASA POWER (MERRA-2),"https://power.larc.nasa.gov/api/temporal/daily/point?parameters=T2M,PRECTOTCORR&community=RE&longitude=80.2707&latitude=13.0827&start=20210101&end=20241231&format=JSON",0.5x0.625 deg,daily,VALID,OBSERVED
IN-TN-CHE,Chennai,13.0827,80.2707,nasa_power_prectotcorr_daily,PRECTOTCORR,precipitation,11.65,mm/day,2024-08-10T00:00:00Z,NASA POWER (MERRA-2),"https://power.larc.nasa.gov/api/temporal/daily/point?parameters=T2M,PRECTOTCORR&community=RE&longitude=80.2707&latitude=13.0827&start=20210101&end=20241231&format=JSON",0.5x0.625 deg,daily,VALID,OBSERVED
IN-TN-CHE,Chennai,13.0827,80.2707,nasa_power_t2m_daily,T2M,temperature_2m,29.06,C,2024-08-11T00:00:00Z,NASA POWER (MERRA-2),"https://power.larc.nasa.gov/api/temporal/daily/point?parameters=T2M,PRECTOTCORR&community=RE&longitude=80.2707&latitude=13.0827&start=20210101&end=20241231&format=JSON",0.5x0.625 deg,daily,VALID,OBSERVED
IN-TN-CHE,Chennai,13.0827,80.2707,nasa_power_prectotcorr_daily,PRECTOTCORR,precipitation,19.28,mm/day,2024-08-11T00:00:00Z,NASA POWER (MERRA-2),"https://power.larc.nasa.gov/api/temporal/daily/point?parameters=T2M,PRECTOTCORR&community=RE&longitude=80.2707&latitude=13.0827&start=20210101&end=20241231&format=JSON",0.5x0.625 deg,daily,VALID,OBSERVED
IN-TN-CHE,Chennai,13.0827,80.2707,nasa_power_t2m_daily,T2M,temperature_2m,29.06,C,2024-08-12T00:00:00Z,NASA POWER (MERRA-2),"https://power.larc.nasa.gov/api/temporal/daily/point?parameters=T2M,PRECTOTCORR&community=RE&longitude=80.2707&latitude=13.0827&start=20210101&end=20241231&format=JSON",0.5x0.625 deg,daily,VALID,OBSERVED
IN-TN-CHE,Chennai,13.0827,80.2707,nasa_power_prectotcorr_daily,PRECTOTCORR,precipitation,16.13,mm/day,2024-08-12T00:00:00Z,NASA POWER (MERRA-2),"https://power.larc.nasa.gov/api/temporal/daily/point?parameters=T2M,PRECTOTCORR&community=RE&longitude=80.2707&latitude=13.0827&start=20210101&end=20241231&format=JSON",0.5x0.625 deg,daily,VALID,OBSERVED
IN-TN-CHE,Chennai,13.0827,80.2707,nasa_power_t2m_daily,T2M,temperature_2m,29.07,C,2024-08-13T00:00:00Z,NASA POWER (MERRA-2),"https://power.larc.nasa.gov/api/temporal/daily/point?parameters=T2M,PRECTOTCORR&community=RE&longitude=80.2707&latitude=13.0827&start=20210101&end=20241231&format=JSON",0.5x0.625 deg,daily,VALID,OBSERVED
IN-TN-CHE,Chennai,13.0827,80.2707,nasa_power_prectotcorr_daily,PRECTOTCORR,precipitation,0.35,mm/day,2024-08-13T00:00:00Z,NASA POWER (MERRA-2),"https://power.larc.nasa.gov/api/temporal/daily/point?parameters=T2M,PRECTOTCORR&community=RE&longitude=80.2707&latitude=13.0827&start=20210101&end=20241231&format=JSON",0.5x0.625 deg,daily,VALID,OBSERVED
IN-TN-CHE,Chennai,13.0827,80.2707,nasa_power_t2m_daily,T2M,temperature_2m,28.85,C,2024-08-14T00:00:00Z,NASA POWER (MERRA-2),"https://power.larc.nasa.gov/api/temporal/daily/point?parameters=T2M,PRECTOTCORR&community=RE&longitude=80.2707&latitude=13.0827&start=20210101&end=20241231&format=JSON",0.5x0.625 deg,daily,VALID,OBSERVED
IN-TN-CHE,Chennai,13.0827,80.2707,nasa_power_prectotcorr_daily,PRECTOTCORR,precipitation,0.63,mm/day,2024-08-14T00:00:00Z,NASA POWER (MERRA-2),"https://power.larc.nasa.gov/api/temporal/daily/point?parameters=T2M,PRECTOTCORR&community=RE&longitude=80.2707&latitude=13.0827&start=20210101&end=20241231&format=JSON",0.5x0.625 deg,daily,VALID,OBSERVED
IN-TN-CHE,Chennai,13.0827,80.2707,nasa_power_t2m_daily,T2M,temperature_2m,28.86,C,2024-08-15T00:00:00Z,NASA POWER (MERRA-2),"https://power.larc.nasa.gov/api/temporal/daily/point?parameters=T2M,PRECTOTCORR&community=RE&longitude=80.2707&latitude=13.0827&start=20210101&end=20241231&format=JSON",0.5x0.625 deg,daily,VALID,OBSERVED
IN-TN-CHE,Chennai,13.0827,80.2707,nasa_power_prectotcorr_daily,PRECTOTCORR,precipitation,0.6,mm/day,2024-08-15T00:00:00Z,NASA POWER (MERRA-2),"https://power.larc.nasa.gov/api/temporal/daily/point?parameters=T2M,PRECTOTCORR&community=RE&longitude=80.2707&latitude=13.0827&start=20210101&end=20241231&format=JSON",0.5x0.625 deg,daily,VALID,OBSERVED
IN-TN-CHE,Chennai,13.0827,80.2707,nasa_power_t2m_daily,T2M,temperature_2m,28.96,C,2024-08-16T00:00:00Z,NASA POWER (MERRA-2),"https://power.larc.nasa.gov/api/temporal/daily/point?parameters=T2M,PRECTOTCORR&community=RE&longitude=80.2707&latitude=13.0827&start=20210101&end=20241231&format=JSON",0.5x0.625 deg,daily,VALID,OBSERVED
IN-TN-CHE,Chennai,13.0827,80.2707,nasa_power_prectotcorr_daily,PRECTOTCORR,precipitation,0.24,mm/day,2024-08-16T00:00:00Z,NASA POWER (MERRA-2),"https://power.larc.nasa.gov/api/temporal/daily/point?parameters=T2M,PRECTOTCORR&community=RE&longitude=80.2707&latitude=13.0827&start=20210101&end=20241231&format=JSON",0.5x0.625 deg,daily,VALID,OBSERVED
IN-TN-CHE,Chennai,13.0827,80.2707,nasa_power_t2m_daily,T2M,temperature_2m,28.64,C,2024-08-17T00:00:00Z,NASA POWER (MERRA-2),"https://power.larc.nasa.gov/api/temporal/daily/point?parameters=T2M,PRECTOTCORR&community=RE&longitude=80.2707&latitude=13.0827&start=20210101&end=20241231&format=JSON",0.5x0.625 deg,daily,VALID,OBSERVED
IN-TN-CHE,Chennai,13.0827,80.2707,nasa_power_prectotcorr_daily,PRECTOTCORR,precipitation,0.94,mm/day,2024-08-17T00:00:00Z,NASA POWER (MERRA-2),"https://power.larc.nasa.gov/api/temporal/daily/point?parameters=T2M,PRECTOTCORR&community=RE&longitude=80.2707&latitude=13.0827&start=20210101&end=20241231&format=JSON",0.5x0.625 deg,daily,VALID,OBSERVED
IN-TN-CHE,Chennai,13.0827,80.2707,nasa_power_t2m_daily,T2M,temperature_2m,28.71,C,2024-08-18T00:00:00Z,NASA POWER (MERRA-2),"https://power.larc.nasa.gov/api/temporal/daily/point?parameters=T2M,PRECTOTCORR&community=RE&longitude=80.2707&latitude=13.0827&start=20210101&end=20241231&format=JSON",0.5x0.625 deg,daily,VALID,OBSERVED
IN-TN-CHE,Chennai,13.0827,80.2707,nasa_power_prectotcorr_daily,PRECTOTCORR,precipitation,1.34,mm/day,2024-08-18T00:00:00Z,NASA POWER (MERRA-2),"https://power.larc.nasa.gov/api/temporal/daily/point?parameters=T2M,PRECTOTCORR&community=RE&longitude=80.2707&latitude=13.0827&start=20210101&end=20241231&format=JSON",0.5x0.625 deg,daily,VALID,OBSERVED
IN-TN-CHE,Chennai,13.0827,80.2707,nasa_power_t2m_daily,T2M,temperature_2m,28.92,C,2024-08-19T00:00:00Z,NASA POWER (MERRA-2),"https://power.larc.nasa.gov/api/temporal/daily/point?parameters=T2M,PRECTOTCORR&community=RE&longitude=80.2707&latitude=13.0827&start=20210101&end=20241231&format=JSON",0.5x0.625 deg,daily,VALID,OBSERVED
IN-TN-CHE,Chennai,13.0827,80.2707,nasa_power_prectotcorr_daily,PRECTOTCORR,precipitation,0.21,mm/day,2024-08-19T00:00:00Z,NASA POWER (MERRA-2),"https://power.larc.nasa.gov/api/temporal/daily/point?parameters=T2M,PRECTOTCORR&community=RE&longitude=80.2707&latitude=13.0827&start=20210101&end=20241231&format=JSON",0.5x0.625 deg,daily,VALID,OBSERVED
IN-TN-CHE,Chennai,13.0827,80.2707,nasa_power_t2m_daily,T2M,temperature_2m,28.62,C,2024-08-20T00:00:00Z,NASA POWER (MERRA-2),"https://power.larc.nasa.gov/api/temporal/daily/point?parameters=T2M,PRECTOTCORR&community=RE&longitude=80.2707&latitude=13.0827&start=20210101&end=20241231&format=JSON",0.5x0.625 deg,daily,VALID,OBSERVED
IN-TN-CHE,Chennai,13.0827,80.2707,nasa_power_prectotcorr_daily,PRECTOTCORR,precipitation,1.12,mm/day,2024-08-20T00:00:00Z,NASA POWER (MERRA-2),"https://power.larc.nasa.gov/api/temporal/daily/point?parameters=T2M,PRECTOTCORR&community=RE&longitude=80.2707&latitude=13.0827&start=20210101&end=20241231&format=JSON",0.5x0.625 deg,daily,VALID,OBSERVED
IN-TN-CHE,Chennai,13.0827,80.2707,nasa_power_t2m_daily,T2M,temperature_2m,28.59,C,2024-08-21T00:00:00Z,NASA POWER (MERRA-2),"https://power.larc.nasa.gov/api/temporal/daily/point?parameters=T2M,PRECTOTCORR&community=RE&longitude=80.2707&latitude=13.0827&start=20210101&end=20241231&format=JSON",0.5x0.625 deg,daily,VALID,OBSERVED
IN-TN-CHE,Chennai,13.0827,80.2707,nasa_power_prectotcorr_daily,PRECTOTCORR,precipitation,0.49,mm/day,2024-08-21T00:00:00Z,NASA POWER (MERRA-2),"https://power.larc.nasa.gov/api/temporal/daily/point?parameters=T2M,PRECTOTCORR&community=RE&longitude=80.2707&latitude=13.0827&start=20210101&end=20241231&format=JSON",0.5x0.625 deg,daily,VALID,OBSERVED
IN-TN-CHE,Chennai,13.0827,80.2707,nasa_power_t2m_daily,T2M,temperature_2m,28.01,C,2024-08-22T00:00:00Z,NASA POWER (MERRA-2),"https://power.larc.nasa.gov/api/temporal/daily/point?parameters=T2M,PRECTOTCORR&community=RE&longitude=80.2707&latitude=13.0827&start=20210101&end=20241231&format=JSON",0.5x0.625 deg,daily,VALID,OBSERVED
IN-TN-CHE,Chennai,13.0827,80.2707,nasa_power_prectotcorr_daily,PRECTOTCORR,precipitation,0.04,mm/day,2024-08-22T00:00:00Z,NASA POWER (MERRA-2),"https://power.larc.nasa.gov/api/temporal/daily/point?parameters=T2M,PRECTOTCORR&community=RE&longitude=80.2707&latitude=13.0827&start=20210101&end=20241231&format=JSON",0.5x0.625 deg,daily,VALID,OBSERVED
IN-TN-CHE,Chennai,13.0827,80.2707,nasa_power_t2m_daily,T2M,temperature_2m,28.69,C,2024-08-23T00:00:00Z,NASA POWER (MERRA-2),"https://power.larc.nasa.gov/api/temporal/daily/point?parameters=T2M,PRECTOTCORR&community=RE&longitude=80.2707&latitude=13.0827&start=20210101&end=20241231&format=JSON",0.5x0.625 deg,daily,VALID,OBSERVED
IN-TN-CHE,Chennai,13.0827,80.2707,nasa_power_prectotcorr_daily,PRECTOTCORR,precipitation,0.03,mm/day,2024-08-23T00:00:00Z,NASA POWER (MERRA-2),"https://power.larc.nasa.gov/api/temporal/daily/point?parameters=T2M,PRECTOTCORR&community=RE&longitude=80.2707&latitude=13.0827&start=20210101&end=20241231&format=JSON",0.5x0.625 deg,daily,VALID,OBSERVED
IN-TN-CHE,Chennai,13.0827,80.2707,nasa_power_t2m_daily,T2M,temperature_2m,28.62,C,2024-08-24T00:00:00Z,NASA POWER (MERRA-2),"https://power.larc.nasa.gov/api/temporal/daily/point?parameters=T2M,PRECTOTCORR&community=RE&longitude=80.2707&latitude=13.0827&start=20210101&end=20241231&format=JSON",0.5x0.625 deg,daily,VALID,OBSERVED
IN-TN-CHE,Chennai,13.0827,80.2707,nasa_power_prectotcorr_daily,PRECTOTCORR,precipitation,0.06,mm/day,2024-08-24T00:00:00Z,NASA POWER (MERRA-2),"https://power.larc.nasa.gov/api/temporal/daily/point?parameters=T2M,PRECTOTCORR&community=RE&longitude=80.2707&latitude=13.0827&start=20210101&end=20241231&format=JSON",0.5x0.625 deg,daily,VALID,OBSERVED
IN-TN-CHE,Chennai,13.0827,80.2707,nasa_power_t2m_daily,T2M,temperature_2m,28.7,C,2024-08-25T00:00:00Z,NASA POWER (MERRA-2),"https://power.larc.nasa.gov/api/temporal/daily/point?parameters=T2M,PRECTOTCORR&community=RE&longitude=80.2707&latitude=13.0827&start=20210101&end=20241231&format=JSON",0.5x0.625 deg,daily,VALID,OBSERVED
IN-TN-CHE,Chennai,13.0827,80.2707,nasa_power_prectotcorr_daily,PRECTOTCORR,precipitation,0.05,mm/day,2024-08-25T00:00:00Z,NASA POWER (MERRA-2),"https://power.larc.nasa.gov/api/temporal/daily/point?parameters=T2M,PRECTOTCORR&community=RE&longitude=80.2707&latitude=13.0827&start=20210101&end=20241231&format=JSON",0.5x0.625 deg,daily,VALID,OBSERVED
IN-TN-CHE,Chennai,13.0827,80.2707,nasa_power_t2m_daily,T2M,temperature_2m,28.92,C,2024-08-26T00:00:00Z,NASA POWER (MERRA-2),"https://power.larc.nasa.gov/api/temporal/daily/point?parameters=T2M,PRECTOTCORR&community=RE&longitude=80.2707&latitude=13.0827&start=20210101&end=20241231&format=JSON",0.5x0.625 deg,daily,VALID,OBSERVED
IN-TN-CHE,Chennai,13.0827,80.2707,nasa_power_prectotcorr_daily,PRECTOTCORR,precipitation,0.05,mm/day,2024-08-26T00:00:00Z,NASA POWER (MERRA-2),"https://power.larc.nasa.gov/api/temporal/daily/point?parameters=T2M,PRECTOTCORR&community=RE&longitude=80.2707&latitude=13.0827&start=20210101&end=20241231&format=JSON",0.5x0.625 deg,daily,VALID,OBSERVED
IN-TN-CHE,Chennai,13.0827,80.2707,nasa_power_t2m_daily,T2M,temperature_2m,28.65,C,2024-08-27T00:00:00Z,NASA POWER (MERRA-2),"https://power.larc.nasa.gov/api/temporal/daily/point?parameters=T2M,PRECTOTCORR&community=RE&longitude=80.2707&latitude=13.0827&start=20210101&end=20241231&format=JSON",0.5x0.625 deg,daily,VALID,OBSERVED
IN-TN-CHE,Chennai,13.0827,80.2707,nasa_power_prectotcorr_daily,PRECTOTCORR,precipitation,2.37,mm/day,2024-08-27T00:00:00Z,NASA POWER (MERRA-2),"https://power.larc.nasa.gov/api/temporal/daily/point?parameters=T2M,PRECTOTCORR&community=RE&longitude=80.2707&latitude=13.0827&start=20210101&end=20241231&format=JSON",0.5x0.625 deg,daily,VALID,OBSERVED
IN-TN-CHE,Chennai,13.0827,80.2707,nasa_power_t2m_daily,T2M,temperature_2m,28.09,C,2024-08-28T00:00:00Z,NASA POWER (MERRA-2),"https://power.larc.nasa.gov/api/temporal/daily/point?parameters=T2M,PRECTOTCORR&community=RE&longitude=80.2707&latitude=13.0827&start=20210101&end=20241231&format=JSON",0.5x0.625 deg,daily,VALID,OBSERVED
IN-TN-CHE,Chennai,13.0827,80.2707,nasa_power_prectotcorr_daily,PRECTOTCORR,precipitation,1.33,mm/day,2024-08-28T00:00:00Z,NASA POWER (MERRA-2),"https://power.larc.nasa.gov/api/temporal/daily/point?parameters=T2M,PRECTOTCORR&community=RE&longitude=80.2707&latitude=13.0827&start=20210101&end=20241231&format=JSON",0.5x0.625 deg,daily,VALID,OBSERVED
IN-TN-CHE,Chennai,13.0827,80.2707,nasa_power_t2m_daily,T2M,temperature_2m,28.07,C,2024-08-29T00:00:00Z,NASA POWER (MERRA-2),"https://power.larc.nasa.gov/api/temporal/daily/point?parameters=T2M,PRECTOTCORR&community=RE&longitude=80.2707&latitude=13.0827&start=20210101&end=20241231&format=JSON",0.5x0.625 deg,daily,VALID,OBSERVED
IN-TN-CHE,Chennai,13.0827,80.2707,nasa_power_prectotcorr_daily,PRECTOTCORR,precipitation,1.95,mm/day,2024-08-29T00:00:00Z,NASA POWER (MERRA-2),"https://power.larc.nasa.gov/api/temporal/daily/point?parameters=T2M,PRECTOTCORR&community=RE&longitude=80.2707&latitude=13.0827&start=20210101&end=20241231&format=JSON",0.5x0.625 deg,daily,VALID,OBSERVED
IN-TN-CHE,Chennai,13.0827,80.2707,nasa_power_t2m_daily,T2M,temperature_2m,27.91,C,2024-08-30T00:00:00Z,NASA POWER (MERRA-2),"https://power.larc.nasa.gov/api/temporal/daily/point?parameters=T2M,PRECTOTCORR&community=RE&longitude=80.2707&latitude=13.0827&start=20210101&end=20241231&format=JSON",0.5x0.625 deg,daily,VALID,OBSERVED
IN-TN-CHE,Chennai,13.0827,80.2707,nasa_power_prectotcorr_daily,PRECTOTCORR,precipitation,12.54,mm/day,2024-08-30T00:00:00Z,NASA POWER (MERRA-2),"https://power.larc.nasa.gov/api/temporal/daily/point?parameters=T2M,PRECTOTCORR&community=RE&longitude=80.2707&latitude=13.0827&start=20210101&end=20241231&format=JSON",0.5x0.625 deg,daily,VALID,OBSERVED
IN-TN-CHE,Chennai,13.0827,80.2707,nasa_power_t2m_daily,T2M,temperature_2m,27.7,C,2024-08-31T00:00:00Z,NASA POWER (MERRA-2),"https://power.larc.nasa.gov/api/temporal/daily/point?parameters=T2M,PRECTOTCORR&community=RE&longitude=80.2707&latitude=13.0827&start=20210101&end=20241231&format=JSON",0.5x0.625 deg,daily,VALID,OBSERVED
IN-TN-CHE,Chennai,13.0827,80.2707,nasa_power_prectotcorr_daily,PRECTOTCORR,precipitation,4.11,mm/day,2024-08-31T00:00:00Z,NASA POWER (MERRA-2),"https://power.larc.nasa.gov/api/temporal/daily/point?parameters=T2M,PRECTOTCORR&community=RE&longitude=80.2707&latitude=13.0827&start=20210101&end=20241231&format=JSON",0.5x0.625 deg,daily,VALID,OBSERVED
IN-TN-CHE,Chennai,13.0827,80.2707,nasa_power_t2m_daily,T2M,temperature_2m,28.48,C,2024-09-01T00:00:00Z,NASA POWER (MERRA-2),"https://power.larc.nasa.gov/api/temporal/daily/point?parameters=T2M,PRECTOTCORR&community=RE&longitude=80.2707&latitude=13.0827&start=20210101&end=20241231&format=JSON",0.5x0.625 deg,daily,VALID,OBSERVED
IN-TN-CHE,Chennai,13.0827,80.2707,nasa_power_prectotcorr_daily,PRECTOTCORR,precipitation,0.87,mm/day,2024-09-01T00:00:00Z,NASA POWER (MERRA-2),"https://power.larc.nasa.gov/api/temporal/daily/point?parameters=T2M,PRECTOTCORR&community=RE&longitude=80.2707&latitude=13.0827&start=20210101&end=20241231&format=JSON",0.5x0.625 deg,daily,VALID,OBSERVED
IN-TN-CHE,Chennai,13.0827,80.2707,nasa_power_t2m_daily,T2M,temperature_2m,28.42,C,2024-09-02T00:00:00Z,NASA POWER (MERRA-2),"https://power.larc.nasa.gov/api/temporal/daily/point?parameters=T2M,PRECTOTCORR&community=RE&longitude=80.2707&latitude=13.0827&start=20210101&end=20241231&format=JSON",0.5x0.625 deg,daily,VALID,OBSERVED
IN-TN-CHE,Chennai,13.0827,80.2707,nasa_power_prectotcorr_daily,PRECTOTCORR,precipitation,8.19,mm/day,2024-09-02T00:00:00Z,NASA POWER (MERRA-2),"https://power.larc.nasa.gov/api/temporal/daily/point?parameters=T2M,PRECTOTCORR&community=RE&longitude=80.2707&latitude=13.0827&start=20210101&end=20241231&format=JSON",0.5x0.625 deg,daily,VALID,OBSERVED
IN-TN-CHE,Chennai,13.0827,80.2707,nasa_power_t2m_daily,T2M,temperature_2m,28.64,C,2024-09-03T00:00:00Z,NASA POWER (MERRA-2),"https://power.larc.nasa.gov/api/temporal/daily/point?parameters=T2M,PRECTOTCORR&community=RE&longitude=80.2707&latitude=13.0827&start=20210101&end=20241231&format=JSON",0.5x0.625 deg,daily,VALID,OBSERVED
IN-TN-CHE,Chennai,13.0827,80.2707,nasa_power_prectotcorr_daily,PRECTOTCORR,precipitation,5.58,mm/day,2024-09-03T00:00:00Z,NASA POWER (MERRA-2),"https://power.larc.nasa.gov/api/temporal/daily/point?parameters=T2M,PRECTOTCORR&community=RE&longitude=80.2707&latitude=13.0827&start=20210101&end=20241231&format=JSON",0.5x0.625 deg,daily,VALID,OBSERVED
IN-TN-CHE,Chennai,13.0827,80.2707,nasa_power_t2m_daily,T2M,temperature_2m,28.76,C,2024-09-04T00:00:00Z,NASA POWER (MERRA-2),"https://power.larc.nasa.gov/api/temporal/daily/point?parameters=T2M,PRECTOTCORR&community=RE&longitude=80.2707&latitude=13.0827&start=20210101&end=20241231&format=JSON",0.5x0.625 deg,daily,VALID,OBSERVED
IN-TN-CHE,Chennai,13.0827,80.2707,nasa_power_prectotcorr_daily,PRECTOTCORR,precipitation,1.23,mm/day,2024-09-04T00:00:00Z,NASA POWER (MERRA-2),"https://power.larc.nasa.gov/api/temporal/daily/point?parameters=T2M,PRECTOTCORR&community=RE&longitude=80.2707&latitude=13.0827&start=20210101&end=20241231&format=JSON",0.5x0.625 deg,daily,VALID,OBSERVED
IN-TN-CHE,Chennai,13.0827,80.2707,nasa_power_t2m_daily,T2M,temperature_2m,28.51,C,2024-09-05T00:00:00Z,NASA POWER (MERRA-2),"https://power.larc.nasa.gov/api/temporal/daily/point?parameters=T2M,PRECTOTCORR&community=RE&longitude=80.2707&latitude=13.0827&start=20210101&end=20241231&format=JSON",0.5x0.625 deg,daily,VALID,OBSERVED
IN-TN-CHE,Chennai,13.0827,80.2707,nasa_power_prectotcorr_daily,PRECTOTCORR,precipitation,3.24,mm/day,2024-09-05T00:00:00Z,NASA POWER (MERRA-2),"https://power.larc.nasa.gov/api/temporal/daily/point?parameters=T2M,PRECTOTCORR&community=RE&longitude=80.2707&latitude=13.0827&start=20210101&end=20241231&format=JSON",0.5x0.625 deg,daily,VALID,OBSERVED
IN-TN-CHE,Chennai,13.0827,80.2707,nasa_power_t2m_daily,T2M,temperature_2m,28.21,C,2024-09-06T00:00:00Z,NASA POWER (MERRA-2),"https://power.larc.nasa.gov/api/temporal/daily/point?parameters=T2M,PRECTOTCORR&community=RE&longitude=80.2707&latitude=13.0827&start=20210101&end=20241231&format=JSON",0.5x0.625 deg,daily,VALID,OBSERVED
IN-TN-CHE,Chennai,13.0827,80.2707,nasa_power_prectotcorr_daily,PRECTOTCORR,precipitation,3.45,mm/day,2024-09-06T00:00:00Z,NASA POWER (MERRA-2),"https://power.larc.nasa.gov/api/temporal/daily/point?parameters=T2M,PRECTOTCORR&community=RE&longitude=80.2707&latitude=13.0827&start=20210101&end=20241231&format=JSON",0.5x0.625 deg,daily,VALID,OBSERVED
IN-TN-CHE,Chennai,13.0827,80.2707,nasa_power_t2m_daily,T2M,temperature_2m,28.29,C,2024-09-07T00:00:00Z,NASA POWER (MERRA-2),"https://power.larc.nasa.gov/api/temporal/daily/point?parameters=T2M,PRECTOTCORR&community=RE&longitude=80.2707&latitude=13.0827&start=20210101&end=20241231&format=JSON",0.5x0.625 deg,daily,VALID,OBSERVED
IN-TN-CHE,Chennai,13.0827,80.2707,nasa_power_prectotcorr_daily,PRECTOTCORR,precipitation,0.82,mm/day,2024-09-07T00:00:00Z,NASA POWER (MERRA-2),"https://power.larc.nasa.gov/api/temporal/daily/point?parameters=T2M,PRECTOTCORR&community=RE&longitude=80.2707&latitude=13.0827&start=20210101&end=20241231&format=JSON",0.5x0.625 deg,daily,VALID,OBSERVED
IN-TN-CHE,Chennai,13.0827,80.2707,nasa_power_t2m_daily,T2M,temperature_2m,28.71,C,2024-09-08T00:00:00Z,NASA POWER (MERRA-2),"https://power.larc.nasa.gov/api/temporal/daily/point?parameters=T2M,PRECTOTCORR&community=RE&longitude=80.2707&latitude=13.0827&start=20210101&end=20241231&format=JSON",0.5x0.625 deg,daily,VALID,OBSERVED
IN-TN-CHE,Chennai,13.0827,80.2707,nasa_power_prectotcorr_daily,PRECTOTCORR,precipitation,0.16,mm/day,2024-09-08T00:00:00Z,NASA POWER (MERRA-2),"https://power.larc.nasa.gov/api/temporal/daily/point?parameters=T2M,PRECTOTCORR&community=RE&longitude=80.2707&latitude=13.0827&start=20210101&end=20241231&format=JSON",0.5x0.625 deg,daily,VALID,OBSERVED
IN-TN-CHE,Chennai,13.0827,80.2707,nasa_power_t2m_daily,T2M,temperature_2m,28.52,C,2024-09-09T00:00:00Z,NASA POWER (MERRA-2),"https://power.larc.nasa.gov/api/temporal/daily/point?parameters=T2M,PRECTOTCORR&community=RE&longitude=80.2707&latitude=13.0827&start=20210101&end=20241231&format=JSON",0.5x0.625 deg,daily,VALID,OBSERVED
IN-TN-CHE,Chennai,13.0827,80.2707,nasa_power_prectotcorr_daily,PRECTOTCORR,precipitation,0.95,mm/day,2024-09-09T00:00:00Z,NASA POWER (MERRA-2),"https://power.larc.nasa.gov/api/temporal/daily/point?parameters=T2M,PRECTOTCORR&community=RE&longitude=80.2707&latitude=13.0827&start=20210101&end=20241231&format=JSON",0.5x0.625 deg,daily,VALID,OBSERVED
IN-TN-CHE,Chennai,13.0827,80.2707,nasa_power_t2m_daily,T2M,temperature_2m,28.91,C,2024-09-10T00:00:00Z,NASA POWER (MERRA-2),"https://power.larc.nasa.gov/api/temporal/daily/point?parameters=T2M,PRECTOTCORR&community=RE&longitude=80.2707&latitude=13.0827&start=20210101&end=20241231&format=JSON",0.5x0.625 deg,daily,VALID,OBSERVED
IN-TN-CHE,Chennai,13.0827,80.2707,nasa_power_prectotcorr_daily,PRECTOTCORR,precipitation,0.04,mm/day,2024-09-10T00:00:00Z,NASA POWER (MERRA-2),"https://power.larc.nasa.gov/api/temporal/daily/point?parameters=T2M,PRECTOTCORR&community=RE&longitude=80.2707&latitude=13.0827&start=20210101&end=20241231&format=JSON",0.5x0.625 deg,daily,VALID,OBSERVED
IN-TN-CHE,Chennai,13.0827,80.2707,nasa_power_t2m_daily,T2M,temperature_2m,28.77,C,2024-09-11T00:00:00Z,NASA POWER (MERRA-2),"https://power.larc.nasa.gov/api/temporal/daily/point?parameters=T2M,PRECTOTCORR&community=RE&longitude=80.2707&latitude=13.0827&start=20210101&end=20241231&format=JSON",0.5x0.625 deg,daily,VALID,OBSERVED
IN-TN-CHE,Chennai,13.0827,80.2707,nasa_power_prectotcorr_daily,PRECTOTCORR,precipitation,0.04,mm/day,2024-09-11T00:00:00Z,NASA POWER (MERRA-2),"https://power.larc.nasa.gov/api/temporal/daily/point?parameters=T2M,PRECTOTCORR&community=RE&longitude=80.2707&latitude=13.0827&start=20210101&end=20241231&format=JSON",0.5x0.625 deg,daily,VALID,OBSERVED
IN-TN-CHE,Chennai,13.0827,80.2707,nasa_power_t2m_daily,T2M,temperature_2m,29.1,C,2024-09-12T00:00:00Z,NASA POWER (MERRA-2),"https://power.larc.nasa.gov/api/temporal/daily/point?parameters=T2M,PRECTOTCORR&community=RE&longitude=80.2707&latitude=13.0827&start=20210101&end=20241231&format=JSON",0.5x0.625 deg,daily,VALID,OBSERVED
IN-TN-CHE,Chennai,13.0827,80.2707,nasa_power_prectotcorr_daily,PRECTOTCORR,precipitation,0.01,mm/day,2024-09-12T00:00:00Z,NASA POWER (MERRA-2),"https://power.larc.nasa.gov/api/temporal/daily/point?parameters=T2M,PRECTOTCORR&community=RE&longitude=80.2707&latitude=13.0827&start=20210101&end=20241231&format=JSON",0.5x0.625 deg,daily,VALID,OBSERVED
IN-TN-CHE,Chennai,13.0827,80.2707,nasa_power_t2m_daily,T2M,temperature_2m,29.73,C,2024-09-13T00:00:00Z,NASA POWER (MERRA-2),"https://power.larc.nasa.gov/api/temporal/daily/point?parameters=T2M,PRECTOTCORR&community=RE&longitude=80.2707&latitude=13.0827&start=20210101&end=20241231&format=JSON",0.5x0.625 deg,daily,VALID,OBSERVED
IN-TN-CHE,Chennai,13.0827,80.2707,nasa_power_prectotcorr_daily,PRECTOTCORR,precipitation,0.01,mm/day,2024-09-13T00:00:00Z,NASA POWER (MERRA-2),"https://power.larc.nasa.gov/api/temporal/daily/point?parameters=T2M,PRECTOTCORR&community=RE&longitude=80.2707&latitude=13.0827&start=20210101&end=20241231&format=JSON",0.5x0.625 deg,daily,VALID,OBSERVED
IN-TN-CHE,Chennai,13.0827,80.2707,nasa_power_t2m_daily,T2M,temperature_2m,29.85,C,2024-09-14T00:00:00Z,NASA POWER (MERRA-2),"https://power.larc.nasa.gov/api/temporal/daily/point?parameters=T2M,PRECTOTCORR&community=RE&longitude=80.2707&latitude=13.0827&start=20210101&end=20241231&format=JSON",0.5x0.625 deg,daily,VALID,OBSERVED
IN-TN-CHE,Chennai,13.0827,80.2707,nasa_power_prectotcorr_daily,PRECTOTCORR,precipitation,0.02,mm/day,2024-09-14T00:00:00Z,NASA POWER (MERRA-2),"https://power.larc.nasa.gov/api/temporal/daily/point?parameters=T2M,PRECTOTCORR&community=RE&longitude=80.2707&latitude=13.0827&start=20210101&end=20241231&format=JSON",0.5x0.625 deg,daily,VALID,OBSERVED
IN-TN-CHE,Chennai,13.0827,80.2707,nasa_power_t2m_daily,T2M,temperature_2m,29.8,C,2024-09-15T00:00:00Z,NASA POWER (MERRA-2),"https://power.larc.nasa.gov/api/temporal/daily/point?parameters=T2M,PRECTOTCORR&community=RE&longitude=80.2707&latitude=13.0827&start=20210101&end=20241231&format=JSON",0.5x0.625 deg,daily,VALID,OBSERVED
IN-TN-CHE,Chennai,13.0827,80.2707,nasa_power_prectotcorr_daily,PRECTOTCORR,precipitation,0.01,mm/day,2024-09-15T00:00:00Z,NASA POWER (MERRA-2),"https://power.larc.nasa.gov/api/temporal/daily/point?parameters=T2M,PRECTOTCORR&community=RE&longitude=80.2707&latitude=13.0827&start=20210101&end=20241231&format=JSON",0.5x0.625 deg,daily,VALID,OBSERVED
IN-TN-CHE,Chennai,13.0827,80.2707,nasa_power_t2m_daily,T2M,temperature_2m,29.93,C,2024-09-16T00:00:00Z,NASA POWER (MERRA-2),"https://power.larc.nasa.gov/api/temporal/daily/point?parameters=T2M,PRECTOTCORR&community=RE&longitude=80.2707&latitude=13.0827&start=20210101&end=20241231&format=JSON",0.5x0.625 deg,daily,VALID,OBSERVED
IN-TN-CHE,Chennai,13.0827,80.2707,nasa_power_prectotcorr_daily,PRECTOTCORR,precipitation,0.01,mm/day,2024-09-16T00:00:00Z,NASA POWER (MERRA-2),"https://power.larc.nasa.gov/api/temporal/daily/point?parameters=T2M,PRECTOTCORR&community=RE&longitude=80.2707&latitude=13.0827&start=20210101&end=20241231&format=JSON",0.5x0.625 deg,daily,VALID,OBSERVED
IN-TN-CHE,Chennai,13.0827,80.2707,nasa_power_t2m_daily,T2M,temperature_2m,30.24,C,2024-09-17T00:00:00Z,NASA POWER (MERRA-2),"https://power.larc.nasa.gov/api/temporal/daily/point?parameters=T2M,PRECTOTCORR&community=RE&longitude=80.2707&latitude=13.0827&start=20210101&end=20241231&format=JSON",0.5x0.625 deg,daily,VALID,OBSERVED
IN-TN-CHE,Chennai,13.0827,80.2707,nasa_power_prectotcorr_daily,PRECTOTCORR,precipitation,0.14,mm/day,2024-09-17T00:00:00Z,NASA POWER (MERRA-2),"https://power.larc.nasa.gov/api/temporal/daily/point?parameters=T2M,PRECTOTCORR&community=RE&longitude=80.2707&latitude=13.0827&start=20210101&end=20241231&format=JSON",0.5x0.625 deg,daily,VALID,OBSERVED
IN-TN-CHE,Chennai,13.0827,80.2707,nasa_power_t2m_daily,T2M,temperature_2m,29.75,C,2024-09-18T00:00:00Z,NASA POWER (MERRA-2),"https://power.larc.nasa.gov/api/temporal/daily/point?parameters=T2M,PRECTOTCORR&community=RE&longitude=80.2707&latitude=13.0827&start=20210101&end=20241231&format=JSON",0.5x0.625 deg,daily,VALID,OBSERVED
IN-TN-CHE,Chennai,13.0827,80.2707,nasa_power_prectotcorr_daily,PRECTOTCORR,precipitation,4.48,mm/day,2024-09-18T00:00:00Z,NASA POWER (MERRA-2),"https://power.larc.nasa.gov/api/temporal/daily/point?parameters=T2M,PRECTOTCORR&community=RE&longitude=80.2707&latitude=13.0827&start=20210101&end=20241231&format=JSON",0.5x0.625 deg,daily,VALID,OBSERVED
IN-TN-CHE,Chennai,13.0827,80.2707,nasa_power_t2m_daily,T2M,temperature_2m,29.73,C,2024-09-19T00:00:00Z,NASA POWER (MERRA-2),"https://power.larc.nasa.gov/api/temporal/daily/point?parameters=T2M,PRECTOTCORR&community=RE&longitude=80.2707&latitude=13.0827&start=20210101&end=20241231&format=JSON",0.5x0.625 deg,daily,VALID,OBSERVED
IN-TN-CHE,Chennai,13.0827,80.2707,nasa_power_prectotcorr_daily,PRECTOTCORR,precipitation,0.56,mm/day,2024-09-19T00:00:00Z,NASA POWER (MERRA-2),"https://power.larc.nasa.gov/api/temporal/daily/point?parameters=T2M,PRECTOTCORR&community=RE&longitude=80.2707&latitude=13.0827&start=20210101&end=20241231&format=JSON",0.5x0.625 deg,daily,VALID,OBSERVED
IN-TN-CHE,Chennai,13.0827,80.2707,nasa_power_t2m_daily,T2M,temperature_2m,29.08,C,2024-09-20T00:00:00Z,NASA POWER (MERRA-2),"https://power.larc.nasa.gov/api/temporal/daily/point?parameters=T2M,PRECTOTCORR&community=RE&longitude=80.2707&latitude=13.0827&start=20210101&end=20241231&format=JSON",0.5x0.625 deg,daily,VALID,OBSERVED
IN-TN-CHE,Chennai,13.0827,80.2707,nasa_power_prectotcorr_daily,PRECTOTCORR,precipitation,1.55,mm/day,2024-09-20T00:00:00Z,NASA POWER (MERRA-2),"https://power.larc.nasa.gov/api/temporal/daily/point?parameters=T2M,PRECTOTCORR&community=RE&longitude=80.2707&latitude=13.0827&start=20210101&end=20241231&format=JSON",0.5x0.625 deg,daily,VALID,OBSERVED
IN-TN-CHE,Chennai,13.0827,80.2707,nasa_power_t2m_daily,T2M,temperature_2m,29.75,C,2024-09-21T00:00:00Z,NASA POWER (MERRA-2),"https://power.larc.nasa.gov/api/temporal/daily/point?parameters=T2M,PRECTOTCORR&community=RE&longitude=80.2707&latitude=13.0827&start=20210101&end=20241231&format=JSON",0.5x0.625 deg,daily,VALID,OBSERVED
IN-TN-CHE,Chennai,13.0827,80.2707,nasa_power_prectotcorr_daily,PRECTOTCORR,precipitation,5.32,mm/day,2024-09-21T00:00:00Z,NASA POWER (MERRA-2),"https://power.larc.nasa.gov/api/temporal/daily/point?parameters=T2M,PRECTOTCORR&community=RE&longitude=80.2707&latitude=13.0827&start=20210101&end=20241231&format=JSON",0.5x0.625 deg,daily,VALID,OBSERVED
IN-TN-CHE,Chennai,13.0827,80.2707,nasa_power_t2m_daily,T2M,temperature_2m,30.01,C,2024-09-22T00:00:00Z,NASA POWER (MERRA-2),"https://power.larc.nasa.gov/api/temporal/daily/point?parameters=T2M,PRECTOTCORR&community=RE&longitude=80.2707&latitude=13.0827&start=20210101&end=20241231&format=JSON",0.5x0.625 deg,daily,VALID,OBSERVED
IN-TN-CHE,Chennai,13.0827,80.2707,nasa_power_prectotcorr_daily,PRECTOTCORR,precipitation,2.59,mm/day,2024-09-22T00:00:00Z,NASA POWER (MERRA-2),"https://power.larc.nasa.gov/api/temporal/daily/point?parameters=T2M,PRECTOTCORR&community=RE&longitude=80.2707&latitude=13.0827&start=20210101&end=20241231&format=JSON",0.5x0.625 deg,daily,VALID,OBSERVED
IN-TN-CHE,Chennai,13.0827,80.2707,nasa_power_t2m_daily,T2M,temperature_2m,29.2,C,2024-09-23T00:00:00Z,NASA POWER (MERRA-2),"https://power.larc.nasa.gov/api/temporal/daily/point?parameters=T2M,PRECTOTCORR&community=RE&longitude=80.2707&latitude=13.0827&start=20210101&end=20241231&format=JSON",0.5x0.625 deg,daily,VALID,OBSERVED
IN-TN-CHE,Chennai,13.0827,80.2707,nasa_power_prectotcorr_daily,PRECTOTCORR,precipitation,6.34,mm/day,2024-09-23T00:00:00Z,NASA POWER (MERRA-2),"https://power.larc.nasa.gov/api/temporal/daily/point?parameters=T2M,PRECTOTCORR&community=RE&longitude=80.2707&latitude=13.0827&start=20210101&end=20241231&format=JSON",0.5x0.625 deg,daily,VALID,OBSERVED
IN-TN-CHE,Chennai,13.0827,80.2707,nasa_power_t2m_daily,T2M,temperature_2m,28.53,C,2024-09-24T00:00:00Z,NASA POWER (MERRA-2),"https://power.larc.nasa.gov/api/temporal/daily/point?parameters=T2M,PRECTOTCORR&community=RE&longitude=80.2707&latitude=13.0827&start=20210101&end=20241231&format=JSON",0.5x0.625 deg,daily,VALID,OBSERVED
IN-TN-CHE,Chennai,13.0827,80.2707,nasa_power_prectotcorr_daily,PRECTOTCORR,precipitation,19.09,mm/day,2024-09-24T00:00:00Z,NASA POWER (MERRA-2),"https://power.larc.nasa.gov/api/temporal/daily/point?parameters=T2M,PRECTOTCORR&community=RE&longitude=80.2707&latitude=13.0827&start=20210101&end=20241231&format=JSON",0.5x0.625 deg,daily,VALID,OBSERVED
IN-TN-CHE,Chennai,13.0827,80.2707,nasa_power_t2m_daily,T2M,temperature_2m,28.14,C,2024-09-25T00:00:00Z,NASA POWER (MERRA-2),"https://power.larc.nasa.gov/api/temporal/daily/point?parameters=T2M,PRECTOTCORR&community=RE&longitude=80.2707&latitude=13.0827&start=20210101&end=20241231&format=JSON",0.5x0.625 deg,daily,VALID,OBSERVED
IN-TN-CHE,Chennai,13.0827,80.2707,nasa_power_prectotcorr_daily,PRECTOTCORR,precipitation,23.58,mm/day,2024-09-25T00:00:00Z,NASA POWER (MERRA-2),"https://power.larc.nasa.gov/api/temporal/daily/point?parameters=T2M,PRECTOTCORR&community=RE&longitude=80.2707&latitude=13.0827&start=20210101&end=20241231&format=JSON",0.5x0.625 deg,daily,VALID,OBSERVED
IN-TN-CHE,Chennai,13.0827,80.2707,nasa_power_t2m_daily,T2M,temperature_2m,28.53,C,2024-09-26T00:00:00Z,NASA POWER (MERRA-2),"https://power.larc.nasa.gov/api/temporal/daily/point?parameters=T2M,PRECTOTCORR&community=RE&longitude=80.2707&latitude=13.0827&start=20210101&end=20241231&format=JSON",0.5x0.625 deg,daily,VALID,OBSERVED
IN-TN-CHE,Chennai,13.0827,80.2707,nasa_power_prectotcorr_daily,PRECTOTCORR,precipitation,4.18,mm/day,2024-09-26T00:00:00Z,NASA POWER (MERRA-2),"https://power.larc.nasa.gov/api/temporal/daily/point?parameters=T2M,PRECTOTCORR&community=RE&longitude=80.2707&latitude=13.0827&start=20210101&end=20241231&format=JSON",0.5x0.625 deg,daily,VALID,OBSERVED
IN-TN-CHE,Chennai,13.0827,80.2707,nasa_power_t2m_daily,T2M,temperature_2m,28.28,C,2024-09-27T00:00:00Z,NASA POWER (MERRA-2),"https://power.larc.nasa.gov/api/temporal/daily/point?parameters=T2M,PRECTOTCORR&community=RE&longitude=80.2707&latitude=13.0827&start=20210101&end=20241231&format=JSON",0.5x0.625 deg,daily,VALID,OBSERVED
IN-TN-CHE,Chennai,13.0827,80.2707,nasa_power_prectotcorr_daily,PRECTOTCORR,precipitation,2.41,mm/day,2024-09-27T00:00:00Z,NASA POWER (MERRA-2),"https://power.larc.nasa.gov/api/temporal/daily/point?parameters=T2M,PRECTOTCORR&community=RE&longitude=80.2707&latitude=13.0827&start=20210101&end=20241231&format=JSON",0.5x0.625 deg,daily,VALID,OBSERVED
IN-TN-CHE,Chennai,13.0827,80.2707,nasa_power_t2m_daily,T2M,temperature_2m,27.94,C,2024-09-28T00:00:00Z,NASA POWER (MERRA-2),"https://power.larc.nasa.gov/api/temporal/daily/point?parameters=T2M,PRECTOTCORR&community=RE&longitude=80.2707&latitude=13.0827&start=20210101&end=20241231&format=JSON",0.5x0.625 deg,daily,VALID,OBSERVED
IN-TN-CHE,Chennai,13.0827,80.2707,nasa_power_prectotcorr_daily,PRECTOTCORR,precipitation,3.84,mm/day,2024-09-28T00:00:00Z,NASA POWER (MERRA-2),"https://power.larc.nasa.gov/api/temporal/daily/point?parameters=T2M,PRECTOTCORR&community=RE&longitude=80.2707&latitude=13.0827&start=20210101&end=20241231&format=JSON",0.5x0.625 deg,daily,VALID,OBSERVED
IN-TN-CHE,Chennai,13.0827,80.2707,nasa_power_t2m_daily,T2M,temperature_2m,27.97,C,2024-09-29T00:00:00Z,NASA POWER (MERRA-2),"https://power.larc.nasa.gov/api/temporal/daily/point?parameters=T2M,PRECTOTCORR&community=RE&longitude=80.2707&latitude=13.0827&start=20210101&end=20241231&format=JSON",0.5x0.625 deg,daily,VALID,OBSERVED
IN-TN-CHE,Chennai,13.0827,80.2707,nasa_power_prectotcorr_daily,PRECTOTCORR,precipitation,0.39,mm/day,2024-09-29T00:00:00Z,NASA POWER (MERRA-2),"https://power.larc.nasa.gov/api/temporal/daily/point?parameters=T2M,PRECTOTCORR&community=RE&longitude=80.2707&latitude=13.0827&start=20210101&end=20241231&format=JSON",0.5x0.625 deg,daily,VALID,OBSERVED
IN-TN-CHE,Chennai,13.0827,80.2707,nasa_power_t2m_daily,T2M,temperature_2m,28.39,C,2024-09-30T00:00:00Z,NASA POWER (MERRA-2),"https://power.larc.nasa.gov/api/temporal/daily/point?parameters=T2M,PRECTOTCORR&community=RE&longitude=80.2707&latitude=13.0827&start=20210101&end=20241231&format=JSON",0.5x0.625 deg,daily,VALID,OBSERVED
IN-TN-CHE,Chennai,13.0827,80.2707,nasa_power_prectotcorr_daily,PRECTOTCORR,precipitation,0.21,mm/day,2024-09-30T00:00:00Z,NASA POWER (MERRA-2),"https://power.larc.nasa.gov/api/temporal/daily/point?parameters=T2M,PRECTOTCORR&community=RE&longitude=80.2707&latitude=13.0827&start=20210101&end=20241231&format=JSON",0.5x0.625 deg,daily,VALID,OBSERVED
IN-TN-CHE,Chennai,13.0827,80.2707,nasa_power_t2m_daily,T2M,temperature_2m,28.73,C,2024-10-01T00:00:00Z,NASA POWER (MERRA-2),"https://power.larc.nasa.gov/api/temporal/daily/point?parameters=T2M,PRECTOTCORR&community=RE&longitude=80.2707&latitude=13.0827&start=20210101&end=20241231&format=JSON",0.5x0.625 deg,daily,VALID,OBSERVED
IN-TN-CHE,Chennai,13.0827,80.2707,nasa_power_prectotcorr_daily,PRECTOTCORR,precipitation,0.1,mm/day,2024-10-01T00:00:00Z,NASA POWER (MERRA-2),"https://power.larc.nasa.gov/api/temporal/daily/point?parameters=T2M,PRECTOTCORR&community=RE&longitude=80.2707&latitude=13.0827&start=20210101&end=20241231&format=JSON",0.5x0.625 deg,daily,VALID,OBSERVED
IN-TN-CHE,Chennai,13.0827,80.2707,nasa_power_t2m_daily,T2M,temperature_2m,29.5,C,2024-10-02T00:00:00Z,NASA POWER (MERRA-2),"https://power.larc.nasa.gov/api/temporal/daily/point?parameters=T2M,PRECTOTCORR&community=RE&longitude=80.2707&latitude=13.0827&start=20210101&end=20241231&format=JSON",0.5x0.625 deg,daily,VALID,OBSERVED
IN-TN-CHE,Chennai,13.0827,80.2707,nasa_power_prectotcorr_daily,PRECTOTCORR,precipitation,1.93,mm/day,2024-10-02T00:00:00Z,NASA POWER (MERRA-2),"https://power.larc.nasa.gov/api/temporal/daily/point?parameters=T2M,PRECTOTCORR&community=RE&longitude=80.2707&latitude=13.0827&start=20210101&end=20241231&format=JSON",0.5x0.625 deg,daily,VALID,OBSERVED
IN-TN-CHE,Chennai,13.0827,80.2707,nasa_power_t2m_daily,T2M,temperature_2m,29.42,C,2024-10-03T00:00:00Z,NASA POWER (MERRA-2),"https://power.larc.nasa.gov/api/temporal/daily/point?parameters=T2M,PRECTOTCORR&community=RE&longitude=80.2707&latitude=13.0827&start=20210101&end=20241231&format=JSON",0.5x0.625 deg,daily,VALID,OBSERVED
IN-TN-CHE,Chennai,13.0827,80.2707,nasa_power_prectotcorr_daily,PRECTOTCORR,precipitation,7.28,mm/day,2024-10-03T00:00:00Z,NASA POWER (MERRA-2),"https://power.larc.nasa.gov/api/temporal/daily/point?parameters=T2M,PRECTOTCORR&community=RE&longitude=80.2707&latitude=13.0827&start=20210101&end=20241231&format=JSON",0.5x0.625 deg,daily,VALID,OBSERVED
IN-TN-CHE,Chennai,13.0827,80.2707,nasa_power_t2m_daily,T2M,temperature_2m,28.44,C,2024-10-04T00:00:00Z,NASA POWER (MERRA-2),"https://power.larc.nasa.gov/api/temporal/daily/point?parameters=T2M,PRECTOTCORR&community=RE&longitude=80.2707&latitude=13.0827&start=20210101&end=20241231&format=JSON",0.5x0.625 deg,daily,VALID,OBSERVED
IN-TN-CHE,Chennai,13.0827,80.2707,nasa_power_prectotcorr_daily,PRECTOTCORR,precipitation,4.02,mm/day,2024-10-04T00:00:00Z,NASA POWER (MERRA-2),"https://power.larc.nasa.gov/api/temporal/daily/point?parameters=T2M,PRECTOTCORR&community=RE&longitude=80.2707&latitude=13.0827&start=20210101&end=20241231&format=JSON",0.5x0.625 deg,daily,VALID,OBSERVED
IN-TN-CHE,Chennai,13.0827,80.2707,nasa_power_t2m_daily,T2M,temperature_2m,28.44,C,2024-10-05T00:00:00Z,NASA POWER (MERRA-2),"https://power.larc.nasa.gov/api/temporal/daily/point?parameters=T2M,PRECTOTCORR&community=RE&longitude=80.2707&latitude=13.0827&start=20210101&end=20241231&format=JSON",0.5x0.625 deg,daily,VALID,OBSERVED
IN-TN-CHE,Chennai,13.0827,80.2707,nasa_power_prectotcorr_daily,PRECTOTCORR,precipitation,4.03,mm/day,2024-10-05T00:00:00Z,NASA POWER (MERRA-2),"https://power.larc.nasa.gov/api/temporal/daily/point?parameters=T2M,PRECTOTCORR&community=RE&longitude=80.2707&latitude=13.0827&start=20210101&end=20241231&format=JSON",0.5x0.625 deg,daily,VALID,OBSERVED
IN-TN-CHE,Chennai,13.0827,80.2707,nasa_power_t2m_daily,T2M,temperature_2m,28.09,C,2024-10-06T00:00:00Z,NASA POWER (MERRA-2),"https://power.larc.nasa.gov/api/temporal/daily/point?parameters=T2M,PRECTOTCORR&community=RE&longitude=80.2707&latitude=13.0827&start=20210101&end=20241231&format=JSON",0.5x0.625 deg,daily,VALID,OBSERVED
IN-TN-CHE,Chennai,13.0827,80.2707,nasa_power_prectotcorr_daily,PRECTOTCORR,precipitation,1.16,mm/day,2024-10-06T00:00:00Z,NASA POWER (MERRA-2),"https://power.larc.nasa.gov/api/temporal/daily/point?parameters=T2M,PRECTOTCORR&community=RE&longitude=80.2707&latitude=13.0827&start=20210101&end=20241231&format=JSON",0.5x0.625 deg,daily,VALID,OBSERVED
IN-TN-CHE,Chennai,13.0827,80.2707,nasa_power_t2m_daily,T2M,temperature_2m,27.83,C,2024-10-07T00:00:00Z,NASA POWER (MERRA-2),"https://power.larc.nasa.gov/api/temporal/daily/point?parameters=T2M,PRECTOTCORR&community=RE&longitude=80.2707&latitude=13.0827&start=20210101&end=20241231&format=JSON",0.5x0.625 deg,daily,VALID,OBSERVED
IN-TN-CHE,Chennai,13.0827,80.2707,nasa_power_prectotcorr_daily,PRECTOTCORR,precipitation,2.79,mm/day,2024-10-07T00:00:00Z,NASA POWER (MERRA-2),"https://power.larc.nasa.gov/api/temporal/daily/point?parameters=T2M,PRECTOTCORR&community=RE&longitude=80.2707&latitude=13.0827&start=20210101&end=20241231&format=JSON",0.5x0.625 deg,daily,VALID,OBSERVED
IN-TN-CHE,Chennai,13.0827,80.2707,nasa_power_t2m_daily,T2M,temperature_2m,27.76,C,2024-10-08T00:00:00Z,NASA POWER (MERRA-2),"https://power.larc.nasa.gov/api/temporal/daily/point?parameters=T2M,PRECTOTCORR&community=RE&longitude=80.2707&latitude=13.0827&start=20210101&end=20241231&format=JSON",0.5x0.625 deg,daily,VALID,OBSERVED
IN-TN-CHE,Chennai,13.0827,80.2707,nasa_power_prectotcorr_daily,PRECTOTCORR,precipitation,5.44,mm/day,2024-10-08T00:00:00Z,NASA POWER (MERRA-2),"https://power.larc.nasa.gov/api/temporal/daily/point?parameters=T2M,PRECTOTCORR&community=RE&longitude=80.2707&latitude=13.0827&start=20210101&end=20241231&format=JSON",0.5x0.625 deg,daily,VALID,OBSERVED
IN-TN-CHE,Chennai,13.0827,80.2707,nasa_power_t2m_daily,T2M,temperature_2m,27.84,C,2024-10-09T00:00:00Z,NASA POWER (MERRA-2),"https://power.larc.nasa.gov/api/temporal/daily/point?parameters=T2M,PRECTOTCORR&community=RE&longitude=80.2707&latitude=13.0827&start=20210101&end=20241231&format=JSON",0.5x0.625 deg,daily,VALID,OBSERVED
IN-TN-CHE,Chennai,13.0827,80.2707,nasa_power_prectotcorr_daily,PRECTOTCORR,precipitation,7.55,mm/day,2024-10-09T00:00:00Z,NASA POWER (MERRA-2),"https://power.larc.nasa.gov/api/temporal/daily/point?parameters=T2M,PRECTOTCORR&community=RE&longitude=80.2707&latitude=13.0827&start=20210101&end=20241231&format=JSON",0.5x0.625 deg,daily,VALID,OBSERVED
IN-TN-CHE,Chennai,13.0827,80.2707,nasa_power_t2m_daily,T2M,temperature_2m,27.75,C,2024-10-10T00:00:00Z,NASA POWER (MERRA-2),"https://power.larc.nasa.gov/api/temporal/daily/point?parameters=T2M,PRECTOTCORR&community=RE&longitude=80.2707&latitude=13.0827&start=20210101&end=20241231&format=JSON",0.5x0.625 deg,daily,VALID,OBSERVED
IN-TN-CHE,Chennai,13.0827,80.2707,nasa_power_prectotcorr_daily,PRECTOTCORR,precipitation,7.17,mm/day,2024-10-10T00:00:00Z,NASA POWER (MERRA-2),"https://power.larc.nasa.gov/api/temporal/daily/point?parameters=T2M,PRECTOTCORR&community=RE&longitude=80.2707&latitude=13.0827&start=20210101&end=20241231&format=JSON",0.5x0.625 deg,daily,VALID,OBSERVED
IN-TN-CHE,Chennai,13.0827,80.2707,nasa_power_t2m_daily,T2M,temperature_2m,27.86,C,2024-10-11T00:00:00Z,NASA POWER (MERRA-2),"https://power.larc.nasa.gov/api/temporal/daily/point?parameters=T2M,PRECTOTCORR&community=RE&longitude=80.2707&latitude=13.0827&start=20210101&end=20241231&format=JSON",0.5x0.625 deg,daily,VALID,OBSERVED
IN-TN-CHE,Chennai,13.0827,80.2707,nasa_power_prectotcorr_daily,PRECTOTCORR,precipitation,8.53,mm/day,2024-10-11T00:00:00Z,NASA POWER (MERRA-2),"https://power.larc.nasa.gov/api/temporal/daily/point?parameters=T2M,PRECTOTCORR&community=RE&longitude=80.2707&latitude=13.0827&start=20210101&end=20241231&format=JSON",0.5x0.625 deg,daily,VALID,OBSERVED
IN-TN-CHE,Chennai,13.0827,80.2707,nasa_power_t2m_daily,T2M,temperature_2m,27.59,C,2024-10-12T00:00:00Z,NASA POWER (MERRA-2),"https://power.larc.nasa.gov/api/temporal/daily/point?parameters=T2M,PRECTOTCORR&community=RE&longitude=80.2707&latitude=13.0827&start=20210101&end=20241231&format=JSON",0.5x0.625 deg,daily,VALID,OBSERVED
IN-TN-CHE,Chennai,13.0827,80.2707,nasa_power_prectotcorr_daily,PRECTOTCORR,precipitation,6.25,mm/day,2024-10-12T00:00:00Z,NASA POWER (MERRA-2),"https://power.larc.nasa.gov/api/temporal/daily/point?parameters=T2M,PRECTOTCORR&community=RE&longitude=80.2707&latitude=13.0827&start=20210101&end=20241231&format=JSON",0.5x0.625 deg,daily,VALID,OBSERVED
IN-TN-CHE,Chennai,13.0827,80.2707,nasa_power_t2m_daily,T2M,temperature_2m,27.87,C,2024-10-13T00:00:00Z,NASA POWER (MERRA-2),"https://power.larc.nasa.gov/api/temporal/daily/point?parameters=T2M,PRECTOTCORR&community=RE&longitude=80.2707&latitude=13.0827&start=20210101&end=20241231&format=JSON",0.5x0.625 deg,daily,VALID,OBSERVED
IN-TN-CHE,Chennai,13.0827,80.2707,nasa_power_prectotcorr_daily,PRECTOTCORR,precipitation,5.78,mm/day,2024-10-13T00:00:00Z,NASA POWER (MERRA-2),"https://power.larc.nasa.gov/api/temporal/daily/point?parameters=T2M,PRECTOTCORR&community=RE&longitude=80.2707&latitude=13.0827&start=20210101&end=20241231&format=JSON",0.5x0.625 deg,daily,VALID,OBSERVED
IN-TN-CHE,Chennai,13.0827,80.2707,nasa_power_t2m_daily,T2M,temperature_2m,27.1,C,2024-10-14T00:00:00Z,NASA POWER (MERRA-2),"https://power.larc.nasa.gov/api/temporal/daily/point?parameters=T2M,PRECTOTCORR&community=RE&longitude=80.2707&latitude=13.0827&start=20210101&end=20241231&format=JSON",0.5x0.625 deg,daily,VALID,OBSERVED
IN-TN-CHE,Chennai,13.0827,80.2707,nasa_power_prectotcorr_daily,PRECTOTCORR,precipitation,43.95,mm/day,2024-10-14T00:00:00Z,NASA POWER (MERRA-2),"https://power.larc.nasa.gov/api/temporal/daily/point?parameters=T2M,PRECTOTCORR&community=RE&longitude=80.2707&latitude=13.0827&start=20210101&end=20241231&format=JSON",0.5x0.625 deg,daily,VALID,OBSERVED
IN-TN-CHE,Chennai,13.0827,80.2707,nasa_power_t2m_daily,T2M,temperature_2m,26.88,C,2024-10-15T00:00:00Z,NASA POWER (MERRA-2),"https://power.larc.nasa.gov/api/temporal/daily/point?parameters=T2M,PRECTOTCORR&community=RE&longitude=80.2707&latitude=13.0827&start=20210101&end=20241231&format=JSON",0.5x0.625 deg,daily,VALID,OBSERVED
IN-TN-CHE,Chennai,13.0827,80.2707,nasa_power_prectotcorr_daily,PRECTOTCORR,precipitation,69.18,mm/day,2024-10-15T00:00:00Z,NASA POWER (MERRA-2),"https://power.larc.nasa.gov/api/temporal/daily/point?parameters=T2M,PRECTOTCORR&community=RE&longitude=80.2707&latitude=13.0827&start=20210101&end=20241231&format=JSON",0.5x0.625 deg,daily,VALID,OBSERVED
IN-TN-CHE,Chennai,13.0827,80.2707,nasa_power_t2m_daily,T2M,temperature_2m,27.02,C,2024-10-16T00:00:00Z,NASA POWER (MERRA-2),"https://power.larc.nasa.gov/api/temporal/daily/point?parameters=T2M,PRECTOTCORR&community=RE&longitude=80.2707&latitude=13.0827&start=20210101&end=20241231&format=JSON",0.5x0.625 deg,daily,VALID,OBSERVED
IN-TN-CHE,Chennai,13.0827,80.2707,nasa_power_prectotcorr_daily,PRECTOTCORR,precipitation,42.95,mm/day,2024-10-16T00:00:00Z,NASA POWER (MERRA-2),"https://power.larc.nasa.gov/api/temporal/daily/point?parameters=T2M,PRECTOTCORR&community=RE&longitude=80.2707&latitude=13.0827&start=20210101&end=20241231&format=JSON",0.5x0.625 deg,daily,VALID,OBSERVED
IN-TN-CHE,Chennai,13.0827,80.2707,nasa_power_t2m_daily,T2M,temperature_2m,27.72,C,2024-10-17T00:00:00Z,NASA POWER (MERRA-2),"https://power.larc.nasa.gov/api/temporal/daily/point?parameters=T2M,PRECTOTCORR&community=RE&longitude=80.2707&latitude=13.0827&start=20210101&end=20241231&format=JSON",0.5x0.625 deg,daily,VALID,OBSERVED
IN-TN-CHE,Chennai,13.0827,80.2707,nasa_power_prectotcorr_daily,PRECTOTCORR,precipitation,6.4,mm/day,2024-10-17T00:00:00Z,NASA POWER (MERRA-2),"https://power.larc.nasa.gov/api/temporal/daily/point?parameters=T2M,PRECTOTCORR&community=RE&longitude=80.2707&latitude=13.0827&start=20210101&end=20241231&format=JSON",0.5x0.625 deg,daily,VALID,OBSERVED
IN-TN-CHE,Chennai,13.0827,80.2707,nasa_power_t2m_daily,T2M,temperature_2m,28.16,C,2024-10-18T00:00:00Z,NASA POWER (MERRA-2),"https://power.larc.nasa.gov/api/temporal/daily/point?parameters=T2M,PRECTOTCORR&community=RE&longitude=80.2707&latitude=13.0827&start=20210101&end=20241231&format=JSON",0.5x0.625 deg,daily,VALID,OBSERVED
IN-TN-CHE,Chennai,13.0827,80.2707,nasa_power_prectotcorr_daily,PRECTOTCORR,precipitation,11.4,mm/day,2024-10-18T00:00:00Z,NASA POWER (MERRA-2),"https://power.larc.nasa.gov/api/temporal/daily/point?parameters=T2M,PRECTOTCORR&community=RE&longitude=80.2707&latitude=13.0827&start=20210101&end=20241231&format=JSON",0.5x0.625 deg,daily,VALID,OBSERVED
IN-TN-CHE,Chennai,13.0827,80.2707,nasa_power_t2m_daily,T2M,temperature_2m,27.44,C,2024-10-19T00:00:00Z,NASA POWER (MERRA-2),"https://power.larc.nasa.gov/api/temporal/daily/point?parameters=T2M,PRECTOTCORR&community=RE&longitude=80.2707&latitude=13.0827&start=20210101&end=20241231&format=JSON",0.5x0.625 deg,daily,VALID,OBSERVED
IN-TN-CHE,Chennai,13.0827,80.2707,nasa_power_prectotcorr_daily,PRECTOTCORR,precipitation,15.22,mm/day,2024-10-19T00:00:00Z,NASA POWER (MERRA-2),"https://power.larc.nasa.gov/api/temporal/daily/point?parameters=T2M,PRECTOTCORR&community=RE&longitude=80.2707&latitude=13.0827&start=20210101&end=20241231&format=JSON",0.5x0.625 deg,daily,VALID,OBSERVED
IN-TN-CHE,Chennai,13.0827,80.2707,nasa_power_t2m_daily,T2M,temperature_2m,27.53,C,2024-10-20T00:00:00Z,NASA POWER (MERRA-2),"https://power.larc.nasa.gov/api/temporal/daily/point?parameters=T2M,PRECTOTCORR&community=RE&longitude=80.2707&latitude=13.0827&start=20210101&end=20241231&format=JSON",0.5x0.625 deg,daily,VALID,OBSERVED
IN-TN-CHE,Chennai,13.0827,80.2707,nasa_power_prectotcorr_daily,PRECTOTCORR,precipitation,4.84,mm/day,2024-10-20T00:00:00Z,NASA POWER (MERRA-2),"https://power.larc.nasa.gov/api/temporal/daily/point?parameters=T2M,PRECTOTCORR&community=RE&longitude=80.2707&latitude=13.0827&start=20210101&end=20241231&format=JSON",0.5x0.625 deg,daily,VALID,OBSERVED
IN-TN-CHE,Chennai,13.0827,80.2707,nasa_power_t2m_daily,T2M,temperature_2m,28.06,C,2024-10-21T00:00:00Z,NASA POWER (MERRA-2),"https://power.larc.nasa.gov/api/temporal/daily/point?parameters=T2M,PRECTOTCORR&community=RE&longitude=80.2707&latitude=13.0827&start=20210101&end=20241231&format=JSON",0.5x0.625 deg,daily,VALID,OBSERVED
IN-TN-CHE,Chennai,13.0827,80.2707,nasa_power_prectotcorr_daily,PRECTOTCORR,precipitation,2.64,mm/day,2024-10-21T00:00:00Z,NASA POWER (MERRA-2),"https://power.larc.nasa.gov/api/temporal/daily/point?parameters=T2M,PRECTOTCORR&community=RE&longitude=80.2707&latitude=13.0827&start=20210101&end=20241231&format=JSON",0.5x0.625 deg,daily,VALID,OBSERVED
IN-TN-CHE,Chennai,13.0827,80.2707,nasa_power_t2m_daily,T2M,temperature_2m,28.03,C,2024-10-22T00:00:00Z,NASA POWER (MERRA-2),"https://power.larc.nasa.gov/api/temporal/daily/point?parameters=T2M,PRECTOTCORR&community=RE&longitude=80.2707&latitude=13.0827&start=20210101&end=20241231&format=JSON",0.5x0.625 deg,daily,VALID,OBSERVED
IN-TN-CHE,Chennai,13.0827,80.2707,nasa_power_prectotcorr_daily,PRECTOTCORR,precipitation,1.8,mm/day,2024-10-22T00:00:00Z,NASA POWER (MERRA-2),"https://power.larc.nasa.gov/api/temporal/daily/point?parameters=T2M,PRECTOTCORR&community=RE&longitude=80.2707&latitude=13.0827&start=20210101&end=20241231&format=JSON",0.5x0.625 deg,daily,VALID,OBSERVED
IN-TN-CHE,Chennai,13.0827,80.2707,nasa_power_t2m_daily,T2M,temperature_2m,28.3,C,2024-10-23T00:00:00Z,NASA POWER (MERRA-2),"https://power.larc.nasa.gov/api/temporal/daily/point?parameters=T2M,PRECTOTCORR&community=RE&longitude=80.2707&latitude=13.0827&start=20210101&end=20241231&format=JSON",0.5x0.625 deg,daily,VALID,OBSERVED
IN-TN-CHE,Chennai,13.0827,80.2707,nasa_power_prectotcorr_daily,PRECTOTCORR,precipitation,1.17,mm/day,2024-10-23T00:00:00Z,NASA POWER (MERRA-2),"https://power.larc.nasa.gov/api/temporal/daily/point?parameters=T2M,PRECTOTCORR&community=RE&longitude=80.2707&latitude=13.0827&start=20210101&end=20241231&format=JSON",0.5x0.625 deg,daily,VALID,OBSERVED
IN-TN-CHE,Chennai,13.0827,80.2707,nasa_power_t2m_daily,T2M,temperature_2m,28.32,C,2024-10-24T00:00:00Z,NASA POWER (MERRA-2),"https://power.larc.nasa.gov/api/temporal/daily/point?parameters=T2M,PRECTOTCORR&community=RE&longitude=80.2707&latitude=13.0827&start=20210101&end=20241231&format=JSON",0.5x0.625 deg,daily,VALID,OBSERVED
IN-TN-CHE,Chennai,13.0827,80.2707,nasa_power_prectotcorr_daily,PRECTOTCORR,precipitation,0.63,mm/day,2024-10-24T00:00:00Z,NASA POWER (MERRA-2),"https://power.larc.nasa.gov/api/temporal/daily/point?parameters=T2M,PRECTOTCORR&community=RE&longitude=80.2707&latitude=13.0827&start=20210101&end=20241231&format=JSON",0.5x0.625 deg,daily,VALID,OBSERVED
IN-TN-CHE,Chennai,13.0827,80.2707,nasa_power_t2m_daily,T2M,temperature_2m,28.77,C,2024-10-25T00:00:00Z,NASA POWER (MERRA-2),"https://power.larc.nasa.gov/api/temporal/daily/point?parameters=T2M,PRECTOTCORR&community=RE&longitude=80.2707&latitude=13.0827&start=20210101&end=20241231&format=JSON",0.5x0.625 deg,daily,VALID,OBSERVED
IN-TN-CHE,Chennai,13.0827,80.2707,nasa_power_prectotcorr_daily,PRECTOTCORR,precipitation,0.45,mm/day,2024-10-25T00:00:00Z,NASA POWER (MERRA-2),"https://power.larc.nasa.gov/api/temporal/daily/point?parameters=T2M,PRECTOTCORR&community=RE&longitude=80.2707&latitude=13.0827&start=20210101&end=20241231&format=JSON",0.5x0.625 deg,daily,VALID,OBSERVED
IN-TN-CHE,Chennai,13.0827,80.2707,nasa_power_t2m_daily,T2M,temperature_2m,28.25,C,2024-10-26T00:00:00Z,NASA POWER (MERRA-2),"https://power.larc.nasa.gov/api/temporal/daily/point?parameters=T2M,PRECTOTCORR&community=RE&longitude=80.2707&latitude=13.0827&start=20210101&end=20241231&format=JSON",0.5x0.625 deg,daily,VALID,OBSERVED
IN-TN-CHE,Chennai,13.0827,80.2707,nasa_power_prectotcorr_daily,PRECTOTCORR,precipitation,0.0,mm/day,2024-10-26T00:00:00Z,NASA POWER (MERRA-2),"https://power.larc.nasa.gov/api/temporal/daily/point?parameters=T2M,PRECTOTCORR&community=RE&longitude=80.2707&latitude=13.0827&start=20210101&end=20241231&format=JSON",0.5x0.625 deg,daily,VALID,OBSERVED
IN-TN-CHE,Chennai,13.0827,80.2707,nasa_power_t2m_daily,T2M,temperature_2m,28.56,C,2024-10-27T00:00:00Z,NASA POWER (MERRA-2),"https://power.larc.nasa.gov/api/temporal/daily/point?parameters=T2M,PRECTOTCORR&community=RE&longitude=80.2707&latitude=13.0827&start=20210101&end=20241231&format=JSON",0.5x0.625 deg,daily,VALID,OBSERVED
IN-TN-CHE,Chennai,13.0827,80.2707,nasa_power_prectotcorr_daily,PRECTOTCORR,precipitation,0.05,mm/day,2024-10-27T00:00:00Z,NASA POWER (MERRA-2),"https://power.larc.nasa.gov/api/temporal/daily/point?parameters=T2M,PRECTOTCORR&community=RE&longitude=80.2707&latitude=13.0827&start=20210101&end=20241231&format=JSON",0.5x0.625 deg,daily,VALID,OBSERVED
IN-TN-CHE,Chennai,13.0827,80.2707,nasa_power_t2m_daily,T2M,temperature_2m,29.05,C,2024-10-28T00:00:00Z,NASA POWER (MERRA-2),"https://power.larc.nasa.gov/api/temporal/daily/point?parameters=T2M,PRECTOTCORR&community=RE&longitude=80.2707&latitude=13.0827&start=20210101&end=20241231&format=JSON",0.5x0.625 deg,daily,VALID,OBSERVED
IN-TN-CHE,Chennai,13.0827,80.2707,nasa_power_prectotcorr_daily,PRECTOTCORR,precipitation,0.21,mm/day,2024-10-28T00:00:00Z,NASA POWER (MERRA-2),"https://power.larc.nasa.gov/api/temporal/daily/point?parameters=T2M,PRECTOTCORR&community=RE&longitude=80.2707&latitude=13.0827&start=20210101&end=20241231&format=JSON",0.5x0.625 deg,daily,VALID,OBSERVED
IN-TN-CHE,Chennai,13.0827,80.2707,nasa_power_t2m_daily,T2M,temperature_2m,28.46,C,2024-10-29T00:00:00Z,NASA POWER (MERRA-2),"https://power.larc.nasa.gov/api/temporal/daily/point?parameters=T2M,PRECTOTCORR&community=RE&longitude=80.2707&latitude=13.0827&start=20210101&end=20241231&format=JSON",0.5x0.625 deg,daily,VALID,OBSERVED
IN-TN-CHE,Chennai,13.0827,80.2707,nasa_power_prectotcorr_daily,PRECTOTCORR,precipitation,2.6,mm/day,2024-10-29T00:00:00Z,NASA POWER (MERRA-2),"https://power.larc.nasa.gov/api/temporal/daily/point?parameters=T2M,PRECTOTCORR&community=RE&longitude=80.2707&latitude=13.0827&start=20210101&end=20241231&format=JSON",0.5x0.625 deg,daily,VALID,OBSERVED
IN-TN-CHE,Chennai,13.0827,80.2707,nasa_power_t2m_daily,T2M,temperature_2m,27.49,C,2024-10-30T00:00:00Z,NASA POWER (MERRA-2),"https://power.larc.nasa.gov/api/temporal/daily/point?parameters=T2M,PRECTOTCORR&community=RE&longitude=80.2707&latitude=13.0827&start=20210101&end=20241231&format=JSON",0.5x0.625 deg,daily,VALID,OBSERVED
IN-TN-CHE,Chennai,13.0827,80.2707,nasa_power_prectotcorr_daily,PRECTOTCORR,precipitation,16.49,mm/day,2024-10-30T00:00:00Z,NASA POWER (MERRA-2),"https://power.larc.nasa.gov/api/temporal/daily/point?parameters=T2M,PRECTOTCORR&community=RE&longitude=80.2707&latitude=13.0827&start=20210101&end=20241231&format=JSON",0.5x0.625 deg,daily,VALID,OBSERVED
IN-TN-CHE,Chennai,13.0827,80.2707,nasa_power_t2m_daily,T2M,temperature_2m,27.54,C,2024-10-31T00:00:00Z,NASA POWER (MERRA-2),"https://power.larc.nasa.gov/api/temporal/daily/point?parameters=T2M,PRECTOTCORR&community=RE&longitude=80.2707&latitude=13.0827&start=20210101&end=20241231&format=JSON",0.5x0.625 deg,daily,VALID,OBSERVED
IN-TN-CHE,Chennai,13.0827,80.2707,nasa_power_prectotcorr_daily,PRECTOTCORR,precipitation,8.62,mm/day,2024-10-31T00:00:00Z,NASA POWER (MERRA-2),"https://power.larc.nasa.gov/api/temporal/daily/point?parameters=T2M,PRECTOTCORR&community=RE&longitude=80.2707&latitude=13.0827&start=20210101&end=20241231&format=JSON",0.5x0.625 deg,daily,VALID,OBSERVED
IN-TN-CHE,Chennai,13.0827,80.2707,nasa_power_t2m_daily,T2M,temperature_2m,27.25,C,2024-11-01T00:00:00Z,NASA POWER (MERRA-2),"https://power.larc.nasa.gov/api/temporal/daily/point?parameters=T2M,PRECTOTCORR&community=RE&longitude=80.2707&latitude=13.0827&start=20210101&end=20241231&format=JSON",0.5x0.625 deg,daily,VALID,OBSERVED
IN-TN-CHE,Chennai,13.0827,80.2707,nasa_power_prectotcorr_daily,PRECTOTCORR,precipitation,4.86,mm/day,2024-11-01T00:00:00Z,NASA POWER (MERRA-2),"https://power.larc.nasa.gov/api/temporal/daily/point?parameters=T2M,PRECTOTCORR&community=RE&longitude=80.2707&latitude=13.0827&start=20210101&end=20241231&format=JSON",0.5x0.625 deg,daily,VALID,OBSERVED
IN-TN-CHE,Chennai,13.0827,80.2707,nasa_power_t2m_daily,T2M,temperature_2m,27.24,C,2024-11-02T00:00:00Z,NASA POWER (MERRA-2),"https://power.larc.nasa.gov/api/temporal/daily/point?parameters=T2M,PRECTOTCORR&community=RE&longitude=80.2707&latitude=13.0827&start=20210101&end=20241231&format=JSON",0.5x0.625 deg,daily,VALID,OBSERVED
IN-TN-CHE,Chennai,13.0827,80.2707,nasa_power_prectotcorr_daily,PRECTOTCORR,precipitation,6.99,mm/day,2024-11-02T00:00:00Z,NASA POWER (MERRA-2),"https://power.larc.nasa.gov/api/temporal/daily/point?parameters=T2M,PRECTOTCORR&community=RE&longitude=80.2707&latitude=13.0827&start=20210101&end=20241231&format=JSON",0.5x0.625 deg,daily,VALID,OBSERVED
IN-TN-CHE,Chennai,13.0827,80.2707,nasa_power_t2m_daily,T2M,temperature_2m,26.85,C,2024-11-03T00:00:00Z,NASA POWER (MERRA-2),"https://power.larc.nasa.gov/api/temporal/daily/point?parameters=T2M,PRECTOTCORR&community=RE&longitude=80.2707&latitude=13.0827&start=20210101&end=20241231&format=JSON",0.5x0.625 deg,daily,VALID,OBSERVED
IN-TN-CHE,Chennai,13.0827,80.2707,nasa_power_prectotcorr_daily,PRECTOTCORR,precipitation,4.73,mm/day,2024-11-03T00:00:00Z,NASA POWER (MERRA-2),"https://power.larc.nasa.gov/api/temporal/daily/point?parameters=T2M,PRECTOTCORR&community=RE&longitude=80.2707&latitude=13.0827&start=20210101&end=20241231&format=JSON",0.5x0.625 deg,daily,VALID,OBSERVED
IN-TN-CHE,Chennai,13.0827,80.2707,nasa_power_t2m_daily,T2M,temperature_2m,27.39,C,2024-11-04T00:00:00Z,NASA POWER (MERRA-2),"https://power.larc.nasa.gov/api/temporal/daily/point?parameters=T2M,PRECTOTCORR&community=RE&longitude=80.2707&latitude=13.0827&start=20210101&end=20241231&format=JSON",0.5x0.625 deg,daily,VALID,OBSERVED
IN-TN-CHE,Chennai,13.0827,80.2707,nasa_power_prectotcorr_daily,PRECTOTCORR,precipitation,0.1,mm/day,2024-11-04T00:00:00Z,NASA POWER (MERRA-2),"https://power.larc.nasa.gov/api/temporal/daily/point?parameters=T2M,PRECTOTCORR&community=RE&longitude=80.2707&latitude=13.0827&start=20210101&end=20241231&format=JSON",0.5x0.625 deg,daily,VALID,OBSERVED
IN-TN-CHE,Chennai,13.0827,80.2707,nasa_power_t2m_daily,T2M,temperature_2m,27.14,C,2024-11-05T00:00:00Z,NASA POWER (MERRA-2),"https://power.larc.nasa.gov/api/temporal/daily/point?parameters=T2M,PRECTOTCORR&community=RE&longitude=80.2707&latitude=13.0827&start=20210101&end=20241231&format=JSON",0.5x0.625 deg,daily,VALID,OBSERVED
IN-TN-CHE,Chennai,13.0827,80.2707,nasa_power_prectotcorr_daily,PRECTOTCORR,precipitation,0.34,mm/day,2024-11-05T00:00:00Z,NASA POWER (MERRA-2),"https://power.larc.nasa.gov/api/temporal/daily/point?parameters=T2M,PRECTOTCORR&community=RE&longitude=80.2707&latitude=13.0827&start=20210101&end=20241231&format=JSON",0.5x0.625 deg,daily,VALID,OBSERVED
IN-TN-CHE,Chennai,13.0827,80.2707,nasa_power_t2m_daily,T2M,temperature_2m,26.88,C,2024-11-06T00:00:00Z,NASA POWER (MERRA-2),"https://power.larc.nasa.gov/api/temporal/daily/point?parameters=T2M,PRECTOTCORR&community=RE&longitude=80.2707&latitude=13.0827&start=20210101&end=20241231&format=JSON",0.5x0.625 deg,daily,VALID,OBSERVED
IN-TN-CHE,Chennai,13.0827,80.2707,nasa_power_prectotcorr_daily,PRECTOTCORR,precipitation,9.46,mm/day,2024-11-06T00:00:00Z,NASA POWER (MERRA-2),"https://power.larc.nasa.gov/api/temporal/daily/point?parameters=T2M,PRECTOTCORR&community=RE&longitude=80.2707&latitude=13.0827&start=20210101&end=20241231&format=JSON",0.5x0.625 deg,daily,VALID,OBSERVED
IN-TN-CHE,Chennai,13.0827,80.2707,nasa_power_t2m_daily,T2M,temperature_2m,27.46,C,2024-11-07T00:00:00Z,NASA POWER (MERRA-2),"https://power.larc.nasa.gov/api/temporal/daily/point?parameters=T2M,PRECTOTCORR&community=RE&longitude=80.2707&latitude=13.0827&start=20210101&end=20241231&format=JSON",0.5x0.625 deg,daily,VALID,OBSERVED
IN-TN-CHE,Chennai,13.0827,80.2707,nasa_power_prectotcorr_daily,PRECTOTCORR,precipitation,12.07,mm/day,2024-11-07T00:00:00Z,NASA POWER (MERRA-2),"https://power.larc.nasa.gov/api/temporal/daily/point?parameters=T2M,PRECTOTCORR&community=RE&longitude=80.2707&latitude=13.0827&start=20210101&end=20241231&format=JSON",0.5x0.625 deg,daily,VALID,OBSERVED
IN-TN-CHE,Chennai,13.0827,80.2707,nasa_power_t2m_daily,T2M,temperature_2m,27.45,C,2024-11-08T00:00:00Z,NASA POWER (MERRA-2),"https://power.larc.nasa.gov/api/temporal/daily/point?parameters=T2M,PRECTOTCORR&community=RE&longitude=80.2707&latitude=13.0827&start=20210101&end=20241231&format=JSON",0.5x0.625 deg,daily,VALID,OBSERVED
IN-TN-CHE,Chennai,13.0827,80.2707,nasa_power_prectotcorr_daily,PRECTOTCORR,precipitation,1.3,mm/day,2024-11-08T00:00:00Z,NASA POWER (MERRA-2),"https://power.larc.nasa.gov/api/temporal/daily/point?parameters=T2M,PRECTOTCORR&community=RE&longitude=80.2707&latitude=13.0827&start=20210101&end=20241231&format=JSON",0.5x0.625 deg,daily,VALID,OBSERVED
IN-TN-CHE,Chennai,13.0827,80.2707,nasa_power_t2m_daily,T2M,temperature_2m,27.15,C,2024-11-09T00:00:00Z,NASA POWER (MERRA-2),"https://power.larc.nasa.gov/api/temporal/daily/point?parameters=T2M,PRECTOTCORR&community=RE&longitude=80.2707&latitude=13.0827&start=20210101&end=20241231&format=JSON",0.5x0.625 deg,daily,VALID,OBSERVED
IN-TN-CHE,Chennai,13.0827,80.2707,nasa_power_prectotcorr_daily,PRECTOTCORR,precipitation,0.71,mm/day,2024-11-09T00:00:00Z,NASA POWER (MERRA-2),"https://power.larc.nasa.gov/api/temporal/daily/point?parameters=T2M,PRECTOTCORR&community=RE&longitude=80.2707&latitude=13.0827&start=20210101&end=20241231&format=JSON",0.5x0.625 deg,daily,VALID,OBSERVED
IN-TN-CHE,Chennai,13.0827,80.2707,nasa_power_t2m_daily,T2M,temperature_2m,26.97,C,2024-11-10T00:00:00Z,NASA POWER (MERRA-2),"https://power.larc.nasa.gov/api/temporal/daily/point?parameters=T2M,PRECTOTCORR&community=RE&longitude=80.2707&latitude=13.0827&start=20210101&end=20241231&format=JSON",0.5x0.625 deg,daily,VALID,OBSERVED
IN-TN-CHE,Chennai,13.0827,80.2707,nasa_power_prectotcorr_daily,PRECTOTCORR,precipitation,0.21,mm/day,2024-11-10T00:00:00Z,NASA POWER (MERRA-2),"https://power.larc.nasa.gov/api/temporal/daily/point?parameters=T2M,PRECTOTCORR&community=RE&longitude=80.2707&latitude=13.0827&start=20210101&end=20241231&format=JSON",0.5x0.625 deg,daily,VALID,OBSERVED
IN-TN-CHE,Chennai,13.0827,80.2707,nasa_power_t2m_daily,T2M,temperature_2m,26.71,C,2024-11-11T00:00:00Z,NASA POWER (MERRA-2),"https://power.larc.nasa.gov/api/temporal/daily/point?parameters=T2M,PRECTOTCORR&community=RE&longitude=80.2707&latitude=13.0827&start=20210101&end=20241231&format=JSON",0.5x0.625 deg,daily,VALID,OBSERVED
IN-TN-CHE,Chennai,13.0827,80.2707,nasa_power_prectotcorr_daily,PRECTOTCORR,precipitation,4.45,mm/day,2024-11-11T00:00:00Z,NASA POWER (MERRA-2),"https://power.larc.nasa.gov/api/temporal/daily/point?parameters=T2M,PRECTOTCORR&community=RE&longitude=80.2707&latitude=13.0827&start=20210101&end=20241231&format=JSON",0.5x0.625 deg,daily,VALID,OBSERVED
IN-TN-CHE,Chennai,13.0827,80.2707,nasa_power_t2m_daily,T2M,temperature_2m,26.0,C,2024-11-12T00:00:00Z,NASA POWER (MERRA-2),"https://power.larc.nasa.gov/api/temporal/daily/point?parameters=T2M,PRECTOTCORR&community=RE&longitude=80.2707&latitude=13.0827&start=20210101&end=20241231&format=JSON",0.5x0.625 deg,daily,VALID,OBSERVED
IN-TN-CHE,Chennai,13.0827,80.2707,nasa_power_prectotcorr_daily,PRECTOTCORR,precipitation,32.81,mm/day,2024-11-12T00:00:00Z,NASA POWER (MERRA-2),"https://power.larc.nasa.gov/api/temporal/daily/point?parameters=T2M,PRECTOTCORR&community=RE&longitude=80.2707&latitude=13.0827&start=20210101&end=20241231&format=JSON",0.5x0.625 deg,daily,VALID,OBSERVED
IN-TN-CHE,Chennai,13.0827,80.2707,nasa_power_t2m_daily,T2M,temperature_2m,26.86,C,2024-11-13T00:00:00Z,NASA POWER (MERRA-2),"https://power.larc.nasa.gov/api/temporal/daily/point?parameters=T2M,PRECTOTCORR&community=RE&longitude=80.2707&latitude=13.0827&start=20210101&end=20241231&format=JSON",0.5x0.625 deg,daily,VALID,OBSERVED
IN-TN-CHE,Chennai,13.0827,80.2707,nasa_power_prectotcorr_daily,PRECTOTCORR,precipitation,21.94,mm/day,2024-11-13T00:00:00Z,NASA POWER (MERRA-2),"https://power.larc.nasa.gov/api/temporal/daily/point?parameters=T2M,PRECTOTCORR&community=RE&longitude=80.2707&latitude=13.0827&start=20210101&end=20241231&format=JSON",0.5x0.625 deg,daily,VALID,OBSERVED
IN-TN-CHE,Chennai,13.0827,80.2707,nasa_power_t2m_daily,T2M,temperature_2m,27.15,C,2024-11-14T00:00:00Z,NASA POWER (MERRA-2),"https://power.larc.nasa.gov/api/temporal/daily/point?parameters=T2M,PRECTOTCORR&community=RE&longitude=80.2707&latitude=13.0827&start=20210101&end=20241231&format=JSON",0.5x0.625 deg,daily,VALID,OBSERVED
IN-TN-CHE,Chennai,13.0827,80.2707,nasa_power_prectotcorr_daily,PRECTOTCORR,precipitation,19.89,mm/day,2024-11-14T00:00:00Z,NASA POWER (MERRA-2),"https://power.larc.nasa.gov/api/temporal/daily/point?parameters=T2M,PRECTOTCORR&community=RE&longitude=80.2707&latitude=13.0827&start=20210101&end=20241231&format=JSON",0.5x0.625 deg,daily,VALID,OBSERVED
IN-TN-CHE,Chennai,13.0827,80.2707,nasa_power_t2m_daily,T2M,temperature_2m,26.95,C,2024-11-15T00:00:00Z,NASA POWER (MERRA-2),"https://power.larc.nasa.gov/api/temporal/daily/point?parameters=T2M,PRECTOTCORR&community=RE&longitude=80.2707&latitude=13.0827&start=20210101&end=20241231&format=JSON",0.5x0.625 deg,daily,VALID,OBSERVED
IN-TN-CHE,Chennai,13.0827,80.2707,nasa_power_prectotcorr_daily,PRECTOTCORR,precipitation,14.61,mm/day,2024-11-15T00:00:00Z,NASA POWER (MERRA-2),"https://power.larc.nasa.gov/api/temporal/daily/point?parameters=T2M,PRECTOTCORR&community=RE&longitude=80.2707&latitude=13.0827&start=20210101&end=20241231&format=JSON",0.5x0.625 deg,daily,VALID,OBSERVED
IN-TN-CHE,Chennai,13.0827,80.2707,nasa_power_t2m_daily,T2M,temperature_2m,26.97,C,2024-11-16T00:00:00Z,NASA POWER (MERRA-2),"https://power.larc.nasa.gov/api/temporal/daily/point?parameters=T2M,PRECTOTCORR&community=RE&longitude=80.2707&latitude=13.0827&start=20210101&end=20241231&format=JSON",0.5x0.625 deg,daily,VALID,OBSERVED
IN-TN-CHE,Chennai,13.0827,80.2707,nasa_power_prectotcorr_daily,PRECTOTCORR,precipitation,22.68,mm/day,2024-11-16T00:00:00Z,NASA POWER (MERRA-2),"https://power.larc.nasa.gov/api/temporal/daily/point?parameters=T2M,PRECTOTCORR&community=RE&longitude=80.2707&latitude=13.0827&start=20210101&end=20241231&format=JSON",0.5x0.625 deg,daily,VALID,OBSERVED
IN-TN-CHE,Chennai,13.0827,80.2707,nasa_power_t2m_daily,T2M,temperature_2m,26.65,C,2024-11-17T00:00:00Z,NASA POWER (MERRA-2),"https://power.larc.nasa.gov/api/temporal/daily/point?parameters=T2M,PRECTOTCORR&community=RE&longitude=80.2707&latitude=13.0827&start=20210101&end=20241231&format=JSON",0.5x0.625 deg,daily,VALID,OBSERVED
IN-TN-CHE,Chennai,13.0827,80.2707,nasa_power_prectotcorr_daily,PRECTOTCORR,precipitation,2.12,mm/day,2024-11-17T00:00:00Z,NASA POWER (MERRA-2),"https://power.larc.nasa.gov/api/temporal/daily/point?parameters=T2M,PRECTOTCORR&community=RE&longitude=80.2707&latitude=13.0827&start=20210101&end=20241231&format=JSON",0.5x0.625 deg,daily,VALID,OBSERVED
IN-TN-CHE,Chennai,13.0827,80.2707,nasa_power_t2m_daily,T2M,temperature_2m,26.46,C,2024-11-18T00:00:00Z,NASA POWER (MERRA-2),"https://power.larc.nasa.gov/api/temporal/daily/point?parameters=T2M,PRECTOTCORR&community=RE&longitude=80.2707&latitude=13.0827&start=20210101&end=20241231&format=JSON",0.5x0.625 deg,daily,VALID,OBSERVED
IN-TN-CHE,Chennai,13.0827,80.2707,nasa_power_prectotcorr_daily,PRECTOTCORR,precipitation,0.03,mm/day,2024-11-18T00:00:00Z,NASA POWER (MERRA-2),"https://power.larc.nasa.gov/api/temporal/daily/point?parameters=T2M,PRECTOTCORR&community=RE&longitude=80.2707&latitude=13.0827&start=20210101&end=20241231&format=JSON",0.5x0.625 deg,daily,VALID,OBSERVED
IN-TN-CHE,Chennai,13.0827,80.2707,nasa_power_t2m_daily,T2M,temperature_2m,25.89,C,2024-11-19T00:00:00Z,NASA POWER (MERRA-2),"https://power.larc.nasa.gov/api/temporal/daily/point?parameters=T2M,PRECTOTCORR&community=RE&longitude=80.2707&latitude=13.0827&start=20210101&end=20241231&format=JSON",0.5x0.625 deg,daily,VALID,OBSERVED
IN-TN-CHE,Chennai,13.0827,80.2707,nasa_power_prectotcorr_daily,PRECTOTCORR,precipitation,0.02,mm/day,2024-11-19T00:00:00Z,NASA POWER (MERRA-2),"https://power.larc.nasa.gov/api/temporal/daily/point?parameters=T2M,PRECTOTCORR&community=RE&longitude=80.2707&latitude=13.0827&start=20210101&end=20241231&format=JSON",0.5x0.625 deg,daily,VALID,OBSERVED
IN-TN-CHE,Chennai,13.0827,80.2707,nasa_power_t2m_daily,T2M,temperature_2m,25.33,C,2024-11-20T00:00:00Z,NASA POWER (MERRA-2),"https://power.larc.nasa.gov/api/temporal/daily/point?parameters=T2M,PRECTOTCORR&community=RE&longitude=80.2707&latitude=13.0827&start=20210101&end=20241231&format=JSON",0.5x0.625 deg,daily,VALID,OBSERVED
IN-TN-CHE,Chennai,13.0827,80.2707,nasa_power_prectotcorr_daily,PRECTOTCORR,precipitation,0.01,mm/day,2024-11-20T00:00:00Z,NASA POWER (MERRA-2),"https://power.larc.nasa.gov/api/temporal/daily/point?parameters=T2M,PRECTOTCORR&community=RE&longitude=80.2707&latitude=13.0827&start=20210101&end=20241231&format=JSON",0.5x0.625 deg,daily,VALID,OBSERVED
IN-TN-CHE,Chennai,13.0827,80.2707,nasa_power_t2m_daily,T2M,temperature_2m,25.17,C,2024-11-21T00:00:00Z,NASA POWER (MERRA-2),"https://power.larc.nasa.gov/api/temporal/daily/point?parameters=T2M,PRECTOTCORR&community=RE&longitude=80.2707&latitude=13.0827&start=20210101&end=20241231&format=JSON",0.5x0.625 deg,daily,VALID,OBSERVED
IN-TN-CHE,Chennai,13.0827,80.2707,nasa_power_prectotcorr_daily,PRECTOTCORR,precipitation,0.01,mm/day,2024-11-21T00:00:00Z,NASA POWER (MERRA-2),"https://power.larc.nasa.gov/api/temporal/daily/point?parameters=T2M,PRECTOTCORR&community=RE&longitude=80.2707&latitude=13.0827&start=20210101&end=20241231&format=JSON",0.5x0.625 deg,daily,VALID,OBSERVED
IN-TN-CHE,Chennai,13.0827,80.2707,nasa_power_t2m_daily,T2M,temperature_2m,24.83,C,2024-11-22T00:00:00Z,NASA POWER (MERRA-2),"https://power.larc.nasa.gov/api/temporal/daily/point?parameters=T2M,PRECTOTCORR&community=RE&longitude=80.2707&latitude=13.0827&start=20210101&end=20241231&format=JSON",0.5x0.625 deg,daily,VALID,OBSERVED
IN-TN-CHE,Chennai,13.0827,80.2707,nasa_power_prectotcorr_daily,PRECTOTCORR,precipitation,0.07,mm/day,2024-11-22T00:00:00Z,NASA POWER (MERRA-2),"https://power.larc.nasa.gov/api/temporal/daily/point?parameters=T2M,PRECTOTCORR&community=RE&longitude=80.2707&latitude=13.0827&start=20210101&end=20241231&format=JSON",0.5x0.625 deg,daily,VALID,OBSERVED
IN-TN-CHE,Chennai,13.0827,80.2707,nasa_power_t2m_daily,T2M,temperature_2m,25.76,C,2024-11-23T00:00:00Z,NASA POWER (MERRA-2),"https://power.larc.nasa.gov/api/temporal/daily/point?parameters=T2M,PRECTOTCORR&community=RE&longitude=80.2707&latitude=13.0827&start=20210101&end=20241231&format=JSON",0.5x0.625 deg,daily,VALID,OBSERVED
IN-TN-CHE,Chennai,13.0827,80.2707,nasa_power_prectotcorr_daily,PRECTOTCORR,precipitation,1.37,mm/day,2024-11-23T00:00:00Z,NASA POWER (MERRA-2),"https://power.larc.nasa.gov/api/temporal/daily/point?parameters=T2M,PRECTOTCORR&community=RE&longitude=80.2707&latitude=13.0827&start=20210101&end=20241231&format=JSON",0.5x0.625 deg,daily,VALID,OBSERVED
IN-TN-CHE,Chennai,13.0827,80.2707,nasa_power_t2m_daily,T2M,temperature_2m,25.78,C,2024-11-24T00:00:00Z,NASA POWER (MERRA-2),"https://power.larc.nasa.gov/api/temporal/daily/point?parameters=T2M,PRECTOTCORR&community=RE&longitude=80.2707&latitude=13.0827&start=20210101&end=20241231&format=JSON",0.5x0.625 deg,daily,VALID,OBSERVED
IN-TN-CHE,Chennai,13.0827,80.2707,nasa_power_prectotcorr_daily,PRECTOTCORR,precipitation,0.5,mm/day,2024-11-24T00:00:00Z,NASA POWER (MERRA-2),"https://power.larc.nasa.gov/api/temporal/daily/point?parameters=T2M,PRECTOTCORR&community=RE&longitude=80.2707&latitude=13.0827&start=20210101&end=20241231&format=JSON",0.5x0.625 deg,daily,VALID,OBSERVED
IN-TN-CHE,Chennai,13.0827,80.2707,nasa_power_t2m_daily,T2M,temperature_2m,25.47,C,2024-11-25T00:00:00Z,NASA POWER (MERRA-2),"https://power.larc.nasa.gov/api/temporal/daily/point?parameters=T2M,PRECTOTCORR&community=RE&longitude=80.2707&latitude=13.0827&start=20210101&end=20241231&format=JSON",0.5x0.625 deg,daily,VALID,OBSERVED
IN-TN-CHE,Chennai,13.0827,80.2707,nasa_power_prectotcorr_daily,PRECTOTCORR,precipitation,2.11,mm/day,2024-11-25T00:00:00Z,NASA POWER (MERRA-2),"https://power.larc.nasa.gov/api/temporal/daily/point?parameters=T2M,PRECTOTCORR&community=RE&longitude=80.2707&latitude=13.0827&start=20210101&end=20241231&format=JSON",0.5x0.625 deg,daily,VALID,OBSERVED
IN-TN-CHE,Chennai,13.0827,80.2707,nasa_power_t2m_daily,T2M,temperature_2m,26.02,C,2024-11-26T00:00:00Z,NASA POWER (MERRA-2),"https://power.larc.nasa.gov/api/temporal/daily/point?parameters=T2M,PRECTOTCORR&community=RE&longitude=80.2707&latitude=13.0827&start=20210101&end=20241231&format=JSON",0.5x0.625 deg,daily,VALID,OBSERVED
IN-TN-CHE,Chennai,13.0827,80.2707,nasa_power_prectotcorr_daily,PRECTOTCORR,precipitation,41.96,mm/day,2024-11-26T00:00:00Z,NASA POWER (MERRA-2),"https://power.larc.nasa.gov/api/temporal/daily/point?parameters=T2M,PRECTOTCORR&community=RE&longitude=80.2707&latitude=13.0827&start=20210101&end=20241231&format=JSON",0.5x0.625 deg,daily,VALID,OBSERVED
IN-TN-CHE,Chennai,13.0827,80.2707,nasa_power_t2m_daily,T2M,temperature_2m,25.47,C,2024-11-27T00:00:00Z,NASA POWER (MERRA-2),"https://power.larc.nasa.gov/api/temporal/daily/point?parameters=T2M,PRECTOTCORR&community=RE&longitude=80.2707&latitude=13.0827&start=20210101&end=20241231&format=JSON",0.5x0.625 deg,daily,VALID,OBSERVED
IN-TN-CHE,Chennai,13.0827,80.2707,nasa_power_prectotcorr_daily,PRECTOTCORR,precipitation,2.84,mm/day,2024-11-27T00:00:00Z,NASA POWER (MERRA-2),"https://power.larc.nasa.gov/api/temporal/daily/point?parameters=T2M,PRECTOTCORR&community=RE&longitude=80.2707&latitude=13.0827&start=20210101&end=20241231&format=JSON",0.5x0.625 deg,daily,VALID,OBSERVED
IN-TN-CHE,Chennai,13.0827,80.2707,nasa_power_t2m_daily,T2M,temperature_2m,24.85,C,2024-11-28T00:00:00Z,NASA POWER (MERRA-2),"https://power.larc.nasa.gov/api/temporal/daily/point?parameters=T2M,PRECTOTCORR&community=RE&longitude=80.2707&latitude=13.0827&start=20210101&end=20241231&format=JSON",0.5x0.625 deg,daily,VALID,OBSERVED
IN-TN-CHE,Chennai,13.0827,80.2707,nasa_power_prectotcorr_daily,PRECTOTCORR,precipitation,33.16,mm/day,2024-11-28T00:00:00Z,NASA POWER (MERRA-2),"https://power.larc.nasa.gov/api/temporal/daily/point?parameters=T2M,PRECTOTCORR&community=RE&longitude=80.2707&latitude=13.0827&start=20210101&end=20241231&format=JSON",0.5x0.625 deg,daily,VALID,OBSERVED
IN-TN-CHE,Chennai,13.0827,80.2707,nasa_power_t2m_daily,T2M,temperature_2m,26.41,C,2024-11-29T00:00:00Z,NASA POWER (MERRA-2),"https://power.larc.nasa.gov/api/temporal/daily/point?parameters=T2M,PRECTOTCORR&community=RE&longitude=80.2707&latitude=13.0827&start=20210101&end=20241231&format=JSON",0.5x0.625 deg,daily,VALID,OBSERVED
IN-TN-CHE,Chennai,13.0827,80.2707,nasa_power_prectotcorr_daily,PRECTOTCORR,precipitation,13.71,mm/day,2024-11-29T00:00:00Z,NASA POWER (MERRA-2),"https://power.larc.nasa.gov/api/temporal/daily/point?parameters=T2M,PRECTOTCORR&community=RE&longitude=80.2707&latitude=13.0827&start=20210101&end=20241231&format=JSON",0.5x0.625 deg,daily,VALID,OBSERVED
IN-TN-CHE,Chennai,13.0827,80.2707,nasa_power_t2m_daily,T2M,temperature_2m,26.57,C,2024-11-30T00:00:00Z,NASA POWER (MERRA-2),"https://power.larc.nasa.gov/api/temporal/daily/point?parameters=T2M,PRECTOTCORR&community=RE&longitude=80.2707&latitude=13.0827&start=20210101&end=20241231&format=JSON",0.5x0.625 deg,daily,VALID,OBSERVED
IN-TN-CHE,Chennai,13.0827,80.2707,nasa_power_prectotcorr_daily,PRECTOTCORR,precipitation,128.29,mm/day,2024-11-30T00:00:00Z,NASA POWER (MERRA-2),"https://power.larc.nasa.gov/api/temporal/daily/point?parameters=T2M,PRECTOTCORR&community=RE&longitude=80.2707&latitude=13.0827&start=20210101&end=20241231&format=JSON",0.5x0.625 deg,daily,VALID,OBSERVED
IN-TN-CHE,Chennai,13.0827,80.2707,nasa_power_t2m_daily,T2M,temperature_2m,26.63,C,2024-12-01T00:00:00Z,NASA POWER (MERRA-2),"https://power.larc.nasa.gov/api/temporal/daily/point?parameters=T2M,PRECTOTCORR&community=RE&longitude=80.2707&latitude=13.0827&start=20210101&end=20241231&format=JSON",0.5x0.625 deg,daily,VALID,OBSERVED
IN-TN-CHE,Chennai,13.0827,80.2707,nasa_power_prectotcorr_daily,PRECTOTCORR,precipitation,26.52,mm/day,2024-12-01T00:00:00Z,NASA POWER (MERRA-2),"https://power.larc.nasa.gov/api/temporal/daily/point?parameters=T2M,PRECTOTCORR&community=RE&longitude=80.2707&latitude=13.0827&start=20210101&end=20241231&format=JSON",0.5x0.625 deg,daily,VALID,OBSERVED
IN-TN-CHE,Chennai,13.0827,80.2707,nasa_power_t2m_daily,T2M,temperature_2m,26.87,C,2024-12-02T00:00:00Z,NASA POWER (MERRA-2),"https://power.larc.nasa.gov/api/temporal/daily/point?parameters=T2M,PRECTOTCORR&community=RE&longitude=80.2707&latitude=13.0827&start=20210101&end=20241231&format=JSON",0.5x0.625 deg,daily,VALID,OBSERVED
IN-TN-CHE,Chennai,13.0827,80.2707,nasa_power_prectotcorr_daily,PRECTOTCORR,precipitation,15.65,mm/day,2024-12-02T00:00:00Z,NASA POWER (MERRA-2),"https://power.larc.nasa.gov/api/temporal/daily/point?parameters=T2M,PRECTOTCORR&community=RE&longitude=80.2707&latitude=13.0827&start=20210101&end=20241231&format=JSON",0.5x0.625 deg,daily,VALID,OBSERVED
IN-TN-CHE,Chennai,13.0827,80.2707,nasa_power_t2m_daily,T2M,temperature_2m,26.69,C,2024-12-03T00:00:00Z,NASA POWER (MERRA-2),"https://power.larc.nasa.gov/api/temporal/daily/point?parameters=T2M,PRECTOTCORR&community=RE&longitude=80.2707&latitude=13.0827&start=20210101&end=20241231&format=JSON",0.5x0.625 deg,daily,VALID,OBSERVED
IN-TN-CHE,Chennai,13.0827,80.2707,nasa_power_prectotcorr_daily,PRECTOTCORR,precipitation,3.13,mm/day,2024-12-03T00:00:00Z,NASA POWER (MERRA-2),"https://power.larc.nasa.gov/api/temporal/daily/point?parameters=T2M,PRECTOTCORR&community=RE&longitude=80.2707&latitude=13.0827&start=20210101&end=20241231&format=JSON",0.5x0.625 deg,daily,VALID,OBSERVED
IN-TN-CHE,Chennai,13.0827,80.2707,nasa_power_t2m_daily,T2M,temperature_2m,26.47,C,2024-12-04T00:00:00Z,NASA POWER (MERRA-2),"https://power.larc.nasa.gov/api/temporal/daily/point?parameters=T2M,PRECTOTCORR&community=RE&longitude=80.2707&latitude=13.0827&start=20210101&end=20241231&format=JSON",0.5x0.625 deg,daily,VALID,OBSERVED
IN-TN-CHE,Chennai,13.0827,80.2707,nasa_power_prectotcorr_daily,PRECTOTCORR,precipitation,9.92,mm/day,2024-12-04T00:00:00Z,NASA POWER (MERRA-2),"https://power.larc.nasa.gov/api/temporal/daily/point?parameters=T2M,PRECTOTCORR&community=RE&longitude=80.2707&latitude=13.0827&start=20210101&end=20241231&format=JSON",0.5x0.625 deg,daily,VALID,OBSERVED
IN-TN-CHE,Chennai,13.0827,80.2707,nasa_power_t2m_daily,T2M,temperature_2m,26.63,C,2024-12-05T00:00:00Z,NASA POWER (MERRA-2),"https://power.larc.nasa.gov/api/temporal/daily/point?parameters=T2M,PRECTOTCORR&community=RE&longitude=80.2707&latitude=13.0827&start=20210101&end=20241231&format=JSON",0.5x0.625 deg,daily,VALID,OBSERVED
IN-TN-CHE,Chennai,13.0827,80.2707,nasa_power_prectotcorr_daily,PRECTOTCORR,precipitation,3.32,mm/day,2024-12-05T00:00:00Z,NASA POWER (MERRA-2),"https://power.larc.nasa.gov/api/temporal/daily/point?parameters=T2M,PRECTOTCORR&community=RE&longitude=80.2707&latitude=13.0827&start=20210101&end=20241231&format=JSON",0.5x0.625 deg,daily,VALID,OBSERVED
IN-TN-CHE,Chennai,13.0827,80.2707,nasa_power_t2m_daily,T2M,temperature_2m,26.1,C,2024-12-06T00:00:00Z,NASA POWER (MERRA-2),"https://power.larc.nasa.gov/api/temporal/daily/point?parameters=T2M,PRECTOTCORR&community=RE&longitude=80.2707&latitude=13.0827&start=20210101&end=20241231&format=JSON",0.5x0.625 deg,daily,VALID,OBSERVED
IN-TN-CHE,Chennai,13.0827,80.2707,nasa_power_prectotcorr_daily,PRECTOTCORR,precipitation,1.01,mm/day,2024-12-06T00:00:00Z,NASA POWER (MERRA-2),"https://power.larc.nasa.gov/api/temporal/daily/point?parameters=T2M,PRECTOTCORR&community=RE&longitude=80.2707&latitude=13.0827&start=20210101&end=20241231&format=JSON",0.5x0.625 deg,daily,VALID,OBSERVED
IN-TN-CHE,Chennai,13.0827,80.2707,nasa_power_t2m_daily,T2M,temperature_2m,26.4,C,2024-12-07T00:00:00Z,NASA POWER (MERRA-2),"https://power.larc.nasa.gov/api/temporal/daily/point?parameters=T2M,PRECTOTCORR&community=RE&longitude=80.2707&latitude=13.0827&start=20210101&end=20241231&format=JSON",0.5x0.625 deg,daily,VALID,OBSERVED
IN-TN-CHE,Chennai,13.0827,80.2707,nasa_power_prectotcorr_daily,PRECTOTCORR,precipitation,0.12,mm/day,2024-12-07T00:00:00Z,NASA POWER (MERRA-2),"https://power.larc.nasa.gov/api/temporal/daily/point?parameters=T2M,PRECTOTCORR&community=RE&longitude=80.2707&latitude=13.0827&start=20210101&end=20241231&format=JSON",0.5x0.625 deg,daily,VALID,OBSERVED
IN-TN-CHE,Chennai,13.0827,80.2707,nasa_power_t2m_daily,T2M,temperature_2m,26.13,C,2024-12-08T00:00:00Z,NASA POWER (MERRA-2),"https://power.larc.nasa.gov/api/temporal/daily/point?parameters=T2M,PRECTOTCORR&community=RE&longitude=80.2707&latitude=13.0827&start=20210101&end=20241231&format=JSON",0.5x0.625 deg,daily,VALID,OBSERVED
IN-TN-CHE,Chennai,13.0827,80.2707,nasa_power_prectotcorr_daily,PRECTOTCORR,precipitation,0.03,mm/day,2024-12-08T00:00:00Z,NASA POWER (MERRA-2),"https://power.larc.nasa.gov/api/temporal/daily/point?parameters=T2M,PRECTOTCORR&community=RE&longitude=80.2707&latitude=13.0827&start=20210101&end=20241231&format=JSON",0.5x0.625 deg,daily,VALID,OBSERVED
IN-TN-CHE,Chennai,13.0827,80.2707,nasa_power_t2m_daily,T2M,temperature_2m,26.38,C,2024-12-09T00:00:00Z,NASA POWER (MERRA-2),"https://power.larc.nasa.gov/api/temporal/daily/point?parameters=T2M,PRECTOTCORR&community=RE&longitude=80.2707&latitude=13.0827&start=20210101&end=20241231&format=JSON",0.5x0.625 deg,daily,VALID,OBSERVED
IN-TN-CHE,Chennai,13.0827,80.2707,nasa_power_prectotcorr_daily,PRECTOTCORR,precipitation,0.11,mm/day,2024-12-09T00:00:00Z,NASA POWER (MERRA-2),"https://power.larc.nasa.gov/api/temporal/daily/point?parameters=T2M,PRECTOTCORR&community=RE&longitude=80.2707&latitude=13.0827&start=20210101&end=20241231&format=JSON",0.5x0.625 deg,daily,VALID,OBSERVED
IN-TN-CHE,Chennai,13.0827,80.2707,nasa_power_t2m_daily,T2M,temperature_2m,26.37,C,2024-12-10T00:00:00Z,NASA POWER (MERRA-2),"https://power.larc.nasa.gov/api/temporal/daily/point?parameters=T2M,PRECTOTCORR&community=RE&longitude=80.2707&latitude=13.0827&start=20210101&end=20241231&format=JSON",0.5x0.625 deg,daily,VALID,OBSERVED
IN-TN-CHE,Chennai,13.0827,80.2707,nasa_power_prectotcorr_daily,PRECTOTCORR,precipitation,0.17,mm/day,2024-12-10T00:00:00Z,NASA POWER (MERRA-2),"https://power.larc.nasa.gov/api/temporal/daily/point?parameters=T2M,PRECTOTCORR&community=RE&longitude=80.2707&latitude=13.0827&start=20210101&end=20241231&format=JSON",0.5x0.625 deg,daily,VALID,OBSERVED
IN-TN-CHE,Chennai,13.0827,80.2707,nasa_power_t2m_daily,T2M,temperature_2m,25.99,C,2024-12-11T00:00:00Z,NASA POWER (MERRA-2),"https://power.larc.nasa.gov/api/temporal/daily/point?parameters=T2M,PRECTOTCORR&community=RE&longitude=80.2707&latitude=13.0827&start=20210101&end=20241231&format=JSON",0.5x0.625 deg,daily,VALID,OBSERVED
IN-TN-CHE,Chennai,13.0827,80.2707,nasa_power_prectotcorr_daily,PRECTOTCORR,precipitation,20.16,mm/day,2024-12-11T00:00:00Z,NASA POWER (MERRA-2),"https://power.larc.nasa.gov/api/temporal/daily/point?parameters=T2M,PRECTOTCORR&community=RE&longitude=80.2707&latitude=13.0827&start=20210101&end=20241231&format=JSON",0.5x0.625 deg,daily,VALID,OBSERVED
IN-TN-CHE,Chennai,13.0827,80.2707,nasa_power_t2m_daily,T2M,temperature_2m,26.07,C,2024-12-12T00:00:00Z,NASA POWER (MERRA-2),"https://power.larc.nasa.gov/api/temporal/daily/point?parameters=T2M,PRECTOTCORR&community=RE&longitude=80.2707&latitude=13.0827&start=20210101&end=20241231&format=JSON",0.5x0.625 deg,daily,VALID,OBSERVED
IN-TN-CHE,Chennai,13.0827,80.2707,nasa_power_prectotcorr_daily,PRECTOTCORR,precipitation,79.36,mm/day,2024-12-12T00:00:00Z,NASA POWER (MERRA-2),"https://power.larc.nasa.gov/api/temporal/daily/point?parameters=T2M,PRECTOTCORR&community=RE&longitude=80.2707&latitude=13.0827&start=20210101&end=20241231&format=JSON",0.5x0.625 deg,daily,VALID,OBSERVED
IN-TN-CHE,Chennai,13.0827,80.2707,nasa_power_t2m_daily,T2M,temperature_2m,25.43,C,2024-12-13T00:00:00Z,NASA POWER (MERRA-2),"https://power.larc.nasa.gov/api/temporal/daily/point?parameters=T2M,PRECTOTCORR&community=RE&longitude=80.2707&latitude=13.0827&start=20210101&end=20241231&format=JSON",0.5x0.625 deg,daily,VALID,OBSERVED
IN-TN-CHE,Chennai,13.0827,80.2707,nasa_power_prectotcorr_daily,PRECTOTCORR,precipitation,1.73,mm/day,2024-12-13T00:00:00Z,NASA POWER (MERRA-2),"https://power.larc.nasa.gov/api/temporal/daily/point?parameters=T2M,PRECTOTCORR&community=RE&longitude=80.2707&latitude=13.0827&start=20210101&end=20241231&format=JSON",0.5x0.625 deg,daily,VALID,OBSERVED
IN-TN-CHE,Chennai,13.0827,80.2707,nasa_power_t2m_daily,T2M,temperature_2m,24.6,C,2024-12-14T00:00:00Z,NASA POWER (MERRA-2),"https://power.larc.nasa.gov/api/temporal/daily/point?parameters=T2M,PRECTOTCORR&community=RE&longitude=80.2707&latitude=13.0827&start=20210101&end=20241231&format=JSON",0.5x0.625 deg,daily,VALID,OBSERVED
IN-TN-CHE,Chennai,13.0827,80.2707,nasa_power_prectotcorr_daily,PRECTOTCORR,precipitation,0.64,mm/day,2024-12-14T00:00:00Z,NASA POWER (MERRA-2),"https://power.larc.nasa.gov/api/temporal/daily/point?parameters=T2M,PRECTOTCORR&community=RE&longitude=80.2707&latitude=13.0827&start=20210101&end=20241231&format=JSON",0.5x0.625 deg,daily,VALID,OBSERVED
IN-TN-CHE,Chennai,13.0827,80.2707,nasa_power_t2m_daily,T2M,temperature_2m,24.02,C,2024-12-15T00:00:00Z,NASA POWER (MERRA-2),"https://power.larc.nasa.gov/api/temporal/daily/point?parameters=T2M,PRECTOTCORR&community=RE&longitude=80.2707&latitude=13.0827&start=20210101&end=20241231&format=JSON",0.5x0.625 deg,daily,VALID,OBSERVED
IN-TN-CHE,Chennai,13.0827,80.2707,nasa_power_prectotcorr_daily,PRECTOTCORR,precipitation,0.26,mm/day,2024-12-15T00:00:00Z,NASA POWER (MERRA-2),"https://power.larc.nasa.gov/api/temporal/daily/point?parameters=T2M,PRECTOTCORR&community=RE&longitude=80.2707&latitude=13.0827&start=20210101&end=20241231&format=JSON",0.5x0.625 deg,daily,VALID,OBSERVED
IN-TN-CHE,Chennai,13.0827,80.2707,nasa_power_t2m_daily,T2M,temperature_2m,23.5,C,2024-12-16T00:00:00Z,NASA POWER (MERRA-2),"https://power.larc.nasa.gov/api/temporal/daily/point?parameters=T2M,PRECTOTCORR&community=RE&longitude=80.2707&latitude=13.0827&start=20210101&end=20241231&format=JSON",0.5x0.625 deg,daily,VALID,OBSERVED
IN-TN-CHE,Chennai,13.0827,80.2707,nasa_power_prectotcorr_daily,PRECTOTCORR,precipitation,4.15,mm/day,2024-12-16T00:00:00Z,NASA POWER (MERRA-2),"https://power.larc.nasa.gov/api/temporal/daily/point?parameters=T2M,PRECTOTCORR&community=RE&longitude=80.2707&latitude=13.0827&start=20210101&end=20241231&format=JSON",0.5x0.625 deg,daily,VALID,OBSERVED
IN-TN-CHE,Chennai,13.0827,80.2707,nasa_power_t2m_daily,T2M,temperature_2m,22.36,C,2024-12-17T00:00:00Z,NASA POWER (MERRA-2),"https://power.larc.nasa.gov/api/temporal/daily/point?parameters=T2M,PRECTOTCORR&community=RE&longitude=80.2707&latitude=13.0827&start=20210101&end=20241231&format=JSON",0.5x0.625 deg,daily,VALID,OBSERVED
IN-TN-CHE,Chennai,13.0827,80.2707,nasa_power_prectotcorr_daily,PRECTOTCORR,precipitation,3.95,mm/day,2024-12-17T00:00:00Z,NASA POWER (MERRA-2),"https://power.larc.nasa.gov/api/temporal/daily/point?parameters=T2M,PRECTOTCORR&community=RE&longitude=80.2707&latitude=13.0827&start=20210101&end=20241231&format=JSON",0.5x0.625 deg,daily,VALID,OBSERVED
IN-TN-CHE,Chennai,13.0827,80.2707,nasa_power_t2m_daily,T2M,temperature_2m,24.25,C,2024-12-18T00:00:00Z,NASA POWER (MERRA-2),"https://power.larc.nasa.gov/api/temporal/daily/point?parameters=T2M,PRECTOTCORR&community=RE&longitude=80.2707&latitude=13.0827&start=20210101&end=20241231&format=JSON",0.5x0.625 deg,daily,VALID,OBSERVED
IN-TN-CHE,Chennai,13.0827,80.2707,nasa_power_prectotcorr_daily,PRECTOTCORR,precipitation,9.15,mm/day,2024-12-18T00:00:00Z,NASA POWER (MERRA-2),"https://power.larc.nasa.gov/api/temporal/daily/point?parameters=T2M,PRECTOTCORR&community=RE&longitude=80.2707&latitude=13.0827&start=20210101&end=20241231&format=JSON",0.5x0.625 deg,daily,VALID,OBSERVED
IN-TN-CHE,Chennai,13.0827,80.2707,nasa_power_t2m_daily,T2M,temperature_2m,25.7,C,2024-12-19T00:00:00Z,NASA POWER (MERRA-2),"https://power.larc.nasa.gov/api/temporal/daily/point?parameters=T2M,PRECTOTCORR&community=RE&longitude=80.2707&latitude=13.0827&start=20210101&end=20241231&format=JSON",0.5x0.625 deg,daily,VALID,OBSERVED
IN-TN-CHE,Chennai,13.0827,80.2707,nasa_power_prectotcorr_daily,PRECTOTCORR,precipitation,4.99,mm/day,2024-12-19T00:00:00Z,NASA POWER (MERRA-2),"https://power.larc.nasa.gov/api/temporal/daily/point?parameters=T2M,PRECTOTCORR&community=RE&longitude=80.2707&latitude=13.0827&start=20210101&end=20241231&format=JSON",0.5x0.625 deg,daily,VALID,OBSERVED
IN-TN-CHE,Chennai,13.0827,80.2707,nasa_power_t2m_daily,T2M,temperature_2m,26.26,C,2024-12-20T00:00:00Z,NASA POWER (MERRA-2),"https://power.larc.nasa.gov/api/temporal/daily/point?parameters=T2M,PRECTOTCORR&community=RE&longitude=80.2707&latitude=13.0827&start=20210101&end=20241231&format=JSON",0.5x0.625 deg,daily,VALID,OBSERVED
IN-TN-CHE,Chennai,13.0827,80.2707,nasa_power_prectotcorr_daily,PRECTOTCORR,precipitation,1.4,mm/day,2024-12-20T00:00:00Z,NASA POWER (MERRA-2),"https://power.larc.nasa.gov/api/temporal/daily/point?parameters=T2M,PRECTOTCORR&community=RE&longitude=80.2707&latitude=13.0827&start=20210101&end=20241231&format=JSON",0.5x0.625 deg,daily,VALID,OBSERVED
IN-TN-CHE,Chennai,13.0827,80.2707,nasa_power_t2m_daily,T2M,temperature_2m,26.19,C,2024-12-21T00:00:00Z,NASA POWER (MERRA-2),"https://power.larc.nasa.gov/api/temporal/daily/point?parameters=T2M,PRECTOTCORR&community=RE&longitude=80.2707&latitude=13.0827&start=20210101&end=20241231&format=JSON",0.5x0.625 deg,daily,VALID,OBSERVED
IN-TN-CHE,Chennai,13.0827,80.2707,nasa_power_prectotcorr_daily,PRECTOTCORR,precipitation,0.26,mm/day,2024-12-21T00:00:00Z,NASA POWER (MERRA-2),"https://power.larc.nasa.gov/api/temporal/daily/point?parameters=T2M,PRECTOTCORR&community=RE&longitude=80.2707&latitude=13.0827&start=20210101&end=20241231&format=JSON",0.5x0.625 deg,daily,VALID,OBSERVED
IN-TN-CHE,Chennai,13.0827,80.2707,nasa_power_t2m_daily,T2M,temperature_2m,25.17,C,2024-12-22T00:00:00Z,NASA POWER (MERRA-2),"https://power.larc.nasa.gov/api/temporal/daily/point?parameters=T2M,PRECTOTCORR&community=RE&longitude=80.2707&latitude=13.0827&start=20210101&end=20241231&format=JSON",0.5x0.625 deg,daily,VALID,OBSERVED
IN-TN-CHE,Chennai,13.0827,80.2707,nasa_power_prectotcorr_daily,PRECTOTCORR,precipitation,0.08,mm/day,2024-12-22T00:00:00Z,NASA POWER (MERRA-2),"https://power.larc.nasa.gov/api/temporal/daily/point?parameters=T2M,PRECTOTCORR&community=RE&longitude=80.2707&latitude=13.0827&start=20210101&end=20241231&format=JSON",0.5x0.625 deg,daily,VALID,OBSERVED
IN-TN-CHE,Chennai,13.0827,80.2707,nasa_power_t2m_daily,T2M,temperature_2m,24.85,C,2024-12-23T00:00:00Z,NASA POWER (MERRA-2),"https://power.larc.nasa.gov/api/temporal/daily/point?parameters=T2M,PRECTOTCORR&community=RE&longitude=80.2707&latitude=13.0827&start=20210101&end=20241231&format=JSON",0.5x0.625 deg,daily,VALID,OBSERVED
IN-TN-CHE,Chennai,13.0827,80.2707,nasa_power_prectotcorr_daily,PRECTOTCORR,precipitation,0.4,mm/day,2024-12-23T00:00:00Z,NASA POWER (MERRA-2),"https://power.larc.nasa.gov/api/temporal/daily/point?parameters=T2M,PRECTOTCORR&community=RE&longitude=80.2707&latitude=13.0827&start=20210101&end=20241231&format=JSON",0.5x0.625 deg,daily,VALID,OBSERVED
IN-TN-CHE,Chennai,13.0827,80.2707,nasa_power_t2m_daily,T2M,temperature_2m,24.96,C,2024-12-24T00:00:00Z,NASA POWER (MERRA-2),"https://power.larc.nasa.gov/api/temporal/daily/point?parameters=T2M,PRECTOTCORR&community=RE&longitude=80.2707&latitude=13.0827&start=20210101&end=20241231&format=JSON",0.5x0.625 deg,daily,VALID,OBSERVED
IN-TN-CHE,Chennai,13.0827,80.2707,nasa_power_prectotcorr_daily,PRECTOTCORR,precipitation,4.83,mm/day,2024-12-24T00:00:00Z,NASA POWER (MERRA-2),"https://power.larc.nasa.gov/api/temporal/daily/point?parameters=T2M,PRECTOTCORR&community=RE&longitude=80.2707&latitude=13.0827&start=20210101&end=20241231&format=JSON",0.5x0.625 deg,daily,VALID,OBSERVED
IN-TN-CHE,Chennai,13.0827,80.2707,nasa_power_t2m_daily,T2M,temperature_2m,25.17,C,2024-12-25T00:00:00Z,NASA POWER (MERRA-2),"https://power.larc.nasa.gov/api/temporal/daily/point?parameters=T2M,PRECTOTCORR&community=RE&longitude=80.2707&latitude=13.0827&start=20210101&end=20241231&format=JSON",0.5x0.625 deg,daily,VALID,OBSERVED
IN-TN-CHE,Chennai,13.0827,80.2707,nasa_power_prectotcorr_daily,PRECTOTCORR,precipitation,7.4,mm/day,2024-12-25T00:00:00Z,NASA POWER (MERRA-2),"https://power.larc.nasa.gov/api/temporal/daily/point?parameters=T2M,PRECTOTCORR&community=RE&longitude=80.2707&latitude=13.0827&start=20210101&end=20241231&format=JSON",0.5x0.625 deg,daily,VALID,OBSERVED
IN-TN-CHE,Chennai,13.0827,80.2707,nasa_power_t2m_daily,T2M,temperature_2m,25.94,C,2024-12-26T00:00:00Z,NASA POWER (MERRA-2),"https://power.larc.nasa.gov/api/temporal/daily/point?parameters=T2M,PRECTOTCORR&community=RE&longitude=80.2707&latitude=13.0827&start=20210101&end=20241231&format=JSON",0.5x0.625 deg,daily,VALID,OBSERVED
IN-TN-CHE,Chennai,13.0827,80.2707,nasa_power_prectotcorr_daily,PRECTOTCORR,precipitation,11.98,mm/day,2024-12-26T00:00:00Z,NASA POWER (MERRA-2),"https://power.larc.nasa.gov/api/temporal/daily/point?parameters=T2M,PRECTOTCORR&community=RE&longitude=80.2707&latitude=13.0827&start=20210101&end=20241231&format=JSON",0.5x0.625 deg,daily,VALID,OBSERVED
IN-TN-CHE,Chennai,13.0827,80.2707,nasa_power_t2m_daily,T2M,temperature_2m,25.67,C,2024-12-27T00:00:00Z,NASA POWER (MERRA-2),"https://power.larc.nasa.gov/api/temporal/daily/point?parameters=T2M,PRECTOTCORR&community=RE&longitude=80.2707&latitude=13.0827&start=20210101&end=20241231&format=JSON",0.5x0.625 deg,daily,VALID,OBSERVED
IN-TN-CHE,Chennai,13.0827,80.2707,nasa_power_prectotcorr_daily,PRECTOTCORR,precipitation,12.62,mm/day,2024-12-27T00:00:00Z,NASA POWER (MERRA-2),"https://power.larc.nasa.gov/api/temporal/daily/point?parameters=T2M,PRECTOTCORR&community=RE&longitude=80.2707&latitude=13.0827&start=20210101&end=20241231&format=JSON",0.5x0.625 deg,daily,VALID,OBSERVED
IN-TN-CHE,Chennai,13.0827,80.2707,nasa_power_t2m_daily,T2M,temperature_2m,25.21,C,2024-12-28T00:00:00Z,NASA POWER (MERRA-2),"https://power.larc.nasa.gov/api/temporal/daily/point?parameters=T2M,PRECTOTCORR&community=RE&longitude=80.2707&latitude=13.0827&start=20210101&end=20241231&format=JSON",0.5x0.625 deg,daily,VALID,OBSERVED
IN-TN-CHE,Chennai,13.0827,80.2707,nasa_power_prectotcorr_daily,PRECTOTCORR,precipitation,0.23,mm/day,2024-12-28T00:00:00Z,NASA POWER (MERRA-2),"https://power.larc.nasa.gov/api/temporal/daily/point?parameters=T2M,PRECTOTCORR&community=RE&longitude=80.2707&latitude=13.0827&start=20210101&end=20241231&format=JSON",0.5x0.625 deg,daily,VALID,OBSERVED
IN-TN-CHE,Chennai,13.0827,80.2707,nasa_power_t2m_daily,T2M,temperature_2m,25.14,C,2024-12-29T00:00:00Z,NASA POWER (MERRA-2),"https://power.larc.nasa.gov/api/temporal/daily/point?parameters=T2M,PRECTOTCORR&community=RE&longitude=80.2707&latitude=13.0827&start=20210101&end=20241231&format=JSON",0.5x0.625 deg,daily,VALID,OBSERVED
IN-TN-CHE,Chennai,13.0827,80.2707,nasa_power_prectotcorr_daily,PRECTOTCORR,precipitation,1.31,mm/day,2024-12-29T00:00:00Z,NASA POWER (MERRA-2),"https://power.larc.nasa.gov/api/temporal/daily/point?parameters=T2M,PRECTOTCORR&community=RE&longitude=80.2707&latitude=13.0827&start=20210101&end=20241231&format=JSON",0.5x0.625 deg,daily,VALID,OBSERVED
IN-TN-CHE,Chennai,13.0827,80.2707,nasa_power_t2m_daily,T2M,temperature_2m,25.49,C,2024-12-30T00:00:00Z,NASA POWER (MERRA-2),"https://power.larc.nasa.gov/api/temporal/daily/point?parameters=T2M,PRECTOTCORR&community=RE&longitude=80.2707&latitude=13.0827&start=20210101&end=20241231&format=JSON",0.5x0.625 deg,daily,VALID,OBSERVED
IN-TN-CHE,Chennai,13.0827,80.2707,nasa_power_prectotcorr_daily,PRECTOTCORR,precipitation,1.47,mm/day,2024-12-30T00:00:00Z,NASA POWER (MERRA-2),"https://power.larc.nasa.gov/api/temporal/daily/point?parameters=T2M,PRECTOTCORR&community=RE&longitude=80.2707&latitude=13.0827&start=20210101&end=20241231&format=JSON",0.5x0.625 deg,daily,VALID,OBSERVED
IN-TN-CHE,Chennai,13.0827,80.2707,nasa_power_t2m_daily,T2M,temperature_2m,25.13,C,2024-12-31T00:00:00Z,NASA POWER (MERRA-2),"https://power.larc.nasa.gov/api/temporal/daily/point?parameters=T2M,PRECTOTCORR&community=RE&longitude=80.2707&latitude=13.0827&start=20210101&end=20241231&format=JSON",0.5x0.625 deg,daily,VALID,OBSERVED
IN-TN-CHE,Chennai,13.0827,80.2707,nasa_power_prectotcorr_daily,PRECTOTCORR,precipitation,0.0,mm/day,2024-12-31T00:00:00Z,NASA POWER (MERRA-2),"https://power.larc.nasa.gov/api/temporal/daily/point?parameters=T2M,PRECTOTCORR&community=RE&longitude=80.2707&latitude=13.0827&start=20210101&end=20241231&format=JSON",0.5x0.625 deg,daily,VALID,OBSERVED
